9.866986698669867328e-01,1.181245055982042269e-01
2.406240624062406241e-01,-2.422640376803734952e-02
1.397139713971397301e-01,4.364267214299276387e-02
4.049404940494049643e-01,3.896072091541013908e-03
6.707670767076707730e-01,5.234799887899412862e-01
2.312231223122312440e-01,-2.136186582550280919e-02
3.372337233723372574e-01,-3.525369254627397364e-02
3.131313131313131493e-01,-4.381411740454005388e-02
1.847184718471847342e-01,1.031743255391943427e-02
5.339533953395340093e-01,2.320257424987759720e-01
2.275227522752275300e-01,-1.585163494735043060e-02
5.180518051805180768e-01,1.944560026073653691e-01
5.700570057005700519e-01,3.388201626173597547e-01
3.795379537953795235e-01,-1.706337700081531072e-02
1.521152115211521216e-01,3.315548569760592285e-02
4.061406140614061688e-01,7.137477782310808726e-03
4.252425242524252580e-01,2.608684562719450900e-02
3.589358935893589564e-01,-2.812688648541362968e-02
7.130713071307130668e-02,5.354556560495488116e-02
9.930993099309931571e-01,7.033598943513141855e-02
1.632163216321632082e-01,2.247573545579445789e-02
9.551955195519552522e-01,4.006788195176964607e-01
6.159615961596159872e-01,4.468982227835591736e-01
8.209820982098210429e-01,7.708284497526340928e-01
5.037503750375037503e-01,1.650090674421646197e-01
5.623562356235624060e-01,2.954166128352688769e-01
8.407840784078408625e-01,8.589719522344410052e-01
2.203220322032203304e-01,-1.182758037224226379e-02
3.420342034203420478e-02,3.999623484866801637e-02
5.203520352035203578e-01,1.914836766220247288e-01
9.377937793779378417e-01,5.096345114624765138e-01
8.380838083808381245e-02,4.194605542325004904e-02
8.519851985198519939e-01,8.644216995138664927e-01
2.597259725972597133e-01,-3.524018802091129221e-02
6.478647864786478694e-01,4.672181388326597240e-01
9.701970197019702535e-01,3.065801407465703621e-01
2.849284928492849533e-01,-4.686949313775963522e-02
7.125712571257125649e-01,6.959912837643349448e-01
6.867686768676868336e-01,5.844091303172717078e-01
2.560256025602560340e-02,2.856400681763724553e-02
4.286428642864286709e-01,3.117275195243796385e-02
1.239123912391239118e-01,4.414689376484575573e-02
7.802780278027803273e-01,6.671418210236881308e-01
1.861186118611861118e-01,9.112861365962860588e-03
2.182218221822182225e-01,-1.051437858212607435e-02
6.504650465046505348e-01,4.609048042404295109e-01
8.348834883488348568e-01,7.932197626894197384e-01
5.008500850085008116e-01,1.656610355647629429e-01
7.291729172917291724e-01,7.481751549251508537e-01
9.679967996799679897e-01,2.786422788429304132e-01
8.609860986098609725e-01,7.495651161220179270e-01
8.327832783278328321e-01,6.632518928913646583e-01
7.536753675367536820e-01,7.411549258647386340e-01
9.649964996499650338e-01,2.932737490689881765e-01
9.637963796379638293e-01,3.019320924417382423e-01
3.459345934593459626e-01,-3.650392477592966783e-02
4.160416041604160509e-02,4.436184204745532295e-02
8.438843884388439465e-01,8.008853647820426414e-01
1.589158915891589197e-01,2.031401051176894706e-02
6.759675967596759927e-01,5.922208892059162011e-01
9.388938893889389181e-01,4.382711836593199961e-01
6.945694569456946077e-01,4.843818050510428908e-01
2.049204920492049276e-01,-2.541415030565279468e-03
9.422942294229422755e-01,4.343131071254796027e-01
3.523352335233523314e-01,-2.971897153426078519e-02
7.756775677567756544e-01,7.514048444756311618e-01
1.107110711071107173e-01,5.252070133597898371e-02
4.634463446344634363e-01,7.504116391807999498e-02
2.432243224322432340e-01,-2.751458510262640156e-02
8.747874787478747693e-01,6.450352917437525146e-01
5.521552155215522228e-01,2.394256734780842444e-01
3.496349634963496489e-01,-4.094572010547872787e-02
9.166916691669166894e-01,5.621447751377210977e-01
7.676767676767677351e-01,9.170558970439767199e-01
8.477847784778478335e-01,8.646743130798408838e-01
4.200420042004200313e-03,7.076472475603468384e-03
8.258825882588258782e-01,6.835995349919194997e-01
4.402440244024402594e-01,5.218459456030533072e-02
9.246924692469247198e-01,4.979357606377587953e-01
2.342234223422342276e-01,-1.943899981318596148e-02
3.066306630663066524e-01,-3.944935574168120102e-02
4.226422642264226481e-01,2.365202589800315114e-02
7.080708070807081311e-01,7.089679239534902866e-01
7.166716671667167082e-01,7.578509295878910201e-01
3.685368536853685373e-01,-2.402759971066245268e-02
7.174717471747175113e-01,7.190198923223484195e-01
5.741574157415741952e-01,3.789094335828507298e-01
3.188318831883188431e-01,-4.040853711691481248e-02
3.114311431143114151e-01,-4.969800416522093811e-02
7.770777077707771707e-02,5.735969384484233824e-02
8.063806380638064430e-01,7.504974082741497909e-01
6.845684568456845698e-01,5.836580991066950830e-01
4.212421242124212428e-01,2.151833229764845215e-02
1.221122112211221189e-01,5.181260692405163792e-02
8.592859285928593494e-01,7.160061368115838709e-01
2.528252825282528149e-01,-3.153800802316501783e-02
2.778277827782778542e-01,-3.917440529439714103e-02
6.830683068306830918e-02,5.187267255641431207e-02
8.887888788878888224e-01,7.293188723049841560e-01
5.891589158915891966e-01,3.389099543609807585e-01
2.838283828382838214e-01,-4.508111110543438355e-02
4.053405340534053658e-01,6.323990638645289250e-03
2.322232223222322200e-01,-1.850022209324523464e-02
9.189918991899189704e-01,4.203455604212692487e-01
6.843684368436844245e-01,5.768561663933251538e-01
3.402340234023402687e-01,-3.894265311282017056e-02
5.072507250725072359e-01,1.659926039995432978e-01
2.781278127812781276e-01,-3.868082654407681287e-02
7.394739473947394837e-01,7.029819252135169894e-01
7.534753475347535367e-01,7.491891312176901518e-01
4.375437543754375769e-01,4.550294805855444741e-02
6.068606860686068805e-01,4.477963063149649203e-01
2.426242624262426317e-01,-2.560245236401151314e-02
4.446444644464446760e-01,4.992339038260974748e-02
7.249724972497250119e-01,6.271282615128487281e-01
3.025302530253025646e-01,-3.836577987738996193e-02
7.079707970797080030e-01,6.249050108484746069e-01
8.406840684068407343e-01,7.884569636710911933e-01
6.927692769276927454e-01,6.498758610674337799e-01
8.347834783478348397e-01,7.516960429668715360e-01
7.060706070607061235e-01,6.023982087154091669e-01
9.805980598059805819e-01,2.057496442201475484e-01
1.414141414141414088e-01,4.074377143013833968e-02
6.788678867886789314e-01,6.050284442390498896e-01
9.118911891189118712e-01,5.610694051743430055e-01
4.570457045704570676e-02,4.018998924630851066e-02
2.037203720372037230e-01,-2.178266277228601069e-03
4.299429942994299481e-01,2.969398196642310944e-02
8.146814681468147468e-01,7.120285057472218737e-01
5.150515051505151209e-01,1.666695675352626305e-01
7.170717071707170820e-02,5.166044163315225424e-02
4.929492949294929649e-01,1.331918876742011482e-01
8.983898389838984588e-01,5.945434028922487180e-01
9.706970697069707832e-01,1.960532477170840449e-01
4.671467146714671781e-01,8.233439183740642875e-02
5.250525052505250478e-01,1.974999287235937595e-01
3.306330633063306323e-01,-4.278040725943813016e-02
9.333933393339334250e-01,5.333249190337153722e-01
7.063706370637063969e-01,6.808185803880377751e-01
5.419541954195419287e-01,2.136266404378195649e-01
5.346534653465346842e-01,2.515306498695336623e-01
6.087608760876087599e-01,3.787741812415129639e-01
4.528452845284528516e-01,7.130496221650306499e-02
1.363136313631363172e-01,3.947171171755192026e-02
8.807880788078807921e-01,6.351048782507513479e-01
5.586558655865586642e-01,3.044349499846915053e-01
1.864186418641864129e-01,7.826632930385782339e-03
4.643464346434643675e-01,9.146781792821659374e-02
9.010901090109011413e-01,6.876239403701036590e-01
4.646464646464646409e-01,8.617337230933549974e-02
5.391539153915391180e-01,2.538575728688085564e-01
7.874787478747875547e-01,7.471861019058789743e-01
4.890489048904890501e-02,5.550334728095718956e-02
8.710871087108711386e-01,7.331298136273431965e-01
5.285528552855285334e-01,2.365133988855941949e-01
2.753275327532753169e-01,-3.524388650461628830e-02
7.349734973497350499e-01,7.582569768946040289e-01
8.139813981398139608e-01,6.318756526379037952e-01
4.815481548154815772e-01,9.636900055317521030e-02
7.746774677467747061e-01,6.704550004169840260e-01
5.524552455245524962e-01,2.790707554655891820e-01
7.696769676967697427e-01,5.799948078141460295e-01
5.041504150415041519e-01,1.451342674191365145e-01
3.955395539553955286e-01,-3.262095283016156096e-03
7.122712271227122915e-01,6.822661431229402051e-01
4.580458045804580713e-01,8.125593727478042094e-02
4.340434043404340497e-02,4.556485491116844810e-02
3.828382838283828637e-01,-1.273274924805429739e-02
8.847884788478848073e-01,6.959662171819587240e-01
3.105310531053105394e-01,-3.801446331255159405e-02
2.760276027602760474e-01,-3.957312270938803667e-02
9.342934293429343562e-01,4.327174301545314017e-01
1.547154715471547315e-01,2.411950981052534207e-02
1.080108010801080105e-02,1.641158604826161230e-02
1.198119811981198102e-01,5.548170759875251101e-02
2.950295029502950431e-02,3.243672942371635115e-02
9.237923792379237886e-01,5.016887377132812631e-01
2.149214921492149377e-01,-8.257808620780359571e-03
8.180818081808181041e-01,6.814771701792649017e-01
4.780478047804780778e-02,4.610735650771227712e-02
8.173817381738174292e-01,9.148267560712647350e-01
1.244124412441244137e-01,4.704542202560765135e-02
4.891489148914891505e-01,1.254653883098639788e-01
2.074207420742074370e-01,-4.760207129490471104e-03
5.988598859885988501e-01,3.707607982433299698e-01
2.441244124412441374e-01,-3.097991918715099074e-02
7.833783378337834113e-01,6.648617017399671703e-01
6.184618461846185244e-01,3.857988542026738465e-01
1.361136113611361165e-01,4.536736073750110426e-02
4.544454445444544577e-01,5.780061326375671854e-02
1.308130813081308241e-01,4.135096107805816962e-02
4.993499349934993892e-01,1.349715241024291024e-01
7.345734573457346483e-01,5.996905037096170732e-01
2.931293129312931289e-01,-4.737004162520177392e-02
1.873187318731873163e-01,8.126980479669605045e-03
2.028202820282028196e-01,-1.738798727193492004e-03
3.844384438443844698e-01,-1.387236397978952249e-02
3.032303230323032395e-01,-3.928972882843008441e-02
9.949994999499950366e-01,4.199403619747776872e-02
8.479847984798479787e-01,7.822050155542015215e-01
3.823382338233823341e-01,-1.394924817654054697e-02
7.322732273227322564e-01,7.876022258951516086e-01
5.518551855185518384e-01,2.906804420296063007e-01
3.048304830483048455e-01,-4.364574531207814079e-02
4.085408540854085779e-01,9.453177297111032065e-03
7.579757975797579705e-01,7.576691105475665822e-01
1.742174217421742222e-01,1.788125958040129998e-02
7.742774277427743046e-01,7.145513148178593843e-01
8.412841284128412811e-01,8.272355986741288802e-01
4.983498349834983854e-01,1.864183374282284145e-01
7.200720072007200934e-02,4.803120734006867398e-02
7.462746274627463094e-01,6.859427188120436059e-01
5.838583858385838488e-01,3.247852707382790083e-01
3.552355235523552701e-01,-3.169222235012136152e-02
8.475847584758475772e-01,6.869843165435083332e-01
3.380338033803380327e-02,3.262754378868428645e-02
9.421942194219422584e-01,4.702656037419534751e-01
4.743474347434743499e-01,1.011113512725090036e-01
6.498649864986498770e-01,4.563224018606775179e-01
3.339333933393339171e-01,-4.123029505306557985e-02
3.232323232323232598e-01,-3.931649952847325602e-02
3.834383438343834660e-01,-1.381242043038762891e-02
9.638963896389639574e-01,3.407025569265110798e-01
8.000800080008001192e-02,5.194219288260262801e-02
9.870987098709871344e-02,5.703173881561510172e-02
9.400940094009400949e-02,5.485295800865640226e-02
3.553355335533553427e-01,-3.245859530933017933e-02
9.754975497549754904e-01,1.848808346257552471e-01
3.569356935693569488e-01,-2.907727145330218227e-02
8.160816081608160966e-01,7.775029095994556716e-01
5.995599559955995250e-01,3.086819023912888982e-01
7.332733273327333157e-01,7.007084782712641458e-01
2.537253725372537461e-01,-2.609671595410558570e-02
6.648664866486648783e-01,5.695469874896649243e-01
7.913791379137914417e-01,7.144325359878223036e-01
9.339933993399339718e-01,4.445984975323435395e-01
5.100510051005100465e-01,2.028273183630448229e-01
7.940794079407941242e-01,7.621693186132973974e-01
2.453245324532453420e-01,-2.796480676035704993e-02
6.713671367136714307e-01,5.481840071471711928e-01
3.380338033803380604e-01,-3.850240277772752628e-02
7.687768776877688115e-01,7.522469068247776836e-01
9.632963296329632996e-01,2.891347780639448861e-01
2.250225022502250205e-02,2.570204761502458551e-02
7.772777277727772605e-01,7.456062342607684412e-01
8.920892089208920517e-02,6.428356148884660504e-02
1.060106010601060134e-01,6.191784841578858167e-02
1.780178017801780158e-02,2.658981673181529115e-02
6.108610861086108956e-01,3.160441496335782974e-01
3.776377637763776440e-01,-1.786302497914513121e-02
3.395339533953395383e-01,-4.254936330456964705e-02
1.902190219021902273e-01,6.651583661614994536e-03
8.069806980698069898e-01,6.585377609236097163e-01
2.328232823282328223e-01,-2.036585515795124104e-02
2.926292629262926548e-01,-4.064675816693972404e-02
3.239323932393239347e-01,-4.552704705498660659e-02
6.646664666466647331e-01,5.101476433916045661e-01
2.206220622062206316e-01,-1.326193447639984098e-02
1.631163116311631078e-01,2.666521257732143088e-02
4.968496849684968519e-01,1.395432272103466487e-01
2.690269026902690208e-01,-3.380378637804631187e-02
1.610161016101610207e-02,2.331024065958678740e-02
6.384638463846384893e-01,4.205361703866856704e-01
5.140514051405140616e-01,1.530277444792329244e-01
5.620562056205620216e-01,2.789929028947251144e-01
2.481248124812481248e-01,-2.610434300522271669e-02
2.538253825382538187e-01,-3.195387290760063476e-02
6.910691069106911222e-02,5.587752799944845084e-02
7.208720872087208686e-01,6.806423877026330782e-01
5.440544054405440644e-01,3.070944246946730183e-01
8.750875087508751260e-02,4.856501477238529124e-02
5.182518251825182221e-01,2.026547492752849844e-01
2.941294129412941327e-01,-4.340691161197825915e-02
5.434543454345435176e-01,2.566265726529005087e-01
2.291229122912291361e-01,-1.666468183302517031e-02
6.744674467446745147e-01,5.164113146833946288e-01
5.820582058205820974e-01,3.256502708923061928e-01
7.126712671267126931e-01,6.204557845069174071e-01
1.181118111811181176e-01,4.542866940606848231e-02
1.901190119011901269e-01,6.331693926891431880e-03
1.273127312731273109e-01,4.746913277318138419e-02
7.865786578657866235e-01,7.345447539474805332e-01
7.981798179817981564e-01,7.569243074855646070e-01
7.098709870987098824e-01,6.120590977791267040e-01
6.220622062206220687e-02,5.212278445936664728e-02
6.219621962196220100e-01,4.475993709635142093e-01
5.143514351435143350e-01,1.705776741224279691e-01
7.943794379437943975e-01,7.916206275996831021e-01
5.647564756475648151e-01,2.523781157039404754e-01
6.187618761876187978e-01,3.792479107162585739e-01
7.480748074807480608e-02,5.174712313216853904e-02
6.580658065806581358e-02,5.553050199303459500e-02
5.871587158715871890e-01,3.908582700086601913e-01
3.173317331733173652e-01,-4.058082990976889098e-02
7.732773277327733563e-01,7.068605682832085346e-01
5.101510151015101746e-01,1.855688222373168550e-01
1.990199019901990260e-02,2.608211437191207752e-02
8.911891189118912315e-01,7.249387265867284214e-01
1.205120512051205128e-01,5.626951329177409117e-02
3.975397539753975362e-01,-2.097978229884330231e-03
4.435443544354435441e-01,5.378773486671341308e-02
8.600860086008600691e-02,5.357120048603800783e-02
1.813181318131813213e-01,1.339971375957879282e-02
4.930493049304930930e-01,1.273473432802754435e-01
6.738673867386738570e-01,5.695771747916013039e-01
5.570557055705570998e-02,5.437598264309990992e-02
7.188718871887188611e-01,7.084816098432754616e-01
4.971497149714971808e-01,1.575986548360204798e-01
8.025802580258025731e-01,7.645446627665801742e-01
7.186718671867187158e-01,7.040863967236299370e-01
4.693469346934693864e-01,9.244949676577157716e-02
3.830383038303830645e-01,-1.409564031729473865e-02
5.154515451545155225e-01,1.687672139416046546e-01
8.191819181918191806e-01,7.568588554307181804e-01
8.343834383438344382e-01,8.226481962380889357e-01
4.733473347334733461e-01,8.876990470169938974e-02
8.526852685268526688e-01,7.837364525682216643e-01
5.804580458045804914e-01,3.360189719323465329e-01
6.886688668866887131e-01,5.225280565931030852e-01
2.261226122612261247e-01,-1.211685352389461900e-02
1.892189218921892235e-01,7.325589042006636423e-03
7.533753375337534086e-01,8.429083940982518008e-01
4.167416741674167535e-01,2.004070427228283810e-02
6.878687868786879100e-01,6.080661758975268727e-01
7.338733873387338624e-01,6.675030693879945298e-01
9.468946894689469485e-01,4.183141689234249339e-01
5.236523652365236980e-01,1.754847421009285147e-01
9.822982298229823162e-01,1.699650096723198667e-01
3.617361736173617670e-01,-2.849882272770392494e-02
1.545154515451545307e-01,2.824565627250936670e-02
6.990699069906991525e-02,5.676459972532124643e-02
8.075807580758076476e-01,8.109035461097839903e-01
5.782578257825782275e-01,3.123257077128882009e-01
6.000600060006001067e-03,8.534892545724946655e-03
1.674167416741674241e-01,1.981628553641214679e-02
1.536153615361536273e-01,3.060056423301864975e-02
6.541654165416541655e-01,4.614281163140881437e-01
2.330233023302330231e-01,-1.759043401372295534e-02
6.148614861486149108e-01,3.554393610185677677e-01
6.445644564456446401e-01,4.518932563188675644e-01
9.591959195919592673e-01,2.657944710030972768e-01
6.765676567656765394e-01,5.574299203764905286e-01
5.944594459445944334e-01,3.276508532292331521e-01
8.704870487048704808e-01,6.790123186611340955e-01
2.401240124012401222e-01,-2.322363667336305518e-02
7.629762976297630450e-01,7.967564543114592501e-01
8.897889788978897707e-01,7.300142047674706980e-01
5.615561556155616030e-01,2.627177737717520944e-01
3.604360436043604343e-01,-3.271267929611790942e-02
2.251225122512251209e-01,-1.473316137088013025e-02
9.045904590459046268e-01,6.457644171272264311e-01
8.510851085108511738e-02,6.090019341543802950e-02
7.743774377437744327e-01,6.141872603444762380e-01
2.833283328332833473e-01,-4.997477121622682927e-02
4.903490349034903550e-01,1.180099535433123681e-01
2.391239123912391185e-01,-2.276584096865083562e-02
4.070407040704070445e-01,6.777101052147904703e-03
9.688968896889689209e-01,2.745887345494303911e-01
3.086308630863086599e-01,-4.320789161928524635e-02
5.858585858585858563e-01,4.348028718384540081e-01
4.242424242424242542e-01,2.275959432286290413e-02
6.471647164716471945e-01,5.848779313133734004e-01
8.387838783878388549e-01,7.660504328799661034e-01
5.683568356835684288e-01,3.248859942156257508e-01
8.512851285128513190e-01,9.440989562440550431e-01
6.801680168016801531e-01,5.312427083594546406e-01
2.490249024902490282e-01,-2.145453929344425664e-02
7.325732573257326408e-01,5.895186826127707391e-01
1.665166516651665207e-01,2.048739153188219517e-02
5.664566456645664383e-01,3.297447656954010098e-01
5.579557955795579893e-01,2.428220626068310073e-01
6.960696069606960856e-01,6.574661330414779403e-01
4.021402140214021537e-01,1.787280453512345548e-03
3.657365736573657267e-01,-2.694038369756646817e-02
6.497649764976497488e-01,4.961637190181797941e-01
5.381538153815381698e-01,2.736909682112033115e-01
9.363936393639363809e-01,4.234042976544835080e-01
2.204220422042204308e-01,-1.167848126010272332e-02
6.260626062606260145e-02,5.430878520228054479e-02
4.837483748374837855e-01,1.196776934193937020e-01
8.817881788178818514e-01,7.850610967915987448e-01
4.982498249824982572e-01,1.427080005470876822e-01
4.645464546454645682e-01,9.841919324644482492e-02
8.010801080108010952e-01,7.165114809080762592e-01
3.706370637063706730e-01,-2.643159146252567829e-02
7.890789078907890497e-01,6.444897698845799550e-01
3.800380038003800531e-03,4.865057384791036596e-03
7.145714571457145725e-01,6.048992018235842538e-01
4.676467646764676522e-01,9.453941902626011862e-02
4.543454345434543851e-01,6.673335214937740900e-02
1.392139213921392282e-01,4.235268779002167305e-02
6.338633863386339273e-01,4.287182151565086530e-01
1.720172017201720138e-01,1.987501814474573053e-02
3.226322632263226575e-01,-4.410666323667358085e-02
3.271327132713271468e-01,-4.236078857970829864e-02
3.900390039003900355e-01,-7.566490055548127230e-03
6.257625762576257689e-01,4.968261284257749488e-01
8.852885288528853369e-01,7.305600163419694315e-01
9.062906290629063610e-01,5.514732257106277347e-01
7.334733473347334609e-01,7.513971985629791517e-01
6.422642264226422482e-01,4.001092183153057702e-01
3.237323732373237339e-01,-4.290843275496136755e-02
6.868686868686868507e-01,5.521058759378565384e-01
7.900790079007901090e-01,9.209887253321364931e-01
9.828982898289829739e-01,1.488058513061032706e-01
6.885688568856885849e-01,6.241422920785174577e-01
1.327132713271327313e-01,3.413010696070929717e-02
6.244624462446244362e-01,4.750755371169004260e-01
6.820682068206821436e-01,5.359955625865557849e-01
4.050405040504050785e-02,4.991191781226934909e-02
8.970897089708970706e-02,4.857144470981447637e-02
9.642964296429643589e-01,2.918571915650847726e-01
7.046704670467046627e-01,6.104639806797030888e-01
8.119811981198119533e-01,7.457355519535562305e-01
4.835483548354835848e-01,1.007908524759533464e-01
5.290529052905290630e-02,5.040761679162827219e-02
5.909590959095909479e-01,4.136779159710261000e-01
4.533453345334533813e-01,6.255402699084347540e-02
5.853585358535853267e-01,2.290530502444801941e-01
1.697169716971697329e-01,2.068478825653373432e-02
8.420842084208420841e-01,7.364840581909972705e-01
2.886288628862886396e-01,-4.829496560321178134e-02
7.354735473547354685e-01,7.018594617191747931e-01
3.983398339833983393e-01,-1.588242168469767342e-03
4.076407640764076468e-01,6.967315451121580162e-03
7.609760976097610374e-01,7.229899016506797782e-01
6.136613661366137062e-01,3.975683366720519363e-01
9.407940794079407976e-01,3.329266778891803447e-01
7.824782478247824802e-01,7.143263460030097045e-01
6.083608360836083584e-01,3.574958549400125141e-01
2.560256025602560270e-01,-3.036798977885574874e-02
5.582558255825582627e-01,2.468015421968877687e-01
3.768376837683768410e-01,-1.796979134741567494e-02
7.655765576557655994e-01,8.041351950800363912e-01
7.790779077907790395e-02,5.850410115962923624e-02
4.264426442644264625e-01,2.602298014686098976e-02
8.884888488848885491e-01,7.849735743839175717e-01
5.659565956595660197e-01,3.054607244826640922e-01
9.427942794279428051e-01,5.079670142528254217e-01
3.112311231123112143e-01,-3.967650099801846991e-02
2.490249024902490421e-02,2.815159920202052815e-02
5.642564256425642855e-01,2.862566060789478728e-01
9.352935293529353045e-01,3.652289298268839857e-01
7.254725472547255416e-01,6.872922950900621775e-01
7.016701670167017069e-01,6.744028094568955689e-01
6.256625662566256407e-01,5.164539592795696077e-01
6.473647364736473397e-01,4.571919165962243792e-01
2.456245624562456431e-01,-2.481451893618751361e-02
4.583458345834583447e-01,7.171973420965378765e-02
6.859685968596860306e-01,5.647984181466423337e-01
5.217521752175218186e-01,1.836961343088845400e-01
9.971997199719971894e-01,2.560858258499813106e-02
9.500950095009501328e-02,5.852073564488265156e-02
5.366536653665366918e-01,1.603858326547421553e-01
4.247424742474247839e-01,2.690483321466473343e-02
9.530953095309531442e-02,5.366693504117450719e-02
3.576357635763576237e-01,-3.361970227535825140e-02
6.670667066706671422e-01,5.944048261522337784e-01
7.192719271927192626e-01,5.705039975282395481e-01
3.490349034903490744e-02,3.824680851102690848e-02
3.774377437743774433e-01,-1.824049604515392414e-02
8.651865186518652440e-01,6.336314137952319125e-01
8.970897089708971262e-01,7.023363540061098309e-01
7.057705770577057391e-01,6.696924511196306051e-01
7.473747374737473859e-01,6.605750638221488114e-01
7.673767376737673507e-01,7.424294535829025765e-01
4.792479247924792407e-01,1.328468980412021438e-01
8.452845284528452963e-01,8.659519045127511694e-01
5.330533053305330782e-02,5.934637958383552625e-02
7.226722672267227310e-01,6.831574443879075975e-01
4.331433143314331602e-01,3.487553377315510961e-02
5.463546354635463453e-01,2.883066227052172303e-01
9.401940194019402508e-01,4.161871582583314688e-01
2.234223422342234422e-01,-1.355825889813447663e-02
2.006200620062006390e-01,-3.590823124148542832e-04
9.145914591459146648e-01,5.939815493254577694e-01
5.830583058305830596e-02,5.693697067467571454e-02
3.833383338333833379e-01,-1.372455136069772319e-02
1.832183218321832285e-01,1.141787464585313112e-02
1.652165216521652158e-01,2.340886976641696690e-02
5.927592759275928103e-01,3.107175636018720821e-01
2.729272927292729634e-01,-3.218258522053930176e-02
7.373737373737373479e-01,7.461464751382198557e-01
7.780778077807780635e-01,7.668574016443632235e-01
8.518851885188518658e-01,9.491782226783003207e-01
2.675267526752675429e-01,-2.795571792952343537e-02
4.703470347034703347e-01,9.590656051571146146e-02
9.326932693269327501e-01,5.230683160449374203e-01
2.124212421242124282e-01,-5.904540113767412814e-03
5.900590059005900861e-02,5.444185844767273491e-02
9.725972597259726626e-01,2.382739432652845879e-01
4.459445944594459532e-01,4.934298038557956290e-02
1.827182718271827266e-01,1.264750910702066786e-02
6.350635063506350486e-02,4.797278056994553480e-02
2.520252025202520119e-01,-3.054850608029157852e-02
7.280728072807280959e-01,8.192131198551431126e-01
4.163416341634163520e-01,1.497430177122491095e-02
5.442544254425443206e-01,3.088867724874193588e-01
5.044504450445044252e-01,1.506422623634307290e-01
5.122512251225123103e-01,1.837147725752626970e-01
8.200820082008201603e-03,1.197283128585919024e-02
8.217821782178218459e-01,6.014083092614641579e-01
4.453445344534453509e-01,5.654023049134170725e-02
2.386238623862386443e-01,-1.778218649463934528e-02
4.991499149914991884e-01,1.256018103090605353e-01
5.850585058505850533e-01,3.480902519749554114e-01
6.640664066406640198e-02,5.204687930041313609e-02
2.471247124712471210e-01,-2.970651773118314354e-02
2.252225222522252213e-01,-1.599711978284016831e-02
8.529852985298530532e-01,7.645396668440901378e-01
7.191719171917192455e-01,7.201441316831568296e-01
3.738373837383738296e-01,-1.824242915582451746e-02
4.573457345734573409e-01,7.836508756129768882e-02
9.924992499249924993e-01,7.166037906291762571e-02
2.451245124512451412e-01,-3.013124151432116163e-02
3.732373237323732273e-01,-1.856676096598442946e-02
7.484748474847484623e-01,7.290108688189366193e-01
5.763576357635763481e-01,3.342581115083314014e-01
9.782978297829783010e-01,2.045449506518012550e-01
2.130213021302130444e-02,2.913537651985512178e-02
7.809780978097810022e-01,7.930974400569462679e-01
7.084708470847085326e-01,6.674128500170884992e-01
3.842384238423842691e-01,-1.283114077809752000e-02
4.691469146914691857e-01,9.707969032382288144e-02
4.208420842084208413e-01,2.304130762147825473e-02
5.654565456545654900e-01,3.095551698317193789e-01
6.818681868186818873e-01,5.661522546849281357e-01
4.281428142814281412e-01,2.695741047390320597e-02
6.557655765576557716e-01,5.549351201457886074e-01
6.271627162716272297e-01,3.827762439399957639e-01
4.500450045004500410e-02,4.772613952924074920e-02
3.353335333533353224e-01,-3.782932644027457020e-02
5.941594159415941601e-01,3.222880998563594224e-01
3.064306430643064516e-01,-4.130236437449814890e-02
2.867286728672867602e-01,-4.222999710095560327e-02
9.095909590959095903e-01,6.457109236938520791e-01
7.818781878187819334e-01,7.202319001824166733e-01
3.948394839483948537e-01,-5.148530155631948421e-03
7.475747574757476421e-01,6.827476304473956148e-01
1.191119111911191214e-01,4.810117299727044438e-02
5.214521452145214342e-01,1.899324963245896114e-01
7.443744374437444300e-01,6.457581077091927302e-01
4.578457845784578706e-01,7.040743178790462298e-02
8.631863186318632364e-01,7.075195368415101438e-01
4.690469046904690575e-01,7.240331290731032154e-02
1.644164416441644128e-01,2.654081369768212031e-02
1.020102010201020121e-01,4.968336439249793762e-02
4.210421042104210698e-02,4.381132725544420459e-02
5.030503050305030754e-01,1.611278353628974036e-01
9.727972797279728079e-01,2.201718385731712690e-01
5.034503450345034770e-01,1.567825084341601394e-01
7.410741074107410897e-01,6.584249975604206107e-01
8.536853685368537281e-01,8.464032026448875534e-01
5.972597259725972441e-01,4.212790104066146402e-01
8.157815781578158232e-01,7.477915100780974100e-01
7.720772077207721518e-01,5.694370095105230067e-01
1.689168916891689298e-01,1.696466010309535116e-02
2.116211621162116252e-01,-7.149994696923598486e-03
2.543254325432543483e-01,-3.143192501755961987e-02
6.050605060506051291e-01,4.113741133437758823e-01
7.059705970597059954e-01,6.347742680051384756e-01
4.082408240824082490e-01,1.027095224511282920e-02
2.247224722472247194e-01,-1.442685499471161627e-02
1.587158715871587189e-01,2.528485967768140039e-02
2.408240824082408249e-01,-2.401343801956196122e-02
6.564656465646564465e-01,5.899495840463666596e-01
4.584458445844584729e-01,7.792387410727119601e-02
3.115311531153115432e-01,-4.483549937605239150e-02
7.270727072707271199e-02,4.924685210898747945e-02
3.157315731573157591e-01,-4.571994353197440103e-02
6.400640064006400676e-02,4.495560922606396670e-02
8.135813581358135593e-01,7.376732067838659423e-01
4.803480348034803726e-01,1.121539750173463357e-01
4.969496949694969801e-01,1.720250169193858480e-01
3.156315631563156310e-01,-4.398380001521236260e-02
3.920392039203920431e-01,-7.367698139763307480e-03
8.744874487448744960e-01,6.435990258435381195e-01
4.892489248924892786e-01,1.285791889787369913e-01
7.099709970997100106e-01,7.100648526729231858e-01
1.209120912091209143e-01,5.102346929808644627e-02
2.679267926792679444e-01,-4.166428668985859562e-02
9.345934593459346296e-01,5.424517990125660161e-01
1.097109710971097135e-01,4.707621090455935131e-02
1.853185318531853365e-01,9.585678508481750015e-03
9.852985298529853830e-01,1.384790383435681449e-01
1.298129812981298203e-01,4.236706461587720629e-02
4.951495149514951732e-01,1.403033942094611963e-01
1.500150015001500137e-02,1.911944554990915868e-02
9.225922592259225841e-01,4.465868451583843157e-01
8.717871787178718135e-01,7.854217089854836908e-01
9.180918091809181503e-02,5.551295828584984493e-02
7.750775077507751631e-02,6.619787235319660179e-02
3.853385338533853455e-01,-1.155306653735524783e-02
5.138513851385139164e-01,1.854429845117502862e-01
1.720172017201720277e-02,2.738763623713372231e-02
9.197919791979197734e-01,5.013480592031580585e-01
4.739473947394739484e-01,1.048384507136955746e-01
2.898289828982898442e-01,-4.663140590988801987e-02
6.795679567956796063e-01,6.680097813966918707e-01
7.000700070007001008e-01,5.448228141982711659e-01
3.008300830083008304e-01,-3.914877852815637493e-02
3.252325232523252674e-01,-4.400664273218646977e-02
9.994999499949995814e-01,5.077604023095568311e-03
8.663866386638664485e-01,6.530033320023864718e-01
3.461346134613461634e-01,-3.727759397344396902e-02
1.505150515051505156e-01,2.753644565664088023e-02
3.385338533853385345e-01,-3.760750499344706760e-02
6.784678467846785299e-01,6.499377923649953814e-01
7.097709770977097543e-01,7.401649879796073916e-01
1.531153115311531254e-01,3.374402285955777070e-02
8.714871487148715401e-01,6.229042953898532575e-01
9.089908990899090435e-01,6.406081433020391902e-01
4.197419741974197649e-01,1.651205888948487771e-02
6.020602060206020623e-02,5.211304616032191861e-02
8.516851685168517205e-01,6.610063215757354671e-01
5.862586258625862579e-01,3.542007543352628796e-01
1.993199319931993341e-01,4.270510604860092824e-04
9.402940294029403789e-01,5.553981422839920912e-01
1.738173817381738206e-01,1.796737894889040982e-02
6.276627662766276483e-01,4.985214933220567524e-01
8.367836783678368473e-01,8.315923393628961158e-01
4.323432343234323572e-01,3.590045305372979029e-02
7.780778077807780357e-02,4.514965154139571890e-02
9.169916991699170739e-01,5.318358016942025257e-01
1.973197319731973265e-01,1.544384443425201280e-03
2.582258225822582354e-01,-3.143975437510460741e-02
6.456645664566457166e-01,5.083935185604551155e-01
1.815181518151815221e-01,1.307973333546919893e-02
8.808880888088809202e-01,6.642125261386495616e-01
9.002900290029003383e-01,6.493146960380413724e-01
5.166516651665166160e-01,1.620275883568805253e-01
6.860686068606860477e-01,5.563645043035851945e-01
4.159415941594159505e-01,1.923107530052111519e-02
5.661566156615661649e-01,3.374955792725862214e-01
8.020802080208021545e-01,6.392006851731951711e-01
6.681668166816682186e-01,4.170122021930234291e-01
3.784378437843784471e-01,-1.624234744600633329e-02
4.915491549154915596e-01,1.349455738803861660e-01
3.144314431443144264e-01,-4.339772976996092435e-02
5.687568756875688303e-01,3.377154927617198044e-01
3.830383038303830645e-02,4.352029067786193639e-02
8.328832883288329603e-01,7.599353039130761767e-01
1.794179417941794141e-01,1.465507994208339361e-02
5.444544454445444659e-01,2.881219623261238039e-01
1.585158515851585181e-01,2.527317728803875688e-02
6.875687568756876367e-01,5.064411228002814180e-01
7.594759475947594485e-01,7.354286080967010752e-01
6.800680068006801360e-01,6.078789574294198861e-01
4.282428242824282694e-01,3.379292725572394240e-02
9.305930593059306144e-01,4.040187536108757471e-01
1.858185818581858384e-01,8.074202762731257435e-03
5.023502350235024005e-01,1.635347449373141804e-01
6.090609060906090333e-01,4.016888175254363924e-01
2.230223022302230407e-01,-1.361573439657547645e-02
9.190919091909190985e-01,5.997481865004019586e-01
2.797279727972797336e-01,-3.581384862958902904e-02
3.719371937193719502e-01,-2.043021467905443284e-02
2.102210221022102199e-01,-6.230154709950826326e-03
1.526152615261526235e-01,2.872810107953336495e-02
9.641964196419642308e-01,2.981625015728979200e-01
1.036103610361036181e-01,5.247331061842021305e-02
1.031103110311031162e-01,5.080918947263465824e-02
6.390639063906390638e-02,6.161153450730064152e-02
2.542254225422542202e-01,-2.767719207491904296e-02
1.962196219621962223e-01,2.188917370172886994e-03
4.784478447844784377e-01,1.243175606092642993e-01
2.198219821982198285e-01,-1.354627723266886401e-02
3.293329332933293552e-01,-4.294060201681302452e-02
7.402740274027402867e-01,6.253695597893742519e-01
9.124912491249125290e-01,6.783801905074759997e-01
9.299929992999300676e-01,4.855404814479083453e-01
1.729172917291729172e-01,1.742646925116279541e-02
4.177417741774177573e-01,1.945719482186888255e-02
8.286828682868286888e-01,8.011610720515914830e-01
7.549754975497550147e-01,8.869450163938366050e-01
1.924192419241924357e-01,4.387176177737674848e-03
9.076907690769077108e-01,6.020225369596899911e-01
2.155215521552155400e-01,-7.482893847766906165e-03
6.228622862286228301e-01,5.278989960850131169e-01
3.990399039903990558e-02,4.968370447773012843e-02
2.420242024202420295e-01,-2.370120799815198659e-02
5.515551555155515651e-01,2.687522851602309748e-01
8.104810481048104753e-01,7.385157381055509340e-01
6.730673067306730539e-01,5.550652549774379718e-01
6.936693669366936765e-01,5.569506266672850092e-01
7.850785078507850623e-02,5.279188724405094180e-02
7.362736273627362715e-01,6.335476676699554055e-01
7.224722472247224747e-01,6.923927778073144523e-01
2.800280028002800625e-01,-4.328827114846428570e-02
3.720372037203720228e-01,-2.192014882293066846e-02
3.729372937293729540e-01,-2.417235693450361239e-02
7.591759175917591751e-01,6.306806112980858359e-01
2.580258025802580346e-01,-3.623099244236935301e-02
2.475247524752475226e-01,-2.377822275773550792e-02
4.769476947694769597e-01,1.168310331288850423e-01
9.142914291429142803e-01,5.653391297579815067e-01
9.853985398539854001e-01,1.220486956024300906e-01
3.313331333133313628e-01,-4.373404045450632327e-02
4.980498049804980842e-02,4.577685981154111516e-02
7.461746174617461813e-01,7.270365933417604065e-01
5.485548554855486092e-01,3.036039449317435857e-01
1.615161516151615295e-01,2.437709494172676794e-02
5.269526952695269273e-01,1.924007394093364409e-01
3.993399339933993430e-01,-5.452054141794547256e-04
8.836883688368837309e-01,6.720742221179434317e-01
3.854385438543854736e-01,-1.271382852255099893e-02
6.282628262826283061e-01,4.202087065753423167e-01
5.396539653965396477e-01,2.724301308405188693e-01
1.903190319031903277e-01,6.556454441978335629e-03
9.794979497949795055e-01,2.209451054759917765e-01
7.667766776677668039e-01,6.786538703379296766e-01
9.864986498649864766e-01,1.147528448700076698e-01
6.719671967196719775e-01,6.128248512532553649e-01
6.060606060606060774e-01,4.565119311363924903e-01
6.427642764276427778e-01,5.215040196429205910e-01
9.651965196519651791e-01,3.355463390907844623e-01
7.495749574957496497e-01,6.589373304838553880e-01
4.328432843284328313e-01,3.495037752372496392e-02
4.001400140014001461e-01,1.054833094025947918e-04
3.970397039703970482e-02,4.068277324817155122e-02
9.910991099109911495e-02,5.997349196039321317e-02
3.817381738173817318e-01,-1.608446158090077321e-02
2.725272527252725618e-01,-3.759862380032143875e-02
1.353135313531353134e-01,4.393516953440174122e-02
7.270727072707271477e-01,7.205285706600456086e-01
5.437543754375437910e-01,2.391739764562695048e-01
3.726372637263726251e-01,-2.272273395599013271e-02
5.009500950095009397e-01,1.585502960219585256e-01
7.189718971897189892e-01,6.427838168304520483e-01
5.684568456845684459e-01,3.376095625973521419e-01
5.507550755075507620e-01,2.592464760744923047e-01
2.780278027802780480e-02,3.512142821888288025e-02
7.950795079507950724e-01,7.113012410266937868e-01
3.322332233223322384e-01,-3.409171764443472141e-02
2.140214021402140343e-01,-8.902749802074817753e-03
7.041704170417042441e-01,6.252871059377003160e-01
1.000100010001000184e-01,5.468105499669701636e-02
2.156215621562156404e-01,-8.297623116381771038e-03
4.180418041804180307e-01,2.103101696775205171e-02
4.740474047404740765e-01,1.082348457499524019e-01
1.333133313331333059e-01,4.279051198865588268e-02
9.511951195119512370e-01,4.073291003950111344e-01
8.658865886588659189e-01,7.992396942494844891e-01
5.794579457945794321e-01,3.014315731437360868e-01
1.664166416641664203e-01,2.288477690330488132e-02
3.710371037103710190e-02,3.687793031718432368e-02
7.321732173217322392e-01,5.853670318905883629e-01
8.608860886088609554e-01,7.602240223139512532e-01
9.390939093909391744e-01,4.847433841659007925e-01
5.275527552755275851e-01,1.734286059350650389e-01
8.017801780178017701e-01,8.414465556903985011e-01
4.812481248124812483e-01,1.265366218492949557e-01
4.066406640664066430e-01,7.623973945394767714e-03
3.103310331033103386e-01,-3.924601110489821243e-02
4.862486248624862673e-01,1.128685230406369366e-01
8.381838183818381971e-01,6.996801210141624372e-01
9.322932293229323486e-01,4.841517608607120438e-01
6.058605860586059322e-01,4.073717417555230980e-01
6.200620062006200958e-03,1.050057400795007673e-02
5.455545554555455423e-01,2.173478826083741766e-01
9.039903990399039690e-01,6.889101416022043178e-01
4.520452045204520486e-02,4.773723829340022207e-02
9.454945494549454876e-01,5.011097930549331947e-01
3.161316131613161606e-01,-3.814695435336946244e-02
3.137313731373137515e-01,-4.582719613197887287e-02
6.948694869486948811e-01,6.001500552046824533e-01
9.230923092309231692e-02,4.834075546214419705e-02
7.446744674467447034e-01,6.913755331094879608e-01
3.671367136713671320e-01,-2.317558804021940116e-02
8.340834083408341648e-01,7.105602972929789818e-01
5.356535653565356325e-01,2.232069330231294391e-01
1.556155615561556071e-01,2.823921823847787976e-02
3.840384038403840683e-02,4.501062740260319828e-02
4.590459045904590751e-01,7.354597583043527564e-02
2.036203620362036226e-01,-1.559073421687742246e-03
2.493249324932493294e-01,-2.918770287251270731e-02
4.713471347134713385e-01,7.977634905039476809e-02
2.270227022702270281e-01,-1.684045856744562433e-02
9.680968096809681178e-01,2.246385163509007354e-01
2.756275627562756458e-01,-3.745857151045262762e-02
8.371837183718372488e-01,8.225159270184428939e-01
5.543554355435543757e-01,2.451091385461357242e-01
9.561956195619562004e-01,3.560043199128072322e-01
5.910591059105910761e-01,4.059882867405052442e-01
2.973297329732973449e-01,-4.026721917204137413e-02
1.550155015501550153e-02,2.011936760538236835e-02
3.936393639363936492e-01,-6.569659430058842967e-03
4.674467446744674515e-01,9.328235260708864218e-02
9.750975097509750888e-02,5.293246774814749922e-02
3.088308830883088607e-01,-4.098563289115901564e-02
2.108210821082108222e-01,-6.496245119667674525e-03
9.442944294429442831e-01,4.437850959291839148e-01
2.856285628562856282e-01,-3.508894846980471771e-02
4.742474247424742773e-01,1.036223329564818496e-01
8.432843284328432887e-01,8.481800452445971139e-01
1.289128912891289169e-01,4.564024401965317834e-02
9.807980798079808382e-01,1.517176732892076552e-01
2.787278727872787298e-01,-3.790160151024184881e-02
6.775677567756775987e-01,5.148251803858920894e-01
3.370337033703370289e-02,3.580126357538982590e-02
5.018501850185018709e-01,1.339773674158304673e-01
2.901290129012901176e-01,-4.872931818838566187e-02
8.827882788278827997e-01,7.133435855225901401e-01
2.278227822782278311e-01,-1.783052252109513375e-02
7.132713271327132398e-01,5.352162576423069584e-01
1.918191819181918334e-01,5.432373339485391077e-03
5.681568156815681725e-01,2.904554937813902393e-01
7.822782278227823349e-01,6.955618267958318945e-01
8.619861986198620318e-01,7.312472249199064578e-01
9.917991799179918244e-01,8.550963280795426114e-02
5.451545154515451408e-01,2.468119873132215703e-01
9.714971497149714752e-01,2.724616282114730170e-01
2.737273727372737109e-01,-4.019717062547591840e-02
3.600360036003600328e-01,-3.040574460494578982e-02
8.971897189718972543e-01,5.938530695344828025e-01
8.776877687768777081e-01,6.362689034536743726e-01
7.835783578357835566e-01,8.103531345666941110e-01
1.321132113211321291e-01,4.659063483106994086e-02
7.380738073807381339e-01,6.468301409978223226e-01
7.600760076007601063e-02,5.572683191887350951e-02
4.855485548554855368e-01,1.355398100460883104e-01
7.019701970197019802e-01,5.780369069172228702e-01
9.744974497449745421e-01,2.012054347827070266e-01
5.089508950895089701e-01,1.485424412696023655e-01
5.630563056305630809e-01,2.955842690444914767e-01
5.364536453645364356e-01,2.572094768182823232e-01
2.957295729572957388e-01,-3.812384268533861031e-02
7.285728572857286256e-01,6.887805600804934869e-01
5.520552055205520808e-02,5.135968703037215033e-02
5.712571257125712565e-01,3.498791159724971012e-01
1.421142114211421115e-01,3.631184851219278892e-02
7.662766276627662743e-01,8.249186513533171006e-01
2.400240024002400427e-02,3.269681082553620860e-02
3.564356435643564747e-01,-3.310626506844088074e-02
2.153215321532153392e-01,-1.029124373059337946e-02
4.566456645664566660e-01,7.258592949312085707e-02
5.677567756775677710e-01,3.851463047988945565e-01
5.631563156315632090e-01,2.454109914719296570e-01
5.810581058105810520e-02,5.762898769957060241e-02
1.672167216721672234e-01,1.728902851444678868e-02
2.575257525752575605e-01,-3.404515539599034524e-02
5.247524752475247745e-01,2.095535384647866095e-01
4.800480048004800854e-03,7.807167435148832171e-03
5.137513751375137883e-01,1.829660677452251971e-01
7.214721472147215264e-01,6.940286506347282947e-01
9.512951295129513651e-01,4.349527445935948977e-01
6.392639263926392923e-01,4.783980676270176424e-01
2.523252325232523408e-01,-2.512963812855616499e-02
5.774577457745774245e-01,3.017103591517310557e-01
3.741374137413741585e-01,-2.485418367657551281e-02
3.330333033303330137e-02,4.300724819511561603e-02
2.708270827082708276e-01,-4.014270949112193343e-02
1.668166816681668219e-01,1.983705064758286424e-02
6.092609260926092896e-01,3.009193959343573477e-01
5.655565556555656181e-01,2.590068731519518663e-01
4.964496449644964504e-01,1.740078218206742022e-01
2.827282728272827450e-01,-3.416400448428740660e-02
7.930793079307930649e-01,7.663107673972842093e-01
3.614361436143614381e-01,-3.351253743360255860e-02
5.071507150715072187e-01,1.620780156279830464e-01
5.559555955595559817e-01,2.768984378453160367e-01
3.009300930093009585e-01,-4.471504091699058520e-02
2.812281228122812116e-01,-3.344283129119289544e-02
3.469346934693469664e-01,-3.549035961181516707e-02
5.092509250925092434e-01,1.605018305165327730e-01
3.551355135513551420e-01,-2.901991724964221933e-02
6.911691169116911393e-01,5.746766975222737939e-01
1.596159615961596223e-01,2.554481970495640908e-02
7.547754775477547584e-01,8.016446927136816614e-01
6.799679967996800078e-01,6.764482909072434547e-01
8.671867186718672516e-01,7.416726904538870624e-01
5.313531353135313440e-01,1.989926159895450131e-01
4.809480948094809749e-01,1.025673887839574500e-01
1.731173117311731180e-01,1.973850383809525391e-02
4.956495649564956474e-01,1.476226221721138043e-01
4.069406940694069719e-01,7.179294566954069756e-03
6.401640164016402235e-01,5.324088357161577134e-01
8.900890089008901551e-01,6.172845868657057533e-01
5.201520152015202125e-01,1.983202104462589710e-01
6.116611661166116987e-01,4.382450130257509180e-01
6.550655065506550967e-01,5.356575629869676503e-01
9.810981098109811116e-01,1.937822193092891554e-01
7.698769876987698879e-01,6.845433974317458592e-01
2.922292229222922533e-01,-3.917316420072529393e-02
9.663966396639663836e-01,2.744425813093613886e-01
9.108910891089109230e-01,4.750571079365146776e-01
7.319731973197319830e-01,7.741830585857256697e-01
5.993599359935993798e-01,4.601065535008694307e-01
7.980798079807981393e-01,7.615322616059310157e-01
6.160616061606161153e-01,3.889504765027071431e-01
7.139713971397140257e-01,7.129529948288060304e-01
9.550955095509551240e-01,3.506986963452490835e-01
6.048604860486048729e-01,4.090516426845990372e-01
1.448144814481448217e-01,3.534282789566850491e-02
4.062406240624062415e-01,5.983477950331458559e-03
8.126812681268127392e-01,7.096203799159778169e-01
2.348234823482348299e-01,-2.070383841470718397e-02
5.487548754875487544e-01,1.972516633157565813e-01
7.276727672767276944e-01,8.021235622679445676e-01
3.560356035603560315e-02,4.103777112930512283e-02
8.708870887088708823e-01,7.795140719093057724e-01
1.618161816181618307e-01,2.448027004447950877e-02
9.412941294129413272e-01,3.948747515416244913e-01
6.191619161916191993e-01,4.307901516299835754e-01
9.125912591259126572e-01,5.945769642420979384e-01
6.167616761676167902e-01,5.013074609274319471e-01
1.142114211421142167e-01,5.666778863132167915e-02
1.483148314831483072e-01,3.238789807198343140e-02
5.445544554455445940e-01,2.137842872033798580e-01
4.392439243924392556e-01,4.826555950380655852e-02
9.914991499149915510e-01,7.431830474087255944e-02
2.624262426242624513e-01,-3.097289063235500461e-02
5.935593559355936133e-01,3.574221098790003048e-01
9.474947494749474952e-01,4.139365700414475713e-01
2.890289028902890411e-01,-3.715453751411836730e-02
7.635763576357635918e-01,8.013509657582491563e-01
5.913591359135913494e-01,3.516476151274584017e-01
4.206420642064206405e-01,2.269176614847871407e-02
7.807780778077808570e-01,5.917672868762067218e-01
3.536353635363536640e-01,-3.358931261455457701e-02
6.733673367336734383e-01,5.668072846112429675e-01
6.780678067806781284e-01,4.971333667181542793e-01
9.122912291229122728e-01,5.571998722555213668e-01
7.863786378637863672e-01,8.061881565710261599e-01
8.385838583858385986e-01,8.554954869000079842e-01
6.077607760776078116e-01,4.341323482656975208e-01
8.899889988998900270e-01,6.941341685639081938e-01
5.644564456445644307e-01,2.989903566979297822e-01
8.790879087908791412e-02,6.791533599273336108e-02
2.193219321932193266e-01,-1.200530294952759439e-02
1.703170317031703351e-01,1.961981463091672789e-02
9.080908090809081123e-01,6.260779592590384190e-01
7.570757075707570949e-02,4.492562146661938094e-02
1.256125612561256044e-01,4.486460981380318430e-02
4.772477247724772886e-01,1.088580881305912934e-01
7.140714071407140429e-01,6.147063747988131821e-01
5.307530753075307972e-01,1.953745503018594065e-01
9.556955695569557818e-01,3.603208186835907267e-01
6.147614761476147827e-01,4.572862845160508005e-01
1.055105510551055115e-01,5.155754367406512745e-02
4.746474647464746788e-01,1.112030365249735142e-01
6.018601860186019170e-01,3.230762783111451042e-01
5.359535953595360169e-01,2.299280273733297908e-01
4.225422542254225755e-01,2.447869058823841371e-02
1.696169616961696325e-01,2.012642813973182163e-02
5.249524952495249197e-01,1.702948434189593963e-01
3.592359235923592298e-01,-2.975777328991850018e-02
4.257425742574257321e-01,3.387271122939462809e-02
6.414641464146414451e-01,5.163487025774348149e-01
4.457445744574457525e-01,5.912579516017257841e-02
2.895289528952895153e-01,-3.893306701256032953e-02
7.911791179117911854e-01,8.002270499489236855e-01
1.104110411041104162e-01,4.406991380318880241e-02
6.002600260026003109e-01,3.968821523503099358e-01
7.898789878987898527e-01,7.612991341260212375e-01
9.112911291129113245e-01,5.285852173894318717e-01
3.843384338433843417e-01,-1.600245236617648878e-02
3.803380338033803265e-01,-1.755786191913517869e-02
3.228322832283228583e-01,-3.335703101787994285e-02
1.748174817481748244e-01,1.680493438673708040e-02
6.030603060306030661e-02,5.331965603072693488e-02
4.806480648064806460e-01,1.027608822406121947e-01
3.659365936593659274e-01,-2.334823682314359286e-02
1.917191719171917330e-01,5.520744230458171815e-03
5.670567056705670683e-02,5.907389319285831497e-02
8.365836583658365910e-01,8.109758181116701881e-01
7.721772177217721689e-01,6.298040371729729525e-01
7.945794579457946538e-01,7.660629291200382607e-01
8.514851485148514643e-01,7.144318490313950054e-01
2.796279627962796610e-01,-4.180983610022843272e-02
2.092209220922092161e-01,-5.717434303754003258e-03
6.074607460746074272e-01,4.031587842047484327e-01
5.555555555555555802e-01,2.503914566113172313e-01
8.442844284428443480e-01,1.023215919241988514e+00
2.000200020002000265e-04,3.000988300190976683e-04
3.078307830783078569e-01,-4.144345205014193789e-02
9.270927092709271844e-02,5.727459682502703681e-02
7.278727872787279507e-01,6.700433688638697260e-01
5.725572557255725892e-01,3.483982693624266824e-01
7.607760776077607812e-01,7.303232697811025131e-01
5.730573057305730911e-02,6.139248469253440199e-02
9.950995099509951647e-01,4.943021799252078630e-02
9.000900090009000820e-01,6.545339844667131812e-01
1.148114811481148190e-01,5.082275281739368628e-02
5.978597859785979018e-01,4.120832603478150613e-01
6.587658765876588385e-01,5.572788759765160416e-01
4.220422042204220736e-02,3.286254151520343753e-02
3.071307130713071265e-01,-3.940201757637558366e-02
4.107410741074107308e-01,1.278758557981335767e-02
1.549154915491549322e-01,3.523423970848058029e-02
7.363736373637363997e-01,7.431892729251642349e-01
1.453145314531453236e-01,3.326229724231287432e-02
1.466146614661466285e-01,3.304752134121199947e-02
1.916191619161916326e-01,5.219814011095763769e-03
5.333533353335333516e-01,2.414507680935139289e-01
7.131713171317132227e-01,5.966005391881294972e-01
1.824182418241824255e-01,1.201111283661484598e-02
5.802580258025802351e-01,3.644055380493715912e-01
4.255425542554255314e-01,2.897229513932590012e-02
5.974597459745975003e-01,3.670518055991219830e-01
8.793879387938794423e-01,6.419741662160610707e-01
6.726672667266726524e-01,5.435767487466349746e-01
3.370337033703370566e-01,-3.303642762918533593e-02
3.760376037603760380e-02,4.023113192429125795e-02
2.093209320932093165e-01,-5.949019490015026654e-03
2.853285328532853549e-01,-3.861184026051321660e-02
5.404540454045404507e-01,2.337726630515498671e-01
1.875187518751875171e-01,9.318028448296687000e-03
9.584958495849584814e-01,3.013809405379035966e-01
7.537753775377538101e-01,7.307663211927993840e-01
1.670167016701670087e-02,2.404920928240188160e-02
7.055705570557055939e-01,5.457018053961220083e-01
4.700470047004700475e-02,5.093165397988071164e-02
6.539653965396540203e-01,5.746054971138572220e-01
5.600560056005600418e-02,5.526328819716614521e-02
4.760476047604760841e-01,1.080044654599120468e-01
6.318631863186319197e-01,4.493353394367877174e-01
7.917791779177918432e-01,8.654254443324904678e-01
7.993799379937993610e-01,7.055995127421543778e-01
9.440944094409441378e-01,4.372870267717876569e-01
8.581858185818581619e-01,6.810076310895994967e-01
3.359335933593359247e-01,-3.778494457583440880e-02
2.437243724372437359e-01,-2.310161087951505265e-02
3.230323032303230452e-02,4.009712839730592698e-02
6.124612461246125017e-01,3.755704440685217471e-01
7.678767876787678803e-01,7.467820447518970228e-01
9.005900590059006117e-01,6.104764593724238964e-01
1.560156015601560087e-01,2.922099086773002549e-02
3.815381538153815311e-01,-1.588862867586852273e-02
5.327532753275328048e-01,2.084721911459374577e-01
5.887588758875887951e-01,4.256285792098806753e-01
2.167216721672167168e-01,-1.020449328749153430e-02
6.430643064306430512e-01,4.672555282356800621e-01
5.951595159515952194e-01,3.377805489827722663e-01
4.681468146814681819e-01,8.241369334940826241e-02
7.295729572957295739e-01,6.580078660446613270e-01
6.348634863486348756e-01,4.627929301650326455e-01
4.200420042004200660e-02,4.369540531388570875e-02
5.238523852385238433e-01,2.098108724247941259e-01
8.837883788378838590e-01,6.504914578112154233e-01
4.144414441444144726e-01,1.632982360960132800e-02
9.564956495649564738e-01,3.125817277892695700e-01
3.887388738873887584e-01,-9.588500612803675660e-03
9.102910291029103762e-01,5.598170158326168933e-01
2.106210621062106214e-01,-6.414039243804164209e-03
6.643664366436643487e-01,5.951500793292515690e-01
8.372837283728372659e-01,7.688480400183876906e-01
9.161916191619162708e-01,4.534964999230507443e-01
7.825782578257826083e-01,8.387930965054186672e-01
2.323232323232323204e-01,-2.152667397675638722e-02
2.920292029202920317e-02,3.058736369835182017e-02
9.997999799979998548e-01,2.007097176623306480e-03
1.077107710771077198e-01,5.550728563511272973e-02
8.890889088908890958e-01,7.182860851008948666e-01
5.277527752775277303e-01,1.971726260260038555e-01
4.276427642764276671e-01,3.140206768566006224e-02
9.392939293929393196e-01,4.102340592505240857e-01
9.547954795479548507e-01,3.143541226032853242e-01
5.919591959195920072e-01,3.425341722328288929e-01
9.382938293829383714e-01,4.846368218048187071e-01
4.666466646664666484e-01,8.236236782200741235e-02
3.440344034403440554e-02,3.662018195521989788e-02
7.329732973297330423e-01,5.936629684976092447e-01
6.028602860286028653e-01,4.264305960474196189e-01
4.768476847684768871e-01,1.111242831953037080e-01
4.927492749274927641e-01,1.566487260396123293e-01
7.924792479247925181e-01,7.992681641094434575e-01
4.931493149314931657e-01,1.420325114785302156e-01
1.465146514651465282e-01,4.017990185648807888e-02
3.588358835883588283e-01,-2.555971450364530675e-02
1.600160016001600212e-03,2.693073253121553486e-03
7.641764176417642496e-01,6.998923910696723816e-01
5.646564656465646870e-01,2.697529887333628418e-01
8.910891089108911034e-01,6.257274897278398695e-01
4.967496749674967793e-01,1.279201891595778684e-01
4.568456845684568668e-01,7.442094235908697231e-02
9.859985998599860579e-01,1.351116407434814204e-01
3.792379237923792501e-01,-1.682720387882145549e-02
6.437643764376438371e-01,5.326068535097199241e-01
2.376237623762376405e-01,-1.927769099513361797e-02
1.882188218821882197e-01,7.971922131679460080e-03
1.921192119211921345e-01,5.276758932179154496e-03
9.955995599559955833e-01,4.106680681033820363e-02
9.897989798979898168e-01,9.570221451325358619e-02
9.501950195019501777e-01,3.908509092395048845e-01
4.738473847384738757e-01,9.562325010320629759e-02
3.387338733873387353e-01,-4.745022888429237945e-02
2.316231623162316178e-01,-1.644513247084555818e-02
7.867786778677867687e-01,8.318373475280578244e-01
2.896289628962896434e-01,-3.735629865143735850e-02
4.110411041104110319e-02,3.886331010897066396e-02
6.760676067606760653e-02,5.443193945324700106e-02
5.770577057705771062e-02,5.109247569847129300e-02
6.852685268526852447e-01,6.311034016531785751e-01
4.318431843184318830e-01,3.559482711490098705e-02
9.932993299329933024e-01,6.537538218384156274e-02
5.726572657265727173e-01,3.039047162276709568e-01
9.277927792779278038e-01,5.118701017481032123e-01
3.544354435443544671e-01,-3.566520741530223443e-02
7.804780478047804726e-01,7.612491711856660404e-01
1.984198419841984307e-01,7.823755105362923627e-04
1.956195619561956200e-01,2.403729962158116917e-03
7.023702370237023818e-01,5.613128315065764040e-01
2.958295829582958669e-01,-4.235874316810187001e-02
6.906690669066907207e-01,5.929588685331864673e-01
3.219321932193219271e-01,-3.941820357656893037e-02
5.738573857385739219e-01,2.945151465609036623e-01
6.100610061006100579e-03,9.751362309946729270e-03
9.578957895789579347e-01,3.523870540894125658e-01
6.360636063606360524e-02,4.103594681593576710e-02
5.188518851885188798e-01,1.883830566879138857e-01
1.510151015101510175e-01,2.758914261147442024e-02
9.890989098909891419e-02,5.417815219413214811e-02
4.675467546754675796e-01,1.036454566319890830e-01
6.173617361736173370e-01,4.293650490338327130e-01
3.612361236123612374e-01,-2.947713885423975180e-02
7.279727972797279678e-01,6.751106929790994249e-01
7.180718071807180858e-02,5.068237676258351837e-02
9.750975097509750888e-01,2.504778802547321659e-01
3.996399639963996719e-01,-3.576405301055213802e-04
4.883488348834883475e-01,1.289153596621344655e-01
9.940994099409941609e-02,4.716313615888295674e-02
8.302830283028302949e-01,7.184711458677994766e-01
1.512151215121512182e-01,2.701469798680067314e-02
1.151115111511151201e-01,4.859108593604132692e-02
6.829682968296829637e-01,5.629974210596961903e-01
8.435843584358435621e-01,7.736827063464648546e-01
3.436343634363436261e-01,-3.843009583030860404e-02
8.050805080508051104e-01,7.881409036829700732e-01
2.961296129612961403e-01,-3.892458644400542678e-02
8.082808280828083225e-01,8.539648011911267211e-01
3.335333533353335711e-01,-3.727668560368717354e-02
6.051605160516051463e-01,4.313060897476981292e-01
6.245624562456245643e-01,4.864869676138756649e-01
5.064506450645064328e-01,1.774088539860234071e-01
1.970197019701970184e-02,2.523816845436726436e-02
6.737673767376738398e-01,6.301328164096274831e-01
3.519351935193519298e-01,-3.820449437357518324e-02
6.635663566356635457e-01,5.220727076490740970e-01
7.455745574557456345e-01,6.833550764785251141e-01
2.519251925192519392e-01,-2.788393096961734249e-02
1.733173317331733188e-01,1.767833077365158628e-02
3.952395239523952553e-01,-4.615165264334605486e-03
6.512651265126513378e-01,5.031108582729394429e-01
2.618261826182618490e-01,-3.081466878827966716e-02
9.482948294829482982e-01,3.959510917336184765e-01
1.836183618361836301e-01,9.879693656434538826e-03
8.910891089108911867e-02,5.184349841093792433e-02
4.974497449744974542e-01,1.586452445604982497e-01
7.159715971597160333e-01,5.973170447502678115e-01
8.037803780378037777e-01,7.425412402300103354e-01
7.510751075107511276e-01,7.578979243585550751e-01
8.825882588258826544e-01,6.666665080178098002e-01
9.446944694469446846e-01,4.888518680823218387e-01
7.819781978197819505e-01,8.994592204857086992e-01
7.441744174417441737e-01,8.305848821577934693e-01
7.840784078407840862e-01,7.099691554259847104e-01
4.102410241024102566e-01,1.233842492704340099e-02
4.901490149014901543e-01,1.358571880536223464e-01
3.893389338933893606e-01,-1.013541135842754327e-02
2.266226622662266266e-01,-1.435356801736383664e-02
5.888588858885889232e-01,3.580637536580038582e-01
9.912991299129912948e-01,7.951250097943436679e-02
3.285328532853285521e-01,-3.895368281121351639e-02
8.905890589058905737e-01,6.282047175114733317e-01
2.197219721972197282e-01,-1.209077464195995946e-02
3.050305030503050463e-01,-4.038739945134754011e-02
6.203620362036204039e-01,4.832496008747452776e-01
8.698869886988699340e-01,7.095915382785483727e-01
6.417641764176418295e-01,5.191420028538981102e-01
6.316631663166316635e-01,4.516931890643878234e-01
8.340834083408341093e-02,5.701932004834716489e-02
5.438543854385439191e-01,2.478043529994418404e-01
8.013801380138013686e-01,8.109126413747458351e-01
7.135713571357136242e-01,7.205194270242418764e-01
1.335133513351335066e-01,4.283411425992956351e-02
6.117611761176118268e-01,4.198801833535176220e-01
9.233923392339233871e-01,5.873143370127626994e-01
8.316831683168317557e-01,7.666412003171791945e-01
9.460946094609461454e-01,4.406485616756684043e-01
8.598859885988598961e-01,8.735322487109535849e-01
3.460346034603460630e-02,4.297687701724252352e-02
3.963396339633963317e-01,-3.010578141464485824e-03
8.856885688568857384e-01,6.832073106684553032e-01
7.257725772577258150e-01,7.141943081547902361e-01
1.325132513251325306e-01,3.773534849087953336e-02
4.456445644564456798e-01,4.904804235548215763e-02
6.490649064906491017e-02,4.950838385746034187e-02
8.060806080608060586e-01,6.804150990903251595e-01
3.891389138913891599e-01,-9.301701763654298544e-03
3.146314631463146272e-01,-3.655436736407919468e-02
9.756975697569757466e-01,2.485450229886917717e-01
1.804180418041804179e-01,1.544531352308690583e-02
5.310531053105310706e-02,5.271911039651328013e-02
3.831383138313831371e-01,-1.505335973863524898e-02
1.070107010701070172e-01,4.399342458354472268e-02
6.650665066506651346e-01,4.448536790571674948e-01
9.443944394439444112e-01,3.780468966859657498e-01
2.257225722572257232e-01,-1.511558845209046847e-02
2.425242524252425314e-01,-2.308010775538933690e-02
9.272927292729272741e-01,5.281450315078828339e-01
5.916591659165917338e-01,3.800613934873632305e-01
1.871187118711871156e-01,9.042910149214418089e-03
2.105210521052105210e-01,-6.378633852274268393e-03
8.430843084308431434e-01,8.396363503171122566e-01
1.393139313931393286e-01,3.420371035703520524e-02
1.412141214121412081e-01,3.347376746263144853e-02
2.536253625362536179e-01,-3.305760547649465309e-02
6.535653565356536188e-01,5.157036116246558333e-01
9.958995899589959677e-01,3.738455385434377026e-02
8.912891289128913597e-01,5.476240724061038900e-01
6.306630663066307152e-01,4.891592849058882253e-01
8.283828382838284154e-01,6.818790631790317969e-01
3.301330133013301582e-01,-4.021210427374462271e-02
5.775577557755775526e-01,2.925354650923581157e-01
1.500150015001500137e-01,3.438588331785836366e-02
6.772677267726773254e-01,5.913376475639641194e-01
6.293629362936293825e-01,4.079642137667285340e-01
2.434243424342434348e-01,-2.341507598854164485e-02
8.555855585558556076e-01,7.123450990649475845e-01
5.113511351135113792e-01,1.771706679443169619e-01
3.023302330233023638e-01,-4.186962152634379764e-02
9.907990799079908761e-01,9.113256063451788402e-02
2.654265426542654627e-01,-3.495504580373559600e-02
4.211421142114211702e-01,2.284786799487797254e-02
5.724572457245724610e-01,3.442179279639551170e-01
6.708670867086709011e-01,5.951599291339523257e-01
8.820882088208821525e-02,5.370272526795548396e-02
8.736873687368736929e-01,6.915198285855707061e-01
7.799779977997800540e-01,7.223629565779533523e-01
5.060506050605060313e-01,1.677222444969336257e-01
7.392739273927393384e-01,7.357121470904581795e-01
5.650565056505650885e-01,2.597954626652497767e-01
4.350435043504350396e-01,3.992976892655680787e-02
7.580758075807580987e-01,5.182886580831070900e-01
9.387938793879387900e-01,4.816549469396499972e-01
9.970997099709971723e-02,4.805492330168521786e-02
9.695969596959695957e-01,2.524975471217428824e-01
1.341134113411341089e-01,3.937083967796988632e-02
4.905490549054905558e-01,1.529649529171850930e-01
3.510351035103510542e-01,-3.159307822578636543e-02
1.907190719071907292e-01,6.800276073555084830e-03
5.704570457045704535e-01,3.257009601457711012e-01
9.203920392039204312e-01,6.684890191287562455e-01
6.423642364236423763e-01,5.122509694864458840e-01
3.493349334933493200e-01,-4.032452780391389269e-02
5.380538053805380971e-02,4.450755915985414590e-02
3.520352035203520580e-01,-2.862642527152226696e-02
4.474447444744474867e-01,6.592996330537144456e-02
7.900790079007900812e-02,5.513111431297345461e-02
6.211621162116212069e-01,4.943470408587322673e-01
2.613261326132613194e-01,-2.958787168331459064e-02
2.110211021102110229e-01,-7.978059812370780907e-03
9.323932393239324767e-01,5.061008327152756170e-01
9.449944994499450690e-01,3.831957601598157681e-01
4.434443444344434715e-01,5.435461549413239668e-02
4.615461546154615569e-01,8.190440849595316541e-02
4.866486648664866688e-01,1.129305654728288144e-01
7.013701370137014335e-01,6.635204730366840442e-01
1.646164616461646135e-01,2.580265810211535699e-02
5.097509750975097731e-01,1.410483058986720106e-01
2.949294929492949358e-01,-4.147686473076107189e-02
2.072207220722072363e-01,-3.680958306834147733e-03
1.091109110911091112e-01,5.660634706986536480e-02
1.621162116211621318e-01,2.476796104330656473e-02
2.160216021602160419e-01,-1.043482262690811034e-02
1.938193819381938132e-01,4.514509246283931500e-03
9.450945094509451139e-02,5.135302508933303062e-02
8.846884688468846791e-01,6.383976966745636972e-01
1.559155915591559083e-01,2.850305996364297517e-02
2.504250425042504058e-01,-2.534847309624794001e-02
3.444344434443444292e-01,-2.985813596416794086e-02
1.236123612361236107e-01,4.641300705390481729e-02
6.190619061906190712e-01,4.120074625991542727e-01
7.171717171717172379e-01,6.863861742199162119e-01
6.017601760176017889e-01,4.213912173296630037e-01
6.193619361936193446e-01,4.513176312658095934e-01
1.971197119711971257e-01,1.794758409371191056e-03
4.750475047504750803e-01,1.038300911880980087e-01
1.826182618261826263e-01,1.084853453343737409e-02
3.773377337733773706e-01,-1.661940086183577581e-02
2.915291529152915229e-01,-4.653181454449932530e-02
3.883388338833883568e-01,-1.096161059590256177e-02
2.773277327732773245e-01,-3.926423657959490776e-02
5.423542354235423302e-01,2.320959912809165970e-01
6.229622962296229582e-01,4.592730259400062964e-01
5.674567456745674976e-01,3.607400758387455109e-01
7.167716771677168364e-01,6.075258376246885916e-01
7.540754075407540835e-01,7.026047418633143415e-01
6.608660866086608632e-01,5.336248058819336171e-01
1.454145414541454240e-01,3.716563029475697388e-02
5.693569356935693770e-01,3.082505667102585223e-01
5.228522852285228950e-01,1.860002799826696585e-01
3.049304930493049182e-01,-3.719919459141975832e-02
8.444844484448444932e-01,7.679436661653060714e-01
5.545554555455545209e-01,2.702258146235180236e-01
9.097909790979098466e-01,5.172365438694361828e-01
3.811381138113811295e-01,-1.759441541575722939e-02
8.093809380938093989e-01,6.062077322873913321e-01
7.193719371937193907e-01,6.163331014235624572e-01
7.282728272827282412e-01,6.201935911383764655e-01
2.647264726472647323e-01,-3.594785905669425213e-02
7.776777677767776620e-01,8.181809855826207567e-01
6.483648364836483990e-01,4.406008289189480842e-01
9.570957095709571316e-01,3.521525340899989698e-01
9.094909490949095732e-01,5.566879710292803596e-01
4.725472547254725431e-01,1.120467840621599404e-01
5.420542054205420568e-01,2.632825129688065591e-01
6.025602560256025919e-01,3.557143561458162018e-01
3.765376537653765676e-01,-1.957647487967502722e-02
2.726272627262726345e-01,-4.652125032276820116e-02
1.741174117411741218e-01,1.712529492133894882e-02
4.752475247524752811e-01,8.798522324054675048e-02
1.032103210321032166e-01,4.906259990690157308e-02
5.311531153115311987e-01,1.884408562317745894e-01
6.571657165716572324e-01,5.927468226529407636e-01
2.480248024802480383e-02,3.566301397228888864e-02
1.322132213221322294e-01,4.300200062296907766e-02
2.400240024002400219e-01,-1.965849054518672978e-02
4.189418941894189619e-01,2.112127572911730658e-02
4.600460046004600789e-02,5.603291351592867842e-02
2.874287428742874351e-01,-4.574585783262959809e-02
1.650165016501650359e-02,2.560565555069513680e-02
9.226922692269227122e-01,4.963418168685730381e-01
4.410441044104410624e-01,4.428306606396984618e-02
2.190219021902190255e-01,-9.139739501332603058e-03
6.176617661766177214e-01,4.361930063896356513e-01
1.410141014101410142e-02,2.046673474084571842e-02
9.919991999199920807e-01,6.850190857977694892e-02
4.369436943694369746e-01,3.437495603900276447e-02
7.010701070107011601e-02,5.294126455461405090e-02
6.949694969496950092e-01,5.213997510121736179e-01
3.591359135913591571e-01,-3.308381692632385990e-02
1.124112411241124099e-01,4.023133389188315173e-02
4.704470447044704629e-01,8.597900654712102575e-02
2.900290029002900449e-01,-3.590870344512397949e-02
5.310531053105310706e-01,2.297035164830355525e-01
3.502350235023502512e-01,-3.096799068226699370e-02
4.700470047004700475e-03,7.775112946892251062e-03
8.610861086108610729e-02,4.923303247399477001e-02
1.789178917891789122e-01,1.224994574071607174e-02
1.063106310631063145e-01,4.449938063244569808e-02
6.923692369236923438e-01,6.705925820298875850e-01
3.076307630763076562e-01,-4.486089247223687404e-02
2.268226822682268273e-01,-1.800058351993950173e-02
8.386838683868387267e-01,8.191003935368877942e-01
3.670367036703670593e-01,-2.824338038730049918e-02
7.311731173117311799e-01,6.361324873764283572e-01
7.951795179517952006e-01,7.642387605519387339e-01
4.345434543454345655e-01,4.743444996538789815e-02
8.678867886788679264e-01,5.686808639424221212e-01
7.670767076707670773e-01,8.544546078788445298e-01
5.239523952395239714e-01,1.644533748500078829e-01
3.249324932493249385e-01,-4.808869068642712685e-02
9.040904090409040972e-02,6.021490516842455121e-02
1.648164816481648143e-01,2.266711006074746682e-02
7.390739073907390821e-01,7.209704094161852872e-01
8.086808680868087240e-01,8.432244865428016878e-01
9.261926192619261977e-01,4.752098794882626542e-01
2.771277127712771238e-01,-3.950676580105565161e-02
3.337333733373337719e-01,-4.417626507369515343e-02
3.168316831683168355e-01,-5.058961337449557893e-02
5.031503150315032036e-01,1.567094585630266212e-01
4.120412041204120357e-02,4.550550552795771392e-02
9.541954195419541929e-01,3.465124804898421784e-01
5.761576157615762028e-01,3.285369104711565180e-01
7.222722272227223295e-01,6.453183277242486859e-01
3.425342534253425497e-01,-4.303444427734469391e-02
7.147714771477148288e-01,7.034205929240698874e-01
1.625162516251625333e-01,2.218023737879926127e-02
5.022502250225022724e-01,1.496049665591807631e-01
4.650465046504650424e-01,8.912757499420288776e-02
3.311331133113311620e-01,-4.450328357396664963e-02
5.297529752975297379e-01,2.197180333296181176e-01
9.051905190519051736e-01,6.269230118118613859e-01
3.294329432943294278e-01,-4.776922401732049128e-02
5.006500650065006663e-01,1.633829574669648788e-01
6.205620562056205491e-01,4.283744703581795488e-01
8.009800980098009671e-01,6.931465773408564957e-01
1.770177017701770120e-02,2.343608567789127323e-02
4.325432543254325579e-01,3.113068920794935523e-02
1.427142714271427137e-01,3.178959793365997849e-02
2.983298329832983486e-01,-4.194663212989681311e-02
1.000000000000000000e+00,0.000000000000000000e+00
3.769376937693769691e-01,-1.495947178713470660e-02
9.829982998299829910e-01,1.523551649535185570e-01
6.590659065906591119e-01,6.021489589214169547e-01
5.040504050405040376e-02,5.339625909210883592e-02
6.342634263426343288e-01,4.483986353424532778e-01
1.462146214621462270e-01,3.467894600947409728e-02
9.031903190319031660e-01,6.005108772714626841e-01
7.359735973597359981e-01,6.888485527993961632e-01
5.981598159815981752e-01,3.622182973427774400e-01
7.971797179717972082e-01,8.611730589724525542e-01
2.777277727772777260e-01,-4.163799438877070075e-02
1.676167616761676249e-01,2.098519381879347667e-02
4.571457145714571402e-01,7.532642442453788001e-02
7.355735573557355966e-01,6.252839515188901576e-01
2.103210321032103203e-01,-7.419213868299964938e-03
3.756375637563756364e-01,-1.873561811943283764e-02
9.146914691469146819e-01,5.809932086367751713e-01
2.447244724472447397e-01,-2.060550762224023016e-02
8.390839083908391283e-02,5.179283209976905111e-02
7.050705070507050365e-02,5.519266966698102572e-02
3.487348734873487732e-01,-3.948519144055340213e-02
1.693169316931693313e-01,2.166077709116812425e-02
4.370437043704370472e-01,4.232531350500444434e-02
9.887988798879888686e-01,1.217580888162181352e-01
6.957695769576958122e-01,5.950614899259721868e-01
8.024802480248025560e-01,6.528402954908339995e-01
5.702570257025703082e-01,3.115152274229116558e-01
9.684968496849685193e-01,2.191816358311876878e-01
5.678567856785678991e-01,3.268796295810727504e-01
8.311831183118312261e-01,8.006869036178241306e-01
4.283428342834283420e-01,2.912519675675780129e-02
1.822182218221822247e-01,1.272493588145563737e-02
1.140114011401140159e-02,1.706747306019982049e-02
4.760476047604760702e-02,5.025910682508145239e-02
6.756675667566757193e-01,5.668837427793382844e-01
6.086608660866086318e-01,4.337660053659884163e-01
2.280228022802280319e-02,2.866131367319928180e-02
4.767476747674767590e-01,1.190765364046647706e-01
7.923792379237923900e-01,7.833687597618503862e-01
5.133513351335133867e-01,1.921676595868866688e-01
9.550955095509551518e-02,5.545000936025649974e-02
4.415441544154415365e-01,4.790007697152945387e-02
7.347734773477347936e-01,7.450030007619018457e-01
7.100710071007100901e-03,8.333432838840231643e-03
9.922992299229923541e-01,7.055713913261715819e-02
2.090209020902090153e-01,-4.032730287892593440e-03
3.839383938393839402e-01,-1.495976546085854217e-02
1.500150015001500267e-03,2.147757757971936222e-03
1.222122212221222193e-01,4.226988495842680382e-02
3.349334933493349209e-01,-3.936655644113578462e-02
1.800180018001800164e-01,1.065548003665110245e-02
5.790579057905790306e-01,2.757743132590016466e-01
1.910191019101910304e-02,1.997624196448049075e-02
2.689268926892689482e-01,-3.492486164512779989e-02
8.921892189218921798e-01,6.387813319675862411e-01
9.004900490049004835e-01,6.586673955249632284e-01
4.314431443144314815e-01,3.616362938471482519e-02
6.064606460646064789e-01,3.470772456499987557e-01
5.940594059405940319e-01,3.784822027070617878e-01
9.295929592959296661e-01,5.688547381129933633e-01
5.376537653765376401e-01,2.333156549552559134e-01
9.350935093509351592e-01,4.665981661300681038e-01
4.330433043304330321e-01,4.165157914785333482e-02
5.588558855885589205e-01,2.796953006335300973e-01
8.809880988098810484e-01,6.165331104164677445e-01
9.891989198919892701e-01,1.138091941724738571e-01
2.554255425542554248e-01,-2.869654281356536635e-02
4.458445844584458806e-01,6.269621722358603710e-02
7.440744074407440456e-01,6.610291844681571716e-01
5.083508350835083123e-01,1.937738138485901596e-01
3.102310231023102660e-01,-3.780874230816598514e-02
6.712671267126713026e-01,5.452483449815516137e-01
2.077207720772077382e-01,-5.340196725643070116e-03
2.980298029802980198e-01,-3.830127117492256733e-02
3.824382438243824622e-01,-1.310670625403139930e-02
2.168216821682168172e-01,-1.087156903748479064e-02
9.317931793179318190e-01,4.576870152263206037e-01
7.020702070207021084e-01,5.386084739391910903e-01
2.115211521152115248e-01,-7.604958198448009098e-03
1.166116611661166119e-01,3.545572923920731895e-02
8.326832683268327040e-01,7.128554068006307531e-01
9.670967096709671973e-02,4.970436013745169190e-02
3.058305830583058493e-01,-4.661162799602334983e-02
1.772177217721772335e-01,1.479394433912605868e-02
5.573557355735573315e-01,2.584232477676471351e-01
3.720372037203720228e-02,4.499462545731899160e-02
4.045404540454045628e-01,4.730673951971223548e-03
3.286328632863286248e-01,-3.817217351764123218e-02
8.589858985898589649e-01,6.908092234577725144e-01
5.123512351235123274e-01,1.865186435379950491e-01
5.824582458245824990e-01,3.537720418310719706e-01
7.710771077107711480e-02,5.056003958636299395e-02
7.852785278527852908e-01,8.430205082315145315e-01
2.423242324232423306e-01,-2.390724388746080092e-02
1.460146014601460158e-02,2.353811535846095718e-02
7.070707070707070441e-02,5.346942423798204530e-02
4.081408140814081764e-01,8.386056680843941361e-03
1.520152015201520213e-01,3.238538495005983953e-02
6.440644064406441105e-01,5.031433129251345893e-01
9.239923992399240449e-01,4.767283476893600103e-01
6.566656665666567028e-01,6.141164072151139575e-01
1.022102210221022128e-01,4.823879134209351632e-02
7.859785978597859657e-01,8.921116356496665567e-01
6.842684268426842964e-01,6.826914759199989025e-01
2.650265026502650612e-01,-3.076109907132737464e-02
5.809580958095810210e-01,3.081730060894817269e-01
8.532853285328533266e-01,7.681315900236705962e-01
6.026602660266027200e-01,4.265301378266597720e-01
2.571257125712571590e-01,-2.830543599337175323e-02
6.465646564656465367e-01,4.732119003067752905e-01
3.513351335133513276e-01,-2.843047960402280555e-02
4.542454245424542569e-01,6.851572138691294778e-02
5.796579657965796883e-01,3.329484878495792555e-01
7.577757775777578253e-01,8.041662026390555829e-01
9.846984698469847253e-01,1.350188586359423737e-01
6.386638663866386345e-01,4.989551936583729863e-01
9.700970097009701254e-01,2.777591693959029495e-01
6.679667966796679623e-01,6.854577726716635233e-01
6.365636563656366098e-01,4.330334329299718732e-01
6.208620862086209335e-01,3.799068597209880327e-01
5.144514451445144632e-01,1.807818075427203575e-01
2.607260726072607171e-01,-3.278927603871441276e-02
8.957895789578957935e-01,6.584164980623086194e-01
5.816581658165816959e-01,3.147383254725016899e-01
2.615261526152615201e-01,-3.244819991970582240e-02
7.294729472947294457e-01,6.431595318311742471e-01
6.678667866786678342e-01,6.432128416796795145e-01
8.831883188318832012e-01,6.880941853662261298e-01
3.884388438843884295e-01,-1.062021918949687671e-02
5.736573657365736656e-01,3.404268706842724646e-01
7.973797379737973534e-01,9.241385355897813181e-01
9.973997399739974457e-01,2.586934412828686275e-02
8.323832383238324306e-01,7.369914524049252513e-01
6.720672067206721056e-01,4.220769973217150528e-01
3.652365236523652525e-01,-2.573666934446816601e-02
4.661466146614661743e-01,7.758747957066726431e-02
1.062106210621062141e-01,5.045486937324554499e-02
9.720972097209720775e-02,6.069197991925288915e-02
5.937593759375937585e-01,3.737496550847790866e-01
2.707270727072707550e-01,-3.672475030586527800e-02
6.370637063706370562e-02,5.820314318869506537e-02
2.818281828182818138e-01,-4.103083181187058837e-02
3.527352735273527329e-01,-2.872924220382160748e-02
5.125512551255125837e-01,1.827074880534795276e-01
9.718971897189718767e-01,2.675604606534448537e-01
3.872387238723872249e-01,-1.203124074374271185e-02
1.817181718171817228e-01,1.258985609204156184e-02
2.763276327632763207e-01,-4.198300813539924264e-02
5.785578557855786119e-01,2.994777691890643800e-01
6.090609060906090888e-02,5.194583727315203736e-02
5.619561956195620045e-01,2.900843049050387257e-01
3.298329832983298293e-01,-3.957566026572562068e-02
7.333733373337334438e-01,6.839717902229014435e-01
5.531553155315531711e-01,2.289747569942485739e-01
1.200120012001200109e-01,4.961766584933593321e-02
4.004400440044004750e-01,4.806836553903988309e-04
6.834683468346834934e-01,6.598796976340103315e-01
9.170917091709171465e-02,6.682805639352802640e-02
5.449544954495449955e-01,2.326315207325108658e-01
8.990899089908991337e-01,6.170289536332456137e-01
9.722972297229722782e-01,2.548730511928689046e-01
4.593459345934593485e-01,7.543703824603815999e-02
4.095409540954095817e-01,1.114946413521457867e-02
6.010601060106010585e-02,5.722589540947903286e-02
3.158315831583158317e-01,-4.508276316955293905e-02
6.966696669666967434e-01,6.669155743800816438e-01
7.053705370537054486e-01,5.209553817308437695e-01
6.611661166116611366e-01,5.619659615878187520e-01
2.280228022802280319e-01,-1.929773328502494556e-02
5.604560456045605266e-01,2.408322792577552995e-01
3.647364736473647229e-01,-2.594009634271605275e-02
4.561456145614561364e-01,7.736428134580629334e-02
9.242924292429243183e-01,5.306946377863670516e-01
4.553455345534553333e-01,8.130686708963702491e-02
6.131613161316131766e-01,3.734390149037065676e-01
5.452545254525452689e-01,2.538569566387118281e-01
8.497849784978498411e-01,6.897025061158840176e-01
6.170617061706170497e-02,6.367697558776683198e-02
3.225322532253225294e-01,-3.589057721226535103e-02
8.474847484748475601e-01,8.424129298655248510e-01
9.544954495449545773e-01,3.679612548039996600e-01
2.452245224522452416e-01,-2.953397494780108865e-02
2.334233423342334246e-01,-1.948765848578584703e-02
4.827482748274827817e-01,1.209579225393833529e-01
2.379237923792379417e-01,-2.145536957140095971e-02
1.292129212921292181e-01,4.540623980125289838e-02
9.572957295729572769e-01,3.602120834175448483e-01
2.101210121012101195e-01,-6.460208541348926893e-03
5.039503950395040066e-01,1.660035982706283275e-01
8.578857885788578885e-01,8.739273235530828909e-01
6.810681068106810843e-02,5.672202765359408289e-02
1.012101210121012090e-01,4.904505121356361741e-02
6.197619761976197461e-01,4.668337067642883143e-01
5.410541054105410391e-02,5.062217266830588980e-02
1.200120012001200213e-03,1.974646165714404045e-03
8.593859385938593665e-01,8.076139650544609250e-01
7.009700970097010320e-01,5.953863715366234377e-01
6.372637263726372847e-01,4.125009449715404952e-01
3.981398139813981385e-01,-1.604248936894550831e-03
2.123212321232123279e-01,-8.119379579872902652e-03
1.444144414441444202e-01,3.754219810379330613e-02
9.880988098809881381e-02,5.127899893262336667e-02
8.600860086008601524e-01,7.648414568250903045e-01
5.780578057805781100e-02,4.485147693250799567e-02
5.163516351635163426e-01,1.657387733702993249e-01
6.266626662666267000e-01,5.349476663793564235e-01
5.807580758075807648e-01,3.223782995937707896e-01
9.262926292629263259e-01,5.110285806574345058e-01
9.808980898089809664e-01,1.811064074477538866e-01
2.296229622962296379e-01,-1.948784535237300247e-02
4.420442044204420662e-01,4.980422085405270677e-02
5.167516751675167441e-01,1.978139054630452809e-01
4.472447244724472859e-01,5.720953501798884538e-02
4.436443644364436723e-01,4.723906784732857800e-02
9.103910391039103933e-01,6.435768423017802498e-01
4.804480448044804453e-01,1.008368539877811804e-01
6.140614061406141078e-02,4.729840438314905637e-02
4.169416941694169543e-01,1.886865760052742341e-02
8.392839283928392735e-01,7.462673558252518324e-01
5.532553255325532993e-01,2.604815363208870527e-01
9.029902990299030208e-01,5.544664589442929170e-01
9.380938093809381151e-01,4.122721690866649191e-01
4.170417041704170824e-01,1.584715106668904000e-02
5.127512751275127290e-01,1.659069972629455270e-01
3.907390739073907659e-01,-7.534178035061753730e-03
3.584358435843584267e-01,-3.289022137006041707e-02
3.832383238323832653e-01,-1.455725136004960840e-02
6.809680968096809561e-01,6.612082130051435414e-01
9.849984998499849986e-01,1.361672914776003440e-01
6.020602060206020623e-01,3.468046070770040012e-01
4.199419941994199656e-01,2.323444212791717089e-02
8.725872587258726165e-01,6.156998729504281620e-01
4.205420542054205679e-01,2.176985590057207640e-02
4.427442744274427411e-01,4.212385747954942861e-02
5.557555755575557255e-01,2.502597341097218542e-01
1.768176817681768320e-01,1.394202164106330723e-02
8.154815481548155498e-01,7.608961846494377568e-01
4.341434143414341640e-01,4.030808223515803396e-02
5.100510051005100257e-03,7.434889561552579691e-03
5.861586158615861297e-01,3.677498036500767564e-01
8.865886588658866696e-01,6.245644240195923347e-01
9.130913091309131313e-02,5.221283389531766739e-02
4.029402940294029567e-01,2.931089955634070578e-03
1.386138613861386260e-01,4.167185328824365986e-02
1.147114711471147186e-01,5.419689973717170539e-02
2.052205220522052287e-01,-3.080192994638600475e-03
4.499449944994499684e-01,6.925667627724196862e-02
8.606860686068606991e-01,8.029436761826470592e-01
8.421842184218422123e-01,7.887403154096661595e-01
1.579157915791579159e-01,2.494421096528039172e-02
7.066706670667066703e-01,6.086495038454945439e-01
4.851485148514851908e-01,1.461183660641869886e-01
8.908890889088909582e-01,7.476804040983917599e-01
6.918691869186919252e-01,6.486455669857253969e-01
6.047604760476047447e-01,3.893318623001629786e-01
1.509150915091509171e-01,3.425053497139062680e-02
1.920192019201920341e-01,5.745322128273193038e-03
8.896889688968897536e-01,6.682752321619782609e-01
4.013401340134013506e-01,1.230604366413733932e-03
2.400240024002400427e-03,4.627374847520047269e-03
4.519451945194519760e-01,6.852530409451464133e-02
5.992599259925992516e-01,3.833996414034712696e-01
7.141714171417141710e-01,6.619787303095875375e-01
2.754275427542754451e-01,-2.842576736628951023e-02
9.134913491349134773e-01,5.953873008813757028e-01
8.830883088308830731e-01,7.363548078540672615e-01
8.052805280528052556e-01,6.593045492603438751e-01
1.200120012001200213e-02,1.656299848293792121e-02
3.692369236923692677e-01,-2.576033515238026345e-02
3.089308930893089333e-01,-4.306781338698300460e-02
9.378937893789379698e-01,4.439446254064698949e-01
3.964396439643964598e-01,-3.101157232665314317e-03
2.492249224922492290e-01,-2.733650792503850707e-02
3.820382038203820607e-02,4.984600707814518250e-02
6.824682468246825451e-01,6.125040537084397441e-01
1.109110911091109181e-01,4.830685431677778779e-02
7.904790479047905105e-01,7.384689449077999068e-01
1.937193719371937128e-01,3.871720155464773803e-03
8.235823582358235972e-01,7.485715859287660479e-01
7.739773977397740312e-01,8.139306127094135812e-01
7.965796579657965504e-01,7.807720282691016367e-01
3.410341034103410440e-02,4.112759482798714061e-02
7.281728172817282241e-01,8.563571744054001567e-01
4.172417241724172277e-01,1.848211125965678464e-02
5.417541754175417834e-01,2.114929673055016279e-01
5.957595759575957661e-01,3.516359229892052074e-01
3.535353535353535359e-01,-3.425644194705371876e-02
6.046604660466047276e-01,3.749067721708997381e-01
6.748674867486749163e-01,6.852214194892505272e-01
8.596859685968597509e-01,6.528669236797135511e-01
9.666966696669667680e-01,2.374639395955017163e-01
1.911191119111911307e-01,6.156443241100185981e-03
2.256225622562256228e-01,-1.549119999513766562e-02
6.029602960296029934e-01,4.493937165232724240e-01
2.288228822882288349e-01,-1.751664203159506231e-02
5.587558755875587924e-01,2.594222629249941514e-01
7.100710071007100554e-02,5.346330290938047791e-02
1.528152815281528243e-01,2.813571373903234890e-02
6.123612361236123736e-01,4.478985379640381126e-01
5.822582258225822427e-01,3.280239132680485836e-01
2.421242124212421298e-01,-2.675012484913575489e-02
2.273227322732273292e-01,-1.494810863338411067e-02
3.055305530553055204e-01,-3.301037378266342276e-02
8.916891689168917612e-01,4.958268216619650115e-01
9.952995299529953099e-01,4.254829824320924964e-02
5.070507050705070906e-01,1.908518291853729398e-01
8.309830983098309698e-01,7.563410683032785187e-01
6.752675267526753178e-01,5.999135995364466289e-01
3.317331733173317643e-01,-3.519043526228252811e-02
2.294229422942294372e-01,-1.795395191688405750e-02
9.265926592659265992e-01,5.649615732262408541e-01
5.383538353835384260e-01,2.451399915079656433e-01
3.976397639763976644e-01,-2.723441687324644304e-03
7.269726972697270195e-01,6.290526093499015925e-01
1.230123012301230223e-01,3.496299198560440247e-02
2.075207520752075374e-01,-4.313681813138535437e-03
3.683368336833683365e-01,-2.334428127419842930e-02
1.934193419341934395e-01,4.687872663135383457e-03
9.941994199419942335e-01,5.407116585788990237e-02
7.740774077407741594e-02,5.061691791830529030e-02
6.846684668466846979e-01,5.313603764317582634e-01
2.024202420242024181e-01,-1.445440594453250606e-03
6.260626062606260422e-01,4.826743409971008258e-01
5.109510951095109776e-01,1.805179722016565513e-01
6.082608260826082303e-01,4.117571662102619268e-01
1.360136013601360161e-01,3.650360951256501063e-02
2.353235323532353318e-01,-2.001883710696795646e-02
3.992399239923992704e-01,-7.612068471256831347e-04
1.949194919491949174e-01,3.607880789810330360e-03
1.140114011401140159e-01,4.463746982773821731e-02
3.275327532753275483e-01,-3.704787012721341699e-02
6.303630363036303308e-01,4.683977765349678357e-01
8.627862786278628349e-01,7.440637931978311137e-01
4.157415741574157497e-01,1.564647258189713272e-02
1.328132813281328040e-01,3.347566199741466159e-02
4.770477047704770740e-02,4.496356499165461706e-02
4.083408340834083772e-01,6.899402094949451739e-03
2.064206420642064332e-01,-3.501813327453600147e-03
5.482548254825482248e-01,2.558631134582655675e-01
8.767876787678767769e-01,5.367109920761967690e-01
1.264126412641264074e-01,3.717733441343024081e-02
3.458345834583458345e-01,-3.082039491099789266e-02
7.509750975097509995e-01,8.637367061032712456e-01
5.690569056905690759e-02,5.620109122197698703e-02
9.370937093709371668e-01,4.239111702634706380e-01
8.199819981998199836e-01,6.479385926967622389e-01
8.100810081008100738e-01,7.911828581183643072e-01
9.497949794979497762e-01,4.406245714735992358e-01
6.375637563756375581e-01,5.441609278380644676e-01
8.902890289028903004e-01,6.519346617345624928e-01
6.629662966296629989e-01,4.612210079185137257e-01
8.122812281228123377e-01,7.635920790936754354e-01
1.473147314731473312e-01,2.509463218190477810e-02
1.150115011501150197e-02,1.485593387820626984e-02
9.033903390339034223e-01,6.147001203108838352e-01
4.535453545354535820e-01,4.471591550877203336e-02
7.340734073407341187e-01,6.450290934937197296e-01
6.398639863986398391e-01,5.456555151714455043e-01
2.993299329932993524e-01,-4.310433870065523421e-02
4.916491649164916877e-01,1.106565047118546197e-01
5.490549054905490278e-01,2.413305100985588258e-01
8.292829282928293466e-01,8.340314432583044724e-01
2.569256925692569582e-01,-3.379429209327284439e-02
4.128412841284128665e-01,1.087758315404092034e-02
8.300830083008300248e-03,1.462554863711296865e-02
3.451345134513451596e-01,-4.239720571784447167e-02
7.170717071707171097e-01,7.071640533091232417e-01
4.644464446444644401e-01,8.245653449336669272e-02
9.518951895189519119e-01,3.891255973464666229e-01
3.702370237023702715e-01,-2.133410350322998209e-02
6.652665266526652799e-01,4.808434671392882720e-01
1.422142214221422118e-01,3.913333559636823777e-02
5.093509350935093716e-01,1.711272230686465279e-01
6.439643964396439824e-01,5.042975390587054463e-01
5.772577257725772792e-01,3.153489390079683430e-01
9.099909990999099918e-01,5.821128243236859401e-01
5.889588958895889403e-01,4.040631688592067339e-01
8.450845084508451510e-02,6.216114043407882511e-02
4.410441044104410763e-02,4.626508465993780378e-02
9.320932093209320646e-02,6.339738988009063769e-02
2.770277027702770442e-02,3.279118317106254760e-02
7.403740374037404148e-01,7.382032089839727362e-01
1.752175217521752260e-01,1.513692103785913706e-02
2.017201720172017154e-01,-1.435492667765693887e-03
1.033103310331033170e-01,5.878519799553495045e-02
4.126412641264126657e-01,1.265406385465821931e-02
9.000900090009001601e-04,1.337109200163926186e-03
6.333633363336333977e-01,5.697723892795815148e-01
6.965696569656966153e-01,5.733100543082568779e-01
5.562556255625562551e-01,3.149298293302693619e-01
8.456845684568456978e-01,6.948164327357780889e-01
3.110311031103110135e-01,-4.433919910054509583e-02
1.966196619661966238e-01,2.162876280518689215e-03
5.733573357335733922e-01,2.978279653658059134e-01
1.492149214921492106e-01,2.787253110137756854e-02
9.217921792179217810e-01,6.118920067532754858e-01
3.090309030903090268e-02,3.722445254586762009e-02
9.365936593659366372e-01,5.247507017423177489e-01
4.111411141114111323e-01,1.212310176057513136e-02
4.381438143814381792e-01,4.326053535848818632e-02
4.686468646864686560e-01,9.816208362306157176e-02
5.593559355935593391e-01,2.345650997242310076e-01
3.488348834883488458e-01,-3.977277612570273568e-02
2.501250125012501324e-01,-2.418988076597525239e-02
1.242124212421242130e-01,4.464837548901320896e-02
4.333433343334333609e-01,3.804222571044510448e-02
7.883788378837883748e-01,7.544672616791704423e-01
5.528552855285528977e-01,2.528670527802867052e-01
9.289928992899290083e-01,5.262654786671782103e-01
4.300430043004300693e-03,6.292036050688717096e-03
1.683168316831683275e-01,2.135494263199973555e-02
7.292729272927293005e-01,6.246978773245489558e-01
5.489548954895490107e-01,2.444861113003076736e-01
4.027402740274027559e-01,2.547351590890178583e-03
2.169216921692169175e-01,-1.165646778379978744e-02
1.433143314331433160e-01,3.556700703992547730e-02
8.533853385338534547e-01,6.823958664717548750e-01
1.803180318031803175e-01,1.316467495151165193e-02
7.630763076307631176e-02,6.762458627892753427e-02
5.235523552355235699e-01,1.590986154580308343e-01
6.432643264326433075e-01,5.190674042718197434e-01
1.630163016301630352e-01,2.490021982628747368e-02
4.046404640464046354e-01,5.616091725049726993e-03
6.222622262226222833e-01,4.401011438436581158e-01
5.831583158315831739e-01,2.826458321032807031e-01
6.374637463746374300e-01,4.939214342737439090e-01
7.903790379037903824e-01,7.986142997447059910e-01
9.623962396239624795e-01,2.862663812377275185e-01
7.185718571857185877e-01,7.430800865312632286e-01
3.149314931493149561e-01,-4.263887409301453379e-02
1.079107910791079206e-01,4.726110254876404043e-02
3.860386038603860759e-02,4.681176864220076839e-02
4.385438543854385807e-01,3.800990548409956260e-02
8.962896289628963231e-01,6.545526017146890974e-01
6.996699669966996993e-01,6.259047872893996889e-01
2.011201120112011131e-01,-6.795003255937283933e-04
9.235923592359236434e-01,6.488568885711576417e-01
7.307730773077307784e-01,6.574300963409906995e-01
7.379737973797380057e-01,7.875571901579521139e-01
5.800580058005801176e-03,7.683302401903974004e-03
6.573657365736573777e-01,6.094350328821139806e-01
7.118711871187118900e-01,6.025021253947461242e-01
6.170617061706170636e-01,4.602135811596884674e-01
8.940894089408940593e-02,5.342480148328986045e-02
9.249924992499249932e-01,4.996308928665183502e-01
2.883288328832883107e-01,-4.005802144526369318e-02
7.886788678867887592e-01,8.073796836136997168e-01
1.816181618161816225e-01,1.241114981819263496e-02
2.244224422442244182e-01,-1.138136830144895195e-02
8.954895489548955201e-01,6.547365528068107565e-01
4.210421042104210421e-01,2.132969261617217657e-02
9.259925992599260525e-01,5.574762509510813313e-01
6.419641964196419748e-01,4.484101596567031112e-01
5.491549154915491560e-01,2.726268171371648008e-01
2.478247824782478237e-01,-3.212263640613305382e-02
9.278927892789279319e-01,4.979556806730306984e-01
7.457745774577457798e-01,7.376554391408749467e-01
5.479547954795479514e-01,3.190122933579685460e-01
7.907790779077907839e-01,8.987247219589373781e-01
4.515451545154515745e-01,7.147937375964938389e-02
4.437443744374437449e-01,5.786662109164176365e-02
8.488848884888489099e-01,7.315482799489794186e-01
8.159815981598159684e-01,7.219296410952431575e-01
5.585558555855585361e-01,2.622456304540721761e-01
4.142414241424142718e-01,1.471683202312989297e-02
9.646964696469647604e-01,2.985776035166781139e-01
5.711571157115711284e-01,3.063475187335314431e-01
8.123812381238123548e-01,7.435945821419081003e-01
2.593259325932593118e-01,-3.188936698627750643e-02
6.089608960896090162e-01,3.438145454202917728e-01
2.964296429642964137e-01,-3.653458223433909274e-02
6.295629562956296388e-01,4.019604601748325012e-01
6.915691569156915408e-01,5.355371857708125516e-01
7.182718271827183143e-01,6.284246406506422966e-01
8.926892689268927095e-01,7.025957293115374647e-01
8.739873987398739663e-01,6.603581143227132966e-01
5.446544654465447222e-01,2.336582907036221513e-01
2.033203320332033215e-01,-2.106062790294621536e-03
3.890389038903890317e-01,-9.647356025306377814e-03
2.262226222622262251e-01,-1.535820617368096296e-02
4.948494849484948443e-01,1.542244834599889314e-01
3.028302830283028380e-01,-4.571114784432130096e-02
4.482448244824482342e-01,7.071824799100663583e-02
7.847784778477847611e-01,6.491974612023589941e-01
4.344434443444344374e-01,4.747397077349439082e-02
1.121112111211121087e-01,5.210104855881188268e-02
5.243524352435243729e-01,2.433097160224144129e-01
5.237523752375237152e-01,2.008798028571545102e-01
6.190619061906190573e-02,4.964384812055127466e-02
4.975497549754975823e-01,1.684675484636122822e-01
9.625962596259626247e-01,2.883487568849609772e-01
5.606560656065606718e-01,3.324693218506786230e-01
4.796479647964796422e-01,1.158637082068431357e-01
2.999299929992999547e-01,-4.453385022675519084e-02
3.470347034703470668e-02,4.404301116061447308e-02
9.191919191919192267e-01,4.922411592383479917e-01
6.582658265826583088e-01,5.708848166439208782e-01
4.479447944794479608e-01,5.755950145438008120e-02
4.554455445544554615e-01,7.026977893259406249e-02
8.483848384838483803e-01,7.259828613127723429e-01
2.805280528052805367e-01,-4.108649640182239493e-02
4.962496249624962497e-01,1.284472497707603300e-01
3.379337933793379323e-01,-3.953499057624114410e-02
2.841284128412841503e-01,-4.360327225885715641e-02
9.710971097109710737e-02,6.144779138712307132e-02
6.770677067706770691e-01,5.851819995067822910e-01
7.582758275827583549e-01,7.000828344565035444e-01
9.950995099509951647e-02,5.643390506663517603e-02
9.360936093609361075e-01,5.092063103235265897e-01
5.088508850885088419e-01,1.853652867894106937e-01
6.194619461946194727e-01,4.813631092462895000e-01
8.664866486648664656e-01,6.704004467153266145e-01
4.165416541654165528e-01,1.685728091101473120e-02
9.329932993299330235e-01,5.421447620009959278e-01
1.172117211721172142e-01,5.161580680132289711e-02
9.144914491449145366e-01,5.693563732115121123e-01
5.825582558255826271e-01,3.267767065722430031e-01
6.110611061106110409e-01,3.731283087043991142e-01
8.587858785878588197e-01,5.350927239626876997e-01
4.056405640564056392e-01,6.231515375075363100e-03
8.601860186018601695e-01,7.685915891856677229e-01
2.966296629662966144e-01,-4.401367972663310785e-02
5.665566556655665664e-01,2.694751546471364501e-01
1.588158815881588193e-01,2.740005345692312494e-02
6.476647664766477241e-01,4.719117069693220534e-01
6.620662066206621510e-02,5.060629221363342062e-02
7.406740674067406882e-01,7.595622295574617766e-01
9.310931093109311441e-01,5.498126852646325613e-01
3.428342834283428231e-01,-3.824001820159679543e-02
1.095109510951095128e-01,5.652667384221102265e-02
4.178417841784178299e-01,1.764742244235416660e-02
2.352235223522352314e-01,-1.988553781051547245e-02
2.230223022302230129e-02,2.940823267679225014e-02
2.625262526252625239e-01,-3.543471471367679038e-02
8.470847084708471586e-02,5.494168703373773777e-02
4.830483048304830551e-01,1.146290596506260723e-01
6.657665766576658095e-01,5.426682488334387822e-01
7.240724072407241085e-02,5.401702661215392748e-02
9.729972997299730642e-01,2.191484644643496571e-01
5.480548054805480795e-01,2.581577572436563051e-01
1.366136613661366184e-01,3.589184692385329056e-02
4.422442244224422669e-01,5.244355241052828936e-02
1.173117311731173146e-01,4.648680272563067428e-02
1.891189118911891232e-01,6.295083393766810753e-03
1.925192519251925360e-01,4.411859759033543230e-03
4.701470147014701895e-01,8.912532787484168939e-02
1.739173917391739210e-01,1.894474698906672971e-02
9.549954995499549959e-01,2.760839358370559271e-01
3.603360336033603617e-01,-3.260601772571603690e-02
6.880688068806880553e-01,5.734479389515609871e-01
5.499549954995499590e-01,2.157189781924620520e-01
4.016401640164016795e-01,1.520804519330329774e-03
4.552455245524552607e-01,5.841908413582218296e-02
5.329532953295329500e-01,2.220688281238953343e-01
1.291129112911291177e-01,4.952107930590005092e-02
4.790479047904790816e-02,3.966985826863932141e-02
6.664666466646664844e-01,5.777132690755897304e-01
2.782278227822782557e-01,-4.208029003208636765e-02
9.400940094009401227e-01,4.663002497863095730e-01
1.516151615161516197e-01,2.676323775023303764e-02
2.305230523052305414e-01,-1.575320519970644512e-02
3.620362036203620404e-01,-3.160649077798869527e-02
1.612161216121612284e-01,2.384788913473824545e-02
4.417441744174417373e-01,5.794915512091245585e-02
6.499649964996500051e-01,5.865336489597792191e-01
6.907690769076907378e-01,6.134412771587764990e-01
8.531853185318531985e-01,7.319678478271002264e-01
5.667566756675668227e-01,3.237289761150735634e-01
7.690769076907691404e-02,5.547407846617423421e-02
3.291329132913291544e-01,-3.749160559497032724e-02
6.212621262126213351e-01,4.166756439090317787e-01
4.439443944394439456e-01,5.810458020810201074e-02
2.045204520452045260e-01,-3.029924487250570432e-03
9.931993199319932852e-01,5.394166920775433222e-02
9.882988298829883389e-01,1.148688830226237412e-01
5.569556955695569300e-01,2.716077332984754289e-01
2.395239523952395200e-01,-2.758343954245189023e-02
8.282828282828282873e-01,9.454696655159467999e-01
9.988998899889989236e-01,9.964398100833306293e-03
9.201920192019201750e-01,5.388462218165336326e-01
5.120512051205120541e-01,1.638686910624160276e-01
2.850285028502850260e-01,-3.804109583746478895e-02
5.495549554955495575e-01,2.657173473559811261e-01
8.759875987598759739e-01,6.505777559007087651e-01
3.660366036603660694e-02,4.752630948682882300e-02
7.853785378537854189e-01,6.520375815860466329e-01
3.092309230923092622e-01,-4.685619602115047994e-02
2.870287028702870474e-02,3.164739768985554147e-02
9.976997699769977190e-01,1.922920419825260158e-02
4.606460646064606812e-01,7.385813477624116052e-02
2.258225822582258235e-01,-1.490967097615219367e-02
5.149514951495149928e-01,1.683008495423496120e-01
1.830183018301830278e-01,1.174471635040855687e-02
8.810881088108810655e-01,6.150833083991766870e-01
6.209620962096209507e-01,5.007186135828468609e-01
6.615661566156615381e-01,5.405395178226000130e-01
7.980798079807981116e-02,5.999924549646097616e-02
5.135513551355135320e-01,2.113708011009426402e-01
3.104310431043104668e-01,-4.271950545907906432e-02
7.168716871687168535e-01,7.221923272145398531e-01
2.086208620862086138e-01,-4.486463822190599020e-03
5.461546154615462001e-01,2.537394469739993053e-01
2.059205920592059313e-01,-4.140454994244279797e-03
6.098609860986098363e-01,3.584755695795786012e-01
6.540654065406540374e-01,5.443513618054142134e-01
2.054205420542054294e-01,-3.380840227266755735e-03
7.550755075507550873e-02,5.491100594654794997e-02
1.023102310231023132e-01,5.525596449838714869e-02
3.566356635663566199e-01,-3.026679782504448912e-02
3.212321232123212522e-01,-5.020276318975160079e-02
7.978797879787978831e-01,6.119875314461882265e-01
2.416241624162416279e-01,-2.350904079626135040e-02
6.645664566456646050e-01,6.197994382805578351e-01
6.394639463946394375e-01,4.962684737062539320e-01
8.065806580658065883e-01,6.128721118105131538e-01
5.289528952895289349e-01,1.975372423685886059e-01
3.736373637363736289e-01,-2.543088875460154316e-02
1.726172617261726161e-01,1.925655120547227483e-02
8.724872487248724884e-01,6.538709777566581449e-01
8.640864086408640843e-02,5.894425701558428377e-02
8.190819081908191635e-01,6.356386185248579235e-01
8.604860486048605539e-01,6.657567515843179073e-01
9.287928792879288631e-01,5.821176190488621671e-01
3.264326432643264164e-01,-4.234660868891598762e-02
1.764176417641764305e-01,1.418707997825527194e-02
7.129712971297129664e-01,6.669346394509624298e-01
1.685168516851685283e-01,2.207128188990953310e-02
8.709870987098710104e-01,7.238989673341442721e-01
9.069906990699070359e-01,6.610319905535597673e-01
1.930193019301930379e-02,2.628252232989480852e-02
3.956395639563956568e-01,-4.424996188584212099e-03
1.061106110611061137e-01,4.986595444931650467e-02
5.954595459545954927e-01,3.870891002633951583e-01
1.601160116011601242e-01,2.360690547610060780e-02
8.388838883888388720e-01,6.890898579504254329e-01
2.384238423842384436e-01,-2.482427796723512409e-02
1.100110011001100181e-02,1.609382959407604577e-02
6.126612661266126469e-01,4.293883167622885577e-01
8.041804180418041792e-01,8.082233283658135647e-01
9.580958095809580799e-01,3.026915122153039928e-01
6.530653065306530891e-01,5.204599865429290206e-01
3.203320332033203210e-01,-4.308131220303247633e-02
8.293829382938293637e-01,8.283267023765128467e-01
4.249424942494249291e-01,3.010144118342132635e-02
1.849184918491849350e-01,9.765830794964631967e-03
5.223522352235223654e-01,1.898488381222138144e-01
3.263326332633263438e-01,-3.970817513071657479e-02
6.585658565856585822e-01,5.461667390923495846e-01
7.531753175317531523e-01,6.732664994140652448e-01
3.973397339733973355e-01,-2.859256584061560524e-03
5.590559055905591074e-02,4.335773306238943636e-02
4.018401840184018803e-01,1.661988064178261540e-03
5.540554055405540884e-02,4.281920970875330301e-02
6.390639063906390360e-01,5.360302085725527910e-01
9.470947094709470937e-01,3.589223038571409674e-01
2.910291029102910279e-02,3.726662087603496015e-02
5.385538553855385713e-01,1.702025674923703102e-01
1.755175517551755271e-01,1.638539086493203539e-02
7.486748674867487185e-01,6.416684024789874874e-01
8.379837983798380519e-01,6.641437236189405846e-01
8.170817081708170448e-02,5.452873690236972187e-02
2.619261926192619216e-01,-3.464634650704401936e-02
1.810181018101810202e-01,9.044713533193431479e-03
7.494749474947495216e-01,7.025879660633878032e-01
5.011501150115011960e-01,1.371597367986640004e-01
4.293429342934293458e-01,3.125677723452090911e-02
9.001900190019002101e-01,6.285265349341322416e-01
4.370437043704370611e-02,4.749118969796483486e-02
5.686568656865687021e-01,2.774104135722391118e-01
8.520852085208521220e-01,6.296803641709562971e-01
5.165516551655165989e-01,1.583490986643359411e-01
8.824882488248825263e-01,7.505718767616933462e-01
4.312431243124312807e-01,3.451573313539692267e-02
6.341634163416342007e-01,4.312863371236178578e-01
4.044404440444044346e-01,4.436845061736983606e-03
2.720272027202720252e-02,3.110566547008425040e-02
8.625862586258625786e-01,7.547772700366639498e-01
7.175717571757176394e-01,5.775557663173040979e-01
8.660866086608660641e-01,7.216515333096139573e-01
3.421342134213421482e-01,-3.701057762893469882e-02
4.372437243724372480e-01,4.826272594496645169e-02
5.857585758575857282e-01,2.789950406712692343e-01
6.578657865786579073e-01,5.635000987770832914e-01
9.053905390539054299e-01,6.288159664182950692e-01
1.411141114111411077e-01,3.656073419766050353e-02
4.448444844484448768e-01,6.431509485618636113e-02
7.872787278727872984e-01,9.059397558794946015e-01
6.327632763276327399e-01,4.800906283138359765e-01
7.485748574857485904e-01,6.188365863942788536e-01
2.685268526852685467e-01,-3.684252117386343367e-02
9.739973997399740124e-01,2.714742133904041732e-01
3.464346434643464367e-01,-3.466065758761369825e-02
5.230523052305230403e-02,5.102795916484526711e-02
8.939893989398940422e-01,6.486495088149539789e-01
6.214621462146214803e-01,4.529197477089738078e-01
4.998499849984998633e-01,1.413253886345422483e-01
1.234123412341234099e-01,4.852307138457306879e-02
8.493849384938494396e-01,7.090707282248552845e-01
3.093309330933093348e-01,-4.978176446686868872e-02
4.078407840784078475e-01,6.520279167968895222e-03
9.168916891689169457e-01,5.693365752558076087e-01
3.686368636863686654e-01,-2.735945910301999101e-02
5.709570957095709831e-01,3.613204212406042615e-01
5.374537453745374949e-01,2.300820803444041385e-01
2.199219921992199289e-01,-1.135960358231278243e-02
6.477647764776477413e-01,4.501427300098927997e-01
7.984798479847985408e-01,7.921817049423124368e-01
7.299729972997299754e-01,7.713672356168498334e-01
8.690869086908691310e-01,6.011560648540480445e-01
4.343434343434343647e-01,3.948813059515518531e-02
3.715371537153715487e-01,-2.187441046610644896e-02
9.589958995899590111e-01,3.249741816832600882e-01
2.709270927092709558e-01,-4.105880720152314811e-02
9.995999599959995985e-01,3.572339095289068633e-03
6.597659765976597868e-01,5.062997471698522656e-01
8.171817181718171730e-01,9.547131664034831378e-01
9.022902290229023459e-01,6.938835470513493586e-01
4.020402040204020672e-02,4.727837909869864186e-02
3.875387538753875538e-01,-8.459317502494873020e-03
1.176117611761176157e-01,5.398915088099553311e-02
6.084608460846084865e-01,5.352621307580575083e-01
8.224822482248225208e-01,8.642176775009366985e-01
3.986398639863986681e-01,-1.440495357055391300e-03
8.772877287728773066e-01,6.661615714076708494e-01
2.803280328032803359e-01,-3.441841123081904041e-02
1.690169016901690302e-01,2.210754395202638514e-02
7.992799279927993439e-01,8.214907893747755985e-01
6.410641064106410436e-01,4.696473271067192479e-01
4.346434643464346381e-01,3.823268793491046980e-02
1.680168016801680125e-02,2.240352470434646762e-02
3.722372237223722236e-01,-1.968654651195239635e-02
8.062806280628063149e-01,8.727939291496431551e-01
1.126112611261126106e-01,5.405441771906899229e-02
3.957395739573957294e-01,-3.962746130949708172e-03
4.797479747974797704e-01,1.154493038635347746e-01
1.449144914491449221e-01,3.728921269130668070e-02
3.781378137813781737e-01,-1.839428412178605379e-02
3.947394739473947256e-01,-5.320021988742856985e-03
4.443444344434443471e-01,5.237264415586787014e-02
4.204420442044204398e-01,2.524819478668878167e-02
3.524352435243524595e-01,-3.842422051986713050e-02
7.418741874187418928e-01,7.168617377839526794e-01
1.530153015301530250e-02,2.101595254190583018e-02
2.018201820182018158e-01,-1.163025294986177452e-03
7.339733973397339906e-01,7.901812329270836432e-01
4.038403840384038324e-01,3.802670694646474638e-03
2.908290829082908480e-01,-3.616717158313603048e-02
6.040604060406040698e-02,5.898854173256921907e-02
4.534453445344534539e-01,6.168473173661314507e-02
8.879887988798880194e-01,7.881899063798648575e-01
7.694769476947694864e-01,7.530174236021438539e-01
3.109310931093109409e-01,-3.897145417347835233e-02
8.072807280728072632e-01,6.706612577348221027e-01
4.569456945694569394e-01,6.687889835676469330e-02
4.756475647564756826e-01,8.037061453573475511e-02
3.351335133513351217e-01,-4.046373040770493562e-02
5.257525752575257227e-01,2.042058788149905824e-01
3.928392839283928462e-01,-6.434344502430832877e-03
9.459945994599460173e-01,5.188518050322552533e-01
7.465746574657465828e-01,6.194082760009621547e-01
1.638163816381638105e-01,2.360678231505835417e-02
2.484248424842484260e-01,-3.078534676181342994e-02
5.890589058905890685e-01,3.676336444748470877e-01
4.175417541754175565e-01,1.974318376239581063e-02
5.597559755975597406e-01,2.960871271490832513e-01
6.694669466946694403e-01,5.624339323987749273e-01
9.900990099009900902e-01,9.919784842718937234e-02
9.810981098109811116e-02,5.505249005370180942e-02
6.836683668366836386e-01,6.425991123494577684e-01
7.880788078807881014e-01,7.425181102693061419e-01
2.091209120912091157e-01,-5.185281211330824286e-03
8.360836083608361169e-02,5.174748622632208139e-02
6.973697369736974183e-01,5.468796961878391594e-01
7.078707870787078749e-01,6.417272101847021348e-01
3.610361036103610505e-02,4.383281793010529448e-02
4.595459545954595493e-01,7.245089040174750028e-02
4.433443344334433434e-01,5.456200416914830376e-02
5.094509450945094997e-01,1.557126442371217778e-01
5.701570157015701801e-01,2.975898391711826463e-01
7.232723272327232777e-01,6.162709156939789601e-01
4.527452745274527790e-01,6.308484597309395314e-02
3.215321532153215256e-01,-3.094977815490677908e-02
6.931693169316931469e-01,5.502158784983026685e-01
6.760676067606761208e-01,5.531416896645177106e-01
5.054505450545054845e-01,1.799100006257213780e-01
6.107610761076107675e-01,3.565651558447038294e-01
2.289228922892289353e-01,-1.593202880584926318e-02
7.233723372337234059e-01,7.190146567776084519e-01
9.083908390839083857e-01,5.153425905256305839e-01
8.800880088008801450e-02,5.334172486600918112e-02
9.630963096309631821e-02,5.838495160536029405e-02
3.449344934493449588e-01,-3.807610103749971969e-02
2.060206020602060317e-01,-3.486422171833903315e-03
6.791679167916792048e-01,5.348954105188712393e-01
5.851585158515851814e-01,2.962785195374279534e-01
5.363536353635364184e-01,2.486860481964844327e-01
9.920992099209921533e-02,3.919275968891373224e-02
9.510951095109511089e-01,3.678917327480327737e-01
4.709470947094709370e-01,9.664234093651896673e-02
5.894589458945894700e-01,3.434507271214608526e-01
5.242524252425242448e-01,1.960305312779023756e-01
2.487248724872487271e-01,-3.099890611218202030e-02
3.067306730673067250e-01,-4.707763362535412333e-02
5.628562856285628246e-01,3.074097225020355206e-01
4.551455145514551881e-01,5.963923176138966054e-02
2.335233523352335250e-01,-2.167489504269291128e-02
1.258125812581258052e-01,4.631275979135682924e-02
9.559955995599560552e-01,2.744013308635043780e-01
7.177717771777177846e-01,6.187115750125085079e-01
5.457545754575457986e-01,2.553565459065052501e-01
5.500550055005500871e-01,2.855765341035984006e-01
9.140914091409141351e-02,6.212643382765809658e-02
2.882288228822882381e-01,-4.115591442238925035e-02
9.652965296529653072e-01,2.873398483127956871e-01
8.988898889888988775e-01,5.717114766323500019e-01
2.700270027002700246e-01,-3.948603960187332951e-02
5.638563856385638839e-01,3.338472193219577111e-01
2.295229522952295376e-01,-1.827165930605787608e-02
9.933993399339934305e-01,6.877167072494133615e-02
5.477547754775478062e-01,2.426810199931184464e-01
4.814481448144814490e-01,1.224548344176044912e-01
4.770477047704770879e-01,9.408389491653529335e-02
7.464746474647464547e-01,7.374590398366240862e-01
6.443644364436443839e-01,4.890855061810610582e-01
6.353635363536354053e-01,5.176965853366575221e-01
8.974897489748975277e-01,6.877034744180063885e-01
4.119411941194119353e-01,1.158710821534347790e-02
2.310231023102310433e-01,-1.587240923498451153e-02
5.893589358935893419e-01,3.537747563475751589e-01
1.078107810781078202e-01,5.328136373837880080e-02
2.177217721772177206e-01,-1.145356988388983310e-02
6.463646364636463915e-01,5.142439846037120121e-01
4.744474447444744780e-01,9.682533343668904557e-02
1.450145014501450225e-01,3.302214202448836705e-02
6.507650765076508081e-01,6.405177839020610442e-01
1.169116911691169131e-01,5.591977606102756931e-02
4.934493449344934390e-01,1.251050935544426868e-01
1.266126612661266082e-01,4.967930463857978679e-02
3.638363836383638472e-01,-2.959141660954329317e-02
8.250825082508250752e-01,6.993860004024854415e-01
1.310131013101310110e-02,1.863756560643835963e-02
7.493749374937493934e-01,7.056995467766711272e-01
1.467146714671467289e-01,3.216588405943345691e-02
4.374437443744374487e-01,4.380385833546273505e-02
6.262626262626262985e-01,4.723723267711198437e-01
9.681968196819682460e-01,2.314462270767443652e-01
6.347634763476347475e-01,4.381784911594238663e-01
8.225822582258226490e-01,7.694709226219625942e-01
4.145414541454145452e-01,1.349270967966256958e-02
7.219721972197219451e-01,7.036969812959157355e-01
5.527552755275527696e-01,2.674463475405942647e-01
6.620662066206620677e-01,5.523423356403647233e-01
6.924692469246924720e-01,5.800217331290542511e-01
7.119711971197120182e-01,4.276956926352086796e-01
7.773777377737773886e-01,7.581357752547907003e-01
9.067906790679067797e-01,5.723689994914370471e-01
3.030303030303030387e-02,4.425246598935882181e-02
9.344934493449345014e-01,4.890753697662228450e-01
2.505250525052505339e-01,-3.204640995180976781e-02
9.163916391639164161e-01,5.698381380058529233e-01
8.443844384438443651e-01,7.522561254758959315e-01
8.021802180218021716e-01,8.588443416236324346e-01
1.692169216921692310e-01,2.146982622612099781e-02
6.830683068306830918e-01,6.434406396707625930e-01
8.612861286128613569e-01,7.380929412422654323e-01
2.526252625262526141e-01,-2.945921001367350633e-02
4.510451045104510448e-02,4.334065871374048751e-02
2.962296229622962129e-01,-4.039778930609993352e-02
1.499149914991499133e-01,2.956424475299114507e-02
5.210521052105211021e-02,5.303092945591167395e-02
9.989998999899990517e-01,9.194953937009055916e-03
8.812881288128813217e-01,8.001794444815368834e-01
5.846584658465846518e-01,3.075795537608656538e-01
1.527152715271527239e-01,3.013947933222271489e-02
8.729872987298730180e-01,7.775056173177470331e-01
3.132313231323132219e-01,-4.029129666491339246e-02
8.816881688168817233e-01,6.016327229093777484e-01
2.364236423642364360e-01,-2.154008961399069694e-02
2.851285128512851541e-01,-4.256976927537370337e-02
4.359435943594359708e-01,4.413526581962660261e-02
2.974297429742974175e-01,-4.212556047737052445e-02
4.618461846184618858e-01,7.813172756776232131e-02
9.583958395839584643e-01,3.086239353548793085e-01
4.687468746874687842e-01,8.444952716739839715e-02
4.960496049604960767e-02,5.003805573157480563e-02
6.710671067106710463e-01,5.581279945105231954e-01
5.611561156115612015e-01,2.800269177598911918e-01
5.745574557455745968e-01,3.275919936304789171e-01
9.000900090009001167e-03,1.433766138668788465e-02
5.219521952195219638e-01,2.112557935919976149e-01
2.205220522052205312e-01,-1.254893161605757576e-02
5.819581958195819693e-01,3.428000569883803417e-01
1.682168216821682272e-01,2.076200067777341646e-02
5.273527352735273288e-01,2.156244097092079870e-01
7.052705270527053205e-01,6.444649099874590892e-01
1.432143214321432156e-01,2.692341510040250838e-02
5.968596859685968425e-01,3.827996932683288556e-01
7.637763776377638480e-01,7.122289826929180112e-01
2.686268626862686193e-01,-3.583514231027265518e-02
2.533253325332533445e-01,-2.966251681377825994e-02
6.371637163716371566e-01,5.201046623441502037e-01
6.932693269326932750e-01,4.695206366450294655e-01
5.641564156415641573e-01,2.713541727967262451e-01
7.430743074307430418e-02,6.322732078288530178e-02
2.985298529852985494e-01,-3.741767444223450395e-02
3.631363136313631723e-01,-3.100546504619783317e-02
7.524752475247524774e-01,7.045789150197947492e-01
9.777977797779778824e-01,2.022099742163510905e-01
9.494949494949495028e-01,4.408329503638110936e-01
6.415641564156415733e-01,4.524925513775473473e-01
6.553655365536553701e-01,5.895320362206256659e-01
9.685968596859686475e-01,2.759453431982246130e-01
2.956295629562956662e-01,-3.667324538654520572e-02
6.175617561756175933e-01,3.378018694842345182e-01
2.776277627762776534e-01,-4.105459082366853807e-02
9.586958695869587377e-01,2.890435571711418850e-01
3.195319531953195180e-01,-3.815680540641328694e-02
3.515351535153515283e-01,-2.815764931503584798e-02
6.453645364536453322e-01,4.842941983378450943e-01
4.180418041804180584e-02,5.095355286263891781e-02
2.023202320232023177e-01,-1.697425334827016392e-03
1.502150215021502144e-01,2.758375890243898107e-02
1.950195019501950178e-01,3.124944365181055693e-03
6.960696069606961411e-02,6.488850391828049347e-02
4.602460246024602797e-01,8.435622402070064307e-02
3.703370337033703441e-01,-2.483683444768045381e-02
8.560856085608560540e-02,6.594879119837475379e-02
8.240824082408241269e-01,8.147368150276654841e-01
5.610561056105610456e-02,5.192650563001388608e-02
1.160116011601160096e-01,5.376587287221377270e-02
7.442744274427443019e-01,7.231814038292003755e-01
3.528352835283528610e-01,-3.343348731617556274e-02
3.010301030103010311e-02,3.644982221272993761e-02
6.534653465346534906e-01,5.687624465260877615e-01
5.344534453445344280e-01,1.898377324434140367e-01
7.615761576157615842e-01,6.845980728399309045e-01
3.743374337433743593e-01,-2.071348652072181259e-02
6.630663066306631270e-01,5.464852244939435444e-01
3.340334033403340175e-02,4.131486440127857263e-02
1.774177417741774343e-01,1.427379289088008193e-02
8.681868186818681998e-01,6.746863614103691953e-01
9.749974997499750717e-01,2.579313191759560198e-01
5.637563756375637558e-01,2.629367263498600393e-01
5.046504650465046815e-01,1.801643050515278621e-01
8.530853085308530703e-01,7.142364684724987756e-01
7.000700070007000522e-04,1.158927045057243877e-03
7.887788778877887763e-01,8.057817289594035870e-01
4.653465346534653713e-01,8.613295081776964346e-02
1.923192319231923353e-01,4.869611578999037335e-03
6.412641264126412999e-01,4.460534185984317279e-01
1.339133913391339081e-01,3.982371383002122900e-02
6.263626362636264266e-01,3.476331311828825266e-01
7.796779677967796696e-01,8.441567672518358600e-01
7.519751975197519478e-01,8.081810718598742005e-01
5.197519751975198110e-01,2.093230173940651972e-01
6.817681768176817592e-01,4.475475682371781172e-01
4.075407540754075741e-01,7.616018105282687523e-03
2.928292829282928555e-01,-3.962263309108354781e-02
7.064706470647065251e-01,6.314172879337640598e-01
9.868986898689868781e-01,9.878705485486512228e-02
3.958395839583958575e-01,-4.112388581164271029e-03
6.470647064706470664e-01,4.471621654675916324e-01
8.447844784478447666e-01,6.374338247924227208e-01
8.857885788578858666e-01,5.796113528511330770e-01
3.361336133613361254e-01,-4.038641611390235420e-02
6.233623362336233598e-01,4.096525947779171561e-01
4.617461746174617576e-01,9.430866264490334050e-02
4.541454145414541843e-01,7.206298203313779571e-02
7.312731273127313081e-01,6.804400767395785143e-01
2.550255025502550232e-01,-3.305497094121327695e-02
4.303430343034303496e-01,3.239195576921399117e-02
7.840784078407840585e-02,5.417776790473894516e-02
1.226122612261226208e-01,5.592692408145227834e-02
7.866786678667867516e-01,8.953675034051902237e-01
6.141614161416142359e-01,4.109109804867759896e-01
6.967696769676967605e-01,7.051715381720570219e-01
7.654765476547654712e-01,7.543504057601092549e-01
9.268926892689268726e-01,5.338431195023738418e-01
4.353435343534353685e-01,4.472385632731130933e-02
4.155415541554155490e-01,1.719663500462323066e-02
8.540854085408540464e-02,4.878587763011645040e-02
9.692969296929693224e-01,2.927962557629435469e-01
3.183318331833183690e-01,-4.509909324787169521e-02
5.680568056805680444e-01,3.000105467018289729e-01
9.285928592859286068e-01,6.041394835015398979e-01
4.650465046504650285e-02,4.274408520877005097e-02
5.337533753375337531e-01,2.404020779729502677e-01
7.783778377837784479e-01,7.265639532327315964e-01
4.275427542754275390e-01,3.390517015867854089e-02
7.681768176817681537e-01,7.260883284226349321e-01
4.305430543054305503e-01,3.949902064911850474e-02
1.595159515951595219e-01,2.730860191979773977e-02
5.157515751575157958e-01,1.826557456060000639e-01
6.636663666366636738e-01,5.719216230586533500e-01
8.187818781878187790e-01,9.081990397600009368e-01
7.762776277627763122e-01,7.216563578608664598e-01
1.564156415641564102e-01,3.346952689440790829e-02
9.760976097609761482e-01,1.964403024815751519e-01
7.010701070107010491e-01,5.597710444574391930e-01
4.424442444244424677e-01,5.225420419804058247e-02
2.317231723172317182e-01,-2.083765432892455485e-02
9.678967896789679726e-01,3.012821423296855317e-01
9.021902190219022177e-01,6.016323953689257653e-01
1.609160916091609272e-01,2.709689428018751539e-02
3.707370737073707456e-01,-1.976253615962910229e-02
4.870487048704870425e-02,4.019721751188747028e-02
8.155815581558155669e-01,6.853623252762519602e-01
8.574857485748574870e-01,7.092298730283063124e-01
1.634163416341634090e-01,2.440735785951043263e-02
5.318531853185318736e-01,2.139979672790772725e-01
9.127912791279128024e-01,5.505574329143392287e-01
2.276227622762276304e-01,-1.667787062222382544e-02
6.667666766676667578e-01,6.221090969870572973e-01
2.300230023002300395e-01,-1.774583519037803425e-02
2.561256125612561552e-01,-3.618492507834711325e-02
5.566556655665566566e-01,2.152039858401258721e-01
7.450745074507450494e-02,5.814111471114002949e-02
6.701670167016702262e-01,6.157145424132144385e-01
1.554155415541554341e-01,2.786050605687772144e-02
8.196819681968197102e-01,6.408066092813503589e-01
8.149814981498150201e-01,8.711198022847121969e-01
7.258725872587259431e-01,6.717521996498460046e-01
5.047504750475048096e-01,1.925263127919333295e-01
1.118111811181118215e-01,4.402726073926068601e-02
9.208920892089209609e-01,4.701223723477843675e-01
8.641864186418641847e-01,6.676760433734795219e-01
8.635863586358636379e-01,8.304835931395780912e-01
7.958795879587958755e-01,7.830710239307252518e-01
2.067206720672067344e-01,-4.105273537125907549e-03
8.170817081708171559e-01,8.033684127051734514e-01
6.930693069306931298e-02,6.177388038683709337e-02
6.225622562256225567e-01,4.017489990987166415e-01
9.218921892189219092e-01,5.298530455797966221e-01
6.839683968396840230e-01,5.514497632424433249e-01
9.690969096909690661e-02,5.911968555508276268e-02
6.059605960596059493e-01,3.885406797776438381e-01
8.982898289828983307e-01,6.667317787993947142e-01
9.041904190419042253e-01,6.565208406599494229e-01
4.411441144114411350e-01,4.834907582131126036e-02
4.935493549354935672e-01,1.316356021579456748e-01
9.298929892989299395e-01,5.063915254847410896e-01
5.321532153215321470e-01,2.244215555758085623e-01
3.863386338633863493e-01,-1.013817482640956731e-02
6.880688068806881108e-02,6.075282732583276585e-02
7.979797979797980112e-01,7.931988752513829954e-01
4.052405240524052377e-01,4.849269057525064375e-03
2.477247724772477233e-01,-2.334039768185922764e-02
5.325532553255325485e-01,2.461370325224690736e-01
5.084508450845084404e-01,1.773876596165344377e-01
3.910391039103910255e-02,4.344869137154026839e-02
1.162116211621162104e-01,5.140103622237762737e-02
1.010101010101010083e-01,6.301227991678635953e-02
2.354235423542354322e-01,-1.725823930812331666e-02
1.830183018301830347e-02,2.756090214591402562e-02
1.778177817781778358e-01,1.429026746961433586e-02
7.096709670967097372e-01,6.248608383175653369e-01
8.543854385438544030e-01,8.461200119670684305e-01
9.113911391139114526e-01,5.604290688448232416e-01
4.153415341534153482e-01,1.734663852448647611e-02
4.847484748474847893e-01,1.120108645778047640e-01
8.716871687168716853e-01,5.955363178878945174e-01
2.691269126912691489e-01,-3.286056246951597759e-02
7.768776877687768589e-01,7.526056123213696880e-01
1.282128212821282143e-01,4.444981291929320927e-02
7.503750375037504527e-01,8.004708225330301463e-01
1.839183918391839312e-01,9.308368593704688734e-03
5.818581858185818412e-01,3.221118102244823755e-01
1.004100410041004199e-01,5.465432818656214969e-02
6.558655865586558997e-01,5.096679436420659126e-01
9.712971297129713300e-01,2.643373818665631925e-01
3.573357335733573503e-01,-3.224826730863698115e-02
4.539453945394539836e-01,6.696001428577200154e-02
7.784778477847784650e-01,7.285759942564641323e-01
3.972397239723972628e-01,-2.647777846098227535e-03
1.884188418841884205e-01,8.823024454505477149e-03
4.129412941294129391e-01,1.546140363576312994e-02
2.884288428842884389e-01,-4.285897972925654248e-02
8.464846484648465008e-01,7.145018606522139937e-01
6.862686268626863040e-01,5.718640902470082388e-01
2.819281928192819420e-01,-4.117400335333740863e-02
8.900890089008900788e-03,1.337759977253301022e-02
9.470947094709471215e-02,5.987009452486358185e-02
5.111511151115111229e-01,1.848137612750617997e-01
1.488148814881488091e-01,3.321578154654011850e-02
2.344234423442344284e-01,-2.304817709202006820e-02
6.552655265526552419e-01,4.658290302097850000e-01
1.749174917491749248e-01,1.847698186388161551e-02
2.880288028802880512e-02,3.627917082652394598e-02
1.345134513451345104e-01,3.931189326572380460e-02
5.436543654365436629e-01,2.717422381975647672e-01
7.435743574357436270e-01,6.385816543567621739e-01
2.380238023802380420e-01,-2.294318561055268269e-02
4.660466046604660462e-01,1.005673971944717610e-01
3.999399939993999453e-01,-6.034758743141143984e-05
9.070907090709071641e-01,6.480433451401386158e-01
8.783878387838783830e-01,5.827085624831919164e-01
2.183218321832183229e-01,-1.089018762228337496e-02
9.349934993499350311e-01,4.658244228373790152e-01
2.125212521252125286e-01,-7.877770241282977190e-03
5.987598759875988330e-01,2.997695371884293025e-01
2.010201020102010405e-01,-6.919001609298897071e-04
9.721972197219722611e-01,2.440452472667115069e-01
6.542654265426542937e-01,5.587835026841887487e-01
9.424942494249425318e-01,4.669113092692486755e-01
8.554855485548554794e-01,7.272055649136148769e-01
6.339633963396339444e-01,4.894959621679659811e-01
1.301130113011301215e-01,3.769933140263910520e-02
4.280428042804280686e-01,3.235660673228430567e-02
6.420642064206421029e-01,4.702627578768824868e-01
5.187518751875187517e-01,2.098157751651642811e-01
6.548654865486548404e-01,4.505281330437275189e-01
8.462846284628463556e-01,7.648924672277137571e-01
2.021202120212021169e-01,-1.187681490639157017e-03
4.530453045304530524e-01,7.101325016680273827e-02
5.815581558155815678e-01,3.379869235707649300e-01
1.150115011501150197e-01,4.516553699080601975e-02
6.207620762076208054e-01,4.424287582876254565e-01
6.407640764076407702e-01,4.841464319130285299e-01
4.852485248524852635e-01,1.090502312315095451e-01
4.980498049804980565e-01,1.183362393292565207e-01
9.453945394539454705e-01,4.139448178943832546e-01
4.640464046404640941e-02,4.785274874992166694e-02
9.157915791579158693e-01,4.794903747003230743e-01
2.264226422642264258e-01,-1.529884919056059139e-02
5.441544154415441925e-01,2.635559518726111050e-01
7.181718171817181862e-01,6.938039498775281366e-01
4.705470547054705355e-01,9.450476001180331542e-02
5.368536853685368371e-01,2.519303786061000694e-01
8.568856885688569403e-01,7.603578205086205521e-01
7.638763876387638652e-01,7.719410065328570214e-01
3.404340434043404695e-01,-4.044632895035399356e-02
4.110411041104110597e-01,1.064093164905595759e-02
8.416841684168416826e-01,8.366817430711680492e-01
3.057305730573057212e-01,-4.242247509731010557e-02
4.035403540354035590e-01,3.056437658858458632e-03
7.445744574457445752e-01,7.564816918313110872e-01
8.990899089908990782e-02,5.119625854436531120e-02
9.245924592459245916e-01,4.185785153214902632e-01
2.507250725072507347e-01,-2.898485125453386171e-02
3.687368736873687380e-01,-2.232623115001721240e-02
1.760176017601760082e-02,2.294942144053829097e-02
7.453745374537453783e-01,6.952569837690929511e-01
6.543654365436544218e-01,6.003213392232124024e-01
8.273827382738273561e-01,8.340468697077176863e-01
4.950495049504950729e-02,3.743448421707183671e-02
2.201220122012201297e-01,-1.065409137956975158e-02
2.347234723472347295e-01,-2.293350288089366154e-02
9.858985898589859298e-01,1.202905519754546987e-01
7.858785878587859486e-01,7.978542596580577850e-01
4.136413641364136695e-01,1.383206665918989588e-02
7.827782778277827536e-01,7.941842632449592765e-01
7.832783278327832832e-01,7.102411831546319165e-01
8.176817681768177026e-01,7.666851023236963547e-01
4.714471447144714666e-01,1.066336103714021211e-01
8.586858685868586916e-01,6.793884917881307661e-01
4.065406540654065703e-01,7.045724486704823750e-03
3.222322232223222560e-01,-4.053106557110914415e-02
4.759475947594759560e-01,1.116461324066696931e-01
6.125612561256126298e-01,4.056237501977094650e-01
7.569756975697570223e-01,7.084061954548819262e-01
9.241924192419241901e-01,4.593266971908706031e-01
7.526752675267527337e-01,7.505075441492332633e-01
8.941894189418941874e-01,6.272223100759939385e-01
6.739673967396739851e-01,5.432928588177964313e-01
4.273427342734273382e-01,3.371129022529715386e-02
5.989598959895989783e-01,3.673452333614273257e-01
9.451945194519452143e-01,3.534336682918721717e-01
5.622562256225622779e-01,3.170972312801347837e-01
5.288528852885289178e-01,2.092620969798846819e-01
5.635563556355636106e-01,3.150098709863438096e-01
3.398339833983398672e-01,-3.888581689905928201e-02
5.198519851985198281e-01,2.118020269581730730e-01
6.198619861986198742e-01,4.613168661791366421e-01
2.435243524352435351e-01,-2.384140059992902877e-02
9.488948894889489560e-01,4.135449933509626752e-01
7.382738273827382791e-01,7.835892557044528139e-01
9.783978397839784291e-01,2.086826638398283917e-01
3.117311731173117439e-01,-3.290550304959774519e-02
3.202320232023202484e-01,-4.418215895702171797e-02
1.227122712271227212e-01,5.384803546619450210e-02
4.508450845084508440e-01,6.473392628516669300e-02
3.761376137613761661e-01,-2.033858988249798855e-02
2.327232723272327219e-01,-1.805971799901181368e-02
3.287328732873287529e-01,-3.921130125077802731e-02
8.891889188918892239e-01,7.088436548017829075e-01
4.780478047804780362e-01,1.167663339369670872e-01
2.586258625862586369e-01,-3.375169721324215028e-02
7.630763076307630621e-01,6.952191064501076490e-01
6.380638063806380600e-02,5.009241301769222499e-02
3.108310831083108683e-01,-3.832230819174574366e-02
8.016801680168017530e-01,6.673979443044211202e-01
3.254325432543254681e-01,-3.338941246654071604e-02
9.698969896989699802e-01,2.125051701180991348e-01
4.290429042904290308e-02,5.262827981050992310e-02
1.416141614161416096e-01,4.045026313219558800e-02
3.417341734173417467e-01,-3.803735732730110369e-02
8.570857085708570577e-02,5.340603534070019476e-02
1.027102710271027147e-01,5.106475419098047142e-02
7.340734073407341465e-02,5.016345089673168722e-02
3.107310731073107402e-01,-3.880538122299134751e-02
6.072607260726072820e-01,4.220252341377258576e-01
5.115511551155115244e-01,1.648495578702660058e-01
4.184418441844184322e-01,2.013732160072759583e-02
1.088108810881088101e-01,5.233515068609558007e-02
3.970397039703970621e-01,-2.993806637695348681e-03
4.952495249524952459e-01,1.376845858531890454e-01
5.117511751175117807e-01,1.440755288411818824e-01
7.877787778777878280e-01,7.499605192056257863e-01
3.688368836883688662e-01,-2.689876012335231173e-02
3.974397439743974636e-01,-2.145616702676560530e-03
4.720472047204720550e-02,5.442755217888260028e-02
4.660466046604660323e-02,4.743757298801776906e-02
1.947194719471947166e-01,3.184066451818208000e-03
3.000300030003000534e-03,5.191813767645721278e-03
7.642764276427642667e-01,7.410814302374434392e-01
7.564756475647564926e-01,7.986671618460323696e-01
4.579457945794579432e-01,6.541955417147475582e-02
5.925592559255925540e-01,4.076224211723247226e-01
8.083808380838084506e-01,7.307628408166423339e-01
3.441344134413441558e-01,-3.583815823486402596e-02
4.301430143014301488e-01,3.012271593665573344e-02
6.005600560056005843e-01,3.448216491658282479e-01
2.359235923592359341e-01,-2.314833397474268945e-02
3.653365336533653251e-01,-2.808410600609349134e-02
4.692469246924692583e-01,1.002211669297879554e-01
2.810281028102810108e-01,-3.788730158102163181e-02
7.620762076207621138e-01,6.702637489031337825e-01
4.483448344834483623e-01,4.938922714115335372e-02
8.850885088508850806e-01,6.738326826070002440e-01
6.579657965796580354e-01,5.222956506766495144e-01
3.909390939093909667e-01,-8.975458601720963381e-03
3.879387938793879553e-01,-1.189722930214815767e-02
9.579957995799580628e-01,3.096525966278100839e-01
2.909290929092909206e-01,-3.933772993818759195e-02
2.990299029902990235e-01,-3.783540408298245727e-02
5.624562456245624231e-01,2.606886325882567523e-01
4.631463146314631629e-01,7.177824922006888209e-02
3.557355735573557443e-01,-3.421444439297222084e-02
1.574157415741574140e-01,2.685874239004193073e-02
4.290429042904290724e-01,3.427383062868034208e-02
2.995299529952995532e-01,-4.300713332898681296e-02
1.724172417241724153e-01,1.628109403984656645e-02
7.842784278427843425e-01,7.832744469874690640e-01
5.342534253425342827e-01,2.198417980343083666e-01
5.050505050505050830e-01,1.657611988376564982e-01
9.500950095009501328e-03,1.439739540721192770e-02
2.460246024602460446e-01,-3.089287225847223844e-02
6.559655965596560279e-01,5.394758380585131796e-01
4.109410941094109315e-01,1.203520140833587264e-02
1.881188118811881194e-01,7.848158207778168846e-03
5.200520052005200983e-02,4.864615378687148217e-02
2.780278027802780549e-01,-4.138083323192513763e-02
3.373337333733373300e-01,-3.845052710198736817e-02
9.667966796679667851e-01,2.961173122743028796e-01
6.373637363736374128e-01,4.461118630038521382e-01
7.530753075307531352e-01,7.846717757964760676e-01
4.598459845984598782e-01,7.532338902960707128e-02
1.769176917691769324e-01,1.347639851226977575e-02
2.620262026202620498e-01,-2.870715009144295810e-02
6.659665966596659548e-01,6.689827462670610014e-01
5.291529152915291911e-01,2.061716646155256627e-01
2.449244924492449405e-01,-2.868718864010368075e-02
8.748874887488748975e-01,6.934958683629787179e-01
2.740274027402740328e-02,3.757176199713999076e-02
2.419241924192419291e-01,-2.530760606244429264e-02
8.552855285528553342e-01,7.925897710647233918e-01
5.358535853585358888e-01,2.214788620920542517e-01
7.146714671467147006e-01,6.502988569120433660e-01
4.332433243324332328e-01,3.621033266074941831e-02
6.168616861686169184e-01,4.506144119519540081e-01
5.618561856185618764e-01,2.663022189801791395e-01
4.807480748074807742e-01,9.774528703026463816e-02
2.494249424942494298e-01,-3.244566061839868759e-02
1.865186518651865133e-01,9.266605631281326499e-03
8.299829982998300215e-01,8.900870816020284293e-01
3.122312231223122181e-01,-3.524245436166643930e-02
8.775877587758775800e-01,6.732899344125474750e-01
5.946594659465946897e-01,2.831568074645863797e-01
6.405640564056406250e-01,5.059100874438280382e-01
8.734873487348735477e-01,6.321956605394638551e-01
4.507450745074507714e-01,6.732332094582048343e-02
7.710771077107710925e-01,9.776158900426467069e-01
4.610461046104610827e-02,5.272050524356343415e-02
7.634763476347634636e-01,7.455189769028305324e-01
6.617661766176617943e-01,5.210243058318281273e-01
1.670167016701670226e-01,1.965626081350545576e-02
7.039703970397039878e-01,6.666590159143299665e-01
2.617261726172617209e-01,-2.757812429143775834e-02
5.608560856085609281e-01,2.529298987334080984e-01
1.895189518951895247e-01,6.981133574822722017e-03
9.527952795279528431e-01,4.400970907594419779e-01
5.805580558055806195e-01,3.566775121168411222e-01
2.724272427242724337e-01,-3.723509634139977181e-02
3.812381238123812577e-01,-1.803003142651647683e-02
7.942794279427942694e-01,7.261356428018982401e-01
4.580458045804580713e-02,5.164508004061409835e-02
3.689368936893689388e-01,-2.641272430812971472e-02
4.942494249424942421e-01,1.394571028456552120e-01
4.556455645564556622e-01,6.633441590265748422e-02
5.980598059805980471e-01,3.602371793734090444e-01
9.532953295329533727e-01,3.280388619462268340e-01
2.510251025102510497e-02,3.049038222943040860e-02
2.202220222022202301e-01,-1.286599394437216819e-02
1.510151015101510175e-02,1.838517749345512653e-02
5.079507950795080218e-01,1.841578437218981956e-01
8.788878887888789126e-01,6.774223270482073733e-01
9.380938093809380873e-02,5.234454318509378090e-02
2.670267026702670410e-02,3.538047186889292650e-02
5.519551955195519666e-01,2.598031845819393504e-01
7.104710471047105402e-01,5.950907766593074300e-01
8.136813681368136875e-01,8.896407050040476827e-01
4.371437143714371754e-01,3.419059075751498117e-02
7.150715071507150744e-02,6.243452779603585884e-02
5.810581058105810381e-01,3.163535146469337311e-01
6.944694469446944796e-01,6.555396064395436762e-01
7.890789078907890775e-02,6.073447486931188993e-02
1.540154015401540288e-02,2.427560389070262600e-02
6.281628162816281780e-01,4.357614544343103580e-01
5.932593259325932289e-01,3.956806240000489971e-01
4.820482048204820513e-01,1.001698330411612131e-01
8.023802380238024279e-01,6.379228433514999574e-01
2.837283728372837488e-01,-4.075980784147358732e-02
2.122212221222122275e-01,-8.178180338597820093e-03
1.254125412541254037e-01,4.638671637064797210e-02
1.530153015301530250e-01,2.999978105764767450e-02
4.616461646164616850e-01,8.975754327081530981e-02
1.136113611361136144e-01,3.899576868932036477e-02
4.329432943294329594e-01,3.564918137249551561e-02
9.187918791879188252e-01,5.379138070945438388e-01
4.367436743674367738e-01,4.428295610416636829e-02
8.580858085808580615e-02,7.087311457607833876e-02
2.757275727572757185e-01,-4.079836857345438272e-02
8.090809080908091533e-02,5.352972159187627255e-02
3.950395039503950406e-02,3.912838177604709144e-02
3.312331233123312346e-01,-3.494965678724751973e-02
2.570257025702570308e-01,-3.589330818483639496e-02
5.626562656265626794e-01,2.849361919346952154e-01
1.561156115611561090e-01,2.952004806257371369e-02
6.500650065006501332e-01,4.889889284962523064e-01
4.799479947994799711e-01,1.093608516972496281e-01
2.005200520052005386e-01,-3.209711594383083950e-04
3.694369436943694684e-01,-2.396519326867412730e-02
2.761276127612761200e-01,-3.847723506322472259e-02
5.602560256025602703e-01,2.889430080056229477e-01
3.827382738273827356e-01,-1.377668929639625124e-02
2.994299429942994251e-01,-3.772144920056998141e-02
1.880188018801880190e-01,8.090179426066587687e-03
2.135213521352135324e-01,-7.811423966924267714e-03
3.570357035703570353e-02,3.773159376369823043e-02
6.776677667766777269e-01,5.294087051493993057e-01
2.513251325132513370e-01,-2.901036681431268596e-02
3.708370837083708738e-01,-1.960821299270254156e-02
7.297729772977298301e-01,6.805649176741510598e-01
2.940294029402940601e-01,-4.786005162905020149e-02
8.955895589558956482e-01,6.354930766480628712e-01
1.037103710371037185e-01,5.293349646472254866e-02
4.485448544854485631e-01,5.004438113783002406e-02
9.534953495349535180e-01,3.066460529921202216e-01
7.938793879387938679e-01,6.805017896532219446e-01
3.744374437443744319e-01,-2.025089869243727053e-02
8.096809680968096723e-01,8.978657601583990289e-01
2.786278627862786572e-01,-3.748140709578619278e-02
5.420542054205420429e-02,6.043512283731755641e-02
7.949794979497950553e-01,7.863947239032000880e-01
1.430143014301430218e-02,2.044624465088028947e-02
3.838383838383838675e-01,-1.578835709593895756e-02
5.424542454245424583e-01,2.652890724757424046e-01
6.970697069706971449e-02,5.297734897776019969e-02
2.220222022202220438e-02,2.907896783906829125e-02
3.805380538053805273e-01,-1.590033140097595055e-02
7.116711671167117448e-01,5.274132896047624142e-01
6.625662566256625974e-01,5.373560116998298275e-01
4.097409740974097270e-01,9.576853384514930068e-03
6.700670067006700981e-01,5.357060452727564481e-01
8.242824282428242721e-01,7.775234492029721167e-01
4.718471847184718682e-01,9.449073421104989268e-02
2.320232023202320193e-01,-1.991665102618014882e-02
9.850985098509851268e-01,1.294948868011820409e-01
3.406340634063406703e-01,-4.052883556333104070e-02
7.974797479747974815e-01,8.004541517797330030e-01
5.222522252225222372e-01,2.027424526975397101e-01
6.289628962896289810e-01,4.743141825434296632e-01
1.820182018201820240e-01,1.165718368195199292e-02
1.707170717071707089e-01,2.511081699979482440e-02
4.633463346334633637e-01,9.975151148790695199e-02
6.618661866186619225e-01,5.686221959075503651e-01
6.291629162916292373e-01,4.844931639641847365e-01
9.855985598559856564e-01,1.205153317910484662e-01
2.132213221322132313e-01,-9.882803387413277574e-03
8.404840484048404781e-01,6.794704130955182553e-01
5.998599859985999094e-01,3.565083635469263879e-01
7.034703470347034582e-01,5.936614944727136578e-01
6.100610061006100926e-01,4.067668847025221468e-01
9.487948794879488279e-01,4.311443145803250387e-01
6.628662866286628708e-01,5.368587041675125793e-01
3.979397939793979377e-01,-2.114181222528196957e-03
9.090909090909091717e-01,5.944734270029098377e-01
7.542754275427543398e-01,7.322684156480292472e-01
7.989798979897989595e-01,7.961087837572587977e-01
4.114411441144114612e-01,1.105740144484315159e-02
1.854185418541854369e-01,1.031296592742718919e-02
4.880488048804880741e-01,1.528399261762832251e-01
9.263926392639264540e-01,4.323685963101648322e-01
8.868886888688869430e-01,6.507409248822397796e-01
5.688568856885688474e-01,3.274725595302982462e-01
6.379637963796379596e-01,4.477341357267450861e-01
3.587358735873587556e-01,-2.866420925364299155e-02
1.867186718671867141e-01,8.690425449586963030e-03
1.190119011901190210e-01,4.915355727625785043e-02
8.376837683768376674e-01,8.458031450168410625e-01
8.147814781478147639e-01,7.904754056335068224e-01
3.982398239823982666e-01,-1.911168830779860685e-03
4.176417641764176292e-01,1.980925291307488595e-02
3.218321832183218545e-01,-4.432015628015897185e-02
5.840584058405840634e-02,5.839500912936319843e-02
1.163116311631163108e-01,4.777657593876219466e-02
4.888488848884888771e-01,1.341336087410668065e-01
2.584258425842584361e-01,-2.857567006392989356e-02
2.904290429042904464e-01,-3.682217349403497236e-02
1.744174417441744229e-01,1.718595416174660898e-02
6.469646964696469382e-01,6.502745917319472380e-01
2.238223822382238160e-01,-1.480138456924704436e-02
5.189518951895190080e-01,1.502106821456544727e-01
2.577257725772577612e-01,-3.448997021768298449e-02
2.651265126512651338e-01,-3.232171818438675515e-02
6.697669766976698247e-01,4.977276873846106509e-01
5.106510651065107043e-01,1.629253519819237606e-01
2.084208420842084408e-01,-5.075589486307761564e-03
2.852285228522852267e-01,-4.382638255034743829e-02
5.530553055305530430e-01,2.544318247274184874e-01
5.842584258425842503e-01,3.062899380212355527e-01
1.766176617661766313e-01,1.469608289545476856e-02
4.548454845484548592e-01,7.081791625809909230e-02
3.804380438043804546e-01,-1.497057572578388077e-02
6.480648064806480979e-02,5.133594440395648772e-02
8.097809780978098004e-01,6.921676798652538487e-01
1.324132413241324302e-01,3.699431511848687987e-02
8.919891989198920346e-01,7.542740058557302341e-01
9.111911191119111963e-01,6.156214793853125311e-01
4.378437843784378503e-01,5.216664757197130020e-02
8.182818281828183604e-01,8.961670901360451191e-01
1.000100010001000106e-03,1.676714051112706888e-03
8.124812481248124829e-01,8.062375124294213213e-01
8.118811881188119361e-01,6.967109152012738171e-01
7.370737073707370746e-01,7.043077273709397179e-01
6.517651765176517564e-01,5.621010261110044315e-01
6.777677767776777440e-01,5.003977067450722238e-01
2.987298729872987502e-01,-4.852150197641884322e-02
6.078607860786078287e-01,4.053666138441701650e-01
4.089408940894089795e-01,8.719293733350483994e-03
9.433943394339434629e-01,4.089153218738157403e-01
5.303530353035303957e-01,2.140725927279668039e-01
3.443344334433443565e-01,-3.269128209821756115e-02
3.309330933093309612e-01,-3.806600551719421105e-02
7.523752375237523493e-01,7.615388996507141961e-01
6.570657065706571043e-01,4.961990478264944882e-01
1.419141914191419107e-01,3.437233873811495338e-02
4.152415241524152756e-01,1.422944130642539440e-02
3.864386438643864774e-01,-1.390583253184623710e-02
9.200920092009201579e-01,5.626699059986058904e-01
6.980698069806980932e-01,7.301109860219051617e-01
1.954195419541954193e-01,2.904854872223618534e-03
6.624662466246624692e-01,6.684947653405391987e-01
8.886888688868886943e-01,6.296720862463391910e-01
5.059505950595060142e-01,1.409019652943039325e-01
5.572557255725573144e-01,3.318891421631273708e-01
3.358335833583358521e-01,-4.021228904723737896e-02
5.679567956795680272e-01,3.609883407454292370e-01
4.147414741474147459e-01,1.738653973056737342e-02
3.018301830183018342e-01,-4.230318671331622510e-02
6.533653365336533625e-01,6.044534358684575670e-01
9.984998499849985221e-01,1.373456263050038331e-02
8.105810581058106035e-01,6.687285695742340996e-01
4.567456745674567387e-01,6.659150047047615595e-02
8.996899689968996805e-01,6.551515704241732685e-01
9.899989998999900731e-01,1.019579857453849908e-01
2.614261426142614475e-01,-3.764631939978344000e-02
9.420942094209421025e-02,5.255861634208562616e-02
7.015701570157015787e-01,6.681991166882860211e-01
5.102510251025103027e-01,1.749306423975797165e-01
2.114211421142114244e-01,-6.731497286499497218e-03
5.548554855485549053e-01,3.047764238248887869e-01
5.293529352935293364e-01,1.995463765013751889e-01
8.291829182918292185e-01,7.490432077150154244e-01
1.723172317231723150e-01,1.764255204474954319e-02
4.396439643964396571e-01,4.525594216705314254e-02
6.479647964796479975e-01,5.188331671570785009e-01
3.959395939593959302e-01,-3.546410964970717755e-03
8.943894389438944437e-01,7.022954165497246048e-01
8.320832083208321572e-01,7.167148902060658244e-01
8.130813081308131685e-02,5.531595046204689642e-02
4.886488648864886764e-01,1.350295135275566827e-01
1.888188818881888220e-01,6.819471926398368300e-03
1.065106510651065153e-01,4.686675305059317953e-02
8.070807080708071457e-02,5.906846470170348112e-02
7.921792179217922447e-01,8.194618008608457460e-01
8.907890789078908300e-01,6.678691429715373218e-01
6.301630163016301855e-01,4.974954194928520868e-01
3.220322032203220414e-02,3.550345386302919404e-02
6.660666066606660274e-02,4.840216831627525140e-02
9.130913091309130758e-01,5.680829508596900723e-01
3.056305630563056486e-01,-3.785566328980008444e-02
6.668666866686668859e-01,5.287309987004620293e-01
9.590959095909591670e-02,4.851245123001470677e-02
9.836983698369837770e-01,1.393834381598877126e-01
6.231623162316232145e-01,4.777556651278838107e-01
7.812781278127812756e-01,8.839357450641112113e-01
3.162316231623162333e-01,-3.848034503043978871e-02
3.016301630163016334e-01,-4.371517577084148287e-02
5.509550955095510183e-01,2.267305140844299016e-01
8.511851185118511909e-01,9.412604824540775628e-01
8.423842384238423575e-01,7.531419401485630605e-01
5.108510851085108495e-01,1.858282614197326876e-01
4.055405540554055666e-01,4.999825751814290786e-03
6.610661066106611472e-02,4.622444683174548735e-02
6.475647564756475960e-01,5.543515437440902360e-01
7.774777477747775167e-01,8.372704024485544405e-01
5.221522152215222201e-01,1.867377076920428980e-01
4.087408740874087787e-01,8.988284267861169907e-03
7.082708270827082764e-01,7.440882149643408550e-01
4.890489048904890779e-01,1.336253123269803000e-01
8.966896689668967246e-01,5.316235189711253639e-01
4.091409140914091802e-01,8.369056924340654083e-03
4.996499649964996626e-01,1.584550947781460106e-01
7.663766376637664024e-01,7.649093334984444770e-01
7.431743174317432254e-01,6.894356132572903029e-01
3.070307030703070539e-01,-3.937061581682553546e-02
6.743674367436743866e-01,5.630364513638503876e-01
3.014301430143014326e-01,-4.640068372255090612e-02
3.213321332133213248e-01,-4.825506495712340860e-02
7.559755975597559630e-01,6.872482907323205215e-01
5.042504250425042800e-01,1.460117192426088895e-01
3.578357835783578245e-01,-3.386571435644576689e-02
2.823282328232823435e-01,-3.936957265653399235e-02
6.267626762676268282e-01,4.376861644152612585e-01
8.621862186218621771e-01,5.759172088358878172e-01
5.443544354435443378e-01,2.500691576854225384e-01
9.308930893089308878e-01,4.827852869970571947e-01
2.693269326932693497e-01,-3.538775423204468945e-02
1.066106610661066156e-01,5.115290992514125168e-02
3.643364336433643214e-01,-2.879455277901074584e-02
1.628162816281628344e-01,2.368694632330041808e-02
6.489648964896489458e-01,5.117075013723748622e-01
1.968196819681968246e-01,2.148309517093934667e-03
7.857785778577858204e-01,6.695365753286799393e-01
6.946694669466947358e-01,6.811394804524173452e-01
2.118211821182118260e-01,-7.471974414590394284e-03
8.854885488548854822e-01,8.098860993653438367e-01
1.011101110111011087e-01,4.537284310525056819e-02
7.590759075907590470e-01,7.407146737280778659e-01
6.928692869286928735e-01,7.932892962505434520e-01
2.913291329132913221e-01,-4.451410564759444854e-02
1.753175317531753263e-01,1.530261612679300470e-02
7.628762876287629169e-01,7.401355407895406913e-01
5.331533153315332063e-01,2.292889352293213667e-01
3.123312331233123462e-01,-4.254187958250030266e-02
7.611761176117611827e-01,7.306480960638049860e-01
2.515251525152515377e-01,-3.399664361935109125e-02
8.900890089008901829e-02,5.079107560585199854e-02
3.050305030503050463e-02,3.665620255901696350e-02
1.661166116611661192e-01,2.417207712333018302e-02
3.994399439943994712e-01,-5.891021225280867286e-04
2.746274627462746420e-01,-3.576401138385454370e-02
5.817581758175818241e-01,3.284953354719664098e-01
2.869286928692869609e-01,-3.739935890661819085e-02
2.382238223822382428e-01,-2.536593221612501448e-02
7.932793279327933211e-01,7.236734099326203040e-01
5.634563456345634824e-01,2.994983347918122041e-01
1.569156915691569121e-01,2.529704299665110068e-02
8.003800380038004203e-01,7.504230865336090073e-01
9.710971097109710737e-01,3.053362620065410704e-01
9.206920692069207046e-01,5.451960778624469484e-01
8.670867086708670957e-02,5.165879882080996743e-02
2.727272727272727626e-01,-3.534243832200218566e-02
3.677367736773677342e-01,-2.746220218530420407e-02
5.132513251325132586e-01,2.008328437531255173e-01
4.274427442744274663e-01,3.152960550098661552e-02
2.358235823582358337e-01,-2.539780019376528669e-02
5.921592159215921525e-01,3.116665575439085401e-01
6.312631263126312620e-01,4.519336476499824506e-01
2.180218021802180217e-01,-9.756101731150124481e-03
6.562656265626563012e-01,5.174754848863996060e-01
5.074507450745074921e-01,1.834384375870980466e-01
3.315331533153315635e-01,-3.905266920848454726e-02
6.515651565156516112e-01,4.676082730428987588e-01
3.491349134913491192e-01,-3.410453187150695037e-02
5.715571557155715299e-01,2.673846983562839230e-01
1.767176717671767316e-01,1.261854200233313190e-02
5.471547154715471484e-01,2.069497250863345239e-01
1.719171917191719134e-01,1.664030201655294222e-02
9.060906090609061048e-02,5.511068231877902512e-02
6.494649464946494755e-01,5.435602836013688766e-01
8.253825382538254596e-01,8.705734973323342452e-01
7.808780878087808741e-01,7.290417613845444622e-01
4.238423842384238527e-01,2.592993597700959940e-02
9.100910091009101546e-03,1.315414676736544226e-02
1.262126212621262067e-01,4.674944874136695294e-02
3.329332933293329688e-01,-4.210416319752641884e-02
4.670467046704670500e-01,1.075100454856880716e-01
4.360436043604360573e-02,4.923261852500704361e-02
4.230423042304230774e-02,5.488162574967979379e-02
9.248924892489249761e-01,4.292830350294184472e-01
1.717171717171717127e-01,2.008177262271454433e-02
9.383938393839383885e-01,5.157691777506194786e-01
2.558255825582558263e-01,-3.655102634828834296e-02
7.344734473447345202e-01,7.390304353729382214e-01
7.350735073507351502e-02,6.033555490029449131e-02
1.426142614261426134e-01,3.828006439672244909e-02
7.644764476447645229e-01,7.271163595940131064e-01
8.525852585258526517e-01,7.742538009725776771e-01
4.418441844184418654e-01,5.891724375109083645e-02
2.938293829382938593e-01,-3.771603012152146411e-02
8.813881388138814499e-01,7.318732257324398471e-01
3.044304430443044440e-01,-4.513942066126232222e-02
9.190919091909191541e-02,5.109058222188245929e-02
6.623662366236623411e-01,4.956735763121849492e-01
4.413441344134413358e-01,5.346924892177140620e-02
1.667166716671667215e-01,2.221202561807323131e-02
9.860986098609861861e-01,1.226985589160402429e-01
7.277727772777278226e-01,6.921447144328403134e-01
7.378737873787378776e-01,6.935802466925583554e-01
6.385638563856386174e-01,4.288103083978401231e-01
9.823982398239824443e-01,1.292763539030249986e-01
9.593959395939594126e-01,3.491582212891535808e-01
7.110711071107110870e-01,6.403616336854376367e-01
3.198319831983198469e-01,-3.815276501158340605e-02
5.352535253525352310e-01,2.346122740633965476e-01
7.763776377637764403e-01,7.653148340165533137e-01
2.683268326832683459e-01,-3.376322053184469679e-02
4.869486948694869421e-01,1.365436124185612221e-01
3.851385138513851447e-01,-1.193368632757305266e-02
7.120712071207120630e-02,6.688333973685461897e-02
1.600160016001600169e-02,2.237021292832802252e-02
3.388338833883388634e-01,-3.126199568667169248e-02
2.239223922392239163e-01,-1.366072600199968318e-02
4.793479347934793688e-01,1.041222539758326349e-01
1.144114411441144175e-01,4.706951839997340625e-02
2.594259425942594399e-01,-2.869838070365194477e-02
1.051105110511051099e-01,5.478186141510019147e-02
9.184918491849185518e-01,5.769627121849969509e-01
1.047104710471047084e-01,5.559706092145442341e-02
4.945494549454945710e-01,1.513873423362191717e-01
1.092109210921092116e-01,4.686144369346484373e-02
9.737973797379738672e-01,2.309580776187683537e-01
6.250625062506250940e-01,4.562054892607492196e-01
5.506550655065506339e-01,2.626099190244478576e-01
6.434643464346434527e-01,4.426234730579228227e-01
3.130313031303130211e-01,-3.856020688595469120e-02
6.410641064106410714e-02,5.306324612077338576e-02
8.246824682468246737e-01,8.739721141251364234e-01
4.196419641964196368e-01,2.019095773038448449e-02
9.629962996299630262e-01,2.972648357044158640e-01
8.918891889188919064e-01,6.845643688234299695e-01
6.910691069106911222e-01,5.811278636760934813e-01
2.629262926292629254e-01,-3.147465507204124519e-02
2.160216021602160211e-02,2.789511126691870957e-02
4.296429642964296747e-01,2.962974586325083093e-02
5.251525152515251760e-01,2.147703902863773717e-01
7.212721272127212702e-01,6.610489780583933550e-01
3.600360036003600467e-02,3.353961722191933781e-02
7.625762576257626435e-01,6.665517049775764313e-01
4.384438443844384525e-01,4.725949322607395781e-02
2.580258025802580416e-02,3.522734265107951845e-02
7.702770277027702894e-01,6.685391130164787254e-01
9.406940694069406694e-01,4.660084494657908971e-01
8.545854585458546593e-01,7.348612236391409702e-01
1.156115611561156220e-01,4.828463695015861035e-02
3.742374237423742311e-01,-2.226034105444256450e-02
9.139913991399140070e-01,5.910419825825715678e-01
6.062606260626063337e-01,3.559817311063237510e-01
4.030403040304030293e-01,2.616860973381204998e-03
9.539953995399540476e-01,4.323738850031149661e-01
5.914591459145914776e-01,3.730649234791890700e-01
7.153715371537153755e-01,6.820416451941545555e-01
4.291429142914291450e-01,3.066888690249973751e-02
9.028902890289028926e-01,7.016558002783799264e-01
9.963996399639963863e-01,3.814700931499500486e-02
3.326332633263326399e-01,-4.004078788015083545e-02
5.752575257525752717e-01,3.297605386269251149e-01
6.900690069006901184e-02,6.688345622500119214e-02
4.549454945494549873e-01,6.731997588795468612e-02
9.687968796879687927e-01,3.157698655050560910e-01
8.000800080008001469e-01,8.487967704305553474e-01
6.584658465846584541e-01,5.517063647890549927e-01
7.610761076107610545e-01,6.999421884724186249e-01
1.757175717571757279e-01,1.559041995716201751e-02
5.645564556455645588e-01,3.179154179010552639e-01
5.450545054505451237e-01,2.293849148603731569e-01
8.780878087808781374e-02,5.488046468895926150e-02
1.184118411841184187e-01,5.372240480498431670e-02
5.271527152715271836e-01,2.155024759396590439e-01
4.786478647864786384e-01,1.304816101172865117e-01
2.189218921892189251e-01,-1.296950404982248096e-02
6.644664466446644768e-01,6.151971250643892830e-01
3.354335433543354505e-01,-3.683692975228147759e-02
4.677467746774677804e-01,8.794714671792115690e-02
3.700370037003700586e-03,5.810209209659543406e-03
4.113411341134113330e-01,1.139397628651320563e-02
7.573757375737574238e-01,6.986034652728492222e-01
9.900990099009901457e-02,5.268591807745480471e-02
6.215621562156216084e-01,4.778119002364202839e-01
4.137413741374137421e-01,1.479332413468158886e-02
6.595659565956596415e-01,4.939089326376575051e-01
1.829182918291829274e-01,1.043386141015412855e-02
6.411641164116411717e-01,4.396324909539666703e-01
5.832583258325833020e-01,3.876177980112316401e-01
8.038803880388039058e-01,6.721878324952121897e-01
3.415341534153415459e-01,-4.230048487701945636e-02
8.699869986998700622e-01,6.589830189169555430e-01
1.534153415341534266e-01,2.870618445166433705e-02
2.530253025302530226e-02,3.501925521758643411e-02
1.026102610261026143e-01,5.445439810961767713e-02
8.243824382438244003e-01,7.397157291521240241e-01
8.120812081208121647e-02,6.351388161679306921e-02
1.347134713471347112e-01,4.354228998000597012e-02
7.073707370737073452e-01,5.913130372552068970e-01
6.663666366636663563e-01,4.684997236107930618e-01
7.458745874587459079e-01,8.375544773436327528e-01
5.799579957995799617e-01,2.984575106012252732e-01
9.811981198119812397e-01,1.739255481652133006e-01
4.294429442944294739e-01,3.042227262202436278e-02
1.641164116411641116e-01,2.263870367298933400e-02
6.161616161616161325e-01,3.884483174368957847e-01
2.445244524452445389e-01,-2.267365744400192534e-02
8.913891389138913768e-01,7.081434587348501841e-01
3.940394039403940368e-02,4.595916739011626784e-02
7.481748174817481889e-01,8.353949156740196891e-01
9.224922492249225670e-01,6.509476077602609490e-01
7.056705670567057220e-01,5.406875551962041504e-01
4.100410041004100802e-03,5.923825537422018964e-03
5.357535753575357607e-01,2.068612350506143505e-01
2.711271127112711565e-01,-3.084665053812512062e-02
2.785278527852785291e-01,-4.299754169838991558e-02
6.481648164816481428e-01,5.313816084584503940e-01
8.639863986398640394e-01,6.471053779198439049e-01
4.790479047904790399e-01,1.017782567754313555e-01
7.838783878387839410e-01,7.430455035060583580e-01
4.538453845384538554e-01,7.291142927610091973e-02
1.203120312031203121e-01,4.597129841523316107e-02
1.006100610061006068e-01,5.171945319246092077e-02
2.433243324332433344e-01,-2.518647344508333913e-02
3.059305930593059220e-01,-4.643543838314311001e-02
6.639663966396639472e-01,5.019807562437925696e-01
6.460646064606461181e-01,4.515196488766881622e-01
3.597359735973597594e-01,-3.235216679729850664e-02
9.690969096909691771e-01,2.319875148143702992e-01
9.181918191819181674e-01,6.399861962766224543e-01
9.554955495549555256e-01,3.280249147917936314e-01
7.697769776977697598e-01,7.113840726217131039e-01
6.590659065906591396e-02,7.132850698100477727e-02
6.684668466846684920e-01,5.865831636096336954e-01
1.591159115911591204e-01,2.860861900245921519e-02
8.539853985398540015e-01,7.739627429396631619e-01
7.506750675067507261e-01,8.516806528856574188e-01
4.919491949194919611e-01,1.368733555284594172e-01
9.381938193819382432e-01,3.551792815156748495e-01
7.327732773277327860e-01,6.754378601776178659e-01
7.025702570257026380e-01,7.633364599369009129e-01
3.381338133813381330e-01,-3.447057316101923702e-02
9.871987198719872625e-01,1.360826620943919874e-01
3.245324532453245370e-01,-4.194901971122136364e-02
3.062306230623062508e-01,-4.355177924401427980e-02
3.814381438143814584e-01,-1.636398448998754862e-02
8.330833083308331055e-01,7.399183356288701052e-01
8.035803580358036324e-01,6.725710442537696787e-01
1.400140014001400104e-03,2.224496254841827614e-03
6.094609460946094348e-01,4.082899087488853218e-01
9.785978597859785744e-01,1.873009259683476868e-01
4.447444744474447487e-01,6.080484443053173205e-02
2.747274727472747147e-01,-3.016285359909194955e-02
7.672767276727673336e-01,7.361763765445726859e-01
8.350835083508351131e-02,5.462826005239670990e-02
3.622362236223622411e-01,-3.083619817249456940e-02
8.010801080108011230e-02,5.553015507957850122e-02
5.087508750875087138e-01,1.769179744824826428e-01
4.336433643364336343e-01,3.924775019178789598e-02
8.509850985098510456e-01,6.827334554822804824e-01
5.870587058705870609e-01,3.614832315367286220e-01
5.426542654265427146e-01,2.321500120842674986e-01
2.001200120012001371e-01,-7.796303488052416764e-05
7.712771277127713487e-01,6.727821078063654925e-01
1.117111711171117211e-01,5.285966379838232670e-02
6.380638063806380877e-01,4.488848788577867177e-01
2.892289228922892419e-01,-3.694412795134099231e-02
5.753575357535753998e-01,2.347404717086482018e-01
9.530953095309531165e-01,3.783116608860823682e-01
1.387138713871387263e-01,3.788196974052649574e-02
5.550555055505550506e-01,2.300491266038271199e-01
4.917491749174917604e-01,1.322600980017491767e-01
9.404940494049405242e-01,4.280331376433764712e-01
7.427742774277428239e-01,6.805902637931888766e-01
5.319531953195320018e-01,2.090271240910787087e-01
6.894689468946895161e-01,5.727658336855308008e-01
4.766476647664766864e-01,9.262717996553669619e-02
9.799979997999800352e-01,1.809506134329004201e-01
6.537653765376537640e-01,5.300278342621155270e-01
1.315131513151315268e-01,4.416822948049916459e-02
6.363636363636363535e-01,4.809560377319938018e-01
5.727572757275727344e-01,3.015251100204901502e-01
4.654465446544654439e-01,9.300549376278027802e-02
9.457945794579458720e-01,4.290282141291109630e-01
5.766576657665766215e-01,3.196075273775558778e-01
8.951895189518952467e-01,5.904110651353017269e-01
6.913691369136913956e-01,6.864158118886172222e-01
9.410941094109410987e-02,4.906494797218279025e-02
1.524152415241524228e-01,2.784026228461753544e-02
8.861886188618862681e-01,8.637291109629603447e-01
4.510451045104510448e-01,7.708101412971372912e-02
1.800180018001800320e-03,2.937882046815788826e-03
2.678267826782678163e-01,-3.333810638046368763e-02
5.739573957395739390e-01,3.061501142670592923e-01
6.702670267026702433e-01,5.382774057153335567e-01
3.321332133213321658e-01,-3.814235322813783885e-02
8.245824582458246566e-01,8.329167302924471716e-01
1.751175117511751256e-01,1.497303098009985026e-02
7.510751075107510721e-02,5.561263046429371776e-02
1.009100910091009079e-01,5.342846813394609706e-02
2.670267026702670132e-01,-3.317087281822234807e-02
1.897189718971897254e-01,6.775428364053748959e-03
6.186618661866186697e-01,4.126407217260719684e-01
8.618861886188619037e-01,6.816330124092839782e-01
3.328332833283328407e-01,-4.506291799216909089e-02
8.597859785978597680e-01,7.163879064957018317e-01
4.490449044904490372e-01,5.167549961180717411e-02
5.200520052005200636e-03,8.158747537358320215e-03
5.282528252825282600e-01,2.037563313354124050e-01
4.911491149114911581e-01,1.205158659893474926e-01
9.621962196219622232e-01,3.071718964955590936e-01
8.210821082108210600e-02,4.731838047548172360e-02
1.278127812781278128e-01,4.345729757734168031e-02
5.721572157215721877e-01,3.131810253221020135e-01
8.190819081908190524e-02,5.314454054428681407e-02
1.472147214721472308e-01,3.079210109795572914e-02
3.180318031803180401e-01,-4.290515681591584168e-02
6.861686168616861758e-01,5.372310117293590537e-01
8.100810081008101571e-02,5.401803719857038028e-02
2.159215921592159415e-01,-1.056536720640898104e-02
3.539353935393539374e-01,-3.357521281973322586e-02
6.826682668266826903e-01,6.204630210221294684e-01
5.673567356735673695e-01,2.702897076536339149e-01
4.440444044404440876e-02,5.101193894397422490e-02
8.325832583258325759e-01,8.211388353487845126e-01
1.354135413541354138e-01,4.176855737796455331e-02
2.701270127012701527e-01,-3.453120110761739858e-02
5.129512951295129852e-01,1.814703994057231540e-01
4.480448044804480334e-02,5.067199224602193103e-02
3.846384638463846706e-01,-1.240132724397920855e-02
5.538553855385538460e-01,3.374639909961075768e-01
4.832483248324832559e-01,1.312879164444331892e-01
9.063906390639063781e-01,4.949693621491263462e-01
8.652865286528652611e-01,6.914032991009361195e-01
7.111711171117112151e-01,5.611241414678619366e-01
8.087808780878088522e-01,6.320664186790694306e-01
2.152215221522152389e-01,-7.486086961029481124e-03
2.967296729672967426e-01,-4.197314321459372916e-02
7.460746074607460532e-01,7.625998067567916205e-01
6.302630263026303137e-01,5.043608976552925727e-01
9.521952195219521853e-01,3.797875438653720570e-01
5.090509050905090566e-02,5.844773428687410899e-02
1.168116811681168127e-01,4.980313340126946847e-02
4.966496649664966512e-01,1.558418293959952794e-01
7.538753875387539383e-01,6.656029535506741146e-01
7.439743974397440285e-01,5.525730048730969068e-01
9.304930493049304863e-01,4.883605891464086746e-01
9.533953395339533898e-01,3.820531505197360400e-01
9.600960096009600875e-01,3.266948031214458870e-01
7.399739973997400133e-01,7.258840340310150907e-01
6.601660166016601883e-01,5.484367965675288614e-01
4.401440144014401312e-01,4.412255615013334353e-02
1.206120612061206132e-01,4.497900783361265253e-02
8.417841784178418107e-01,7.643015192393027846e-01
5.746574657465747249e-01,3.672977677388223339e-01
5.413541354135413819e-01,2.148947988136497289e-01
7.713771377137713658e-01,8.255583742000518477e-01
9.686968696869687756e-01,2.703983732586384137e-01
6.978697869786979480e-01,5.617367500081065224e-01
1.348134813481348115e-01,4.039496009339164223e-02
2.923292329232923259e-01,-4.234849904396578713e-02
4.084408440844084498e-01,7.631592678145764780e-03
7.459745974597460361e-01,7.579012518666898846e-01
3.295329532953295559e-01,-3.265791168157025637e-02
8.787878787878787845e-01,7.286965272513951097e-01
3.911391139113911675e-01,-7.974092499484030858e-03
6.840684068406840956e-02,5.984921853940045056e-02
2.512251225122512088e-01,-3.427046468863322037e-02
8.506850685068506612e-01,6.736587755034251224e-01
6.802680268026802812e-01,7.430905671786368627e-01
4.858485848584858657e-01,1.205997278517379478e-01
4.531453145314531805e-01,5.977583045387235838e-02
6.969696969696970168e-01,5.765900305666161740e-01
6.685668566856686201e-01,6.172474798870746238e-01
1.056105610561056118e-01,5.627561183503618919e-02
2.524252425242524134e-01,-2.787583021511545744e-02
1.856185618561856376e-01,1.054445188649549316e-02
9.175917591759176206e-01,5.872659833150498665e-01
3.289328932893289537e-01,-3.676927128569657671e-02
7.221722172217222013e-01,6.282730723320227861e-01
3.345334533453345194e-01,-3.878423083428900187e-02
1.842184218421842323e-01,1.145389313288140351e-02
7.928792879287929196e-01,8.070195184018573720e-01
1.506150615061506159e-01,3.076148662816639845e-02
3.446344634463446299e-01,-3.016767634179994689e-02
8.260826082608260790e-02,6.211254544990714443e-02
9.319931993199320752e-01,4.269255520893544542e-01
2.250225022502250205e-01,-1.584505247094868466e-02
3.141314131413141530e-01,-4.789695204685175817e-02
8.373837383738373941e-01,6.704294081954671469e-01
4.920492049204920892e-01,1.439930028690010744e-01
5.950595059505951051e-02,4.052916850799833520e-02
9.229922992299229856e-01,5.590782649244727676e-01
8.222822282228222646e-01,7.922362774978377598e-01
7.051705170517051924e-01,5.555442665608312236e-01
5.883588358835883936e-01,3.385101149859173209e-01
2.422242224222422302e-01,-2.743436440895689887e-02
7.065706570657065422e-01,5.405455403594721098e-01
5.406540654065407070e-01,2.715527784358478525e-01
8.794879487948795704e-01,7.918266065734512749e-01
4.781478147814781643e-01,1.045213186952051732e-01
8.785878587858786393e-01,7.083422858904133701e-01
8.006800680068006937e-01,8.048209502754272160e-01
5.199519951995199563e-01,1.798210190446343504e-01
2.431243124312431336e-01,-2.398962595276847923e-02
5.792579257925792868e-01,3.750934560560859610e-01
5.660566056605660368e-01,3.274423141815956395e-01
4.470447044704470296e-02,4.984749491087728940e-02
9.492949294929493576e-01,3.809270789137736424e-01
7.268726872687268914e-01,6.548671513682048362e-01
5.680568056805680721e-02,4.660291185660665747e-02
9.292929292929292817e-01,4.913600915892077925e-01
5.433543354335433895e-01,2.449871773109510431e-01
3.900390039003900477e-03,6.087448026584995134e-03
4.450445044504450914e-02,4.297534949919225994e-02
8.773877387738774347e-01,7.366922511472085988e-01
8.885888588858885662e-01,7.509803999019533105e-01
9.456945694569457439e-01,3.763314285391077818e-01
4.487448744874487638e-01,6.359947349664267502e-02
8.489848984898490381e-01,7.606823456950541074e-01
7.811781178117812585e-01,8.283094572268105971e-01
5.390539053905391009e-02,4.757320227235721510e-02
1.518151815181518205e-01,3.467618792072463263e-02
9.025902590259026192e-01,6.324384065204762262e-01
6.118611861186118439e-01,3.890414808142717562e-01
7.500750075007500683e-01,6.241764444491619823e-01
6.444644464446445120e-01,4.797631696367227194e-01
5.382538253825382979e-01,2.597688220891194444e-01
3.583358335833583541e-01,-3.720992479215679688e-02
8.036803680368037606e-01,7.564539869994318932e-01
1.364136413641364176e-01,3.451237612770775842e-02
2.057205720572057306e-01,-3.565138230093551665e-03
2.096209620962096176e-01,-6.546799601712089724e-03
2.097209720972097180e-01,-6.522013076496887066e-03
9.042904290429043535e-01,4.509978169515430069e-01
9.611961196119612749e-01,3.254950940182111396e-01
2.212221222122212339e-01,-1.316912259052046771e-02
6.925692569256926001e-01,6.004100912639607213e-01
6.753675367536753349e-01,6.525815580468232735e-01
2.175217521752175198e-01,-1.198386993075003203e-02
3.926392639263926454e-01,-6.845960478082283723e-03
9.942994299429943617e-01,4.698112462274837281e-02
9.945994599459946350e-01,5.062523141721077952e-02
3.400340034003400316e-03,5.378614154698119210e-03
9.602960296029603438e-01,3.254238143372673031e-01
9.132913291329133321e-01,5.537936258034624748e-01
3.793379337933793227e-01,-1.845917236850922946e-02
2.360236023602360275e-02,2.992453101633377535e-02
1.866186618661866137e-01,1.012144682825169215e-02
8.870887088708871715e-02,5.503884349120042457e-02
4.360436043604360434e-01,4.344055756443133964e-02
5.428542854285428598e-01,2.205926821920783931e-01
8.468846884688469023e-01,6.699110555674465672e-01
1.019101910191019117e-01,5.927083094403591546e-02
3.204320432043204492e-01,-4.404547340092206803e-02
2.975297529752975456e-01,-3.758563157554477285e-02
2.750275027502750436e-01,-3.548548015563728064e-02
4.608460846084608820e-01,8.833272720002062484e-02
7.959795979597960036e-01,8.275844705883385055e-01
5.175517551755175472e-01,1.718028304261603467e-01
9.939993999399939772e-01,5.214760918983971094e-02
2.133213321332133316e-01,-8.897462397435050227e-03
2.893289328932893145e-01,-4.096002500518584888e-02
2.921292129212921251e-01,-4.458241134953540297e-02
7.998799879987998906e-01,8.669813710798222051e-01
5.630563056305630532e-02,5.350599751022837303e-02
1.332133213321332055e-01,3.588077216041261203e-02
4.856485648564856650e-01,1.189755725977327816e-01
7.525752575257526056e-01,7.023378115822234147e-01
3.238323832383238621e-01,-3.812804041476560574e-02
8.138813881388139437e-01,8.897589540947304920e-01
7.856785678567856923e-01,7.518752605402898581e-01
4.857485748574857376e-01,1.246976485460861706e-01
8.615861586158616303e-01,8.362878066300902802e-01
7.080708070807080479e-02,4.812075653357607286e-02
8.310831083108310979e-02,4.926945719131579221e-02
6.096609660966096911e-01,4.286613875821255193e-01
2.547254725472547499e-01,-3.488057520725377364e-02
5.361536153615361622e-01,2.159915620700784689e-01
3.997399739973997446e-01,-2.833401752125593400e-04
3.882388238823882287e-01,-1.149255300572340002e-02
6.042604260426043261e-01,4.110326294778512968e-01
4.737473747374737476e-01,1.068746283702468325e-01
3.953395339533953279e-01,-4.310615455895828313e-03
5.575557555755575878e-01,2.717041966884468085e-01
9.370937093709370835e-02,4.683329390918485741e-02
4.717471747174717400e-01,8.097982107043064093e-02
4.871487148714871429e-01,1.055167823825217677e-01
1.811181118111811206e-01,1.063743753348993064e-02
7.058705870587058673e-01,5.858539219367853157e-01
5.930593059305930975e-02,5.314752813292469846e-02
5.892589258925893247e-01,3.318818990204747688e-01
1.828182818281828270e-01,1.122528675247993699e-02
3.680368036803680770e-02,3.850726230493450170e-02
9.154915491549154849e-01,6.056944705065254730e-01
6.840684068406840401e-01,5.453537239765320344e-01
8.875887588758876179e-01,6.685487200548194675e-01
1.649164916491649147e-01,2.130691647845598530e-02
4.961496149614961770e-01,1.357936664288942330e-01
8.490849084908491662e-02,6.117613362428573481e-02
8.480848084808481624e-02,5.322309826141801564e-02
5.773577357735774074e-01,3.443919502052094628e-01
8.033803380338033762e-01,6.821899374291638951e-01
9.905990599059906199e-01,9.067143966343933770e-02
2.954295429542954654e-01,-3.794066339805427651e-02
7.747774777477748342e-01,7.823307395984786528e-01
6.876687668766876538e-01,6.909576457994965892e-01
2.930293029302930355e-02,3.727522287128384737e-02
3.342334233423342460e-01,-3.229589768016096624e-02
2.000200020002000367e-01,-1.416754343565975354e-05
5.729572957295729907e-01,3.639343971872223138e-01
3.609360936093609640e-01,-3.045477917329044576e-02
5.722572257225723158e-01,3.779627502353011259e-01
4.253425342534253306e-01,2.559259318986105425e-02
5.596559655965597235e-01,2.180478032169576308e-01
8.445844584458446214e-01,8.372731073460125684e-01
3.251325132513251392e-01,-3.534571436650852522e-02
1.801180118011801168e-01,1.321710361292373001e-02
1.557155715571557075e-01,2.858935036246079697e-02
9.374937493749375683e-01,3.879743090109160630e-01
3.548354835483548686e-01,-3.391129388499384417e-02
8.317831783178317728e-01,8.456173762127048299e-01
9.885988598859886123e-01,1.167702098859206422e-01
9.324932493249324938e-01,5.167314732523345944e-01
4.379437943794379784e-01,4.562151855025670111e-02
7.939793979397939960e-01,8.227233737807020386e-01
7.262726272627263446e-01,7.018211446997255631e-01
1.747174717471747241e-01,1.686591569263800119e-02
1.343134313431343096e-01,4.301891019626431084e-02
8.268826882688269375e-01,9.703481453818040281e-01
3.693369336933693403e-01,-2.634466302408963734e-02
2.329232923292329227e-01,-1.842834949700263708e-02
6.898689868986899176e-01,5.595799372406267125e-01
9.390939093909390911e-02,5.316907097779295654e-02
8.420842084208421396e-02,6.616958200390139766e-02
1.570157015701570125e-01,2.589115296079067680e-02
1.997199719971997356e-01,1.720739534538632425e-04
2.527252725272527423e-01,-2.577755964204750394e-02
2.290229022902290357e-01,-1.708780341284294596e-02
1.089108910891089105e-01,5.326143772774857149e-02
9.147914791479148100e-01,5.864842850872122870e-01
9.804980498049805648e-01,1.921846409733206085e-01
1.220122012201220185e-01,4.955141195055690756e-02
4.198419841984198375e-01,2.247344514457833703e-02
9.825982598259825895e-01,1.839980859299216731e-01
2.900290029002900241e-02,3.527143431586444999e-02
9.156915691569157412e-01,5.476214160090099314e-01
7.836783678367836847e-01,7.126960262866998130e-01
1.158115811581158089e-01,4.157990280433909031e-02
5.015501550155015975e-01,1.493446587278695892e-01
3.836383638363836668e-01,-1.455967230229944856e-02
6.592659265926592571e-01,5.207571337006299261e-01
1.920192019201920341e-02,2.604653279556792128e-02
6.452645264526453150e-01,4.667752331558250312e-01
2.959295929592959395e-01,-4.670893148732112310e-02
5.343534353435344109e-01,2.454786916363680127e-01
8.742874287428743507e-01,6.752480699006045972e-01
1.396139613961396297e-01,3.804163089593220332e-02
4.872487248724872710e-01,1.261753933087461921e-01
3.323332333233323665e-01,-3.641257164393234269e-02
1.624162416241624329e-01,2.088176244614378327e-02
7.460746074607460532e-02,5.506833125021486086e-02
9.464946494649465469e-01,4.484434444247827889e-01
2.301230123012301398e-01,-1.831830798635775484e-02
1.099109910991099143e-01,4.157373529558290592e-02
3.876387638763876264e-01,-1.109087619619755771e-02
6.044604460446044714e-01,3.572440886875192234e-01
3.968396839683968613e-01,-3.250800510676489681e-03
1.967196719671967242e-01,2.375715537076801900e-03
5.216521652165216905e-01,1.791424067847837143e-01
4.730473047304730588e-02,5.337989572458547161e-02
6.870687068706871070e-01,6.190032513717166340e-01
1.812181218121812210e-01,1.149494204200867363e-02
5.876587658765877187e-01,4.086277580588710823e-01
5.194519451945194266e-01,2.067188737364506479e-01
6.493649364936493473e-01,5.208415760756336388e-01
8.491849184918491833e-01,7.995033267042156444e-01
2.511251125112511362e-01,-2.833422973974353970e-02
3.942394239423942515e-01,-5.462713975370719205e-03
4.094409440944094536e-01,1.003547479746946629e-02
8.703870387038704637e-01,7.414573734605156563e-01
9.182918291829182955e-01,5.661292604943548579e-01
1.082108210821082078e-01,5.559830535621444053e-02
4.624462446244624880e-01,7.694753401865600528e-02
5.330533053305330782e-01,2.336387545762785845e-01
5.481548154815482077e-01,2.620367373659626131e-01
9.170917091709170910e-01,5.886047691793290237e-01
3.531353135313531344e-01,-3.301748845104907071e-02
1.130113011301130121e-01,5.480315997545949502e-02
5.335533553355336078e-01,2.191110982895776993e-01
9.211921192119212343e-01,6.119275230574103830e-01
2.034203420342034219e-01,-2.222605361818566754e-03
8.614861486148615022e-01,7.772705687934697849e-01
7.557755775577558177e-01,8.752669073293140034e-01
9.129912991299130587e-01,7.049178825597386400e-01
8.108810881088108768e-01,6.848775608669144255e-01
7.910791079107910573e-01,7.646403364731341190e-01
5.454545454545455252e-01,2.499352539304657284e-01
7.598759875987598500e-01,8.514584915645012630e-01
1.987198719871987318e-01,8.403246355285592896e-04
6.364636463646364817e-01,4.624901322663542702e-01
6.261626162616261704e-01,4.306876601659609394e-01
8.850885088508851639e-02,5.544916489835988171e-02
9.465946594659466751e-01,4.565518188315068060e-01
6.279627962796280327e-01,4.836866265302991463e-01
4.822482248224822521e-01,1.079148473212190040e-01
3.679367936793679350e-01,-2.387547784047918537e-02
5.136513651365136601e-01,1.993566251649754595e-01
9.577957795779578065e-01,3.309783677736930496e-01
4.995499549954995899e-01,1.489517687631334575e-01
8.892889288928893521e-01,5.473073134021868569e-01
4.364436443644364449e-01,4.873976753191831823e-02
3.903390339033903644e-01,-7.830934783613864233e-03
3.675367536753675335e-01,-2.653871018750603855e-02
7.417741774177417646e-01,7.600942503498933078e-01
8.451845184518451681e-01,7.046375161833750012e-01
5.399539953995399211e-01,2.188305116342278978e-01
8.815881588158815951e-01,7.740314564362962280e-01
8.551855185518552060e-01,7.228761752853839484e-01
1.100110011001100051e-03,1.920283451217608475e-03
1.575157515751575144e-01,2.924743989210350226e-02
1.759175917591759286e-01,1.768412093364734802e-02
9.857985798579858017e-01,1.454146136407923340e-01
3.422342234223422208e-01,-3.023707794954594991e-02
3.069306930693069257e-01,-4.499088673017652418e-02
9.616961696169616935e-01,3.250695481548657728e-01
9.610961096109611468e-01,3.115986456102500801e-01
2.603260326032603156e-01,-3.272492652200108265e-02
8.306830683068306964e-01,5.028247668884928689e-01
7.679767976797680085e-01,6.909569215648956320e-01
8.303830383038304230e-01,7.922300734032126091e-01
4.537453745374537828e-01,7.157150639623294230e-02
9.141914191419142632e-01,6.055178208617161273e-01
8.213821382138214444e-01,7.865583406096412489e-01
1.677167716771677253e-01,1.691512850784501754e-02
6.998699869986998445e-01,6.285102068244987628e-01
2.549254925492549506e-01,-2.765451177218581844e-02
6.106610661066106394e-01,3.652102991943040333e-01
1.016101610161016106e-01,5.072260281721302499e-02
7.862786278627863501e-01,7.150881654568902457e-01
9.693969396939694505e-01,2.702859396067623932e-01
9.502950295029503058e-01,4.042327989572249702e-01
1.650165016501650150e-01,2.002528077465314665e-02
1.446144614461446209e-01,3.385501088857062468e-02
9.172917291729173472e-01,5.500731602226641703e-01
1.250125012501250299e-01,3.930307427057429248e-02
7.554755475547555443e-01,7.563268921114597587e-01
2.233223322332233418e-01,-1.389901508154797391e-02
7.792779277927792680e-01,6.924331009405225723e-01
8.014801480148014967e-01,7.441214456978764158e-01
2.733273327332733094e-01,-3.220635521571295345e-02
7.404740474047405430e-01,8.680154054012136911e-01
1.220122012201220116e-02,2.186190298236303023e-02
3.079307930793079295e-01,-4.565042319869105220e-02
4.480448044804480334e-01,5.799988535379881766e-02
6.458645864586458618e-01,4.651233058704149492e-01
3.236323632363236613e-01,-3.765226342324275860e-02
9.755975597559756185e-01,1.924023294681542207e-01
2.098209820982098184e-01,-5.952185677920986302e-03
2.534253425342534172e-01,-2.670838512408407056e-02
3.383338333833383338e-01,-3.564285278110223415e-02
9.529952995299529883e-01,4.638597663825516082e-01
9.522952295229523134e-01,4.336646759684913977e-01
1.905190519051905285e-01,6.107264445746296046e-03
4.495449544954495669e-01,6.295906418566880880e-02
6.732673267326733102e-01,5.680616988062550110e-01
5.305530553055305409e-01,1.807061203859645637e-01
7.201720172017201937e-01,7.017447962376766046e-01
2.936293629362936586e-01,-4.028277156873398546e-02
6.688668866886688935e-01,6.143484916264676521e-01
8.989898989898990056e-01,7.055536591200762819e-01
6.603660366036603335e-01,5.338689215694174539e-01
2.372237223722372390e-01,-2.155136114378646689e-02
1.970197019701970254e-01,1.785410655970123567e-03
6.448644864486449135e-01,4.931199584103609368e-01
2.789278927892789306e-01,-3.356660303861638828e-02
5.460546054605460581e-02,5.242385625820737000e-02
8.821882188218822529e-01,6.906735500707281705e-01
2.945294529452945342e-01,-4.334927449392075166e-02
2.179217921792179213e-01,-1.303879312886911841e-02
9.503950395039504340e-01,3.890940774290242432e-01
3.060306030603060501e-02,3.287651120390534809e-02
7.092709270927093357e-01,6.064031246110822559e-01
3.350335033503350490e-01,-4.285273316973016444e-02
3.717371737173717494e-01,-2.650249780021592810e-02
9.043904390439043706e-01,5.502148602146476053e-01
1.725172517251725157e-01,1.619741767397721646e-02
5.841584158415841221e-01,3.802519954818923686e-01
9.938993899389939601e-01,5.036818064865082600e-02
6.920692069206920705e-01,5.995769936966320879e-01
9.311931193119312722e-01,5.221980128501693130e-01
3.174317431743174378e-01,-4.860036058643364687e-02
9.115911591159115979e-01,5.238368153405372762e-01
4.213421342134213710e-01,2.066595568740821343e-02
2.745274527452745139e-01,-3.614912106201569053e-02
9.240924092409241730e-01,5.060918951031325719e-01
4.105410541054105300e-01,1.070959883557242795e-02
2.013201320132013139e-01,-8.783340489575866116e-04
8.411841184118412640e-01,8.188725910574240485e-01
3.011301130113011593e-01,-3.340915189117015655e-02
2.454245424542454423e-01,-2.416538682860346759e-02
9.480948094809481252e-02,5.653791006560102139e-02
7.077707770777077467e-01,6.971078463858697560e-01
4.266426642664266633e-01,3.191305950266917768e-02
5.003500350035003930e-01,1.463785127630137517e-01
8.204820482048205132e-01,7.638184646041372705e-01
6.589658965896589837e-01,5.833204371240153785e-01
3.540354035403540239e-02,4.381729260511140617e-02
2.392239223922392188e-01,-2.777452710989379570e-02
8.345834583458345834e-01,7.533796988290417662e-01
2.228222822282228399e-01,-1.403832307411991519e-02
3.414341434143414178e-01,-3.619567525675240760e-02
8.363836383638364458e-01,6.983077612445918181e-01
7.829782978297830098e-01,7.777838024039065434e-01
2.071207120712071359e-01,-3.284269109879521097e-03
3.878387838783878272e-01,-9.608541544577086507e-03
9.400940094009400949e-03,1.299900452048961819e-02
1.490149014901490099e-01,3.278406454293191635e-02
4.649464946494649698e-01,9.008131646311642871e-02
6.538653865386538921e-01,4.889488948500034238e-01
3.580358035803580391e-02,4.671071746989655799e-02
6.146614661466146545e-01,4.393318429318165408e-01
6.554655465546554982e-01,5.286171755044013487e-01
9.552955295529553803e-01,3.134346167597784061e-01
2.828282828282828176e-01,-4.307023416108752417e-02
5.160516051605160831e-02,4.541777910695238285e-02
9.760976097609760926e-02,5.315636999237091653e-02
6.962696269626963419e-01,6.424778214090793860e-01
9.798979897989799071e-01,1.813531537974095165e-01
6.750675067506750615e-02,4.982138327022507529e-02
5.055505550555056127e-01,1.539354601023313895e-01
7.396739673967397399e-01,6.761114230592502050e-01
9.258925892589259243e-01,5.763946659321494970e-01
4.324432443244324298e-01,3.372062023707319417e-02
5.565556555655565285e-01,2.124464377723644937e-01
9.475947594759476234e-01,4.484665463744069713e-01
7.152715271527152474e-01,6.070447423715126245e-01
2.195219521952195274e-01,-1.229438766022972196e-02
5.788578857885788853e-01,3.430458572641175707e-01
4.651465146514651705e-01,8.799951724301330325e-02
5.599559955995599969e-01,2.496550887354817561e-01
8.127812781278127563e-01,6.605801003505005209e-01
7.071707170717072000e-01,6.742701825872141619e-01
8.563856385638564106e-01,7.463993558259197636e-01
2.089208920892089150e-01,-5.086347069755684479e-03
2.043204320432043253e-01,-2.407513562020643146e-03
7.374737473747374761e-01,6.517896396739366605e-01
3.276327632763276210e-01,-3.646044439857908104e-02
7.420742074207421490e-01,6.531115486650928004e-01
9.358935893589359623e-01,4.563512472263670516e-01
4.203420342034203672e-01,2.276308153321927527e-02
4.663466346634663751e-01,9.760808326285538850e-02
8.820882088208821248e-01,5.797747052432146164e-01
7.704770477047705457e-01,8.139030261863144933e-01
2.600260026002600491e-02,3.423442934564814577e-02
9.595959595959596689e-01,3.037829024065490935e-01
8.208820882088209148e-01,7.773767472594749206e-01
1.806180618061806187e-01,9.519661156441436636e-03
6.135613561356135781e-01,3.986203073790902662e-01
6.607660766076607350e-01,5.869667592478094997e-01
3.961396139613961309e-01,-3.585800019791810216e-03
8.508850885088509175e-01,7.044138422899597352e-01
4.100410041004100559e-01,1.020673878628664509e-02
9.018901890189019444e-01,5.829330201851996573e-01
3.400340034003400402e-02,3.869791804005735109e-02
1.640164016401640112e-01,2.153058505723915578e-02
8.569856985698570684e-01,7.505041264775076382e-01
1.355135513551355142e-01,4.547732509245445975e-02
2.743274327432743132e-01,-3.615581198692505854e-02
5.560556055605561099e-01,2.699122960691195949e-01
3.856385638563856744e-01,-1.109313885018861114e-02
7.567756775677567660e-01,7.063882592552632733e-01
9.565956595659566020e-01,3.695309657463357045e-01
5.905590559055905464e-01,3.850714655748047055e-01
4.874487448744874718e-01,1.204957500229326822e-01
3.091309130913091341e-01,-4.701238415767955425e-02
8.800880088008800409e-03,1.182866570499313541e-02
2.171217121712171183e-01,-1.193395919517523628e-02
7.664766476647665305e-01,7.284122395862548949e-01
7.012701270127013053e-01,5.128587071734618252e-01
2.495249524952495301e-01,-2.703349788923409963e-02
7.137713771377137695e-01,6.435639200655808301e-01
9.840984098409841785e-01,1.407371503124978385e-01
8.523852385238523954e-01,7.250166628501377719e-01
7.020702070207020251e-02,5.665332014462758081e-02
2.668266826682668125e-01,-3.227960396038966756e-02
7.797779777977797977e-01,7.035380626125267156e-01
2.472247224722472214e-01,-2.644992813157915137e-02
7.620762076207621138e-02,6.089553788081684266e-02
7.310731073107310518e-01,6.505298413713965777e-01
6.240624062406240347e-01,4.985521705478976884e-01
9.860986098609861306e-02,4.964447795562505761e-02
6.210621062106210788e-01,4.847789888738040509e-01
2.370237023702370383e-01,-2.092668377683709960e-02
3.746374637463746327e-01,-1.895683870976606553e-02
7.048704870487049190e-01,6.232099548515683818e-01
3.399339933993399399e-01,-3.902317479584223314e-02
3.649364936493649236e-01,-3.001327745297330263e-02
5.708570857085708550e-01,3.341300549070166936e-01
6.651665166516651517e-01,6.304128048392082517e-01
6.154615461546154576e-01,4.550221808056206241e-01
5.580558055805581175e-01,2.631592444546433374e-01
2.824282428242824161e-01,-3.888058353225835179e-02
1.406140614061406058e-01,3.648477006859669053e-02
6.466646664666466648e-01,5.203211148584276913e-01
8.945894589458945889e-01,6.260138941579997951e-01
4.939493949394939687e-01,1.046770426633746309e-01
6.486648664866486724e-01,5.341413967255196349e-01
6.851685168516852276e-01,6.209150431225530786e-01
8.542854285428542749e-01,7.205354004666337797e-01
9.934993499349935586e-01,5.508106405486058732e-02
1.050105010501050165e-02,1.516470982025315724e-02
1.730173017301730176e-01,1.704619637864654078e-02
1.399139913991399309e-01,3.431989063255697081e-02
7.190719071907190896e-02,6.381972081579131983e-02
3.363336333633363262e-01,-3.744839009933295659e-02
6.828682868286828356e-01,5.908418494755363071e-01
4.922492249224922900e-01,1.390360045522289478e-01
7.717771777177717674e-01,8.451312830799575515e-01
8.700870087008701764e-03,1.275014847162106446e-02
9.215921592159216358e-01,4.782310978623334208e-01
5.917591759175917510e-01,3.721385820233497066e-01
6.210621062106210649e-02,5.640656151063238449e-02
3.040304030403040425e-02,4.061365988679960931e-02
8.271827182718272109e-01,8.261750343545761766e-01
4.218421842184218451e-01,2.768040679636942988e-02
7.968796879687969348e-01,6.762599472959086588e-01
5.200520052005200844e-01,2.169273086627755420e-01
9.199919991999200297e-01,5.662038407232368176e-01
6.532653265326532344e-01,5.396328896392208474e-01
4.116411641164116619e-01,1.146112897721092774e-02
3.806380638063806554e-01,-1.710289737517158709e-02
3.490349034903490466e-01,-3.467806463429230768e-02
4.366436643664366457e-01,4.329610515769648227e-02
3.670367036703670732e-02,4.369353178730964182e-02
3.530353035303530618e-01,-3.172835106502579217e-02
6.577657765776577792e-01,4.972061039422759343e-01
1.630163016301630283e-02,1.900330229093897400e-02
9.575957595759576613e-01,3.341169659437742134e-01
7.364736473647365278e-01,5.927177187488448240e-01
3.316331633163316361e-01,-3.985159492867574454e-02
3.217321732173217264e-01,-3.958193650771267558e-02
5.392539253925392462e-01,2.780016371884025950e-01
2.040204020402040103e-02,3.012080367196923181e-02
3.636363636363636465e-01,-2.519712498273772930e-02
4.039403940394039605e-01,3.394022630840661837e-03
6.897689768976897895e-01,5.818229835242700876e-01
7.300730073007300792e-03,1.232524589419898425e-02
1.983198319831983303e-01,1.075200486001580023e-03
5.160516051605160692e-01,2.082879270572353114e-01
8.538853885388538734e-01,6.975381070069821554e-01
2.981298129812981479e-01,-4.746462559185406910e-02
8.480848084808481069e-01,6.850437781661460335e-01
7.196719671967196641e-01,6.961806163616321985e-01
7.730773077307731000e-01,8.125905010506060400e-01
8.680868086808680717e-01,7.509037459191925112e-01
7.430743074307430973e-01,7.354472183281730580e-01
2.345234523452345288e-01,-2.175796468227309682e-02
9.806980698069807101e-01,1.638250416599122961e-01
4.476447644764476319e-01,5.874795331885656474e-02
1.783178317831783100e-01,1.577889375331277544e-02
9.869986998699870062e-01,9.528694291723840970e-02
1.711171117111711104e-01,1.923787249376645789e-02
3.256325632563256689e-01,-4.356618016835604734e-02
5.270527052705270554e-02,5.463435748383559110e-02
5.462546254625462172e-01,2.547677728815730958e-01
2.242224222422242175e-01,-1.431131983776178819e-02
9.943994399439943788e-01,5.104559737409309489e-02
9.091909190919091888e-01,6.399644559771460184e-01
7.008700870087009038e-01,5.327276929805807582e-01
4.388438843884388540e-01,4.660655890888115715e-02
4.898489848984898809e-01,1.273166662029015794e-01
1.213121312131213159e-01,4.213179410259892260e-02
4.850485048504850627e-01,1.287686926582132518e-01
9.660966096609661935e-02,5.989181741815520488e-02
3.043304330433043159e-01,-4.202378440128270998e-02
9.341934193419342281e-01,4.780939582662516729e-01
7.518751875187519307e-01,6.644799978684932107e-01
3.760376037603760380e-01,-1.977114734829919784e-02
9.683968396839683912e-01,2.793387612454821811e-01
2.811281128112811389e-01,-3.411976406244437987e-02
9.312931293129312893e-01,4.948583879345723746e-01
1.788178817881788119e-01,1.438517524207602941e-02
3.284328432843284240e-01,-4.251033536096755078e-02
6.396639663966396938e-01,5.129351563044804996e-01
4.096409640964096543e-01,1.010824677121442521e-02
5.204520452045204859e-01,1.760569948432695597e-01
3.780378037803780455e-01,-1.802635377491739951e-02
1.617161716171617303e-01,2.698083332719085001e-02
1.976197619761976276e-01,1.407604445059852920e-03
4.310431043104310800e-01,3.714427412824404529e-02
7.415741574157416194e-01,6.588331819838505465e-01
6.763676367636763942e-01,5.119163503744352806e-01
2.510251025102510081e-01,-2.635674718795683741e-02
3.045304530453045166e-01,-4.744269635898225312e-02
2.809280928092809382e-01,-3.781432134319011318e-02
5.464546454645464735e-01,2.395388247408184457e-01
7.260726072607260884e-01,8.396356117637644445e-01
8.419841984198420670e-01,8.768567853982527360e-01
9.657965796579658369e-01,2.605122991311690783e-01
5.706570657065707097e-01,2.732751019990744545e-01
2.681268126812681452e-01,-3.228709125197008062e-02
3.511351135113511268e-01,-3.178747649642981593e-02
4.260426042604260888e-02,5.089005740722714333e-02
4.390439043904390687e-02,5.211526486138199493e-02
7.830783078307830547e-02,4.977035232395671249e-02
7.511751175117511448e-01,7.979601310514237156e-01
7.156715671567156489e-01,5.837961508119954290e-01
1.782178217821782373e-01,1.772793759540961661e-02
5.915591559155916057e-01,4.055261627285122183e-01
7.467746774677468391e-01,8.922381871026652256e-01
8.458845884588459541e-01,6.941962169075811540e-01
8.207820782078207866e-01,6.219005851898843362e-01
3.376337633763376589e-01,-3.507402592026839794e-02
3.946394639463946530e-01,-5.173874157779425123e-03
5.692569256925692489e-01,2.816094372787754652e-01
8.789878987898790408e-01,6.825390823956505315e-01
8.332833283328333618e-01,8.038048574275534763e-01
1.398139813981398305e-01,3.326978670975227342e-02
8.777877787778778362e-01,6.154416677214314957e-01
1.090109010901090143e-02,1.409897868743210936e-02
4.841484148414841870e-01,1.147730862629452175e-01
2.825282528252825442e-01,-3.728948461152045701e-02
6.959695969596959575e-01,5.488921901322297847e-01
5.000500050005000918e-02,4.551046316278969939e-02
9.661966196619662384e-01,2.052002026520550748e-01
7.513751375137514010e-01,7.861731807190828203e-01
4.557455745574557349e-01,6.978437710709355091e-02
9.364936493649365090e-01,4.305691864132770719e-01
1.610161016101610276e-01,2.440130629362507325e-02
1.190119011901190176e-02,1.711556279076725459e-02
9.223922392239224388e-01,5.059577246591160371e-01
5.670567056705670961e-01,2.846550976542551736e-01
1.255125512551255040e-01,4.935676002038085625e-02
5.526552655265526415e-01,2.761175483930697339e-01
4.720472047204720689e-01,8.475291336194361314e-02
2.468246824682468199e-01,-3.146856599018356404e-02
3.356335633563356513e-01,-3.711942213006366731e-02
4.494449444944494387e-01,5.807450122498614142e-02
9.250925092509251213e-01,5.956801300543194122e-01
9.525952595259525868e-01,4.401628661572285495e-01
6.014601460146015155e-01,3.953528586167279757e-01
8.733873387338734195e-01,6.205518128303874059e-01
4.248424842484248565e-01,2.899457599947807135e-02
9.493949394939493747e-01,3.722832495048931101e-01
3.046304630463046448e-01,-4.844407152970393871e-02
4.630463046304630348e-01,7.936435043012073087e-02
9.773977397739774808e-01,1.767886319577962606e-01
9.061906190619062329e-01,6.684054160647912024e-01
5.866586658665866594e-01,3.602148538043093984e-01
1.823182318231823251e-01,1.177207445087069190e-02
6.115611561156115705e-01,4.712703555989605220e-01
4.400440044004400725e-02,4.856026150846414619e-02
9.068906890689069078e-01,6.078721518065663965e-01
4.817481748174817779e-01,1.208196475105889622e-01
7.342734273427342639e-01,6.623860716520011405e-01
7.814781478147815319e-01,8.062163147119681961e-01
5.019501950195019990e-01,1.654881630007191129e-01
7.162716271627163067e-01,6.411913646170828152e-01
8.494849484948495677e-01,6.220354531938614429e-01
7.826782678267827364e-01,7.957289655034889275e-01
1.113111311131113196e-01,5.066990563067704650e-02
8.248824882488249299e-01,7.579380954888448318e-01
3.360336033603360528e-01,-3.890499169640228988e-02
4.232423242324232504e-01,2.581699414685900695e-02
7.103710371037104121e-01,6.797731050899606942e-01
5.890589058905890824e-02,5.595722644841168159e-02
6.120612061206121002e-02,6.131369140588315697e-02
2.860286028602860436e-02,3.580536182539855589e-02
8.711871187118712667e-01,7.048742644045997707e-01
6.350635063506351319e-01,5.295595822287433307e-01
3.747374737473747608e-01,-2.504609959717760126e-02
6.853685368536853728e-01,5.059815187674430170e-01
6.340634063406340726e-01,3.970397164305061177e-01
6.022602260226023185e-01,3.964200940300870446e-01
6.970697069706971449e-01,6.305433016266475121e-01
5.583558355835583908e-01,3.154026387507613549e-01
6.240624062406240763e-02,5.704677756907288594e-02
5.740574057405740949e-02,4.870410633550054796e-02
2.260226022602260243e-01,-1.809529155422034269e-02
2.645264526452645315e-01,-3.431334128130395650e-02
1.890189018901890228e-01,6.521992625815463580e-03
9.983998399839983939e-01,1.484778333891014629e-02
1.039103910391039193e-01,5.424502730041588089e-02
8.044804480448044526e-01,7.650843652439984766e-01
4.877487748774877452e-01,1.270978842424482780e-01
5.581558155815581346e-01,2.924813185160561324e-01
7.558755875587559458e-01,6.984206382797218948e-01
3.783378337833783744e-01,-1.634506983565037208e-02
6.008600860086008577e-01,4.150061105634200720e-01
2.638263826382638566e-01,-3.610925330262453742e-02
4.820482048204820930e-02,4.844696681275752204e-02
4.853485348534853916e-01,1.085303708248598897e-01
2.765276527652765215e-01,-3.966693297046365585e-02
8.500850085008501700e-02,6.236490946867954965e-02
9.723972397239724064e-01,2.682921255067119981e-01
7.107710771077108136e-01,7.726073595784874737e-01
8.622862286228623052e-01,7.789330176036718401e-01
3.282328232823282232e-01,-4.329127892598886446e-02
5.811581158115811663e-01,3.238540195338702188e-01
8.894889488948894973e-01,5.564290080284323148e-01
4.468446844684468844e-01,7.017716084735932391e-02
5.873587358735873343e-01,3.582848639313850336e-01
7.602760276027602515e-01,7.221204679648335345e-01
2.840284028402840222e-01,-3.946294961072248364e-02
7.204720472047204671e-01,6.429959215216651813e-01
4.000400040004000422e-03,6.693735360726632729e-03
1.475147514751475319e-01,3.432587385991682505e-02
1.445144514451445206e-01,3.142333389447309056e-02
6.619661966196619396e-01,5.515654332628322498e-01
6.034603460346035231e-01,4.146820474230814013e-01
9.252925292529253776e-01,6.018637712709200560e-01
3.416341634163416185e-01,-3.620596668160952492e-02
1.028102810281028151e-01,5.904404338749231346e-02
5.012501250125012131e-01,1.558273927394940861e-01
9.959995999599959848e-01,3.904580179573915316e-02
7.259725972597259602e-01,7.083785930433683653e-01
9.202920292029203031e-01,5.823040809688041497e-01
1.108110811081108177e-01,6.080948708725366497e-02
7.470747074707470570e-02,5.384392027241912543e-02
3.418341834183418193e-01,-3.950735564630204755e-02
3.682368236823682639e-01,-2.804010804953979002e-02
7.972797279727973363e-01,8.181587381091639521e-01
4.944494449444944428e-01,1.283229803880029662e-01
6.642664266426643316e-01,5.394074942404427642e-01
1.598159815981598231e-01,2.526431259564910700e-02
6.040604060406040698e-01,3.673008792921470533e-01
8.236823682368237254e-01,6.426690729897778231e-01
2.300230023002300395e-02,2.635542789168484473e-02
1.673167316731673238e-01,2.169264591327038638e-02
6.250625062506251495e-02,6.074868128549597290e-02
1.793179317931793137e-01,1.424114520266332728e-02
9.700970097009702087e-03,1.066170184481231645e-02
7.735773577357736297e-01,8.320809725235873699e-01
4.880488048804880463e-02,4.024738926729701238e-02
7.047704770477047909e-01,6.490724526101542269e-01
5.209520952095210156e-01,1.943652018912832569e-01
4.503450345034503699e-01,5.706733545558181908e-02
1.999199919991999363e-01,5.308051936522260883e-05
7.952795279527953287e-01,7.160809030755067583e-01
2.897289728972897160e-01,-4.169849904497174853e-02
9.150915091509150834e-01,5.290834704316396131e-01
7.720772077207721518e-02,5.419964907800259302e-02
8.032803280328033591e-01,7.555766503851133464e-01
5.983598359835984315e-01,3.513595685141642777e-01
2.446244624462446393e-01,-2.275130002003261653e-02
9.967996799679967879e-01,2.656585117230333970e-02
1.090109010901090109e-01,5.637819487658332629e-02
4.000400040004000735e-01,3.409748632878190842e-05
4.860486048604860387e-02,4.195388769494218240e-02
7.660766076607661290e-02,6.204964322921120712e-02
4.682468246824682545e-01,1.036124406709357237e-01
2.148214821482148373e-01,-9.934478214411398417e-03
8.540854085408541296e-01,6.687753863549289468e-01
5.834583458345834472e-01,3.236030653038219351e-01
2.815281528152815405e-01,-4.422304138333855994e-02
8.200820082008201117e-01,8.421324021680034466e-01
2.553255325532553521e-01,-3.081736387444588415e-02
1.643164316431643124e-01,2.360309159956777009e-02
4.899489948994899535e-01,1.270917882012480016e-01
6.896689668966896614e-01,6.109102627881296543e-01
9.306930693069307425e-01,4.954834367408053053e-01
7.088708870887089342e-01,7.079204544410088173e-01
2.653265326532653345e-01,-3.700436739943342712e-02
1.086108610861086093e-01,4.756343867573656348e-02
4.523452345234523775e-01,7.313075542626706893e-02
7.738773877387739031e-01,6.765707607768629561e-01
5.571557155715571863e-01,2.675950284852345318e-01
4.057405740574057673e-01,5.828864089502802312e-03
4.697469746974697880e-01,9.251332317878528666e-02
8.749874987498750256e-01,7.128053700424303862e-01
1.272127212721272105e-01,5.185980296692781905e-02
5.852585258525853096e-01,3.247810789468730253e-01
4.937493749374937679e-01,1.311471904465060234e-01
6.280628062806280221e-02,4.839917392601444934e-02
5.600560056005601250e-01,3.053722670786849225e-01
2.604260426042604437e-01,-2.980105894115316761e-02
1.440144014401440256e-02,2.206969206648938878e-02
9.854985498549855283e-01,1.261530888137809003e-01
1.410141014101410073e-01,4.147475460847044326e-02
1.030103010301030159e-01,5.308524407053114708e-02
4.387438743874387814e-01,4.612161134312835198e-02
4.609460946094609546e-01,8.446971422575164090e-02
7.045704570457046456e-01,6.147919201355938057e-01
5.110511051105111058e-01,1.643327094501514374e-01
7.242724272427243370e-01,6.819478254908728498e-01
5.340534053405340820e-02,5.148115486629773613e-02
8.329832983298329774e-01,8.290726631858392759e-01
8.810881088108811487e-02,5.621260044718176530e-02
6.009600960096009858e-01,3.687125088203070389e-01
8.395839583958396579e-01,7.635519677540669736e-01
7.990799079907991154e-02,6.448244091056022642e-02
9.332933293329332969e-01,4.805090191409532863e-01
8.713871387138714120e-01,7.958545075291068027e-01
6.343634363436343460e-01,4.388334344130010445e-01
2.623262326232623232e-01,-2.980561574669898101e-02
8.965896589658965965e-01,6.396215018719029199e-01
4.393439343934393837e-01,4.903212933262211110e-02
4.032403240324032301e-01,3.216266465979834323e-03
1.961196119611961219e-01,2.259045376710807837e-03
7.749774977497749795e-01,7.713975599408574579e-01
8.505850585058506441e-01,7.426880735585256188e-01
8.308830883088309527e-01,7.638481592537629261e-01
2.984298429842984213e-01,-3.719096454096450233e-02
5.503550355035503605e-01,2.442325592398609246e-01
3.508350835083508534e-01,-3.231666508346271727e-02
5.418541854185419115e-01,2.634999172184380178e-01
2.248224822482248197e-01,-1.520157179209612013e-02
1.219121912191219181e-01,4.872112128744143789e-02
5.159515951595159411e-01,1.851364354148779257e-01
6.933693369336934031e-01,5.556725872748409234e-01
1.995199519951995348e-01,3.654040447598319087e-04
2.309230923092309429e-01,-1.924117198298730402e-02
8.968896889688968699e-01,6.230523457591086167e-01
9.719971997199720048e-01,2.576507344544601841e-01
1.459145914591459259e-01,2.764265213384938663e-02
1.119111911191119080e-01,5.080628594666686954e-02
6.299629962996299293e-01,4.727047812746326128e-01
9.940994099409941054e-01,6.140739973415507147e-02
9.016901690169016881e-01,5.361320298455733990e-01
1.792179217921792134e-01,1.477106077929561667e-02
1.015101510151015102e-01,5.461649083513435421e-02
2.591259125912591110e-01,-3.317412756343546959e-02
4.613461346134613561e-01,7.910837441252788205e-02
4.723472347234723423e-01,9.180249719402128195e-02
2.905290529052905191e-01,-3.476795896546026193e-02
9.991999199919991970e-01,7.829998196724228393e-03
8.640864086408641676e-01,6.481110007640185078e-01
3.015301530153015608e-01,-3.677203522273678887e-02
7.880788078807880737e-02,6.731918691489303941e-02
2.880288028802880373e-01,-4.091344982074754388e-02
5.986598659865987049e-01,3.894938439231503957e-01
2.020202020202020374e-02,2.878570440922531559e-02
5.833583358335834301e-01,3.723374166786217465e-01
1.946194619461946163e-01,3.366031403673254343e-03
1.859185918591859110e-01,7.982573878657070465e-03
3.288328832883288255e-01,-4.691230297869998511e-02
7.300730073007301313e-02,5.287952906074650655e-02
2.820282028202820146e-01,-4.194890237818568735e-02
9.764976497649765497e-01,1.793119510812423711e-01
3.826382638263826630e-01,-1.390361893497482973e-02
8.695869586958696607e-01,6.446010469618389527e-01
3.750375037503750342e-02,4.518193602405172482e-02
4.317431743174317549e-01,3.394987295043389725e-02
1.195119511951195090e-01,4.845799554249508728e-02
5.936593659365936304e-01,3.511494377880434170e-01
4.698469846984698606e-01,8.312147366781538760e-02
9.610961096109611745e-02,4.826092550514465840e-02
7.109710971097109589e-01,6.828350877026698740e-01
9.795979597959796337e-01,1.682348835351847594e-01
8.537853785378538563e-01,7.706326593840582273e-01
1.336133613361336070e-01,4.469752830583896552e-02
8.399839983998400594e-01,7.952704937301742216e-01
2.225222522252225388e-01,-1.512968578989795990e-02
4.327432743274327587e-01,3.759329467214955756e-02
5.600560056005600418e-03,9.321562287708039934e-03
6.144614461446145093e-01,4.342604527774812095e-01
2.768276827682768504e-01,-3.577013683297311508e-02
2.790279027902790587e-01,-4.443817631295880061e-02
5.412541254125412538e-01,2.459113886894528922e-01
3.261326132613261430e-01,-3.635464458788406628e-02
1.378137813781378229e-01,3.563967466393248157e-02
1.110111011101110219e-02,1.495344309481574929e-02
4.592459245924592759e-01,7.108890326501698942e-02
5.355535553555356154e-01,2.346311937812528003e-01
9.425942594259426599e-01,4.069514736479952211e-01
7.492749274927492653e-01,6.672480096057659127e-01
9.101910191019102481e-01,5.610022406969243924e-01
9.537953795379537913e-01,3.873613753566523821e-01
7.437743774377437722e-01,7.675935698897605741e-01
1.945194519451945159e-01,4.107920657475653929e-03
7.551755175517551599e-01,6.959902728803013527e-01
9.898989898989899450e-01,1.100128432414468060e-01
7.528752875287528790e-01,6.917995895155648611e-01
5.594559455945594673e-01,2.444464892780304766e-01
4.322432243224322845e-01,3.657264436671124608e-02
1.838183818381838308e-01,1.055696675666186607e-02
1.171117111711171138e-01,4.833934164619761026e-02
9.968996899689969160e-01,2.822273578173477987e-02
3.366336633663366551e-01,-3.664108126229606577e-02
1.651165116511651154e-01,2.624968198062006125e-02
3.757375737573757646e-01,-2.097625669619187366e-02
6.052605260526052744e-01,3.494828006383084995e-01
7.385738573857385525e-01,7.276450108402394701e-01
3.759375937593759653e-01,-2.007472477745528283e-02
8.839883988398840042e-01,6.578214609862305107e-01
8.030803080308031305e-02,5.332299898424284340e-02
6.803680368036804094e-01,5.397629808814876640e-01
8.909890989098909753e-01,6.354490753335202413e-01
8.153815381538154217e-01,7.225445329797141047e-01
2.254225422542254220e-01,-1.600556613514304491e-02
8.930893089308931110e-01,6.926959755933279617e-01
7.597759775977598329e-01,7.111123763167952472e-01
9.027902790279027645e-01,6.441904271021593464e-01
2.170217021702170179e-01,-1.166170898732889205e-02
3.090309030903090615e-01,-3.432540028086919492e-02
3.626362636263626427e-01,-3.005928105264888545e-02
8.039803980398040339e-01,7.427412275380312900e-01
3.484348434843484443e-01,-3.289195547617129733e-02
9.574957495749575331e-01,3.228851508005354254e-01
8.964896489648964684e-01,7.212249894173093923e-01
7.515751575157515463e-01,6.488494284201418161e-01
9.821982198219821880e-01,1.708319462047813986e-01
4.067406740674067711e-01,8.068052949352887138e-03
5.411541154115411256e-01,2.521776690323644932e-01
8.845884588458846620e-01,6.665543836968835789e-01
3.810381038103810569e-02,4.260231083528780854e-02
6.916691669166916689e-01,5.953203504480153452e-01
4.492449244924492380e-01,6.627273740221746590e-02
7.190719071907191173e-01,7.888043919284960515e-01
4.994499449944994618e-01,1.557207356012252630e-01
9.838983898389839222e-01,1.541845598719132349e-01
8.011801180118012233e-01,8.262503839238830583e-01
4.297429742974297473e-01,3.123581327458905751e-02
4.421442144214421388e-01,4.279267754693398540e-02
5.662566256625662930e-01,2.708458777202480960e-01
4.819481948194819787e-01,1.016446333559530013e-01
7.210721072107210972e-02,5.014472866850857441e-02
7.030703070307030567e-01,6.959528636819872771e-01
8.647864786478648425e-01,7.202080350612100057e-01
6.320632063206320372e-02,5.122668719834752582e-02
1.525152515251525231e-01,3.359848533643274709e-02
9.398939893989399774e-01,3.912803406040599730e-01
3.279327932793279499e-01,-4.552744284739246999e-02
1.654165416541654166e-01,2.011418509353528686e-02
3.937393739373937773e-01,-5.362388709268816472e-03
1.211121112111211151e-01,4.727153496314137615e-02
4.279427942794279405e-01,2.880904490089558623e-02
5.360536053605360896e-02,5.179483859105543653e-02
3.492349234923492474e-01,-3.507352863832201295e-02
9.178917891789178940e-01,5.070684825121519745e-01
8.976897689768976729e-01,7.038377251737806262e-01
9.850985098509851268e-02,6.088268159801402124e-02
6.297629762976297840e-01,5.107125031582127050e-01
3.386338633863386627e-01,-3.174658316528338603e-02
5.178517851785178205e-01,1.945233941211730044e-01
4.355435543554355693e-01,4.751229081898357409e-02
2.570257025702570378e-02,3.346445311899634567e-02
6.204620462046205320e-01,4.151678153099235269e-01
4.848484848484848619e-01,1.467708599277071368e-01
9.803980398039804367e-01,1.680010954879803675e-01
7.272727272727272929e-01,7.217490529305650160e-01
1.965196519651965235e-01,2.159430995924250564e-03
1.520152015201520213e-02,2.280437763983751698e-02
4.976497649764976550e-01,1.278235797268175711e-01
2.878287828782878366e-01,-3.277220890532987069e-02
4.894489448944894794e-01,1.381262260525386865e-01
5.649564956495649604e-01,2.920287146108754284e-01
5.700570057005700797e-03,7.476602383117494054e-03
8.535853585358536000e-01,8.399661083098568515e-01
3.766376637663766402e-01,-1.803268366861578501e-02
5.005500550055005382e-01,1.422108857225938827e-01
7.535753575357535539e-01,6.390247963203553594e-01
5.908590859085909308e-01,3.225061313063192769e-01
9.840984098409841230e-02,4.499345831474352297e-02
4.012401240124012780e-01,1.107212272616420754e-03
5.069506950695069625e-01,1.717651725216698400e-01
1.044104410441044073e-01,4.955585529525295685e-02
9.732973297329733375e-01,2.243145477322136816e-01
8.284828482848285436e-01,8.243330283337662046e-01
3.022302230223022357e-01,-4.557881208136584789e-02
1.850185018501850354e-01,1.094155511364910613e-02
4.923492349234923626e-01,1.327183344165096535e-01
5.595559555955595954e-01,3.551717671800577736e-01
4.412441244124412631e-01,5.245353767372022691e-02
2.978297829782978190e-01,-4.472568807143303959e-02
8.426842684268427419e-01,6.633927374630379514e-01
9.863986398639864595e-01,1.307324476195530494e-01
9.753975397539754733e-01,2.527348816306431711e-01
5.114511451145115073e-01,1.749104592652090118e-01
5.067506750675068172e-01,1.808189765798705051e-01
9.830983098309831192e-02,5.335706831210146328e-02
2.977297729772977464e-01,-4.184756138385546664e-02
8.256825682568257330e-01,5.581077566203752616e-01
8.731873187318731633e-01,7.410934484610578465e-01
7.315731573157315815e-01,7.055915617732164691e-01
3.172317231723172370e-01,-4.316649535447458774e-02
3.426342634263426223e-01,-3.877175136280003320e-02
9.615961596159616764e-01,2.376199809267527385e-01
3.021302130213021631e-01,-4.111025609920770235e-02
1.750175017501750252e-01,1.453861288956117062e-02
7.715771577157716221e-01,8.252694355953543726e-01
1.763176317631763301e-01,1.478699845797756124e-02
8.720872087208721146e-02,6.125507000592288892e-02
6.023602360236023356e-01,3.645128019919574580e-01
7.290729072907290442e-01,6.280623948872955387e-01
6.011601160116011311e-01,3.559081384636926249e-01
1.762176217621762297e-01,1.806732038737037319e-02
8.595859585958596227e-01,7.064122974092645890e-01
4.031403140314031575e-01,2.818097362681249059e-03
5.233523352335234247e-01,1.848571158461591313e-01
8.227822782278227942e-01,6.456988709932243165e-01
8.584858485848585463e-01,6.723838022924608637e-01
1.180118011801180138e-02,1.953438156593525349e-02
6.451645164516451869e-01,5.015528765234010811e-01
1.563156315631563098e-01,3.226656391097744436e-02
8.862886288628862852e-01,7.267023797864614609e-01
6.522652265226522861e-01,5.923486571200268225e-01
1.380138013801380202e-02,1.530809355577840598e-02
7.709770977097709643e-01,7.583822156712829443e-01
6.598659865986599149e-01,4.600758734698952024e-01
1.001100110011001187e-01,4.086682196826063596e-02
5.241524152415241167e-01,1.713031624797272112e-01
8.877887788778877631e-01,6.534217628617006168e-01
1.271127112711271101e-01,4.210508114434485805e-02
5.225522552255226216e-01,2.058330850305722381e-01
9.480948094809481530e-01,3.379345474053877529e-01
9.962996299629963692e-01,3.913258128701144201e-02
4.755475547554755544e-01,9.681241091147371747e-02
4.179417941794179581e-01,1.816932782769699328e-02
2.172217221722172187e-01,-1.266488631572398535e-02
4.103410341034103292e-01,1.122422761769181765e-02
8.830883088308831563e-02,4.751526719601126270e-02
2.277227722772277307e-01,-1.899621106041681634e-02
1.760176017601760290e-01,1.652600454332341096e-02
4.352435243524352404e-01,3.482100757017028703e-02
4.594459445944594767e-01,7.914837356521625678e-02
6.811681168116812124e-01,5.815750726886963484e-01
1.586158615861586185e-01,1.924985566301912546e-02
9.050905090509051010e-02,4.923785581887121093e-02
3.767376737673767684e-01,-1.849111163639142671e-02
9.303930393039304692e-01,4.105405615329084101e-01
4.120412041204120634e-01,1.330198632467079894e-02
1.863186318631863125e-01,9.178367546361242482e-03
2.929292929292929282e-01,-4.395920744453328532e-02
8.937893789378937859e-01,5.701763023479243797e-01
5.370537053705370933e-02,5.854194891571477821e-02
3.083308330833083311e-01,-4.534233091537789168e-02
7.817781778177818053e-01,7.906868343877710981e-01
8.351835183518352412e-01,7.163522813122130684e-01
5.965596559655965692e-01,3.469735851679199845e-01
6.253625362536253673e-01,4.085970102774383328e-01
9.074907490749075656e-01,6.860812276315036984e-01
3.821382138213821333e-01,-1.657440885695831909e-02
9.419941994199420021e-01,4.055564561588240746e-01
2.738273827382738390e-01,-3.657538008280248470e-02
2.728272827282728352e-01,-3.719682624878475896e-02
9.726972697269726797e-01,2.438756724431654088e-01
8.546854685468546764e-01,9.657817625949673968e-01
9.715971597159716033e-01,2.476684778971304790e-01
2.927292729272927274e-01,-4.121364629618765041e-02
3.140314031403140110e-02,3.878814952791196508e-02
1.281128112811281139e-01,3.980684834695665669e-02
3.300330033003300301e-01,-4.104794099024611231e-02
1.395139513951395294e-01,4.480739748044402365e-02
9.980998099809981761e-02,5.615072589834377292e-02
7.296729672967297020e-01,7.702052347283110389e-01
1.159115911591159093e-01,4.211219755481468430e-02
5.525552555255526244e-01,2.501282142243228535e-01
6.622662266226623240e-01,5.288976519521420006e-01
3.200320032003200477e-01,-4.342774355991819990e-02
7.365736573657365449e-01,6.875371788587981703e-01
6.767676767676767957e-01,6.093360803203472509e-01
2.058205820582058310e-01,-4.308711315205035475e-03
4.150415041504150471e-02,4.378286050397958012e-02
1.567156715671567113e-01,2.922904268480291945e-02
5.456545654565456704e-01,2.517694310204988128e-01
9.290929092909291920e-02,5.637511247611831644e-02
5.523552355235523681e-01,2.602869406827636456e-01
2.730273027302730360e-01,-4.088653897949274391e-02
9.371937193719371839e-01,5.145098410393227351e-01
4.800480048004800854e-02,6.105354498907634292e-02
6.000600060006000547e-02,4.170712237861715771e-02
6.995699569956995711e-01,5.858932960989451377e-01
7.207720772077207405e-01,6.611441970770780552e-01
5.510551055105510770e-02,5.278468589926875454e-02
2.935293529352935304e-01,-4.242945798034296334e-02
1.193119311931193222e-01,4.127587989019133180e-02
4.907490749074907566e-01,1.418606764033298884e-01
6.482648264826482709e-01,4.364721525669775781e-01
9.597959795979598141e-01,3.556580625037142895e-01
3.390339033903390642e-01,-3.754342777783180318e-02
2.779277927792779268e-01,-3.957361791134994533e-02
4.432443244324432707e-01,5.619204494360810487e-02
9.173917391739174754e-01,5.801468879612940999e-01
3.908390839083908386e-01,-8.273914862126582198e-03
5.612561256125613296e-01,2.814877226084284700e-01
7.954795479547954740e-01,7.335668063741985767e-01
6.137613761376138344e-01,4.180515840207164047e-01
4.706470647064706636e-01,9.532641878814082648e-02
1.216121612161216170e-01,4.232277483984700495e-02
3.002300230023002281e-01,-4.299778947001096224e-02
9.356935693569357060e-01,5.621769537916012638e-01
9.143914391439144085e-01,6.114496119990624479e-01
9.355935593559355778e-01,5.178488281940346605e-01
3.462346234623462360e-01,-3.193249654869946552e-02
5.220522052205220365e-02,5.289298680139162268e-02
6.436643664366437090e-01,6.099866314737194539e-01
2.126212621262126290e-01,-7.695962425476218262e-03
5.625562556255625513e-01,2.614216445497875574e-01
3.482348234823482436e-01,-3.681918308186960670e-02
7.434743474347434988e-01,5.942226802134381591e-01
4.295429542954295465e-01,3.305537652227535234e-02
5.970597059705971127e-02,5.646398855436578906e-02
4.988498849884988595e-01,1.602496519654450502e-01
5.996599659965996532e-01,3.869066694132721196e-01
3.705370537053705449e-01,-2.202450347552844037e-02
9.092909290929093169e-01,5.677670356145976260e-01
8.274827482748274843e-01,8.107854641848875055e-01
7.496749674967496668e-01,6.783509128134392885e-01
1.052105210521052103e-01,5.766304073195989421e-02
6.158615861586158591e-01,3.914162206951909972e-01
8.066806680668067164e-01,7.546008044133657444e-01
2.100210021002100330e-02,2.928948813408545349e-02
8.183818381838183775e-01,8.561045283876702605e-01
6.069606960696070086e-01,4.385795965376966254e-01
8.556855685568557357e-01,7.447168963710676381e-01
4.486448644864486357e-01,5.449998319202832564e-02
5.095509550955095168e-01,1.636995113089470821e-01
5.190519051905190945e-02,5.739723124524863385e-02
1.057105710571057122e-01,4.686704730700660959e-02
4.953495349534953740e-01,1.315204878788880649e-01
4.496449644964496395e-01,6.043198484510504953e-02
1.305130513051305230e-01,3.683286521226140225e-02
4.545454545454545858e-01,7.031545293575110211e-02
3.331333133313331696e-01,-3.760165864599554486e-02
3.941394139413941788e-01,-5.722492884728389538e-03
1.709170917091709097e-01,1.847892895150973422e-02
8.893889388938893692e-01,5.947209690357166956e-01
6.721672167216722338e-01,5.282949034936985644e-01
7.626762676267626606e-01,9.015927193217493363e-01
3.472347234723472398e-01,-3.549272218249425320e-02
4.987498749874987869e-01,1.404741739682891233e-01
1.317131713171317275e-01,3.878540345466024997e-02
3.241324132413241355e-01,-4.008916142651061665e-02
2.315231523152315174e-01,-1.668414107895262524e-02
5.294529452945294645e-01,1.932707177835204793e-01
8.357835783578357880e-01,5.340709253000445189e-01
5.653565356535653619e-01,3.402533084418085108e-01
8.992899289928992790e-01,6.663295687886192642e-01
2.367236723672367371e-01,-2.070538347533459889e-02
9.030903090309031489e-01,5.569394003100861523e-01
6.296629662966296559e-01,4.708292901029259570e-01
3.211321132113211241e-01,-4.906401075770493170e-02
4.765476547654765582e-01,1.155992091427431034e-01
6.687668766876687654e-01,5.485515806222934776e-01
5.280528052805280592e-02,5.105968198788517209e-02
6.183618361836183963e-01,3.843509951198321173e-01
7.054705470547054658e-01,6.735999419559067780e-01
4.005400540054005476e-01,5.199711465379923923e-04
6.666666666666667407e-01,5.671520536031938731e-01
7.030703070307030289e-02,4.846052775933002571e-02
3.549354935493549412e-01,-3.053522178196723877e-02
4.570457045704570676e-01,8.222178932863086209e-02
2.208220822082208323e-01,-1.389570577822627113e-02
8.993899389938994071e-01,6.087976889129651514e-01
4.824482448244824528e-01,1.179766900612223973e-01
4.621462146214621591e-01,7.410750282346924289e-02
6.561656165616561731e-01,5.263738849177110879e-01
1.391139113911391278e-01,3.687837745571031361e-02
3.120312031203120173e-01,-4.545382208475196029e-02
6.201620162016201476e-01,4.451322603425633684e-01
3.442344234423442284e-01,-3.976931868336987946e-02
8.205820582058206414e-01,7.974156045042950502e-01
2.748274827482748428e-01,-3.887537136978620744e-02
9.280928092809281882e-02,5.583638299571162117e-02
4.215421542154215717e-01,2.432900587525575059e-02
1.223122312231223197e-01,4.663155888030418722e-02
4.000400040004000531e-04,6.106271672703393778e-04
5.264526452645265087e-01,2.033015674920515270e-01
3.333333333333333703e-01,-4.191119679350130411e-02
3.934393439343934484e-01,-5.254886877226268467e-03
8.840884088408841601e-02,5.380053910083253121e-02
8.195819581958195821e-01,6.712997507980342782e-01
4.577457745774577424e-01,6.540022241607161557e-02
7.622762276227622591e-01,7.561179245408287120e-01
2.517251725172517385e-01,-2.818168417069735060e-02
6.431643164316431793e-01,4.785505697322856022e-01
3.623362336233623693e-01,-3.143559220157411682e-02
8.630863086308630805e-02,6.783631675718855558e-02
1.408140814081408065e-01,4.328241870431624727e-02
6.980698069806981487e-02,4.958979405314151850e-02
2.088208820882088146e-01,-4.734599019968851151e-03
7.474747474747475140e-01,7.817491293546505737e-01
5.754575457545755279e-01,4.010025937891432690e-01
8.738873887388739492e-01,7.498434791700827606e-01
5.000500050005001196e-01,1.517509554984269038e-01
2.330233023302330161e-02,3.259736195462993591e-02
2.267226722672267269e-01,-1.624763548494508394e-02
2.695269526952695505e-01,-3.190380548958446361e-02
4.234423442344234512e-01,2.362998693897672142e-02
8.802880288028802624e-01,7.830201503997568091e-01
4.272427242724272656e-01,3.016955535671053679e-02
3.431343134313431520e-01,-4.087521457872610176e-02
6.714671467146714479e-01,4.749424707956933500e-01
5.134513451345135149e-01,1.720223635473621115e-01
3.632363236323632449e-01,-2.515430209180950782e-02
2.706270627062706269e-01,-2.832128344643670970e-02
7.451745174517452330e-01,5.186864869688327939e-01
2.019201920192019162e-01,-1.353407322010494055e-03
4.430443044304430700e-01,4.987955696563324548e-02
1.293129312931293184e-01,4.001302470233066011e-02
3.153315331533153576e-01,-4.126231076395356356e-02
8.805880588058806469e-01,7.266090551841896117e-01
7.950795079507951002e-02,5.821730721841961165e-02
5.207520752075207593e-01,1.894353018615235196e-01
6.935693569356935484e-01,6.268354263377087232e-01
3.786378637863786478e-01,-2.024951078391545520e-02
5.558555855585558536e-01,2.707367887664016703e-01
9.160916091609161427e-01,4.558873425849373495e-01
8.925892589258925813e-01,6.705895549885956264e-01
6.761676167616761379e-01,5.810238503919705755e-01
5.884588458845885217e-01,3.349488919316397917e-01
9.876987698769876811e-01,1.081595620702611310e-01
5.353535353535353591e-01,2.507638759757397362e-01
1.978197819781978284e-01,1.635411925697743745e-03
1.750175017501750391e-02,2.592816197469509365e-02
8.310831083108310979e-01,6.313976497596812676e-01
8.397839783978398032e-01,7.968386469723824916e-01
8.257825782578258611e-01,8.485618122185456524e-01
6.641664166416642034e-01,6.202956069659599780e-01
3.889388938893889591e-01,-1.007193580251444266e-02
7.902790279027902542e-01,7.854091471603046326e-01
5.240524052405240996e-01,2.029472016569648651e-01
5.500550055005500732e-02,5.643451368987494055e-02
7.231723172317231496e-01,6.355168707277468743e-01
2.469246924692469203e-01,-2.830148933394465230e-02
1.860186018601860114e-02,2.545297783730658681e-02
2.877287728772877640e-01,-3.920965883031986982e-02
3.940394039403940507e-01,-5.739937281709029879e-03
2.521252125212521400e-01,-3.149258833734347451e-02
8.168816881688168996e-01,7.646534208567596913e-01
7.309730973097310347e-01,6.348547686727145090e-01
8.562856285628562825e-01,5.927291844805011589e-01
2.750275027502750366e-02,3.113534857901759448e-02
1.365136513651365180e-01,4.153400187019719997e-02
4.431443144314431426e-01,4.382757404859520534e-02
8.117811781178118080e-01,7.436491291568834150e-01
5.896589658965897263e-01,3.907240951990501587e-01
5.024502450245024177e-01,1.580523987600150615e-01
8.657865786578657907e-01,7.471296922067010016e-01
8.577857785778577604e-01,7.203714317075350371e-01
3.150315031503150287e-01,-3.993828189665336176e-02
3.709370937093709464e-01,-2.266070260361154401e-02
8.834883488348834746e-01,6.223081585752990863e-01
5.821582158215822256e-01,3.715954377162102862e-01
1.942194219421942147e-01,3.067699081528562233e-03
6.596659665966596586e-01,5.955422700411940884e-01
6.808680868086809390e-01,6.296345857000741342e-01
4.048404840484048361e-01,4.766938513083452539e-03
1.180118011801180172e-01,4.549204217759075103e-02
6.560656065606561282e-02,5.671655185486131068e-02
1.340134013401340224e-02,1.765808782766046386e-02
2.065206520652065336e-01,-3.889933401927081827e-03
6.626662666266627255e-01,5.663192017100439068e-01
5.868586858685869156e-01,3.066176958806849928e-01
7.076707670767077296e-01,6.486207052942539741e-01
3.280328032803280225e-01,-4.004108972241716274e-02
6.037603760376037965e-01,4.344307387162765766e-01
4.816481648164816498e-01,1.134745053977433416e-01
9.985998599859986502e-01,1.644099430375809551e-02
3.334333433343334430e-01,-3.938570410731355442e-02
2.684268426842684185e-01,-3.470355770344397267e-02
3.201320132013201203e-01,-4.484968451928233318e-02
2.903290329032903183e-01,-3.729304079379643783e-02
1.940194019401940417e-02,2.408235153281274715e-02
5.554555455545554521e-01,2.651739033268150636e-01
1.382138213821382244e-01,3.360999273063913773e-02
7.381738173817381510e-01,5.743678025330275494e-01
8.331833183318332336e-01,6.884446756874323947e-01
5.179517951795179487e-01,1.863676326174834030e-01
6.016601660166016607e-01,3.762078377050718236e-01
4.731473147314731453e-01,1.056004763005969904e-01
3.534353435343534633e-01,-3.620263000897947642e-02
8.975897589758976558e-01,5.796627438919423891e-01
4.477447744774477600e-01,5.759529807921558858e-02
4.690469046904690437e-02,4.216608463940804685e-02
4.932493249324932383e-01,1.308233926841542161e-01
7.876787678767876999e-01,7.850616605170825935e-01
3.681368136813681358e-01,-2.659202393336123835e-02
3.199319931993199195e-01,-4.293038181847959323e-02
3.602360236023602336e-01,-2.913331069414913307e-02
9.730973097309730813e-02,5.741628539198179171e-02
1.054105410541054111e-01,5.107137354636439447e-02
4.941494149414941695e-01,1.284787431343916431e-01
1.870187018701870152e-02,2.514625615020812249e-02
6.575657565756576339e-01,5.624318382442345943e-01
2.979297929792979471e-01,-4.203516047274757222e-02
2.868286828682868328e-01,-4.181253675978209572e-02
2.845284528452845518e-01,-3.767115054945360808e-02
3.033303330333033676e-01,-4.632910536112998245e-02
9.473947394739474781e-01,3.393058663410054021e-01
4.620462046204620865e-01,8.481098575529819050e-02
7.718771877187718955e-01,7.827543131936665066e-01
6.555655565556556263e-01,5.793061319143065768e-01
7.798779877987799258e-01,7.110161249943955930e-01
4.239423942394239808e-01,2.608043718932189295e-02
7.603760376037603796e-01,8.574374929139312318e-01
7.127712771277128212e-01,7.928225233478023437e-01
5.605560556055605437e-01,2.715663099705746819e-01
5.105510551055105761e-01,1.521615318722184806e-01
9.084908490849085139e-01,5.360943852655299935e-01
5.472547254725472765e-01,2.553149595390052373e-01
1.880188018801880190e-02,2.117517905911593321e-02
3.194319431943194454e-01,-4.825259839382200350e-02
3.040304030403040425e-01,-4.247614520248983727e-02
2.375237523752375401e-01,-2.081072895954456936e-02
8.254825482548254767e-01,6.913181174812419449e-01
3.258325832583258697e-01,-4.092627647856270090e-02
3.915391539153915690e-01,-6.785036996324694987e-03
2.044204420442044257e-01,-2.773345524301197053e-03
4.788478847884788392e-01,1.190466515815784138e-01
7.521752175217522041e-01,6.614649312539810921e-01
6.155615561556155857e-01,3.768723403751154111e-01
3.272327232723272195e-01,-4.448956421521852583e-02
3.369336933693369285e-01,-3.402525877219660794e-02
9.660966096609661102e-01,2.754467772131318215e-01
3.476347634763476413e-01,-3.572796964183916346e-02
9.573957395739574050e-01,3.169322736418805908e-01
6.284628462846284513e-01,4.796721266263865302e-01
7.748774877487748514e-01,7.449030939830363351e-01
6.395639563956395657e-01,4.909342668921951036e-01
8.936893689368937688e-01,6.408609801317787236e-01
9.006900690069007398e-01,6.556328710251425607e-01
2.094209420942094169e-01,-4.944648647228792535e-03
2.790279027902790518e-02,3.019387775515351702e-02
1.214121412141214162e-01,4.662606418442372114e-02
5.258525852585258509e-01,2.412630267965893971e-01
7.794779477947795243e-01,8.012274417582627706e-01
3.135313531353135508e-01,-4.897537564332885701e-02
7.920792079207920888e-02,5.716976238499331398e-02
4.764476447644764856e-01,1.059656245134033697e-01
7.969796979697969519e-01,8.036790798025572613e-01
4.090409040904090243e-02,3.847226021952739050e-02
5.155515551555155396e-01,1.789255151979385061e-01
6.270627062706270183e-02,5.426175545560711633e-02
1.963196319631963227e-01,2.060062813876938591e-03
3.825382538253825349e-01,-1.521709593718722012e-02
7.944794479447945257e-01,7.962570395344106267e-01
9.981998199819982487e-01,1.692474279012009392e-02
3.138313831383138242e-01,-4.660699069744276418e-02
3.800380038003800531e-01,-1.690410325136699338e-02
2.710271027102710284e-01,-2.744757195368562400e-02
8.410841084108411358e-02,5.564152919464920855e-02
6.298629862986299122e-01,4.152065741469402327e-01
2.531253125312531438e-01,-3.282959072745197243e-02
8.137813781378138156e-01,5.606205564451141043e-01
7.337733773377338453e-01,8.204222561486442800e-01
4.063406340634063696e-01,5.937546323649365264e-03
2.712271227122712292e-01,-3.460405617098986919e-02
4.619461946194619584e-01,7.993770341555574144e-02
5.116511651165116525e-01,1.573307056405271465e-01
3.229322932293229309e-01,-4.113583937620045317e-02
7.112711271127113433e-01,6.243836602472886410e-01
8.774877487748775629e-01,7.253307582188639469e-01
6.940694069406941336e-02,5.984772428902010444e-02
8.745874587458746241e-01,5.654292708046576577e-01
6.882688268826883116e-01,5.453273367643949321e-01
8.567856785678568121e-01,7.790210296377274579e-01
7.393739373937393555e-01,7.207880548431132572e-01
2.968296829682968152e-01,-3.822325068547893084e-02
5.107510751075107214e-01,1.648551313230991744e-01
7.229722972297230044e-01,7.320075843328471832e-01
1.889188918891889224e-01,8.007003136607014279e-03
3.775377537753775714e-01,-2.128876440983569485e-02
3.695369536953695411e-01,-2.329585328136634520e-02
9.996999699969997266e-01,2.676605782215850989e-03
7.612761276127613108e-01,9.018126333243857706e-01
4.978497849784978557e-01,1.292215647794754951e-01
8.946894689468947170e-01,5.439083245327034355e-01
1.435143514351435168e-01,3.761056007388546146e-02
3.740374037403740304e-02,4.542535992654601201e-02
3.130313031303130072e-02,3.585616366339866579e-02
2.483248324832483256e-01,-3.218774213261330064e-02
1.522152215221522220e-01,3.689296934025618202e-02
2.497249724972497309e-01,-3.177877123389517139e-02
8.833883388338834575e-01,6.433437826075806276e-01
9.250925092509251768e-02,7.194676149749940075e-02
6.812681268126813405e-01,5.580590536157294945e-01
8.791879187918791860e-01,6.882103687915523960e-01
8.220822082208221193e-01,9.167756639772290939e-01
5.703570357035703253e-01,2.595762442243630952e-01
8.515851585158515924e-01,8.083672121963635382e-01
3.960396039603960583e-01,-3.728539221883612944e-03
9.300930093009300847e-01,4.431776686019481271e-01
5.541554155415541194e-01,2.914117669131521815e-01
2.482248224822482252e-01,-3.035849738920485749e-02
6.613661366136613928e-01,5.252649768183774714e-01
3.140314031403140249e-01,-3.846251135952580280e-02
9.668966896689669133e-01,3.364862029050458281e-01
5.977597759775977737e-01,3.684048565412949561e-01
4.607460746074607538e-01,8.788281157570651536e-02
6.536653665366536359e-01,5.117569857762552799e-01
4.828482848284828544e-01,1.401733103946426473e-01
2.246224622462246190e-01,-1.748740466308826985e-02
3.504350435043504519e-01,-3.209614422069102108e-02
1.241124112411241126e-01,4.524028645750133304e-02
1.597159715971597227e-01,2.378450363031171799e-02
5.176517651765176753e-01,1.718555900722665841e-01
5.272527252725273117e-01,1.836756831254191535e-01
4.735473547354735468e-01,1.182071876396225130e-01
7.436743674367436441e-01,7.281469301655549842e-01
7.049704970497050471e-01,6.056342800975940133e-01
4.060406040604060823e-02,4.226100655143848889e-02
6.727672767276727805e-01,5.046686575312415712e-01
9.694969496949695786e-01,2.169333339349298340e-01
6.600660066006601434e-02,4.851155885584947786e-02
3.630363036303630442e-01,-2.389268081274209879e-02
8.961896189618961950e-01,6.110352036228426931e-01
8.530853085308531814e-02,6.319356886035767951e-02
6.837683768376837667e-01,6.113873911704824637e-01
1.133113311331133133e-01,4.793365434049087770e-02
8.197819781978198383e-01,7.225203536320674580e-01
7.545754575457546132e-01,6.595143118527756476e-01
2.672267226722672140e-01,-4.125291969557263322e-02
1.120112011201120084e-01,5.923937593466022805e-02
9.555955595559556537e-01,4.212765447243842498e-01
5.759575957595759466e-01,2.931548994736364877e-01
7.568756875687568941e-01,6.151746443594632296e-01
5.592559255925593220e-01,2.735847335957674042e-01
8.849884988498850635e-01,6.755678184717299750e-01
4.741474147414741491e-01,9.946494342215893292e-02
8.000800080008001062e-04,1.269794030311642823e-03
6.754675467546754630e-01,5.248393449480643902e-01
4.818481848184818506e-01,1.221190757132073201e-01
6.665666566656666125e-01,4.966936105082064845e-01
8.214821482148214615e-01,7.970937339708363822e-01
1.381138113811381241e-01,3.644642169310116642e-02
6.093609360936094177e-01,4.321588773120754179e-01
1.218121812181218178e-01,4.476762555747057504e-02
6.196619661966197290e-01,4.233821775832129486e-01
3.505350535053505245e-01,-3.296203400334637296e-02
3.624362436243624419e-01,-2.608471708735817310e-02
3.690369036903690669e-01,-2.402518271482413995e-02
8.732873287328732914e-01,8.468278049257296214e-01
6.389638963896390189e-01,4.742559806338680906e-01
7.336733673367337172e-01,6.346133538008360553e-01
5.576557655765577159e-01,2.666479424885072613e-01
9.759975997599760200e-01,1.909676144361977523e-01
3.003300330033003562e-01,-4.818806993221774054e-02
5.171517151715171456e-01,1.727766413922576239e-01
8.470847084708471586e-01,7.411523921381135693e-01
9.847984798479848534e-01,1.316059409240624423e-01
6.692669266926692950e-01,5.341964397439461498e-01
4.310431043104310384e-02,3.951018405084026630e-02
5.985598559855985767e-01,3.981769555406533545e-01
9.890989098909891419e-01,1.044126360260234088e-01
2.224222422242224384e-01,-1.334406604750490617e-02
4.604460446044604804e-01,6.826754781945548745e-02
5.253525352535253212e-01,1.945233080265637848e-01
7.149714971497149740e-01,5.975433578168776183e-01
7.701770177017701613e-01,7.993560176783318649e-01
6.300630063006300574e-01,5.198618325472668111e-01
3.182318231823182408e-01,-3.712095362837623119e-02
2.960296029602960122e-01,-4.154146494765065950e-02
3.886388638863886302e-01,-1.172783766220190926e-02
9.436943694369437363e-01,4.710631415586813975e-01
3.718371837183718220e-01,-2.101578573669604308e-02
4.902490249024902824e-01,1.779133380477049831e-01
8.682868286828683280e-01,7.142845979716043736e-01
7.689768976897689567e-01,8.231874766205713456e-01
9.151915191519152115e-01,6.228498569865079659e-01
4.726472647264726712e-01,9.332269947096771823e-02
7.651765176517651978e-01,8.373216496430522238e-01
3.555355535553555435e-01,-3.383241255963050087e-02
3.543354335433543389e-01,-3.157304116034158337e-02
9.350935093509350760e-02,6.034623613195991276e-02
2.259225922592259239e-01,-1.765242408470819174e-02
3.644364436443644495e-01,-2.637069779877983938e-02
9.747974797479748155e-01,2.022734157340213557e-01
2.621262126212621224e-01,-3.746557016583171307e-02
7.006700670067006476e-01,4.983189993564866027e-01
1.580158015801580162e-01,2.639142187800518416e-02
7.491749174917492482e-01,7.240602395972650651e-01
1.808180818081808194e-01,1.383984759769473286e-02
3.798379837983798524e-01,-1.480470057521565339e-02
1.344134413441344100e-01,3.952398712945109222e-02
2.026202620262026188e-01,-1.929361666920810124e-03
5.777577757775778089e-01,2.770149441894487752e-01
1.647164716471647139e-01,2.258627005498614268e-02
1.420142014201420180e-02,1.827199389533025117e-02
4.221422142214221740e-01,2.268338189761351029e-02
4.174417441744174284e-01,2.027081378689849639e-02
3.268326832683268179e-01,-3.951287080732877877e-02
3.165316531653165621e-01,-3.618517223338094113e-02
4.648464846484648416e-01,9.812379313504281109e-02
6.163616361636163887e-01,4.166881707854975248e-01
7.317731773177318377e-01,6.342551596285430637e-01
3.560356035603560731e-01,-3.302862223076265258e-02
7.643764376437643948e-01,6.803713194678507881e-01
3.471347134713471672e-01,-3.250424200749865711e-02
9.373937393739374402e-01,4.791273503940419731e-01
4.362436243624362442e-01,5.063604230864464373e-02
6.735673567356735836e-01,5.966846332593377378e-01
7.075707570757076015e-01,5.980507458161825607e-01
8.575857585758576151e-01,6.366166698322560658e-01
5.268526852685269102e-01,1.882996726214083427e-01
2.730273027302730290e-02,3.496719399722922339e-02
7.386738673867386806e-01,6.980601181538521605e-01
3.561356135613561458e-01,-3.577970370085136603e-02
1.048104810481048088e-01,5.677406979528588915e-02
9.120912091209121275e-02,4.897649951023604065e-02
8.200820082008200562e-02,6.092614695108729966e-02
2.590259025902590384e-01,-3.143489284642457526e-02
8.043804380438044355e-01,8.674871272301355463e-01
8.763876387638763754e-01,7.229670139203672186e-01
4.811481148114811757e-01,1.050341940955112907e-01
9.254925492549255228e-01,5.686135691778415602e-01
5.140514051405140755e-02,5.261828672903320903e-02
6.691669166916691669e-01,5.934837160520566313e-01
1.375137513751375218e-01,3.223240658445531565e-02
2.144214421442144358e-01,-8.699975317099716693e-03
6.627662766276627426e-01,4.775088373095542349e-01
6.631663166316631441e-01,5.399369676809784302e-01
1.777177717771777354e-01,1.308432215541906196e-02
1.482148214821482068e-01,3.199194020210331668e-02
6.226622662266226849e-01,4.656209273942564231e-01
8.980898089808980744e-01,6.697524673039385590e-01
5.801580158015802180e-01,3.513673654171728389e-01
9.148914891489149381e-01,4.489044965085486893e-01
8.860886088608861677e-02,6.050307038260353820e-02
6.105610561056106222e-01,3.811533537102873015e-01
7.114711471147114885e-01,6.481429755687971861e-01
6.440644064406440827e-02,5.365873014379671929e-02
1.786178617861786111e-01,1.310121979324666702e-02
3.307330733073307605e-01,-4.104544880548537111e-02
9.671967196719671866e-01,3.068085927692498216e-01
5.036503650365036222e-01,1.435593613786101674e-01
8.798879887988799720e-01,6.249839567196031620e-01
6.454645464546454603e-01,5.262962817012242223e-01
4.973497349734973816e-01,1.428764487533046856e-01
7.552755275527552881e-01,7.082818770160899113e-01
6.460646064606460903e-02,5.473988442754014472e-02
7.024702470247025099e-01,6.635196052343167450e-01
7.640764076407641214e-02,5.480573894670696944e-02
8.212821282128213163e-01,8.633487584682730809e-01
1.490149014901490272e-02,2.141388639050011838e-02
9.049904990499050284e-01,6.726563656240254208e-01
6.899689968996900458e-01,6.166706158443018282e-01
5.636563656365636277e-01,3.229974135447446493e-01
1.602160216021602246e-01,3.214560541525757209e-02
5.369536953695369652e-01,1.833772830851390367e-01
5.549554955495549224e-01,2.570266246950890787e-01
9.766976697669766949e-01,2.035851025370953304e-01
3.899389938993899629e-01,-9.359458060473545629e-03
1.979197919791979288e-01,1.228074659296641159e-03
2.255225522552255224e-01,-1.456060862499960508e-02
3.467346734673467656e-01,-3.465470936555080372e-02
9.136913691369137336e-01,5.460686785222923501e-01
8.336833683368337633e-01,7.043634514748040587e-01
7.209720972097209968e-01,8.049939528508432973e-01
3.273327332733273476e-01,-3.657730935397471295e-02
6.621662166216621959e-01,4.921304677359722990e-01
8.565856585658566669e-01,7.661497440611803045e-01
5.795579557955795602e-01,3.434641522491648225e-01
4.868486848684868695e-01,1.168365364064030548e-01
2.932293229322932571e-01,-4.334794061895862888e-02
2.200220022002200362e-02,3.229526167163283834e-02
4.030403040304030710e-02,4.317442626764914082e-02
8.178817881788179589e-01,8.105249198815432932e-01
6.027602760276027372e-01,3.684900902471960893e-01
1.174117411741174150e-01,5.265651316992431968e-02
6.630663066306631548e-02,4.933766682115547919e-02
8.018801880188018982e-01,7.651615409072599627e-01
3.136313631363136234e-01,-3.840959959675629976e-02
8.579857985798580167e-01,7.225058847740584156e-01
2.836283628362836207e-01,-3.713351711352665119e-02
5.539553955395539742e-01,2.928208202944347360e-01
7.700770077007701442e-03,1.145153369558071267e-02
7.293729372937294286e-01,7.178206294466127346e-01
4.200420042004200383e-01,2.411995102979501773e-02
8.121812181218122095e-01,6.416711795480476432e-01
5.377537753775377682e-01,2.042352912327127790e-01
9.467946794679468203e-01,4.873249037708992093e-01
1.899189918991899262e-01,6.654230058174338304e-03
8.111811181118112613e-01,8.281318393142858003e-01
4.469446944694469570e-01,5.895683458964622731e-02
7.737773777377737749e-01,7.504572184526003831e-01
8.605860586058605710e-01,8.058810780675900176e-01
5.697569756975697786e-01,3.235669682030978267e-01
4.426442644264426685e-01,5.392756437986813423e-02
6.285628562856285795e-01,5.478456035578446182e-01
1.872187218721872159e-01,8.189038831137068070e-03
4.885488548854885482e-01,1.214212325390068292e-01
8.616861686168617585e-01,7.609780833291432955e-01
6.567656765676568309e-01,4.526595695784236262e-01
8.938893889388939140e-01,5.461392767912640611e-01
2.157215721572157408e-01,-1.001287746649989416e-02
8.985898589858986041e-01,6.844178276188539467e-01
5.091509150915091153e-01,1.505937881577480431e-01
4.800480048004800437e-01,1.189503693851045873e-01
2.369236923692369379e-01,-2.050020080184945456e-02
3.429342934293429512e-01,-3.315914523727347962e-02
5.058505850585058861e-01,1.762242374976855652e-01
5.971597159715972269e-01,4.484519475210085870e-01
5.208520852085208874e-01,1.795365651289741737e-01
9.834983498349835207e-01,1.542435217463900277e-01
2.080208020802080254e-02,3.021833835645129640e-02
5.328532853285328219e-01,1.961415117914340200e-01
2.393239323932393192e-01,-1.978747508255364676e-02
1.756175617561756275e-01,1.405398512095239021e-02
3.565356535653565473e-01,-3.373222353558689990e-02
1.477147714771477327e-01,3.253171537349604236e-02
1.342134213421342093e-01,4.242878545588155137e-02
9.848984898489849815e-01,1.368897056482525909e-01
7.253725372537254135e-01,6.836280809027938110e-01
2.870287028702870336e-01,-4.006051217897266259e-02
5.880588058805881202e-01,4.332182434810687433e-01
5.560556055605560960e-02,4.691201558385484083e-02
4.007400740074007484e-01,7.454377768773289047e-04
8.858885888588858837e-01,5.601745662126150771e-01
1.208120812081208140e-01,4.897469753317802016e-02
6.521652165216521579e-01,5.014063014983434208e-01
8.630863086308631082e-01,7.569471005308430200e-01
4.721472147214721415e-01,9.815158349492858481e-02
2.703270327032703535e-01,-3.240793698585796301e-02
4.258425842584258603e-01,3.026763193411405317e-02
5.860586058605860710e-02,5.454776992250113393e-02
7.905790579057906386e-01,8.618138782915180096e-01
9.491949194919492294e-01,4.244106220518694128e-01
1.608160816081608269e-01,2.518511181662437537e-02
7.420742074207420380e-02,5.497970152029116320e-02
6.987698769876987681e-01,6.396818595366353666e-01
8.045804580458045807e-01,8.355300727613776957e-01
1.690169016901690163e-02,2.113161458841305781e-02
1.402140214021402320e-01,3.749364119751377039e-02
9.048904890489049002e-01,6.125132228531444678e-01
6.067606760676067523e-01,4.156117920134135835e-01
1.377137713771377225e-01,4.384733425839365539e-02
9.880988098809880826e-01,1.067136605868232307e-01
2.697269726972697512e-01,-3.758813638649369931e-02
9.771977197719772246e-01,2.134082687911891818e-01
3.525352535253525321e-01,-3.532227412663734023e-02
4.529452945294529798e-01,6.135183289496952408e-02
3.605360536053605625e-01,-2.921684450347707129e-02
8.067806780678068446e-01,8.485374513784376127e-01
5.669566956695669679e-01,3.107859570768179980e-01
8.012801280128013515e-01,6.898989589927339017e-01
5.713571357135713846e-01,3.048601544574406907e-01
5.234523452345234418e-01,2.381503988790990567e-01
4.010401040104010634e-02,3.979643122909759523e-02
7.560756075607560911e-02,6.588943960597140603e-02
5.737573757375737937e-01,3.575355019852202720e-01
1.658165816581658181e-01,2.215078173438871437e-02
1.714171417141714115e-01,1.924354306777014550e-02
8.305830583058305683e-01,7.697731574800420473e-01
8.476847684768477054e-01,9.120804625950138522e-01
1.501150115011501140e-01,2.714358726492643523e-02
9.267926792679268555e-01,5.074575483447583135e-01
8.026802680268027013e-01,8.568016419187346466e-01
3.510351035103510126e-02,4.088797418734826244e-02
3.868386838683868789e-01,-1.284228092487977105e-02
8.679867986798680546e-01,7.341916653223439226e-01
9.276927692769276756e-01,5.797923692903486081e-01
1.049104910491049092e-01,5.314869664948645989e-02
5.398539853985399040e-01,2.221064227464430996e-01
1.235123512351235103e-01,4.333998584186427028e-02
6.574657465746575058e-01,5.456777686961395979e-01
5.544554455445545038e-01,2.541973562628651040e-01
7.425742574257425677e-01,7.024404293339875371e-01
6.073607360736074101e-01,3.993509631200219401e-01
2.412241224122412264e-01,-2.586022117809948923e-02
5.431543154315431332e-01,2.235987004884555374e-01
3.840384038403840683e-01,-1.323943327720769787e-02
4.813481348134813764e-01,1.035600249116472166e-01
2.055205520552055298e-01,-3.399248415671822163e-03
7.176717671767176565e-01,6.165598810870557278e-01
4.518451845184518478e-01,5.711544498734083541e-02
8.048804880488048541e-01,7.025417476928212945e-01
7.062706270627062688e-01,6.533365222187387245e-01
3.925392539253925728e-01,-6.022461028933304324e-03
3.978397839783978651e-01,-1.747751722342703309e-03
4.664466446644664477e-01,9.649186582399069123e-02
6.500650065006501055e-02,5.077637413295417457e-02
1.515151515151515194e-01,3.458013011194097097e-02
4.750475047504750664e-02,5.533030046295291104e-02
1.189118911891189206e-01,4.742507805201308380e-02
9.740974097409741406e-01,2.054790263761379077e-01
9.605960596059606171e-01,3.756842121276127155e-01
3.640364036403640480e-01,-2.558084815767252759e-02
8.057805780578057853e-01,7.588473732646873193e-01
9.906990699069907480e-01,7.850325559566988243e-02
7.206720672067207234e-01,6.578512857965906901e-01
6.725672567256726353e-01,5.696995577917645104e-01
6.202620262026202758e-01,3.870645564671873484e-01
2.080208020802080393e-01,-5.049124929700480116e-03
5.789578957895790134e-01,3.250929406014352319e-01
4.430443044304430839e-02,5.319837621703644298e-02
3.904390439043904371e-01,-9.651850418555426442e-03
3.933393339333933758e-01,-6.289857871552635010e-03
8.076807680768076647e-01,7.634299481270262477e-01
5.505550555055506168e-01,2.372944999053652748e-01
4.789478947894789673e-01,1.098188826647442801e-01
9.916991699169916963e-01,6.910511774526173490e-02
2.237223722372237433e-01,-1.668304666981674372e-02
6.758675867586758645e-01,6.436236640849363200e-01
7.000700070007000522e-03,1.111809180783688775e-02
6.102610261026102378e-01,3.930895598480866338e-01
1.877187718771877178e-01,5.816491825309673923e-03
3.455345534553455611e-01,-4.422005882309208019e-02
2.459245924592459442e-01,-3.021345263519284799e-02
7.936793679367937226e-01,7.626042352658117807e-01
2.910291029102910487e-01,-4.263001183704696190e-02
1.678167816781678257e-01,1.928772157630921982e-02
9.812981298129813679e-01,1.540365642019035641e-01
2.900290029002900588e-03,4.663374431908750596e-03
3.167316731673167629e-01,-3.997924194195854458e-02
8.156815681568156950e-01,8.278982841903994583e-01
7.760776077607760559e-01,7.909222946880251071e-01
3.845384538453845424e-01,-1.421769561461012042e-02
9.227922792279228403e-01,6.015340844462183645e-01
7.121712171217121634e-01,6.441041110346802379e-01
8.047804780478048370e-01,7.411020649993720344e-01
6.066606660666067352e-01,3.891719380722918897e-01
5.847584758475847799e-01,3.993371600812370970e-01
7.200720072007201281e-03,1.109894730679983864e-02
4.280428042804280270e-02,4.938166965666182517e-02
3.967396739673967332e-01,-2.778394203746079039e-03
5.758575857585759294e-01,3.108796752649199968e-01
8.880888088808881475e-01,7.435795976402692631e-01
5.494549454945494293e-01,2.536609193187683298e-01
1.368136813681368191e-01,4.414478543587317672e-02
2.333233323332333242e-01,-2.023698537724110541e-02
7.860786078607860661e-02,5.331075363331980871e-02
7.500750075007500683e-03,1.143768697127138523e-02
3.374337433743374581e-01,-3.595388054395482619e-02
2.749274927492749154e-01,-3.812891630976872337e-02
9.038903890389039519e-01,5.723417380438119428e-01
1.116111611161116207e-01,5.012038850139799440e-02
8.637863786378637831e-01,7.019870506615588646e-01
7.665766576657665476e-01,8.473181875799542517e-01
6.138613861386138515e-01,4.341465804253074601e-01
7.482748274827483170e-01,7.103546783641876416e-01
7.782778277827783198e-01,8.504489334567494341e-01
6.377637763776378144e-01,5.290573540530597585e-01
9.499949994999500325e-01,3.611605787446984239e-01
2.865286528652865594e-01,-3.452096917441175444e-02
2.669266926692669406e-01,-3.506235807558800988e-02
1.688168816881688294e-01,2.298592150916697191e-02
3.327332733273327681e-01,-3.941578099819902786e-02
9.889988998899890138e-01,1.027970093595495793e-01
7.846784678467847440e-01,9.627226234453780673e-01
1.349134913491349119e-01,3.899399099178371686e-02
4.017401740174017521e-01,1.761553508431564115e-03
1.215121512151215166e-01,5.574204429393232046e-02
6.813681368136813576e-01,5.161136812859039580e-01
7.855785578557855642e-01,8.395883152433474272e-01
4.235423542354235793e-01,2.246240833098029493e-02
8.175817581758175745e-01,7.761444724897146319e-01
9.757975797579758748e-01,2.248364577345094428e-01
7.128712871287129493e-01,6.625162820825201138e-01
6.940694069406940780e-01,6.050530366281341443e-01
9.131913191319132039e-01,6.426510473178213001e-01
1.129112911291129118e-01,4.419826316568015168e-02
1.030103010301030089e-02,1.554617815977554079e-02
2.381238123812381424e-01,-2.488552051688063677e-02
7.275727572757275663e-01,5.866316552356288794e-01
2.951295129512951365e-01,-4.301875764528963197e-02
9.280928092809280772e-01,5.148992350810477348e-01
2.150215021502150381e-01,-9.423257758979440915e-03
8.040804080408041621e-01,8.135020844430184139e-01
3.969396939693969339e-01,-3.199973574032927148e-03
7.896789678967897075e-01,6.784555626708254072e-01
7.011701170117011772e-01,6.457564197835092834e-01
3.450345034503450592e-02,4.197553360660377653e-02
4.540454045404540562e-01,5.300758602117664614e-02
2.457245724572457435e-01,-2.464092266000959819e-02
2.051205120512051283e-01,-3.460048136749985757e-03
5.394539453945395024e-01,2.361813588124914431e-01
9.508950895089509636e-01,4.395846135973637825e-01
8.206820682068206585e-01,8.948842864287199772e-01
9.990999099909991799e-01,7.570524430987030269e-03
8.883888388838884209e-01,5.486210451531561283e-01
3.470347034703470390e-01,-3.798774017685997706e-02
8.960896089608960668e-02,4.675857564530888633e-02
3.151315131513151568e-01,-3.874271562349870107e-02
1.083108310831083082e-01,4.906276298445656769e-02
1.620162016201620245e-02,2.389256401834830359e-02
9.913991399139914229e-01,7.048144207703060937e-02
9.875987598759876640e-01,9.887711639344495818e-02
3.944394439443944522e-01,-4.867164969902294108e-03
1.185118511851185191e-01,3.775631152807901181e-02
9.212921292129213624e-01,5.093347306579464329e-01
9.210921092109211616e-02,7.126817623550929515e-02
2.078207820782078386e-01,-4.824971574523875470e-03
1.041104110411041200e-01,5.427470975400430081e-02
1.802180218021802172e-01,1.377007137211719995e-02
9.368936893689369105e-01,4.981229450482895782e-01
2.799279927992799344e-01,-3.832542203110743395e-02
7.897789778977898356e-01,7.424146018516651901e-01
5.856585658565857111e-01,3.194298537035257235e-01
1.202120212021202117e-01,3.694933175322671209e-02
1.939193919391939136e-01,3.760155629267610509e-03
9.813981398139813850e-01,1.667534016070543468e-01
7.246724672467247386e-01,7.447738773450306438e-01
2.595259525952595125e-01,-2.895182697918430997e-02
4.455445544554455517e-01,4.894281097514836809e-02
7.395739573957396118e-01,7.716824138501772179e-01
2.665266526652665391e-01,-3.736922251574475995e-02
7.134713471347134961e-01,7.300572416752473259e-01
5.931593159315932118e-01,3.314816475911978033e-01
2.370237023702370313e-02,3.235093427435214303e-02
4.795479547954795696e-01,1.151812653634036315e-01
3.348334833483348483e-01,-3.683199243318929089e-02
7.508750875087508714e-01,7.442831247721704013e-01
2.620262026202620220e-02,3.399876141089257925e-02
9.269926992699270007e-01,5.495258425822570070e-01
3.084308430843084592e-01,-4.653335082341507334e-02
4.267426742674267359e-01,2.823721716154927591e-02
2.365236523652365364e-01,-2.434936413001350872e-02
5.835583558355835754e-01,3.063943057244832291e-01
5.401540154015401773e-01,2.129494914424906460e-01
3.938393839383938499e-01,-6.264711626377222724e-03
7.438743874387439003e-01,7.583446411000659415e-01
3.060306030603060501e-01,-4.362469425952632263e-02
2.939293929392939320e-01,-3.921209642873187823e-02
9.391939193919391915e-01,4.293442647784439514e-01
6.717671767176718323e-01,5.652642771345174344e-01
7.456745674567456517e-01,6.758330873579609932e-01
6.508650865086509363e-01,4.684761218822679485e-01
1.576157615761576147e-01,2.812154736789266099e-02
5.110511051105110641e-02,4.804606249231520299e-02
6.413641364136414280e-01,5.440401266408776415e-01
4.628462846284628340e-01,7.674191608824582067e-02
9.066906690669067626e-01,5.526652631279193040e-01
9.079907990799079842e-01,5.604406989679587836e-01
1.240124012401240192e-02,1.684261125609059356e-02
9.330933093309331516e-01,4.638894707506509008e-01
5.696569656965696504e-01,3.022840201415192829e-01
1.277127712771277124e-01,2.972580031002772932e-02
9.204920492049205594e-01,5.396930027253681317e-01
9.440944094409441101e-02,5.481995907100839505e-02
8.683868386838684561e-01,6.729786635518550941e-01
6.310631063106311167e-01,4.482420144788178407e-01
7.480748074807480608e-01,7.800637847218916399e-01
1.523152315231523224e-01,2.551517466680017221e-02
9.444944494449445394e-01,4.375497449445325260e-01
6.246624662466246924e-01,4.231812922102098917e-01
3.143314331433143538e-01,-4.077057114098021212e-02
7.800780078007800433e-02,5.304456566469894357e-02
5.414541454145415100e-01,2.831347387211753941e-01
2.209220922092209327e-01,-1.353689912808623934e-02
9.538953895389539195e-01,3.788463435271814950e-01
1.413141314131413084e-01,3.680773458489981775e-02
2.226222622262226392e-01,-1.433155531716798388e-02
7.669766976697669492e-01,7.601183758152679770e-01
8.889888988898889677e-01,6.755849066646106849e-01
8.492849284928493114e-01,7.534146610834274727e-01
1.593159315931593212e-01,2.597149878560333497e-02
3.667366736673667305e-01,-2.562706293304985519e-02
5.400540054005401047e-02,5.499839257350459809e-02
3.570357035703570214e-01,-3.740387826955183376e-02
9.123912391239124009e-01,6.201986288504800493e-01
5.823582358235823708e-01,3.029871600770973061e-01
3.300330033003300370e-03,6.010231444600490532e-03
2.200220022002200102e-03,3.662687268730811449e-03
4.626462646264626888e-01,7.594521123608392876e-02
8.090809080908091255e-01,6.368335675226443060e-01
5.430543054305430467e-02,3.954277503538741745e-02
6.609660966096609913e-01,5.420093749270780137e-01
8.676867686768676702e-01,7.917439482108852289e-01
9.740974097409740851e-02,5.555470235961779135e-02
6.749674967496750444e-01,5.943418547429915044e-01
4.420442044204420801e-02,4.017711320145743448e-02
8.756875687568757005e-01,7.043338384701332000e-01
3.628362836283628434e-01,-3.077503630546898558e-02
5.872587258725873172e-01,2.880661306415063239e-01
3.600360036003600640e-03,5.829230825656916450e-03
2.952295229522952646e-01,-4.321703307824813212e-02
8.174817481748175574e-01,7.871952747140219531e-01
7.301730173017302317e-01,5.663297113629754964e-01
1.297129712971297200e-01,3.667680658753142559e-02
8.160816081608160411e-02,6.212923020733836232e-02
6.265626562656265719e-01,4.206518385373772539e-01
6.128612861286129032e-01,4.659974066446338492e-01
6.010601060106011140e-01,3.148221114894174111e-01
8.967896789678968528e-01,5.602762550328810320e-01
8.603860386038604258e-01,6.167334764600261865e-01
5.205520552055206140e-01,2.184954920204399964e-01
9.697969796979698520e-01,2.711546012655985938e-01
2.427242724272427321e-01,-2.342722103602373762e-02
8.424842484248424856e-01,7.065889072776033730e-01
7.706770677067706909e-01,6.460202368804952577e-01
4.859485948594859384e-01,1.263711270278439491e-01
6.400640064006400849e-03,1.036997355907426019e-02
8.796879687968797157e-01,6.319269976066254069e-01
7.328732873287329141e-01,7.383642341127736319e-01
1.155115511551155216e-01,5.097668707794037607e-02
6.790679067906790767e-02,5.219772523415550786e-02
4.910491049104910855e-01,1.398140229357730524e-01
9.528952895289529712e-01,3.714162257728104155e-01
9.014901490149015428e-01,5.779345725416950019e-01
9.348934893489349029e-01,4.820553180847343411e-01
1.071107110711071175e-01,5.704392872094216083e-02
3.924392439243924446e-01,-7.886152603511879799e-03
4.365436543654365731e-01,4.023508085848943872e-02
9.007900790079008679e-01,6.066923480263204382e-01
9.455945594559456158e-01,3.884836636812530331e-01
1.662166216621662196e-01,1.877616957343508988e-02
5.478547854785478233e-01,2.620680140245857936e-01
9.965996599659966426e-01,3.115286777265196400e-02
4.326432643264326305e-01,3.206672940759065782e-02
2.463246324632463458e-01,-2.926521627786804469e-02
9.918991899189919526e-01,7.298270450649292640e-02
8.430843084308431434e-02,5.316208138755068591e-02
2.864286428642864313e-01,-4.195863125552223849e-02
6.835683568356836215e-01,5.599188053915098440e-01
4.190419041904190622e-02,4.460996898317540205e-02
3.053305330533053197e-01,-3.624552232271825714e-02
3.780378037803780455e-02,3.517036020008729169e-02
2.162216221622162149e-01,-9.244370895554790066e-03
9.477947794779478796e-01,4.181732588733639844e-01
5.334533453345334797e-01,2.150499209860163297e-01
5.685568556855685740e-01,3.178689899560569465e-01
3.170317031703170224e-02,3.535238502784614212e-02
1.773177317731773339e-01,1.479538712773163962e-02
2.871287128712871617e-01,-3.694018810414782805e-02
9.153915391539154678e-01,5.955623397812003228e-01
7.377737773777377495e-01,8.052426249773004807e-01
5.929592959295929555e-01,3.888788978425853360e-01
9.635963596359635730e-01,2.529904267698642739e-01
6.505650565056505519e-01,4.836362494377043353e-01
9.414941494149414725e-01,3.945239006949666227e-01
9.247924792479248479e-01,5.428781479405307975e-01
7.044704470447045175e-01,6.239336495052579812e-01
3.754375437543754357e-01,-2.018630167347362780e-02
8.999899989999000649e-01,6.265555879696405039e-01
8.353835383538353865e-01,7.796935457852989249e-01
9.439943994399440097e-01,3.582422614708365982e-01
1.710171017101710239e-02,2.441735573318649585e-02
3.065306530653065242e-01,-3.637290910978697306e-02
1.050105010501050096e-01,4.899138295469767507e-02
3.260326032603260565e-02,4.497844469106530851e-02
3.916391639163916416e-01,-6.862085265690195945e-03
6.593659365936593852e-01,5.812428751323441833e-01
7.745774577457745780e-01,6.530627413838624440e-01
8.864886488648865415e-01,7.299325378013252763e-01
5.050505050505050414e-02,5.079104430073842769e-02
5.940594059405941013e-02,5.630578158301379615e-02
2.847284728472847526e-01,-4.643847494405466819e-02
5.004500450045005211e-01,1.579795588182847932e-01
8.301830183018301668e-01,7.586951765227289979e-01
2.087208720872087142e-01,-5.823627853400581596e-03
6.370637063706371395e-01,5.529192478990218040e-01
9.338933893389339547e-01,4.971201316016888305e-01
4.844484448444844604e-01,1.119654240272983658e-01
2.196219621962196278e-01,-1.142923406630883335e-02
3.658365836583658548e-01,-2.949667946860100656e-02
7.018701870187018521e-01,6.082081833839360074e-01
8.973897389738973995e-01,5.922461986756935026e-01
3.913391339133913682e-01,-8.226812792786629761e-03
2.346234623462346292e-01,-1.822153037453741464e-02
8.998899889988999368e-01,7.478020333004533615e-01
2.722272227222722329e-01,-4.190735311670448771e-02
5.100510051005100604e-02,5.418002969669652447e-02
6.140614061406141078e-01,4.361139463944880834e-01
9.486948694869486998e-01,4.713752763609174723e-01
6.905690569056905925e-01,6.281449325317877141e-01
1.996199619961996352e-01,2.172142986777906952e-04
6.600660066006600740e-03,1.058889240670812110e-02
8.588858885888589478e-01,6.729017936153618429e-01
2.462246224622462454e-01,-2.101344266900437296e-02
2.610261026102610182e-02,2.898164889166487262e-02
5.075507550755076203e-01,1.926656823730612811e-01
1.841184118411841319e-01,9.088802367172972574e-03
4.581458145814581440e-01,7.399196404669951266e-02
3.530353035303530201e-02,4.064146565004488065e-02
7.157715771577157771e-01,7.399785592869495554e-01
9.447944794479448127e-01,3.956576905975481284e-01
8.169816981698170277e-01,8.674011827324129564e-01
7.790779077907791228e-01,9.572730198528549561e-01
4.669466946694669773e-01,8.517522924254988803e-02
6.581658165816581807e-01,4.910262698999556807e-01
2.705270527052705543e-01,-3.548056739368660173e-02
5.660566056605660645e-02,5.424581865970453526e-02
8.068806880688068617e-01,9.406024147017177928e-01
6.612661266126612647e-01,5.416730656149399969e-01
9.909990999099910214e-01,8.373713957461700885e-02
1.274127412741274112e-01,4.486654536590587578e-02
9.655965596559655806e-01,2.550027801880649925e-01
3.577357735773577518e-01,-3.612261400828178232e-02
4.054405440544054384e-01,5.680675640033786000e-03
6.088608860886088880e-01,4.113995110045775006e-01
2.721272127212721603e-01,-4.052731216136097603e-02
7.685768576857685552e-01,6.835166319148351377e-01
2.292229222922292364e-01,-2.028247663058964020e-02
9.357935793579358341e-01,4.737094037079234710e-01
7.358735873587358700e-01,6.994919399222636613e-01
4.115411541154115338e-01,9.702363396642318255e-03
1.886188618861886213e-01,7.021210506453663680e-03
3.352335233523352498e-01,-4.027149790509601535e-02
3.047304730473047174e-01,-4.870453807490646853e-02
6.467646764676467930e-01,4.946308526410663764e-01
2.161216121612161423e-01,-1.210714184529541881e-02
7.636763676367637199e-01,5.947530871286201837e-01
1.194119411941194225e-01,4.479295880957422787e-02
3.177317731773177667e-01,-4.549533374374753469e-02
5.020502050205020161e-01,1.435154965536741545e-01
3.627362736273627708e-01,-2.621288835420800684e-02
2.755275527552755177e-01,-4.303240553579536221e-02
1.635163516351635093e-01,2.214694135153570317e-02
9.658965896589659650e-01,2.825246534694179634e-01
6.610661066106611194e-01,5.735260021658568075e-01
7.522752275227523322e-01,7.196830626074328663e-01
7.346734673467346655e-01,8.269946623743831271e-01
1.374137413741374214e-01,3.579712189089431090e-02
6.950695069506951373e-01,5.475185599032416084e-01
3.639363936393639753e-01,-2.655491502130867890e-02
8.591859185918592212e-01,7.778354437121587361e-01
7.143714371437144273e-01,7.927154445043159692e-01
1.452145214521452232e-01,3.227564038453557826e-02
9.902990299029903465e-01,9.291009548704945442e-02
5.349534953495349576e-01,2.420033362033685853e-01
3.542354235423542663e-01,-2.906220580617130400e-02
1.974197419741974269e-01,1.565792030431413561e-03
8.369836983698369925e-01,7.383205806899237889e-01
2.455245524552455427e-01,-2.714887731311572960e-02
5.397539753975397758e-01,1.825035904662849762e-01
9.064906490649065063e-01,6.021370229556102238e-01
3.200320032003200338e-02,4.254718404545698718e-02
1.138113811381138152e-01,5.387879274436706972e-02
3.068306830683068531e-01,-4.035101775935814872e-02
8.673867386738673968e-01,7.705691596259657272e-01
7.646764676467646682e-01,7.778548271272199832e-01
7.197719771977197922e-01,5.499160048984087501e-01
7.995799579957996173e-01,7.139806625559043107e-01
4.680468046804680537e-01,8.316820637753058465e-02
3.698369836983698700e-01,-2.271972990757513411e-02
7.576757675767576972e-01,7.341259671148123722e-01
7.448744874487448486e-01,7.305838530701476152e-01
8.008800880088009500e-01,7.700152244698871273e-01
5.536553655365537008e-01,2.509604243476653562e-01
4.043404340434043620e-01,3.890108182947348871e-03
2.889288928892889130e-01,-3.503310481585052844e-02
8.244824482448245284e-01,6.654311215988570893e-01
6.070607060706070812e-02,5.496181772741337568e-02
5.407540754075407241e-01,2.580547370491735881e-01
1.165116511651165115e-01,4.603280732487623900e-02
4.864486448644864680e-01,1.213710398736644880e-01
1.340134013401340085e-01,4.599190712154531402e-02
1.941194119411941144e-01,4.221330558502679568e-03
7.383738373837384072e-01,6.862666158642380942e-01
2.470247024702470207e-01,-2.626395537779395439e-02
1.535153515351535269e-01,3.074099876176427520e-02
6.450645064506450865e-02,6.325673133600995257e-02
9.904990499049904917e-01,8.949165124747625322e-02
3.699369936993699426e-01,-2.483052713449101709e-02
4.429442944294429418e-01,5.741759043587983669e-02
4.243424342434243823e-01,2.522419254471227473e-02
3.563356335633563465e-01,-3.044085057522882137e-02
2.442244224422442378e-01,-2.473690690616945492e-02
1.708170817081708093e-01,2.052402059210991364e-02
3.690369036903690808e-02,3.705546218769611294e-02
2.383238323832383432e-01,-2.475198706020588849e-02
6.638663866386639301e-01,5.378416919163814258e-01
3.075307530753075280e-01,-4.182906581459769346e-02
2.742274227422742405e-01,-3.914005869984110708e-02
9.438943894389438816e-01,4.298446359045980936e-01
6.983698369836983666e-01,6.461210313433680685e-01
6.723672367236723790e-01,5.293333239545721103e-01
2.283228322832283330e-01,-1.711944259815260938e-02
7.036703670367037144e-01,5.522688934793064108e-01
3.619361936193619678e-01,-2.833723176517467801e-02
7.289728972897290271e-01,8.073925538779496147e-01
4.188418841884188337e-01,1.672686541857721157e-02
1.580158015801580093e-02,2.234032464784007493e-02
1.131113111311131125e-01,4.781318358506506105e-02
7.946794679467946709e-01,8.925143679700170418e-01
8.321832183218321743e-01,6.426344094643063887e-01
6.217621762176217537e-01,4.688551518035760091e-01
8.991899189918992619e-01,6.442594983179674717e-01
9.748974897489749436e-01,1.962798386717515275e-01
7.997799779977997625e-01,7.657762072349666438e-01
4.979497949794979839e-01,1.490093162101531754e-01
6.682668266826682357e-01,5.014506157054778868e-01
9.790979097909791040e-01,1.873148821527665375e-01
6.000600060006001067e-04,1.037544690591112994e-03
6.103610361036103660e-01,4.381786999652510506e-01
1.695169516951695321e-01,2.048485770111800261e-02
7.999799979998000188e-01,8.410748931513013504e-01
2.429242924292429329e-01,-2.267784151076841087e-02
5.513551355135514198e-01,2.653749528789758338e-01
3.629362936293629716e-01,-2.854546272101573384e-02
6.934693469346935313e-01,6.327154783182149522e-01
4.834483448344834566e-01,1.227515163923416502e-01
9.765976597659766778e-01,2.263220665831037204e-01
6.716671667166717041e-01,5.507516378120362877e-01
5.849584958495849252e-01,3.684940604474004622e-01
5.769576957695770059e-01,2.609223034315704126e-01
3.171317131713171644e-01,-4.179032168906961220e-02
1.746174617461746237e-01,1.508053307288675232e-02
3.962396239623962590e-01,-3.236246284548110683e-03
8.730873087308731462e-01,6.356055661412323143e-01
7.841784178417842144e-01,7.576625511455680195e-01
6.287628762876288357e-01,3.980095636970675810e-01
7.487748774877488467e-01,7.426304187677086333e-01
7.447744774477448315e-01,6.230837557051621678e-01
1.780178017801780366e-01,1.452627404097645361e-02
7.931793179317931930e-01,6.789139063548672581e-01
5.218521852185218357e-01,1.950188632042107739e-01
7.220722072207221010e-02,5.930127714003392836e-02
8.134813481348135422e-01,6.261955640384522237e-01
4.284428442844284701e-01,3.429416918577601892e-02
1.270127012701270132e-02,2.368556905718614825e-02
4.445444544454445479e-01,6.351167721569871139e-02
9.098909890989099747e-01,5.580964693862724424e-01
1.944194419441944155e-01,3.170647733952193688e-03
1.538153815381538281e-01,2.882851840070303068e-02
7.040704070407041160e-01,5.415300355459635728e-01
6.977697769776978198e-01,5.960897837099472518e-01
1.112111211121112192e-01,5.720005240343211533e-02
1.455145514551455244e-01,4.078047812366634994e-02
9.082908290829083686e-01,5.865979345231175923e-01
7.854785478547855471e-01,6.528434898962900412e-01
2.503250325032503332e-01,-2.473491911319235931e-02
1.170117011701170100e-02,1.959023851279137474e-02
8.265826582658266641e-01,6.589154531036878204e-01
8.101810181018102019e-01,9.394005171897179540e-01
5.779577957795779541e-01,3.477086796591954410e-01
4.520452045204520486e-01,6.933386491709804533e-02
8.272827282728273390e-01,7.597812945504480719e-01
9.819981998199820428e-01,1.647626275265224871e-01
8.952895289528952638e-01,6.346002245876647407e-01
9.200920092009201579e-02,5.211445641335375051e-02
4.900490049004900366e-03,7.002824125215337606e-03
7.060706070607060403e-02,6.133385362114670419e-02
7.323732373237323845e-01,7.371878820257099507e-01
8.030803080308031028e-01,7.668949644044974479e-01
1.819181918191819236e-01,1.162170517295631200e-02
4.912491249124912862e-01,1.578902120787592789e-01
6.690669066906690388e-02,5.225163946430216866e-02
9.874987498749875359e-01,1.103858088935047999e-01
9.114911491149114697e-01,5.752066462846571193e-01
2.859285928592859571e-01,-4.250844746072816871e-02
6.254625462546254955e-01,5.150558662270254828e-01
9.180918091809181503e-01,4.492626372056559569e-01
2.950295029502950639e-01,-4.437321167550689616e-02
7.326732673267326579e-01,7.860785948061117523e-01
3.931393139313931751e-01,-5.528659254479413240e-03
8.050805080508051381e-02,5.750511135372640692e-02
3.965396539653965324e-01,-3.245661581246260703e-03
5.139513951395139335e-01,1.546198295165489567e-01
9.024902490249024911e-01,6.714852889246762935e-01
6.309630963096309886e-01,4.951943236415468630e-01
2.069206920692069351e-01,-3.650576310567633237e-03
6.943694369436943514e-01,5.756583614896430001e-01
1.187118711871187199e-01,4.157384468929422455e-02
1.110111011101110184e-01,5.199108653246790890e-02
1.311131113111311253e-01,4.464556521690970364e-02
2.830283028302830184e-01,-3.744703911524443346e-02
5.837583758375838316e-01,3.277352115721640646e-01
6.433643364336434356e-01,4.256322512579222006e-01
7.316731673167317096e-01,6.725298044378397178e-01
7.489748974897489919e-01,7.020586964039370326e-01
7.375737573757376042e-01,7.675548408135389744e-01
3.522352235223522587e-01,-3.793429889157655388e-02
4.850485048504850349e-02,4.489926686818731388e-02
2.357235723572357333e-01,-2.340620668412327077e-02
9.221922192219221825e-01,5.125368309712950987e-01
2.030203020302030412e-02,3.050099228309746321e-02
6.680668066806680350e-02,5.587829364500511431e-02
3.665366536653665297e-01,-2.425446532454779078e-02
6.035603560356035402e-01,2.930837986074019685e-01
2.767276727672767223e-01,-3.379876866674051683e-02
8.237823782378238535e-01,6.334111386528331611e-01
4.059405940594059681e-01,6.190513891228501507e-03
4.010401040104010773e-01,8.618718529935058548e-04
8.675867586758676531e-01,7.018472978406993246e-01
3.730373037303730266e-01,-2.538386547612033611e-02
8.223822382238223927e-01,7.723974305569818455e-01
6.729672967296730368e-01,5.335591749194161793e-01
4.724472447244724704e-01,1.000752731589315825e-01
8.705870587058706089e-01,7.034441977229841658e-01
2.173217321732173191e-01,-1.202920191690434390e-02
1.972197219721972261e-01,1.399769901328291009e-03
9.080908090809081123e-02,5.849383400695337687e-02
5.578557855785578612e-01,2.925126412501530271e-01
9.910991099109911495e-01,9.092484625760775818e-02
4.516451645164516471e-01,5.575657800601701436e-02
8.694869486948695325e-01,5.222715753873078404e-01
7.452745274527452501e-01,4.805140986732561736e-01
7.725772577257725704e-01,8.451093942263969705e-01
9.587958795879588658e-01,3.836731937037066720e-01
6.470647064706470941e-02,5.748173937762035557e-02
8.855885588558856103e-01,6.537938368209578188e-01
6.570657065706571320e-02,6.559884919959373117e-02
8.167816781678167715e-01,8.529429741310299296e-01
8.203820382038203851e-01,6.781096464511837674e-01
7.400740074007400304e-02,5.111903458565761338e-02
8.986898689868987322e-01,6.688400073891513919e-01
5.230523052305230403e-01,1.920602491501337550e-01
7.623762376237623872e-01,7.751198067113835855e-01
2.076207620762076378e-01,-4.325512438140525703e-03
8.394839483948395298e-01,7.600480419246129493e-01
4.250425042504250572e-01,3.399863976285141809e-02
2.143214321432143354e-01,-1.042770420561253339e-02
2.000200020002000298e-02,2.694130776735053842e-02
5.960596059605960395e-01,4.033247699579753376e-01
3.829382938293829364e-01,-1.619008240893132430e-02
8.626862686268627067e-01,6.151303601450152092e-01
5.546554655465546491e-01,2.415121261249666695e-01
8.150815081508151483e-01,7.980935641957678239e-01
8.239823982398239988e-01,7.406921764904870198e-01
2.917291729172917236e-01,-3.999826524494872609e-02
2.499249924992499317e-01,-2.773264105370937954e-02
6.523652365236524142e-01,5.564789069188945669e-01
7.230723072307231047e-02,6.053911132633559011e-02
1.070107010701070067e-02,1.476801108502137985e-02
9.283928392839284616e-01,4.531279943557947054e-01
3.129312931293129485e-01,-3.680074034478042488e-02
9.220922092209221654e-01,5.596262292577125486e-01
9.833983398339833926e-01,1.551934167741391146e-01
5.942594259425942882e-01,3.657721217715619311e-01
1.296129612961296196e-01,4.210088817533953753e-02
3.410341034103410718e-01,-3.103252460168199126e-02
4.131413141314131399e-01,1.095550678824103522e-02
3.344334433443344468e-01,-5.112325890186426164e-02
9.185918591859185689e-01,6.496927285170878141e-01
5.048504850485048268e-01,1.569971001323258175e-01
1.669166916691669222e-01,2.568911146035933457e-02
2.450245024502450270e-02,2.963904929485730588e-02
1.537153715371537277e-01,3.192559384180235216e-02
7.089708970897089513e-01,7.036957872504188138e-01
5.231523152315231684e-01,2.016516654967744071e-01
8.400840084008401321e-02,5.652343399660059858e-02
7.350735073507350670e-01,8.078449072027522604e-01
9.622962296229623513e-01,3.026119615453550238e-01
9.598959895989599422e-01,4.025108563320516364e-01
4.292429242924292732e-01,3.254922177932899341e-02
2.971297129712971441e-01,-4.047131201344190271e-02
8.398839883988399313e-01,8.939157323034077063e-01
2.989298929892989509e-01,-4.808004697746025291e-02
9.878987898789879374e-01,1.231248013559750887e-01
2.047204720472047268e-01,-2.936435084048028346e-03
7.875787578757875718e-01,6.879567665365936557e-01
1.302130213021302219e-01,4.383162051797066805e-02
2.014201420142014143e-01,-8.390874127792182207e-04
5.808580858085808929e-01,4.144652591252971918e-01
8.650865086508651158e-01,5.693261148952257766e-01
9.330933093309330684e-02,6.164932932673263671e-02
7.409740974097409616e-01,7.230233476139023008e-01
5.430543054305431161e-01,2.383078457309594778e-01
2.599259925992599141e-01,-3.515720428419202848e-02
5.049504950495049549e-01,1.509265414951997120e-01
5.409540954095409804e-01,2.165215739104086601e-01
9.540954095409541758e-01,4.122684779562865165e-01
8.289828982898289622e-01,7.415558901581826845e-01
4.400440044004400586e-01,4.343841563250288446e-02
4.622462246224622873e-01,7.668039451210884039e-02
6.819681968196820154e-01,7.428441515161608999e-01
4.751475147514751529e-01,1.050873247416637402e-01
6.696669666966696965e-01,5.748571616682862651e-01
5.402540254025403055e-01,2.436893749188387692e-01
4.821482148214821795e-01,9.838198664737940469e-02
6.286628662866287076e-01,4.524048106657247437e-01
9.676967696769677163e-01,2.263004167391818588e-01
4.025402540254025552e-01,2.556011541798007027e-03
1.710171017101710100e-01,1.981420517348340612e-02
9.432943294329433348e-01,4.959055582043717658e-01
9.032903290329032941e-01,7.397375590498751485e-01
6.892689268926892598e-01,5.577053693818050384e-01
5.691569156915691208e-01,3.001462806056400812e-01
6.731673167316731821e-01,6.139528796941915445e-01
2.622262226222622505e-01,-2.797721657140086679e-02
6.143614361436143811e-01,3.878280017741628227e-01
9.109910991099110511e-01,5.874778615153439798e-01
1.606160616061606261e-01,2.729563086691338958e-02
1.592159215921592208e-01,2.231692599414750178e-02
6.669666966696670141e-01,5.548871192257720519e-01
9.057905790579058314e-01,5.665851709972604677e-01
3.179317931793179675e-01,-4.813787969667088912e-02
6.847684768476848260e-01,5.320175409144429768e-01
2.590259025902590453e-02,2.901701416178386131e-02
3.235323532353235332e-01,-4.080803067738939666e-02
2.313231323132313444e-01,-1.461032671891866058e-02
9.337933793379338265e-01,4.565787537622502112e-01
5.747574757475747420e-01,3.109770791021048142e-01
2.637263726372637285e-01,-3.779356313469522943e-02
7.806780678067807289e-01,7.797667698943510084e-01
6.100610061006100926e-02,5.512772880877056525e-02
7.922792279227922618e-01,7.371246892684080176e-01
7.240724072407240808e-01,6.943266443006029798e-01
3.424342434243424216e-01,-4.032319085931295594e-02
2.688268826882688201e-01,-3.285281663976839100e-02
1.852185218521852361e-01,8.936807204966947665e-03
7.953795379537954569e-01,8.957827541060759957e-01
8.054805480548055119e-01,6.886868986614633759e-01
4.938493849384938406e-01,1.313147181030846211e-01
3.466346634663466375e-01,-3.572319579786633476e-02
1.443144314431443198e-01,3.395079330763926123e-02
4.960496049604960489e-01,1.383510602133753431e-01
9.514951495149515104e-01,4.176030074132842107e-01
7.754775477547755091e-01,7.798986475429354748e-01
4.382438243824382518e-01,4.835552689110578228e-02
1.400140014001400313e-01,3.783727086267992673e-02
5.174517451745174190e-01,1.558334096375249833e-01
7.727772777277728267e-01,6.618401720362943053e-01
2.032203220322032211e-01,-2.335020003578124927e-03
4.088408840884088513e-01,8.447999326380777746e-03
5.771577157715771511e-01,3.263760046151450989e-01
4.732473247324732735e-01,1.106334798421988036e-01
2.286228622862286342e-01,-1.682416220847744032e-02
5.651565156515652166e-01,3.275310868783840590e-01
7.861786178617862220e-01,7.517899538257468706e-01
2.640264026402640296e-02,3.303214589962119585e-02
7.986798679867986861e-01,7.976678972937614187e-01
2.410241024102410257e-01,-2.631219817035791025e-02
3.881388138813881561e-01,-1.169606507899497577e-02
1.379137913791379233e-01,3.819047215643146115e-02
3.013301330133013600e-01,-3.969595480350762706e-02
8.366836683668367192e-01,7.494149373980957263e-01
7.250725072507251123e-02,6.052094130841668973e-02
7.834783478347835395e-01,8.046109156388105976e-01
6.637663766376638019e-01,5.247641156962054021e-01
7.613761376137614389e-01,6.223299343514840931e-01
3.392339233923392650e-01,-3.819500888877987166e-02
5.926592659265926821e-01,3.011299746497387853e-01
6.942694269426943343e-01,5.460222294849486069e-01
7.040704070407040327e-02,5.284246741258448454e-02
2.396239623962396204e-01,-2.210257135040845367e-02
2.496249624962496305e-01,-2.788340471189797859e-02
3.489348934893489740e-01,-3.483421617687863792e-02
4.879487948794879459e-01,1.582510903345885067e-01
9.463946394639464188e-01,3.319249375468209529e-01
8.642864286428643128e-01,7.381879586539062954e-01
5.577557755775577331e-01,3.032846277263497869e-01
8.290829082908290903e-01,7.450079274330124735e-01
7.970797079707971078e-02,5.645071340348574440e-02
3.790379037903790493e-02,3.977770949809386614e-02
2.997299729972997540e-01,-4.708588647964188911e-02
6.673667366736674156e-01,5.870724983260371399e-01
2.488248824882488275e-01,-2.490455870221617435e-02
6.130613061306130485e-01,3.589332341407511229e-01
4.354435443544354412e-01,4.318434053125683875e-02
3.813381338133813303e-01,-1.908137685051757015e-02
6.734673467346734554e-01,6.287988150303336354e-01
4.195419541954195641e-01,1.658206679067381756e-02
6.382638263826382330e-01,4.815271773906359964e-01
8.928892889288929657e-01,6.097701392010330679e-01
7.472747274727472577e-01,7.242174225195052717e-01
1.927192719271927368e-01,4.722290984286045545e-03
5.267526752675267820e-01,2.096100331852762400e-01
7.766776677667767137e-01,8.182511265042169413e-01
3.642364236423642487e-01,-2.850754726077936105e-02
1.616161616161616299e-01,2.455339909949098148e-02
3.731373137313731547e-01,-2.455849164181662936e-02
7.264726472647264899e-01,6.655095613346384553e-01
2.241224122412241171e-01,-1.526009004359838925e-02
6.383638363836383611e-01,4.333517255096460685e-01
2.556255625562556255e-01,-3.524640183587887665e-02
2.855285528552855556e-01,-3.555521473259493775e-02
1.834183418341834293e-01,1.104567984143464687e-02
1.565156515651565106e-01,2.613375300897744988e-02
3.120312031203120381e-02,4.426487962359375306e-02
3.378337833783378596e-01,-4.301193353593774082e-02
7.627762776277627887e-01,8.317919819876901100e-01
1.795179517951795145e-01,1.326735309013650325e-02
6.150615061506151116e-02,5.531867814035199699e-02
4.127412741274127383e-01,1.226521315834789433e-02
7.398739873987398852e-01,5.506240074681583163e-01
2.163216321632163153e-01,-9.930683918612879385e-03
3.651365136513651244e-01,-2.575695008790939572e-02
1.059105910591059130e-01,4.899968508992740696e-02
6.354635463546355334e-01,4.849921891747805969e-01
6.461646164616461352e-01,5.577577466379981530e-01
1.002100210021002191e-01,5.040797099455824465e-02
9.788978897889789588e-01,1.609583233609865327e-01
5.750575057505751264e-01,3.435125036630281570e-01
5.028502850285028192e-01,1.366095431540818861e-01
5.082508250825082952e-01,1.463076338405180643e-01
8.114811481148115346e-01,8.886547372239294029e-01
5.350535053505350858e-02,5.113181300026762438e-02
9.900990099009901110e-03,1.291180444200798472e-02
3.176317631763176386e-01,-3.857615497515014258e-02
9.126912691269126743e-01,5.005904327793924136e-01
4.488448844884488365e-01,6.786383179118832265e-02
8.956895689568956653e-01,7.276561873172735506e-01
7.117711771177117619e-01,6.354202272652191841e-01
9.979997999799979924e-01,1.926062757075640980e-02
9.960996099609961130e-01,3.565770827257640913e-02
9.670967096709671695e-01,2.663607526571921680e-01
4.270427042704270232e-02,4.554947258934601007e-02
2.360236023602360345e-01,-2.450633205953530944e-02
3.550355035503550277e-02,3.562341797018719197e-02
6.055605560556055478e-01,3.991165359189394191e-01
7.353735373537354514e-01,7.466805024221779830e-01
6.402640264026402406e-01,5.182167725624929888e-01
4.712471247124712659e-01,7.354926541042580701e-02
6.993699369936994259e-01,6.452034722304939018e-01
9.505950595059505792e-01,4.011603460539500676e-01
6.180618061806180535e-02,6.103656543569500881e-02
1.508150815081508167e-01,3.195765504721259642e-02
8.472847284728473038e-01,7.611987377452118508e-01
9.769976997699770793e-01,2.041547447368043389e-01
2.436243624362436355e-01,-2.566126887843281357e-02
2.535253525352535453e-01,-2.783273994632780302e-02
6.565656565656565746e-01,5.659198154536078107e-01
4.688468846884688568e-01,7.148764123321324493e-02
2.764276427642764489e-01,-3.705036469160156998e-02
7.960796079607961317e-01,6.807994307804288159e-01
6.953695369536954107e-01,7.107623059963014134e-01
8.978897889788979292e-01,6.824996941837334630e-01
5.607560756075607999e-01,2.776203434982436047e-01
8.280828082808281421e-01,7.198891102971634037e-01
6.549654965496549686e-01,4.718375140379832411e-01
9.244924492449245745e-01,4.784675615122621628e-01
5.373537353735373667e-01,1.844331743205566976e-01
4.940494049404940413e-01,1.443925052258344111e-01
6.330633063306331243e-01,4.407674213896501936e-01
1.740174017401740353e-02,2.537485083396694846e-02
9.648964896489649057e-01,2.675946295885529569e-01
9.320932093209320923e-01,4.521609154237458128e-01
9.515951595159516385e-01,3.311467120512345264e-01
2.428242824282428325e-01,-2.687551870341380392e-02
6.981698169816982213e-01,6.031726264358141520e-01
2.702270227022702254e-01,-3.917272762455355217e-02
2.850285028502850398e-02,3.537123438201796727e-02
7.595759575957595766e-01,6.203390045986877377e-01
7.449744974497449768e-01,7.361058173284062978e-01
8.653865386538653892e-01,6.176149927635091741e-01
9.946994699469947632e-01,5.321714302793708468e-02
7.703770377037704176e-01,7.576464863801299909e-01
1.457145714571457251e-01,3.831639100954037369e-02
8.496849684968497129e-01,6.559152228262319362e-01
8.801880188018802453e-01,6.674952294491430793e-01
8.231823182318231957e-01,5.747128650459066845e-01
8.120812081208120814e-01,7.642991987363713102e-01
9.720972097209721330e-01,2.178492649064305009e-01
3.650365036503650656e-02,3.899634631937019813e-02
8.882888288828882928e-01,6.963596223650548867e-01
2.338233823382338261e-01,-1.631897419149399772e-02
1.224122412241224200e-01,4.770133121214947813e-02
3.480348034803480706e-02,3.593020963457653483e-02
6.336633663366336711e-01,4.404356466269140347e-01
9.065906590659066344e-01,6.779679881431066590e-01
5.421542154215421849e-01,2.082027126946018325e-01
4.123412341234123368e-01,1.328935922104875801e-02
4.202420242024202390e-01,2.103497056690820793e-02
4.504450445044504425e-01,6.721987339007290396e-02
8.172817281728173011e-01,6.496203054759057682e-01
3.725372537253725524e-01,-1.991603064204906098e-02
1.513151315131513186e-01,3.135857620587786249e-02
4.028402840284028286e-01,2.336365467275614439e-03
6.001600160016001828e-01,3.232293140043701607e-01
6.446644664466446573e-01,4.370060671316112200e-01
6.224622462246224286e-01,4.448439432313964215e-01
3.221322132213221279e-01,-3.689462871199806343e-02
1.069106910691069168e-01,5.602403390019709134e-02
7.216721672167216717e-01,6.849779804638920222e-01
9.105910591059106496e-01,4.582918795101303400e-01
9.557955795579557989e-01,3.235057735961322511e-01
8.453845384538454244e-01,7.671244688499573305e-01
9.171917191719172191e-01,4.848685908411035084e-01
4.361436143614361716e-01,4.317896537892489117e-02
8.835883588358836027e-01,6.956515760347676824e-01
7.401740174017401586e-01,7.859321902717815167e-01
6.012601260126012592e-01,3.563570692642673565e-01
5.276527652765277132e-01,2.010021992180756334e-01
9.462946294629462907e-01,4.843769015915164733e-01
2.662266226622662102e-01,-3.670574138623881183e-02
8.707870787078708652e-01,5.811517982467904186e-01
7.744774477447744498e-01,8.200460263696649488e-01
2.366236623662366367e-01,-2.143463943927243279e-02
4.074407440744074460e-01,8.035631401906823471e-03
6.683668366836683639e-01,4.580448486513433726e-01
7.429742974297429692e-01,6.075470707297746520e-01
2.050205020502050141e-02,2.764705123007119014e-02
9.653965396539654353e-01,2.894802541397022977e-01
9.841984198419841956e-01,1.633061600680499881e-01
8.362836283628363176e-01,8.716003428831560207e-01
2.676267626762676155e-01,-3.241190026977439076e-02
1.326132613261326310e-01,3.648433404758523457e-02
5.780578057805780823e-01,3.875887876831615175e-01
2.739273927392739116e-01,-3.661924423315290889e-02
7.169716971697169816e-01,7.177136263274065398e-01
9.886988698869887404e-01,9.003497286913476894e-02
8.495849584958495848e-01,7.654853698163883724e-01
8.020802080208021267e-02,6.015834673664853527e-02
7.223722372237223466e-01,7.038866841513042871e-01
9.656965696569657087e-01,3.157995464528816631e-01
8.931893189318932391e-01,6.167724881420579841e-01
6.676667666766676890e-01,5.348604257701052855e-01
3.019301930193019623e-01,-3.590058819798709611e-02
6.119611961196119720e-01,3.937179844717456634e-01
8.471847184718471757e-01,7.906566619033907894e-01
2.390239023902390389e-02,3.154478667935258634e-02
8.969896989698969980e-01,6.813049770798891291e-01
7.695769576957696145e-01,7.136699672097464031e-01
3.971397139713971347e-01,-3.132953460534411774e-03
7.300730073007301035e-01,6.916038985359076463e-01
5.535553555355535726e-01,2.510054373239021253e-01
1.833183318331833289e-01,1.131612942125492446e-02
4.599459945994599508e-01,8.551606865938753133e-02
2.652265226522652619e-01,-3.231970425391940405e-02
2.271227122712271285e-01,-1.806657652000451600e-02
7.255725572557255587e-01,6.128842392969829911e-01
6.823682368236824169e-01,6.318495748478637486e-01
6.599659965996600430e-01,5.394221289769056682e-01
7.940794079407940964e-02,5.320889268144776696e-02
4.148414841484148741e-01,1.505624811190027154e-02
4.900490049004900539e-02,5.606154153244197885e-02
5.120512051205120679e-02,4.301864986684290904e-02
8.710871087108711108e-02,5.846653386129046365e-02
5.164516451645164707e-01,1.665152939330060144e-01
4.100410041004100281e-02,4.359482027195417386e-02
5.300530053005301015e-03,8.280347058819326547e-03
9.609960996099610187e-01,2.572792418024927308e-01
9.751975197519752170e-01,2.227831585866190955e-01
9.417941794179418569e-01,4.656959687133968018e-01
3.618361836183618396e-01,-3.177341908090243472e-02
9.844984498449845800e-01,1.171597524208537466e-01
3.733373337333733555e-01,-2.078714575438767725e-02
5.969596959695969707e-01,4.066344248898179914e-01
2.992299229922992243e-01,-4.283934996562012432e-02
2.937293729372937312e-01,-4.419524794266706247e-02
1.441144114411441191e-01,3.301405084257165445e-02
5.814581458145814397e-01,3.172706075910252110e-01
7.831783178317831551e-01,8.971928148365941880e-01
9.566956695669567301e-01,3.060920584403673539e-01
8.112811281128112784e-01,6.314430114422362461e-01
1.957195719571957204e-01,2.660512188186385605e-03
2.361236123612361348e-01,-2.132708855388963307e-02
8.780878087808781096e-01,6.064865890209223398e-01
7.550755075507551428e-01,6.563945963379086423e-01
9.346934693469347577e-01,5.148852997267790998e-01
9.743974397439744140e-01,2.483557265383203871e-01
7.671767176717672054e-01,6.951810302410619258e-01
6.798679867986798797e-01,6.358020210424929486e-01
7.850785078507851455e-01,9.367492857802335315e-01
8.058805880588059134e-01,6.633742551226283757e-01
1.560156015601560191e-02,2.355481485627283766e-02
2.331233123312331235e-01,-2.039379955296057728e-02
4.876487648764876726e-01,1.258118971043671597e-01
3.867386738673867508e-01,-1.264744752849396477e-02
1.706170617061706363e-01,1.861194911938758578e-02
2.070207020702070355e-01,-4.599952674223207680e-03
5.749574957495749983e-01,3.428348754264987086e-01
9.251925192519252494e-01,5.699138452865725180e-01
5.751575157515751435e-01,2.955905896322990056e-01
3.031303130313031668e-01,-3.945726142777634254e-02
2.649264926492649330e-01,-4.080524449614892496e-02
4.497449744974497676e-01,5.872753156118176721e-02
8.932893289328933673e-01,6.800179979947948983e-01
4.825482548254825810e-01,1.215964160657139054e-01
9.568956895689568753e-01,3.235260221927044877e-01
6.755675567556755912e-01,5.040938812548124703e-01
2.314231423142314170e-01,-2.089668288519277647e-02
5.279527952795279866e-01,2.452973371530811908e-01
5.699569956995699238e-01,3.021528300873198014e-01
4.522452245224522493e-01,6.194437839125983836e-02
2.626262626262626521e-01,-3.133442402876620431e-02
7.789778977897789947e-01,6.483681394869810211e-01
1.058105810581058126e-01,5.540956061411444339e-02
5.976597659765976456e-01,3.592093364600987271e-01
6.502650265026502785e-01,4.275162554644607593e-01
4.861486148614861391e-01,1.375241302276040967e-01
1.912191219121912311e-01,6.678486382635089383e-03
2.544254425442544210e-01,-3.033957656796273938e-02
1.330133013301330047e-01,4.170389901701584967e-02
4.502450245024502418e-01,6.219320019859531784e-02
7.895789578957895793e-01,6.625591307138221087e-01
9.581958195819582080e-01,3.654548943584972620e-01
1.958195819581958208e-01,2.909933637463340758e-03
8.370837083708371207e-02,5.013840155942385357e-02
2.998299829982998266e-01,-4.304012851419265068e-02
2.704270427042704261e-01,-3.184363520645263484e-02
7.575757575757575690e-01,7.422346151607389642e-01
9.140914091409141351e-01,5.676070490315128225e-01
7.160716071607160504e-01,7.868862421530170570e-01
9.186918691869186970e-01,5.386986303519945007e-01
8.181818181818182323e-01,7.980400188749021684e-01
9.702970297029703817e-01,2.504308435776587682e-01
5.614561456145614748e-01,3.219787000107540154e-01
7.423742374237424224e-01,7.160157955133888974e-01
4.112411241124112604e-01,1.290266991402173880e-02
2.834283428342834199e-01,-3.587620951015235010e-02
4.572457245724572683e-01,8.045905752134163702e-02
6.769676967696769410e-01,6.045801925595210013e-01
3.691369136913691396e-01,-2.708497439389475486e-02
1.329132913291329043e-01,4.149607432479865410e-02
4.008400840084008765e-01,7.607804228502730972e-04
3.338333833383338445e-01,-3.627235702148499941e-02
4.638463846384638378e-01,8.781474231907006323e-02
4.489448944894489646e-01,5.851744332451037228e-02
8.980898089808980744e-02,5.559216992388247430e-02
2.220222022202220369e-01,-1.305604688165336313e-02
4.351435143514351678e-01,3.965457268997056584e-02
1.130113011301130121e-02,1.424314749475778102e-02
3.710371037103710745e-01,-2.433455976144224125e-02
1.484148414841484076e-01,3.278822766799119326e-02
3.770377037703770418e-01,-2.375461757239521673e-02
2.035203520352035222e-01,-2.355829701955889505e-03
8.029802980298029746e-01,8.964701100882498386e-01
4.265426542654265352e-01,2.996796649818240024e-02
4.277427742774277397e-01,3.306528437435109213e-02
2.960296029602960469e-02,2.776962390518137799e-02
3.594359435943594305e-01,-2.948298391412448177e-02
4.711471147114711377e-01,9.298181030059729513e-02
3.558355835583558724e-01,-3.682074047554374091e-02
9.054905490549055580e-01,6.099022914564490305e-01
5.984598459845984486e-01,3.433480512598804935e-01
7.505750575057505980e-01,7.748249843851938712e-01
7.755775577557756373e-01,7.263532562861741981e-01
8.080808080808081495e-02,6.186245332018247556e-02
8.378837883788379237e-01,6.760108483382137878e-01
4.758475847584758833e-01,9.114893240467485114e-02
3.154315431543154302e-01,-3.944103135494391593e-02
6.890689068906891146e-02,6.238452871046488990e-02
3.336333633363336437e-01,-4.047820712406288712e-02
8.629862986298629801e-01,7.047453665050362748e-01
3.873387338733873531e-01,-1.147336622303246796e-02
1.814181418141814217e-01,1.263034933359776998e-02
1.491149114911491103e-01,3.351189009608575992e-02
9.253925392539253947e-01,4.762783359540934125e-01
3.500350035003500782e-02,4.960729998208580904e-02
7.330733073307330594e-01,6.646641712110780142e-01
8.307830783078308245e-01,7.040097981443491637e-01
5.755575557555755450e-01,3.157507831520867669e-01
9.020902090209020896e-02,5.814103281849915261e-02
5.254525452545254494e-01,1.752874543683938802e-01
1.260126012601260059e-01,3.932739183348668566e-02
5.213521352135214171e-01,1.446429855009814525e-01
2.925292529252925267e-01,-4.546376211839327913e-02
8.549854985498550608e-01,7.605597009407185638e-01
4.521452145214521767e-01,6.443765005015507363e-02
5.043504350435044081e-01,1.869973609899178435e-01
2.181218121812181221e-01,-1.131229908984262775e-02
9.205920592059205765e-01,4.391714597853318969e-01
7.380738073807381616e-02,6.155254958520225972e-02
9.923992399239924822e-01,6.332872681099530054e-02
9.780978097809781002e-02,5.968079144152756838e-02
3.054305430543054478e-01,-4.180953643437428785e-02
6.449644964496449306e-01,3.720855438749304245e-01
5.170517051705170175e-01,1.651601809817925814e-01
2.885288528852885115e-01,-3.998328944632568993e-02
8.252825282528253314e-01,8.072341583917339580e-01
8.358835883588359161e-01,8.709695005516694399e-01
2.801280128012801351e-01,-3.657945726998815955e-02
9.415941594159416006e-01,4.334380110017105325e-01
8.841884188418842605e-01,7.078965985376944881e-01
4.150415041504150748e-01,1.338566942636890654e-02
1.868186818681868144e-01,8.369079710876883155e-03
7.652765276527653260e-01,6.796493909954384183e-01
8.389838983898390001e-01,6.964291641515727438e-01
2.943294329432943335e-01,-4.399702974762637747e-02
3.841384138413841409e-01,-1.423711885911381134e-02
7.389738973897389540e-01,6.488117385623841660e-01
6.720672067206720501e-02,5.620466704893356535e-02
6.259625962596260251e-01,4.224441282332890291e-01
3.260326032603260704e-01,-4.632183068642186513e-02
8.654865486548655173e-01,6.799089777529467860e-01
7.218721872187219279e-01,5.631711118767641633e-01
6.326632663266327228e-01,4.680449790981016656e-01
3.541354135413541382e-01,-3.172109912525298420e-02
2.231223122312231411e-01,-1.319452924613167405e-02
4.307430743074307511e-01,3.500291828360052593e-02
1.851185118511851357e-01,1.028162943809295647e-02
6.468646864686469211e-01,5.614628175460441017e-01
3.314331433143314354e-01,-3.820249628386419849e-02
3.901390139013901637e-01,-9.197997112573833359e-03
9.930993099309931571e-02,6.820996485744534876e-02
2.700270027002700263e-03,4.089992606059101969e-03
9.607960796079608734e-01,3.228858180655421739e-01
5.826582658265826442e-01,3.005827136955563916e-01
1.878187818781878182e-01,6.598535142836467471e-03
8.005800580058005655e-01,8.497900777605378320e-01
4.042404240424042339e-01,4.559357648786177553e-03
9.052905290529053017e-01,5.861977378936077399e-01
4.019401940194019529e-01,1.821548164232825347e-03
2.403240324032403230e-01,-2.713056979868375476e-02
8.402840284028403328e-01,9.235434731406020337e-01
5.077507750775077655e-01,1.880178808587097683e-01
5.757575757575758013e-01,3.905190309823682870e-01
7.882788278827883577e-01,7.216406270624429187e-01
2.682268226822682178e-01,-3.295373929236401767e-02
5.764576457645764762e-01,3.250579282072635356e-01
4.350435043504350535e-02,4.266243591150426645e-02
8.507850785078507894e-01,8.633171140287327905e-01
9.776977697769777542e-01,1.841693747775804413e-01
5.961596159615961676e-01,3.611012039449607580e-01
4.162416241624162794e-01,1.809092908618279219e-02
3.220322032203220552e-01,-4.119280565868653488e-02
7.604760476047605078e-01,7.391605543724590888e-01
1.900190019001900266e-01,5.627178829991358669e-03
4.582458245824582721e-01,7.800007770690001174e-02
7.540754075407540835e-02,5.503801530099249051e-02
6.045604560456045995e-01,4.298902461797194929e-01
1.460146014601460263e-01,3.310120362532138066e-02
1.197119711971197098e-01,3.813662830403692638e-02
2.414241424142414272e-01,-2.862754153350464612e-02
8.051805180518052385e-01,6.477699090189432685e-01
1.529152915291529247e-01,2.459218039424360472e-02
8.782878287828783659e-01,6.954882214421835851e-01
6.420642064206420752e-02,5.449741553159450497e-02
4.161416141614161512e-01,1.813925765773135440e-02
4.588458845884588744e-01,8.618559315176861635e-02
7.640764076407641214e-01,8.414203319968309724e-01
1.982198219821982299e-01,1.141143827778379541e-03
5.760576057605760747e-01,3.358655262231151628e-01
2.119211921192119263e-01,-8.132593843779813841e-03
1.093109310931093120e-01,5.418361486395572441e-02
4.863486348634863399e-01,1.121432926452703149e-01
4.394439443944394563e-01,4.723590371166945523e-02
8.700870087008700793e-01,5.770098348210679351e-01
6.762676267626762661e-01,5.721140187564321966e-01
9.903990399039904746e-01,9.704431181880003587e-02
4.194419441944194360e-01,2.028824231952365553e-02
5.038503850385038785e-01,1.271844456034303406e-01
9.347934793479347748e-01,4.112223681379034157e-01
7.791779177917792509e-01,7.787087877351221987e-01
2.592259225922592392e-01,-3.398302899864436011e-02
6.500650065006501228e-03,1.064263337664701770e-02
6.041604160416041980e-01,3.466808990876275032e-01
8.415841584158416655e-01,7.789129019701478418e-01
3.166316631663166348e-01,-4.445696306334106368e-02
2.844284428442844237e-01,-3.611276135817183958e-02
4.140414041404140710e-01,1.386300592779662368e-02
8.559855985598560091e-01,6.808414453991212811e-01
5.070507050705070490e-02,4.908333781858137401e-02
6.891689168916892427e-01,6.146046131084943465e-01
6.491649164916492021e-01,5.340111847739870132e-01
5.991599159915992345e-01,3.871670889596633969e-01
5.990599059905991064e-01,4.338955633516205501e-01
8.261826182618262626e-01,7.946852968049191723e-01
8.350835083508351131e-01,7.414652233750451682e-01
8.620862086208621600e-01,7.379493028522485787e-01
9.116911691169117260e-01,5.684740779276429290e-01
5.367536753675368200e-01,2.004776494415340116e-01
1.403140314031403324e-01,4.239338157119454387e-02
3.290329032903290263e-01,-3.733200439169147289e-02
2.520252025202520188e-02,4.199227491523523786e-02
1.376137613761376222e-01,4.439326618171035577e-02
5.080508050805080528e-02,5.161803880523789523e-02
4.683468346834683826e-01,7.365831294302073451e-02
8.180818081808180486e-02,5.628613755102455929e-02
6.036603660366036683e-01,2.991108707518994603e-01
4.040404040404040331e-01,3.839362854809179847e-03
1.232123212321232231e-01,5.531744356787250683e-02
4.524452445244524501e-01,6.985305988944540134e-02
1.626162616261626337e-01,2.398453403868229528e-02
5.839583958395839769e-01,3.544841498130412716e-01
3.460346034603460352e-01,-3.734899391697341087e-02
7.688768876887689396e-01,7.011668893222994248e-01
5.552555255525553068e-01,2.275966518762500557e-01
1.043104310431043069e-01,4.936649871897132863e-02
5.930593059305930836e-01,3.216832113587247965e-01
7.956795679567957302e-01,8.160458043669343020e-01
6.496649664966497317e-01,4.566609415348776846e-01
5.947594759475948178e-01,3.710946242438148968e-01
5.707570757075707268e-01,2.711374415717547892e-01
5.032503250325032207e-01,1.681404640966619457e-01
1.614161416141614291e-01,2.059115634568824474e-02
4.839483948394839863e-01,1.138642947115520443e-01
7.657765776577658556e-01,6.615089999406821297e-01
3.246324632463246651e-01,-3.561662642589977223e-02
3.468346834683468383e-01,-3.217625129341902812e-02
2.405240524052405238e-01,-2.193193300916406602e-02
6.856685668566856462e-01,5.521508670129681162e-01
2.016201620162016150e-01,-1.056244032380295296e-03
6.797679767976797516e-01,5.077893084084592612e-01
6.053605360536054025e-01,4.239766485323481771e-01
4.910491049104910577e-02,4.108546545459345473e-02
8.053805380538053837e-01,8.594812143172074759e-01
4.970497049704970527e-01,1.364086758893045537e-01
6.616661666166616662e-01,5.619790536818956017e-01
9.441944194419442660e-01,3.929063074990695736e-01
3.396339633963396665e-01,-3.543231861568565955e-02
9.271927192719272570e-01,5.373132363321919680e-01
2.085208520852085412e-01,-5.646810511014608604e-03
5.240524052405240440e-02,5.161287318736940133e-02
6.503650365036504066e-01,4.701642165493081782e-01
2.710271027102710215e-02,3.815303051510835625e-02
2.221222122212221373e-01,-1.330481036722538923e-02
5.828582858285829005e-01,3.149173002803873356e-01
6.822682268226822888e-01,6.375520565995564937e-01
8.280828082808280866e-02,6.464589078233094754e-02
1.418141814181418103e-01,3.945048676878889354e-02
3.270327032703270603e-02,4.026979323739825894e-02
4.512451245124512456e-01,6.279679202533271221e-02
3.419341934193419474e-01,-3.721407738036533464e-02
5.510551055105510354e-01,2.320087983830406986e-01
7.237723772377238074e-01,7.293844036126562180e-01
5.177517751775178034e-01,1.616645420181148096e-01
2.489248924892489279e-01,-2.467382449022278990e-02
3.676367636763676616e-01,-2.789086899501882350e-02
8.513851385138514472e-01,6.668189614138740895e-01
6.800680068006800805e-02,5.320723732093932817e-02
7.440744074407440456e-02,5.435830496676356816e-02
7.736773677367737578e-01,7.314649801162652620e-01
9.236923692369237715e-01,5.705004566382130271e-01
3.506350635063506527e-01,-3.409000383508446058e-02
4.673467346734673789e-01,8.474379057325037712e-02
4.639463946394639660e-01,8.195638291147683274e-02
8.383838383838384534e-01,6.932299097237981655e-01
7.330733073307331427e-02,4.975133824698889373e-02
4.464446444644464829e-01,6.606247229425493694e-02
3.900390039003900217e-02,3.492133868916094674e-02
1.722172217221722146e-01,1.873802832125737172e-02
2.090209020902090292e-02,2.977755297946335991e-02
8.094809480948095270e-01,7.667177692803494038e-01
1.990199019901990329e-01,6.730523447212745760e-04
4.138413841384138703e-01,1.508194752990911144e-02
8.370837083708371207e-01,6.978092731901446300e-01
5.658565856585658915e-01,3.152292417840568683e-01
7.028702870287029114e-01,6.812250490046772855e-01
5.493549354935494122e-01,2.420876323886349268e-01
8.590859085908590931e-01,7.198420123287911920e-01
8.211821182118211881e-01,6.946004830771751459e-01
2.025202520252025185e-01,-1.377604011546141151e-03
3.991399139913991423e-01,-8.846190667811226326e-04
2.600260026002600318e-03,4.015590817998978754e-03
1.439143914391439183e-01,3.691411874733736831e-02
9.770977097709770964e-02,5.068319481893121536e-02
3.097309730973097364e-01,-4.359470752893272738e-02
9.790979097909791040e-02,5.328219912621069698e-02
7.556755675567556896e-01,7.539606682012313099e-01
2.611261126112611186e-01,-2.725423994081341977e-02
7.150715071507151022e-01,5.367837981748007081e-01
2.879287928792879647e-01,-4.632102252578637613e-02
6.063606360636063508e-01,3.465371351842460590e-01
5.096509650965096450e-01,1.475072180615207285e-01
2.530253025302530157e-01,-2.873293607943312039e-02
5.879587958795879921e-01,3.431369580401192332e-01
2.567256725672567574e-01,-2.932713880575023996e-02
3.072307230723072546e-01,-3.793995020796673417e-02
7.600760076007601063e-03,1.017316359710299101e-02
1.003100310031003195e-01,6.215145754203000444e-02
3.749374937493749615e-01,-2.194742348490414871e-02
7.813781378137814038e-01,6.907752536109661445e-01
1.896189618961896250e-01,6.296167151556582471e-03
8.281828182818281592e-01,7.948697860568363360e-01
6.874687468746875085e-01,5.780116358838888191e-01
5.740574057405740671e-01,3.131010728164320689e-01
7.589758975897590298e-01,7.454052768480090574e-01
2.430243024302430194e-02,2.914159232435172692e-02
5.529552955295530259e-01,2.207704523329365176e-01
3.169316931693169637e-01,-3.747577113498420237e-02
2.210221022102210331e-01,-1.247702815288657778e-02
2.798279827982798618e-01,-3.372232172564829100e-02
2.635263526352635277e-01,-2.956473378471047297e-02
6.480648064806481257e-01,5.589068066404339064e-01
9.120912091209121275e-01,6.738326855278240490e-01
7.179717971797180409e-01,5.502513296566263756e-01
5.910591059105910899e-02,5.587905235052863934e-02
4.826482648264826536e-01,1.199588344482487301e-01
8.098809880988099286e-01,7.693409423660508839e-01
7.004700470047005023e-01,6.449969996978138775e-01
2.240224022402240167e-01,-1.180408807802026117e-02
3.870387038703870242e-01,-1.132417972786515722e-02
9.403940394039403960e-01,5.044042302362057306e-01
4.407440744074407335e-01,5.476525118827312022e-02
8.100810081008101224e-03,1.354873836272477844e-02
5.278527852785278585e-01,2.228342577107529920e-01
1.269126912691269093e-01,4.905468582594907367e-02
6.325632563256325946e-01,4.139099895093197867e-01
8.270827082708270828e-02,5.194020290038388332e-02
7.043704370437043893e-01,6.785768203221835826e-01
5.966596659665966973e-01,3.687865733502466159e-01
3.207320732073207226e-01,-4.283302201600155262e-02
6.408640864086408984e-01,4.953035283686290646e-01
8.322832283228323025e-01,6.745789740016695513e-01
2.716271627162716307e-01,-3.931209229505191333e-02
3.674367436743674609e-01,-2.411204069957914933e-02
2.351235123512351310e-01,-1.980728849873079553e-02
7.033703370337034411e-01,5.004442334930376823e-01
4.785478547854785658e-01,9.866628617484997366e-02
1.440144014401440187e-01,4.121052016157450426e-02
3.185318531853185697e-01,-3.884977751167180415e-02
5.260526052605261071e-01,1.691338195806970091e-01
6.850685068506850994e-02,5.658318674277773574e-02
3.613361336133613655e-01,-3.053020184530609929e-02
9.560956095609560723e-01,3.387458589737470938e-01
5.898589858985898715e-01,3.613564465003474835e-01
1.989198919891989326e-01,7.811437032405766506e-04
2.211221122112211335e-01,-1.143436460918781719e-02
6.975697569756975636e-01,5.214705986484677869e-01
7.502750275027503246e-01,6.147110722607375122e-01
7.565756575657566207e-01,7.674720049823525736e-01
7.266726672667267461e-01,6.734194751688514780e-01
3.772377237723772425e-01,-1.726831869272078823e-02
1.442144214421442194e-01,3.385426067981876785e-02
1.125112511251125103e-01,4.931266716534495748e-02
9.600960096009601707e-02,4.672400366362160218e-02
3.606360636063606351e-01,-2.543437793003483494e-02
9.284928492849284787e-01,4.905250202073395682e-01
1.285128512851285154e-01,4.168048350727558693e-02
3.391339133913391368e-01,-4.062607412748114877e-02
9.234923492349235152e-01,5.363373567561087185e-01
3.894389438943894333e-01,-1.037238174062504910e-02
4.776477647764776902e-01,1.149026169234799166e-01
2.632263226322632543e-01,-3.773344439903029979e-02
9.260926092609260696e-01,4.794028062091350018e-01
2.631263126312631262e-01,-3.358749383600524718e-02
9.774977497749774979e-01,1.650557525623189414e-01
6.076607660766076835e-01,4.095327669941560833e-01
1.420142014201420111e-01,3.689190759077887183e-02
5.298529852985298660e-01,1.998812706258921157e-01
8.360836083608360614e-01,8.264482996381783408e-01
4.251425142514251299e-01,3.201996899145136133e-02
3.654365436543654533e-01,-3.019894984837606655e-02
5.161516151615161974e-01,2.092913480481957411e-01
8.446844684468447495e-01,6.529160926909554075e-01
5.952595259525952365e-01,3.212306116780665466e-01
6.881688168816881834e-01,6.036570866974920735e-01
4.170417041704170547e-02,4.506324752932842903e-02
7.090709070907090517e-02,7.176506308678995416e-02
2.134213421342134320e-01,-8.456705648207699447e-03
5.142514251425143179e-01,1.919734454031643833e-01
2.190219021902190324e-02,3.110396361885289784e-02
8.895889588958896255e-01,6.741303423156953523e-01
3.296329632963296286e-01,-3.384092361117360670e-02
7.731773177317732282e-01,7.794428164569610074e-01
3.087308730873087326e-01,-4.181595701958183697e-02
8.099809980998100567e-01,7.448823267553466021e-01
7.692769276927693411e-01,7.822261242346940646e-01
8.878887888788878913e-01,6.849827232924730058e-01
7.324732473247325126e-01,7.375923708722136318e-01
9.466946694669466922e-01,4.283966304393561630e-01
6.506650665066506800e-01,4.016951063936877175e-01
1.196119611961196094e-01,4.616155341974659265e-02
1.862186218621862122e-01,8.561028368355727905e-03
6.160616061606161153e-02,5.250845299073104988e-02
1.428142814281428141e-01,3.910830107777169690e-02
9.680968096809680623e-02,6.096393999652518353e-02
1.103110311031103158e-01,4.375673863618004256e-02
4.575457545754575417e-01,7.906911617890059751e-02
3.430343034303430516e-02,4.594909526587291626e-02
3.310331033103310339e-01,-4.298369346620211501e-02
5.193519351935194095e-01,2.105688437771348620e-01
2.891289128912891138e-01,-4.159708522069211628e-02
6.397639763976398219e-01,5.354548008911692580e-01
1.275127512751275116e-01,4.861917348022114921e-02
4.466446644664466836e-01,5.994038083001984596e-02
4.655465546554655720e-01,9.193332433913925517e-02
1.384138413841384252e-01,3.921726398721699092e-02
8.434843484348435450e-01,7.386514108359510944e-01
5.762576257625763310e-01,3.104096335365590931e-01
7.304730473047305050e-01,7.233689340329767514e-01
1.914191419141914319e-01,5.905268424138237528e-03
4.440444044404440738e-01,4.948661771606914506e-02
3.233323332333233324e-01,-4.280202870227963613e-02
2.820282028202820285e-02,3.522456020734737042e-02
7.444744474447444471e-01,7.189570682218558995e-01
6.091609160916091614e-01,4.495565067222456190e-01
8.129812981298130126e-01,8.124175142988910858e-01
1.913191319131913315e-01,6.129633413483547531e-03
4.587458745874587462e-01,8.919090298586875021e-02
8.949894989498949904e-01,5.645147095289696493e-01
7.220722072207220732e-01,6.952335361405141967e-01
9.620962096209620951e-01,2.802306787612526273e-01
8.553855385538554623e-01,7.262787506122886372e-01
2.674267426742674147e-01,-3.738292739592974367e-02
7.478747874787479155e-01,6.643903197775641312e-01
3.980398039803980659e-01,-1.708316334063341314e-03
3.559355935593559450e-01,-2.719933271409729486e-02
7.273727372737274210e-01,7.992230532098585361e-01
1.930193019301930379e-01,4.523072555452902800e-03
9.831983198319832473e-01,1.684771034033283321e-01
4.321432143214321564e-01,3.673992258645228381e-02
7.283728372837283693e-01,6.799294450168424930e-01
7.032703270327033129e-01,6.462994215406635545e-01
2.460246024602460307e-02,3.329213325780130267e-02
3.270327032703270187e-01,-4.291227329656104039e-02
3.929392939293929743e-01,-6.806646875974538095e-03
6.605660566056605898e-01,5.379402720528627668e-01
6.501650165016501504e-01,4.114783666157201814e-01
1.123112311231123095e-01,4.636881100160652330e-02
5.395539553955395196e-01,2.633204555784916523e-01
3.516351635163516565e-01,-3.288966736794970286e-02
1.280128012801280135e-01,3.544387947160378138e-02
4.086408640864086506e-01,9.263633640493061649e-03
6.860686068606861032e-02,6.422892595487320055e-02
8.467846784678467742e-01,6.937857654441708100e-01
8.089808980898089974e-01,7.741677811715246271e-01
5.263526352635263805e-01,1.997678788838914976e-01
6.349634963496350037e-01,4.880762994892892670e-01
3.503350335033503238e-01,-3.516183243138568115e-02
4.478447844784478327e-01,5.776852500667239293e-02
2.362236223622362352e-01,-2.423225153480689648e-02
8.696869686968696778e-01,7.918852647628547015e-01
6.698669866986698418e-01,6.168725580078469051e-01
1.848184818481848346e-01,9.593484018033686736e-03
7.948794879487949272e-01,6.906605534072880470e-01
8.501850185018502426e-01,8.648437448633022884e-01
3.866386638663866782e-01,-1.235299368976386716e-02
6.085608560856086147e-01,4.242621765521670807e-01
1.936193619361936125e-01,3.709734846568702848e-03
8.469846984698470305e-01,7.209896055804864146e-01
6.328632863286328680e-01,3.421590428543922480e-01
6.241624162416241628e-01,4.847358591099438230e-01
9.336933693369336984e-01,4.519009448077975777e-01
9.100910091009101199e-01,5.362048880937265727e-01
3.501350135013501230e-01,-3.372494421606385406e-02
2.170217021702170249e-02,2.832114119923934137e-02
1.805180518051805183e-01,1.476527869053325705e-02
7.251725172517251572e-01,6.879256677359606442e-01
9.155915591559156130e-01,5.244283950800727734e-01
9.699969996999699973e-01,2.174183180309880448e-01
4.536453645364536547e-01,6.675019819551687716e-02
3.585358535853585549e-01,-3.213740984125891542e-02
8.219821982198219912e-01,7.249138693197020311e-01
1.539153915391539285e-01,3.168212498715090863e-02
7.740774077407740483e-01,8.114721642031461624e-01
6.526652665266526876e-01,4.571118574851682492e-01
2.111211121112111233e-01,-7.223039625251343430e-03
5.848584858485849081e-01,3.283080474119114411e-01
3.227322732273227301e-01,-3.534273788548568385e-02
5.589558955895589376e-01,2.770684951091683668e-01
1.551155115511551330e-01,2.839005136903749449e-02
5.901590159015901449e-01,3.700320413627342653e-01
7.914791479147914588e-01,7.857856519370010062e-01
5.522552255225522400e-01,2.602649977149081861e-01
7.070707070707070718e-01,6.579871627890975239e-01
9.360936093609360797e-02,5.686307712017493743e-02
6.887688768876888412e-01,7.132710281300209676e-01
4.547454745474547866e-01,6.541024640947305790e-02
6.277627762776277764e-01,3.474345396543278008e-01
9.389938993899390463e-01,5.257589558845267019e-01
4.930493049304930653e-02,4.896479932364809773e-02
1.259125912591259056e-01,4.106062908147702084e-02
5.372537253725372386e-01,2.228692471589498458e-01
4.398439843984398578e-01,4.953547362897218337e-02
9.613961396139614202e-01,3.346729615923277890e-01
2.200220022002200293e-01,-1.176792306309947314e-02
1.900190019001900266e-03,2.948236519510997068e-03
9.815981598159816413e-01,1.615905970873388608e-01
5.124512451245124556e-01,1.936357780766442549e-01
9.026902690269027474e-01,6.579820979231122413e-01
4.219421942194219732e-01,2.184379094975092209e-02
1.243124312431243134e-01,4.602964507566584262e-02
7.038703870387038597e-01,6.813249425100784684e-01
5.229522952295230231e-01,1.861557688641873876e-01
8.103810381038104582e-01,7.734389194552421243e-01
5.370537053705370933e-01,2.129918314483522368e-01
2.374237423742374398e-01,-2.385116858465354331e-02
7.387738773877388088e-01,6.322460458221834667e-01
5.950595059505950912e-01,3.280212468647211721e-01
9.231923192319232419e-01,5.543100004773335865e-01
1.887188718871887216e-01,7.251012418993505078e-03
3.150315031503150148e-02,2.919387378932238389e-02
3.448344834483448307e-01,-3.496152117034507373e-02
2.041204120412041245e-01,-3.234651281307816297e-03
9.010901090109010858e-02,6.448652131500512419e-02
7.758775877587759107e-01,8.525054034757897359e-01
4.154415441544154763e-01,1.578009368789486805e-02
3.208320832083208507e-01,-3.491463423822764589e-02
3.818381838183818600e-01,-1.551737430827748732e-02
3.200320032003200425e-03,4.484473016853478787e-03
8.414841484148415374e-01,7.780870069289134161e-01
6.358635863586359349e-01,4.295327779928553302e-01
1.870187018701870152e-01,8.314796959952422406e-03
9.490949094909491013e-01,3.739056970821364456e-01
4.736473647364736750e-01,1.026169561425828713e-01
9.742974297429742858e-01,2.215455560753217257e-01
5.874587458745874624e-01,2.827596608884851981e-01
9.669966996699670414e-01,2.664028328745632890e-01
9.207920792079208328e-01,5.704729889044644064e-01
3.662366236623662563e-01,-2.911546838867819925e-02
1.566156615661566109e-01,2.707022944259872277e-02
2.380238023802380351e-02,3.136417248370537703e-02
8.550855085508550779e-01,6.698434210209824879e-01
1.251125112511251303e-01,4.434744509988765293e-02
6.954695469546955389e-01,6.708365523675513531e-01
8.152815281528152935e-01,7.780929776527854003e-01
1.681168116811681268e-01,2.549167858835296729e-02
8.484848484848485084e-01,6.706715486316222607e-01
5.265526552655265258e-01,2.067868681044784940e-01
6.227622762276228130e-01,3.735057640715124805e-01
1.383138313831383248e-01,3.685466002931826746e-02
6.705670567056706277e-01,5.658643227187269975e-01
4.403440344034403320e-01,4.332910723967496602e-02
4.560456045604560638e-01,6.814712917753151800e-02
7.213721372137213983e-01,6.857943524986322981e-01
3.514351435143514557e-01,-3.516096319618475241e-02
6.488648864886489287e-01,5.372103188528666307e-01
9.630963096309631544e-01,2.943874259660885229e-01
4.762476247624762848e-01,1.030311271185283817e-01
1.906190619061906288e-01,5.932645525192056790e-03
6.292629262926292544e-01,4.469538806949116538e-01
4.377437743774377776e-01,4.291376184285668194e-02
1.046104610461046081e-01,5.922140109167264854e-02
5.999599959995999265e-01,3.289128427307833058e-01
5.447544754475447393e-01,2.422784780804849158e-01
8.517851785178518487e-01,7.435005729169745781e-01
8.768876887688769051e-01,6.987370240522404741e-01
4.985498549854985861e-01,1.583443150198294014e-01
3.625362536253625700e-01,-2.526025306800790821e-02
6.530653065306531169e-02,4.709442089709196810e-02
7.527752775277527508e-01,5.755303130178152093e-01
4.209420942094209694e-01,2.239019975575867738e-02
9.608960896089608905e-01,2.911046499050124470e-01
2.540254025402540194e-01,-2.705295602023425824e-02
3.483348334833483717e-01,-3.042472659244905425e-02
9.386938693869387729e-01,4.219982945915463635e-01
4.833483348334833840e-01,1.261670378788853353e-01
4.860486048604860665e-01,1.088476578806036044e-01
3.206320632063206499e-01,-4.582727565047900464e-02
7.653765376537654541e-01,7.061226131234528136e-01
7.964796479647965333e-01,6.265169942989079477e-01
8.116811681168116799e-01,8.137460856659661790e-01
9.273927392739274023e-01,4.840592590535823803e-01
3.917391739173917697e-01,-8.200947236600740833e-03
6.274627462746275031e-01,4.655993741931394592e-01
8.786878687868787674e-01,6.685580796806496195e-01
8.384838483848384705e-01,6.639432165231571314e-01
8.790879087908791689e-01,8.107116801486214941e-01
9.960996099609961685e-02,5.543374315718942180e-02
1.075107510751075190e-01,4.209455390650004847e-02
8.995899589958996634e-01,6.959640357662393306e-01
4.311431143114311526e-01,3.250555999408941826e-02
7.963796379637964051e-01,8.401901915928893239e-01
8.934893489348935125e-01,5.300120097904861272e-01
9.286928692869287350e-01,5.377506640444180697e-01
7.975797579757976097e-01,8.308421683680973224e-01
5.827582758275827723e-01,3.608024367772407759e-01
1.960196019601960146e-02,2.887881552454694967e-02
1.666166616661666211e-01,1.927920160754974244e-02
6.255625562556256236e-01,4.431878992268079021e-01
6.004600460046004562e-01,2.953361993239419503e-01
4.947494749474947717e-01,1.267501943379637508e-01
5.170517051705170869e-02,4.751833708995157474e-02
8.869886988698870711e-01,7.978660771653246497e-01
8.826882688268826715e-01,6.034893659931849230e-01
2.821282128212821427e-01,-3.620507320133525136e-02
1.430143014301430149e-01,4.422674927780336634e-02
4.241424142414241816e-01,2.646118561305678754e-02
7.810781078107810471e-02,4.954748344434016516e-02
8.060806080608061419e-02,5.369684416029966989e-02
9.956995699569957115e-01,3.511819952091380093e-02
5.603560356035603984e-01,3.156583503246246369e-01
5.836583658365837035e-01,3.513708785824314340e-01
3.192319231923192446e-01,-4.735316278927362288e-02
4.171417141714171550e-01,1.934169806357288052e-02
5.530553055305530846e-02,5.130037338489253085e-02
6.120612061206121002e-01,4.634008427952803766e-01
9.367936793679367824e-01,3.936858068152143675e-01
6.718671867186718494e-01,6.416562270087542430e-01
2.479247924792479241e-01,-2.634147995681550281e-02
3.159315931593159599e-01,-4.487676377049447385e-02
2.223222322232223380e-01,-1.298939423822602530e-02
2.872287228722872343e-01,-3.926201889624372776e-02
3.762376237623762387e-01,-1.899305734944297178e-02
3.216321632163216537e-01,-3.870451445347625197e-02
2.099209920992099188e-01,-5.411202000983245108e-03
2.438243824382438363e-01,-2.414286775196364948e-02
4.865486548654865406e-01,1.303320472706066824e-01
1.855185518551855373e-01,1.073019503625714625e-02
5.098509850985099012e-01,1.657070041263190574e-01
7.094709470947094809e-01,6.979883054506443862e-01
3.074307430743074554e-01,-3.705179278046816238e-02
1.252125212521252029e-01,4.379906984097030331e-02
9.884988498849884841e-01,1.063062477725333355e-01
5.855585558555855830e-01,4.007916189612887869e-01
7.821782178217822068e-01,6.382202490721742283e-01
6.711671167116711745e-01,6.035552560043508930e-01
4.240424042404240534e-01,3.021640053024157030e-02
7.173717371737173831e-01,7.555202941365304348e-01
1.540154015401540288e-01,3.054192377772590311e-02
3.223322332233223286e-01,-4.848850098945270415e-02
6.278627862786279046e-01,4.844053642875051358e-01
8.898889888988898988e-01,6.364048233890541306e-01
9.800980098009800731e-03,1.694546472797201983e-02
9.431943194319432067e-01,4.895554281171652367e-01
7.287728772877287708e-01,7.269535620556897282e-01
2.243224322432243178e-01,-1.320542498968002923e-02
6.264626462646264438e-01,4.495812394630711584e-01
3.061306130613061227e-01,-4.242675956368521101e-02
2.548254825482548225e-01,-3.264444712218077943e-02
9.935993599359936868e-01,5.762865267363342231e-02
3.723372337233723517e-01,-1.934453269000722606e-02
3.727372737273727532e-01,-2.523483960312779967e-02
1.964196419641964231e-01,2.343816232990496556e-03
1.105110511051105165e-01,4.671975919275399985e-02
4.777477747774777628e-01,1.010271621330613573e-01
9.354935493549355607e-01,5.022393397091754474e-01
3.127312731273127477e-01,-4.603043958672489722e-02
6.185618561856185416e-01,3.172234861640157999e-01
7.454745474547455064e-01,7.241369235651434755e-01
7.205720572057205953e-01,5.364610241375057376e-01
8.266826682668266812e-01,6.612978729988774340e-01
4.959495949594959763e-01,1.218623253027916187e-01
2.656265626562656079e-01,-3.305331914252417069e-02
5.488548854885488826e-01,2.464929310929280803e-01
4.511451145114511729e-01,6.242446271860227491e-02
6.294629462946295106e-01,5.323677812760152506e-01
6.961696169616962138e-01,6.457257325294579742e-01
4.300430043004300346e-02,5.035993312178069919e-02
1.098109810981098139e-01,5.206891287399115220e-02
8.940894089408941703e-01,7.137783067928366032e-01
5.970597059705970988e-01,3.373779810260227885e-01
8.269826982698269546e-01,8.089498715633742787e-01
6.704670467046704996e-01,5.871878825012073477e-01
6.556655665566556435e-01,5.187130638014320061e-01
8.004800480048005484e-01,7.871363189501179303e-01
9.328932893289328954e-01,5.197950670880348012e-01
1.687168716871687291e-01,2.106979019395887470e-02
1.730173017301730315e-02,2.241853823554060612e-02
3.409340934093409436e-01,-4.242408179953340019e-02
5.439543954395439362e-01,2.260318659223121973e-01
6.634663466346635285e-01,5.263155890096854472e-01
5.742574257425743234e-01,3.252373707918623791e-01
7.267726772677267633e-01,7.282869709353148036e-01
1.479147914791479335e-01,3.546705809398557896e-02
9.724972497249725345e-01,1.897550349787779922e-01
4.250425042504250850e-02,4.530502463735594509e-02
5.492549254925492841e-01,2.388312123577907564e-01
7.250725072507251401e-01,7.263702286246155326e-01
7.230723072307231325e-01,5.891302972241426739e-01
3.735373537353735562e-01,-2.129491776843154410e-02
6.283628362836284342e-01,4.447705906677262844e-01
3.401340134013401406e-01,-3.662958168817469218e-02
6.356635663566356786e-01,5.565667568154573086e-01
6.848684868486848432e-01,6.390655662935185166e-01
3.393339333933393376e-01,-3.265573181801487146e-02
9.243924392439244464e-01,6.209976352917240261e-01
9.736973697369737391e-01,2.505871701557694786e-01
2.440244024402440232e-02,3.338297149073436720e-02
5.881588158815881373e-01,3.733341174510839688e-01
6.700670067006701119e-03,1.011297515699931607e-02
7.133713371337133680e-01,7.076827883079949144e-01
5.360536053605360340e-01,1.856610945169717697e-01
8.819881988198819966e-01,6.231803167427917289e-01
3.755375537553755638e-01,-1.716630416434941978e-02
4.778477847784778909e-01,1.121318941617443221e-01
2.130213021302130305e-01,-8.454202251401409310e-03
6.043604360436043432e-01,3.421334366595899512e-01
4.716471647164716674e-01,1.036089691375306626e-01
4.946494649464946436e-01,1.482465728741641509e-01
6.937693769376938047e-01,4.296921798475905607e-01
8.498849884988498582e-01,7.479271070253368237e-01
2.129212921292129301e-01,-6.998607470306318634e-03
6.524652465246524313e-01,5.231323782539528677e-01
6.200620062006200611e-02,4.912612084046857203e-02
4.906490649064906839e-01,1.300656875727821404e-01
8.232823282328233239e-01,8.834969467302795643e-01
3.006300630063006296e-01,-4.094975870369449433e-02
3.500350035003500504e-01,-3.059490569475808996e-02
8.690869086908691032e-02,5.904104723025613288e-02
9.159915991599160145e-01,5.697917865009581861e-01
2.630263026302630258e-02,3.463664619252229682e-02
2.407240724072407245e-01,-2.650695353166899332e-02
8.410841084108411358e-01,8.153709095453388622e-01
8.930893089308930555e-02,5.514084476105594879e-02
4.408440844084408616e-01,5.294933855335136330e-02
5.365536553655365637e-01,2.535571234921115691e-01
7.849784978497850174e-01,7.706648348799369774e-01
6.015601560156015326e-01,3.675281391199866632e-01
2.664266426642664110e-01,-3.726027880801562053e-02
2.009200920092009401e-01,-6.338327743611287934e-04
3.895389538953895614e-01,-9.455510337658741549e-03
2.029202920292029200e-01,-1.726638057218049267e-03
8.607860786078608273e-01,7.705937016157059505e-01
6.814681468146814858e-01,5.452287571720753068e-01
4.409440944094409343e-01,4.569403811200681287e-02
6.670667066706670312e-02,6.256062481224790306e-02
6.805680568056805546e-01,6.737616413833980022e-01
2.131213121312131309e-01,-8.691009518373654305e-03
7.368736873687369293e-01,6.652073860750638001e-01
5.302530253025302676e-01,2.036039626312760031e-01
3.634363436343634457e-01,-2.801368212018002027e-02
7.987798779877988142e-01,5.915346931066731706e-01
5.975597559755976285e-01,3.953078788860561188e-01
5.700570057005700797e-02,5.242787772630883025e-02
1.975197519751975272e-01,1.409648504473073882e-03
9.570957095709571594e-02,5.117162221203311323e-02
8.851885188518852088e-01,6.768954987632526121e-01
4.143414341434143444e-01,1.421684321518105684e-02
8.128812881288128844e-01,7.786856203709431323e-01
9.700970097009700699e-02,4.942663277582633879e-02
5.262526252625262524e-01,2.299004535768131574e-01
8.377837783778377956e-01,8.011304935157845808e-01
2.784278427842784565e-01,-4.016676661851321245e-02
7.596759675967597047e-01,7.989142493267196166e-01
7.910791079107910850e-02,5.963096743798483590e-02
2.630263026302630536e-01,-3.510443166690743744e-02
3.020302030203020349e-02,4.220628796937467980e-02
5.480548054805480657e-02,4.526027602125888560e-02
8.320832083208321017e-02,6.517157751043284319e-02
2.666266626662666117e-01,-3.768957462706065686e-02
6.740674067406740577e-02,6.388551771826710135e-02
7.707770777077708191e-01,7.739875058052498868e-01
3.187318731873187150e-01,-4.630173308709534946e-02
9.274927492749275304e-01,5.236492372019531105e-01
9.814981498149815131e-01,1.415959785819635441e-01
1.018101810181018113e-01,5.325501040479352355e-02
9.546954695469547225e-01,3.024021221331416598e-01
3.007300730073007577e-01,-4.303790865756801365e-02
7.001700170017002289e-01,7.019345840501183265e-01
5.682568256825683006e-01,2.610220723255728403e-01
5.224522452245224935e-01,2.262652655280770198e-01
7.499749974997500512e-01,6.428097081315914396e-01
8.459845984598459712e-01,6.734493898583240323e-01
9.037903790379038238e-01,6.201966562548997253e-01
2.890289028902890550e-02,3.579434571921023128e-02
9.703970397039703988e-01,2.359456653813557236e-01
5.315531553155316002e-01,2.031076603296275429e-01
5.584558455845585190e-01,2.668432092665390387e-01
1.040104010401040127e-02,1.777244899674413833e-02
8.091809180918092537e-01,8.758552706295080759e-01
1.713171317131713112e-01,1.744140593744009440e-02
9.471947194719472218e-01,3.932724077812006502e-01
7.520752075207520759e-01,6.548187400032372540e-01
6.900690069006901010e-03,9.196961452120379354e-03
3.389338933893389361e-01,-4.493976655953543786e-02
8.987898789878988604e-01,5.335897195180595576e-01
6.693669366936694232e-01,5.369846214749909308e-01
1.571157115711571128e-01,2.584520609252978149e-02
7.005700570057006304e-01,7.077851459939337175e-01
9.325932593259326220e-01,4.713103995366982324e-01
6.232623262326232316e-01,4.268560507945894922e-01
1.480148014801480061e-01,2.889271141486625394e-02
5.280528052805281147e-01,2.124370706848382473e-01
5.648564856485648322e-01,2.058060646275458039e-01
3.190319031903190439e-01,-3.737310048766414455e-02
4.047404740474047635e-01,3.977770929490287086e-03
4.525452545254525782e-01,6.582353629131876271e-02
3.521352135213521306e-01,-2.957504552427453817e-02
8.184818481848185057e-01,8.587144061520218807e-01
2.373237323732373394e-01,-2.108544902007979463e-02
6.740674067406741132e-01,5.138654242122380200e-01
7.690769076907690849e-01,7.886572443341716143e-01
3.394339433943394657e-01,-3.821727026374251851e-02
6.097609760976098192e-01,3.128586915073562347e-01
8.871887188718872164e-01,6.711044651879938261e-01
8.997899789978998086e-01,6.347700404048457479e-01
9.128912891289129306e-01,6.373077125860360237e-01
5.500550055005500906e-03,9.076458686893907127e-03
2.002200220022002375e-01,-1.320763570488833662e-04
5.895589558955895981e-01,3.760510988484033756e-01
4.037403740374037597e-01,3.387867284581434074e-03
8.680868086808680995e-02,5.126903435275432380e-02
7.113711371137113604e-01,6.973011012412597687e-01
7.318731873187318548e-01,6.714492245377385871e-01
8.544854485448545311e-01,6.767154614480377361e-01
9.576957695769576784e-01,2.959332369610322977e-01
4.805480548054805734e-01,1.185576160796526085e-01
5.803580358035803632e-01,2.696189686971248167e-01
3.764376437643764395e-01,-1.937801104746008848e-02
4.121412141214121361e-01,1.305248826324322507e-02
6.351635163516351490e-01,4.631636601779078877e-01
9.343934393439343733e-01,4.002028536619118282e-01
7.587758775877587736e-01,5.749792889889462355e-01
7.580758075807580987e-02,6.399231695319537727e-02
6.321632163216321931e-01,4.890200935446972763e-01
8.189818981898190353e-01,9.021293526632702120e-01
1.988198819881988322e-01,7.890689278739699067e-04
8.838883888388838761e-01,7.045479539452713658e-01
6.153615361536153294e-01,3.923484849428328092e-01
4.893489348934893512e-01,1.224718256254039572e-01
5.770577057705770230e-01,3.657379273019871757e-01
7.734773477347735016e-01,6.876168728402737296e-01
9.594959495949595407e-01,2.805309079846401432e-01
9.982998299829983768e-01,1.538160383308396009e-02
2.079207920792079389e-01,-4.521997887109920067e-03
7.967796779677968066e-01,6.334012148283720833e-01
7.124712471247125478e-01,7.318368565006959647e-01
1.926192619261926364e-01,4.390710695308234525e-03
1.825182518251825259e-01,1.195897163666823602e-02
6.774677467746774706e-01,5.673377318060843777e-01
4.270427042704270648e-01,2.662857652297716954e-02
7.532753275327532805e-01,6.545642701232470273e-01
4.358435843584358427e-01,4.574100747218329960e-02
6.399639963996399672e-01,5.527643430443665018e-01
9.601960196019602156e-01,3.626227722879709625e-01
7.680768076807681366e-02,5.974277494874607325e-02
6.132613261326133047e-01,4.461318920704787638e-01
8.929892989298929828e-01,7.491564406583035574e-01
4.098409840984098551e-01,1.166502676313790551e-02
2.822282228222822154e-01,-3.763532618322289885e-02
2.293229322932293368e-01,-1.784784857735013941e-02
8.140814081408141722e-02,6.242259622746283709e-02
7.994799479947994891e-01,9.201452233964473315e-01
9.196919691969197563e-01,5.391725743310058494e-01
7.716771677167717502e-01,7.212331994814884517e-01
2.012201220122012135e-01,-8.093294936556352662e-04
7.228722872287228762e-01,6.871967027537274619e-01
9.817981798179817865e-01,1.731794906250725408e-01
9.865986598659866047e-01,1.447264796115426133e-01
1.948194819481948170e-01,3.075126349621551836e-03
3.538353835383538648e-01,-2.978466845368143989e-02
7.083708370837084045e-01,5.940919712331710345e-01
4.473447344734473585e-01,5.411406717530869992e-02
4.748474847484748795e-01,9.764268392407605968e-02
9.614961496149615483e-01,3.212657471177420843e-01
2.218221822182218361e-01,-1.346583012058645730e-02
9.571957195719572598e-01,3.760973541182552893e-01
9.728972897289729360e-01,2.652393235987211551e-01
1.542154215421542296e-01,2.688871323069745231e-02
8.148814881488148920e-01,7.805338221144431099e-01
9.970997099709971723e-01,2.638848487240748678e-02
9.548954895489549788e-01,3.473767580493896112e-01
4.230423042304230496e-01,2.649876539513637899e-02
8.396839683968396750e-01,8.008686457449321061e-01
6.366636663666367379e-01,4.237567754047599777e-01
8.221822182218222475e-01,8.820124478845865479e-01
6.544654465446544389e-01,5.717581622421208376e-01
2.194219421942194270e-01,-1.160833078576602000e-02
6.997699769976998274e-01,5.912531792403298292e-01
5.948594859485948350e-01,3.948086298873262900e-01
4.908490849084908847e-01,1.323826280943979639e-01
1.456145614561456247e-01,3.020458696381302793e-02
1.619161916191619310e-01,1.987320989366972782e-02
1.504150415041504152e-01,3.010161780584028057e-02
7.624762476247625154e-01,7.560175941911074782e-01
7.616761676167617123e-01,7.180191767350021514e-01
7.021702170217022365e-01,6.858697414643408763e-01
4.193419341934193634e-01,1.960831006886963254e-02
8.460846084608461548e-02,6.177807760868461728e-02
6.352635263526352771e-01,4.861045222803551669e-01
5.460546054605460720e-01,2.635252049445768185e-01
8.085808580858085959e-01,8.335674410280823343e-01
4.451445144514451502e-01,5.338839755303716184e-02
5.408540854085408522e-01,1.945373385775647224e-01
1.417141714171417100e-01,3.740666889700551556e-02
6.914691469146915237e-01,5.799196568695983434e-01
9.220922092209221654e-02,6.311023821486616558e-02
1.320132013201320287e-01,3.773594424271257269e-02
6.540654065406541207e-02,4.632189966342097065e-02
6.220622062206220271e-01,4.479292323668422338e-01
2.450245024502450408e-01,-2.626009466671236359e-02
6.920692069206921260e-02,5.394072388557180631e-02
8.972897289728972714e-01,6.489009337343085715e-01
4.999499949994999914e-01,1.522135565903083299e-01
1.986198619861986314e-01,8.785663206735605177e-04
4.124412441244124650e-01,1.186937148671183065e-02
9.861986198619862032e-01,1.283123198672251886e-01
4.957495749574957755e-01,1.279408207775020456e-01
2.128212821282128298e-01,-8.162100241695127711e-03
6.065606560656066071e-01,4.231898298198433217e-01
2.946294629462946624e-01,-4.339080745284582680e-02
5.380538053805380416e-01,2.350232187940779482e-01
1.904190419041904281e-01,5.578536114478102603e-03
2.439243924392439367e-01,-2.792891394447113984e-02
7.017701770177018350e-01,5.361395366541059637e-01
3.027302730273027653e-01,-3.912255662702990300e-02
2.800280028002800209e-02,3.516518237183455936e-02
8.527852785278527969e-01,8.533420790344268259e-01
1.238123812381238115e-01,4.955950310525498309e-02
9.138913891389138788e-01,4.637198408212490630e-01
6.418641864186418466e-01,5.387529930478289764e-01
6.576657665766576510e-01,5.649521627356242082e-01
7.810781078107811304e-01,8.101136798505991221e-01
5.859585958595859845e-01,4.083082078950478477e-01
4.729472947294729446e-01,1.118546615069041655e-01
5.958595859585958943e-01,4.242477274196900794e-01
1.810181018101810271e-02,2.147213052441309875e-02
8.109810981098110050e-01,8.547900051913293051e-01
5.332533253325332234e-01,2.255852710156961427e-01
9.957995799579958396e-01,4.080529277608982430e-02
5.153515351535153943e-01,2.052264452058596422e-01
9.452945294529453424e-01,4.558712483103126711e-01
6.317631763176317916e-01,4.927194762244280213e-01
2.337233723372337257e-01,-1.685561975650742839e-02
3.930393039303930469e-01,-6.391106670167371814e-03
5.750575057505750987e-02,5.158345330144468999e-02
5.512551255125512917e-01,2.909777959097165634e-01
6.700670067006700426e-02,5.221322085741594843e-02
2.934293429342934578e-01,-4.356911351498156393e-02
1.603160316031603250e-01,2.413609624492675521e-02
5.290529052905290630e-01,2.821294575904090829e-01
1.431143114311431153e-01,3.509214625469972426e-02
1.270127012701270097e-01,4.585348630356722577e-02
7.183718371837184424e-01,5.360009916538877039e-01
4.003400340034003468e-01,3.578803863064212954e-04
3.850385038503850721e-01,-1.326452522020379887e-02
4.565456545654565379e-01,7.357129892059874332e-02
2.500250025002500598e-01,-2.553886546648292954e-02
5.172517251725172738e-01,1.819733806675821186e-01
3.262326232623262157e-01,-4.365779734427344128e-02
1.101110111011101150e-01,5.530661159767746859e-02
5.256525652565257056e-01,2.032031667814817588e-01
9.691969196919691942e-01,2.601785638909490106e-01
4.590459045904590751e-02,4.068027568678825312e-02
1.228122812281228216e-01,4.172261198001265409e-02
5.657565756575657634e-01,3.426261360126787170e-01
1.951195119511951181e-01,3.566459503586086148e-03
5.292529252925293193e-01,1.719077401294906438e-01
2.807280728072807374e-01,-4.039645006138316979e-02
4.715471547154715393e-01,9.727624055820137394e-02
6.079607960796079569e-01,3.952577705147886089e-01
7.194719471947195188e-01,6.487162417046065110e-01
4.838483848384838582e-01,1.436719560829127496e-01
2.506250625062506066e-01,-2.554736686583481201e-02
5.184518451845184783e-01,1.691163016376462380e-01
9.504950495049505621e-01,3.282043112039823018e-01
9.228922892289229685e-01,4.731927709496424050e-01
7.172717271727172550e-01,7.715933512402427530e-01
4.376437643764376495e-01,4.131848494121247162e-02
1.280128012801280170e-02,1.716058933065704381e-02
7.941794179417942523e-01,8.226665472749703500e-01
5.744574457445744686e-01,3.185972376680844542e-01
8.784878487848785111e-01,6.282253807869928597e-01
5.732573257325732641e-01,2.870675525737614309e-01
2.658265826582658087e-01,-3.579518170617717460e-02
7.245724572457246104e-01,6.922768800682844725e-01
8.046804680468047088e-01,7.795782618642275175e-01
5.483548354835483529e-01,2.655502076763143204e-01
8.440844084408440917e-01,5.048912138353991441e-01
6.971697169716971620e-01,6.164451617837402031e-01
1.072107210721072179e-01,5.772133343510962161e-02
1.840184018401840385e-02,2.444425794098219890e-02
2.063206320632063329e-01,-3.169634480918444124e-03
7.899789978997899809e-01,5.874591316295366683e-01
2.583258325832583080e-01,-4.201915065190044846e-02
1.179117911791179169e-01,4.452987294120185069e-02
1.844184418441844331e-01,9.702823568190804479e-03
8.634863486348635098e-01,8.860320512017050287e-01
6.359635963596359520e-01,4.494756268448018566e-01
5.152515251525152662e-01,1.894146621512844963e-01
9.408940894089409257e-01,4.410699978496865348e-01
1.351135113511351127e-01,3.670155277975776370e-02
9.915991599159916792e-01,7.495281291267003043e-02
3.858385838583858751e-01,-1.247970427878820898e-02
7.501750175017501965e-01,6.858650750281802821e-01
2.846284628462846245e-01,-4.906563004243898185e-02
4.526452645264526509e-01,7.431756563408073446e-02
5.979597959795980300e-01,3.567065549019244330e-01
3.004300430043004289e-01,-3.837671283284910945e-02
1.008100810081008075e-01,5.454205292600002725e-02
4.710471047104710512e-02,4.412267363269831155e-02
7.512751275127512729e-01,7.749949846780188611e-01
6.632663266326632723e-01,5.471691307037045426e-01
2.574257425742574323e-01,-3.550708491159205310e-02
8.702870287028703356e-01,7.214285654200520703e-01
2.265226522652265262e-01,-1.388921529886915848e-02
3.888388838883888310e-01,-9.513180540788859427e-03
5.210521052105210327e-01,2.168207480878246995e-01
5.695569556955695223e-01,3.365288951987522870e-01
8.842884288428842776e-01,7.116038973989493588e-01
2.385238523852385439e-01,-2.351858714252929097e-02
3.430343034303430239e-01,-3.827496196313769777e-02
2.031203120312031207e-01,-1.974605687341544728e-03
3.892389238923892325e-01,-9.737923044168528969e-03
3.099309930993099371e-01,-4.450314840389762300e-02
2.732273227322732367e-01,-4.406430084398320346e-02
3.641364136413641206e-01,-2.967873406600643124e-02
5.997599759975997813e-01,3.676237410579484832e-01
9.531953195319532446e-01,3.855486310637644687e-01
7.705770577057705628e-01,6.877679441163300211e-01
9.784978497849785573e-01,1.748421836206840441e-01
7.280728072807281237e-02,5.674989688485451711e-02
6.989698969896990244e-01,5.405853013952653940e-01
4.020402040204020810e-01,1.844024051431605166e-03
2.491249124912491286e-01,-2.432399829519621762e-02
8.870887088708870882e-01,6.740357318209335702e-01
7.061706170617061407e-01,5.983409380802635624e-01
3.777377737773777722e-01,-1.913349922943729728e-02
8.656865686568656626e-01,7.550581660710266041e-01
3.788378837883788486e-01,-1.770258663383160805e-02
9.644964496449645042e-01,3.143692181499571636e-01
1.702170217021702348e-01,1.833783473091393779e-02
4.798479847984798430e-01,1.206174799266870323e-01
1.017101710171017109e-01,4.822177742001583500e-02
6.337633763376337992e-01,4.364318016802580802e-01
6.889688968896889865e-01,6.356508889965766240e-01
4.771477147714771605e-01,1.243466175412360486e-01
9.255925592559256510e-01,4.529700388185363691e-01
9.762976297629762934e-01,2.295006398556881377e-01
6.649664966496650065e-01,6.353745664327165033e-01
1.394139413941394290e-01,4.010082471154029909e-02
8.031803180318032309e-01,8.124558873759493149e-01
6.658665866586659376e-01,6.511120295109394940e-01
9.020902090209020896e-01,5.116705170064154151e-01
8.165816581658166262e-01,6.968797869537458611e-01
1.728172817281728169e-01,1.734992608950268814e-02
5.148514851485148647e-01,1.915499472708357964e-01
4.233423342334233785e-01,2.610481617551790520e-02
3.299329932993299574e-01,-4.872353334450069129e-02
2.555255525552555529e-01,-3.130836867908026733e-02
6.057605760576058040e-01,4.129350738352485228e-01
4.471447144714471578e-01,6.409456603232847882e-02
1.893189318931893239e-01,7.351572736117506154e-03
4.460446044604460814e-01,5.450635590697700678e-02
4.940494049404940691e-02,4.067199360994263463e-02
5.252525252525253041e-01,2.180207514491004361e-01
1.611161116111611280e-01,2.239521603470385688e-02
9.174917491749174925e-01,5.625159656884575199e-01
1.770177017701770328e-01,1.278355543526382351e-02
2.980298029802980544e-02,2.857938149588044527e-02
4.849484948494849901e-01,1.084223053171306933e-01
7.433743374337433707e-01,6.814475136671943600e-01
7.724772477247725533e-01,8.819335007977837648e-01
5.429542954295429880e-01,2.380008662329437530e-01
3.283328332833283514e-01,-4.025526790316363152e-02
6.988698869886988962e-01,5.943421649119009498e-01
9.809980998099809835e-01,1.816930283555788506e-01
9.193919391939193719e-01,5.345517946957466515e-01
3.966396639663966606e-01,-3.291811112610536737e-03
5.490549054905490695e-02,4.414562283475932658e-02
7.366736673667366730e-01,6.760373492978560828e-01
8.247824782478248018e-01,8.457426374078412801e-01
5.671567156715672242e-01,3.305164995803198114e-01
8.620862086208620767e-02,5.595755852280426962e-02
8.210821082108210600e-01,7.790965653657139223e-01
6.807680768076808109e-01,4.486492358546662063e-01
3.320332033203320377e-01,-4.111945267229423495e-02
6.699669966996699699e-01,6.564586265417293731e-01
7.870787078707871531e-01,8.167318308926581061e-01
2.717271727172717588e-01,-4.161461923809631203e-02
6.311631163116311338e-01,4.662716109477204052e-01
3.984398439843984674e-01,-1.348328014585774412e-03
2.588258825882588376e-01,-3.390641480193017088e-02
5.938593859385938867e-01,3.945670033242227870e-01
7.498749874987499231e-01,8.137454512608881529e-01
8.070807080708071179e-01,8.583747941563175665e-01
8.356835683568356599e-01,8.570786216732417806e-01
7.546754675467547413e-01,6.094977469458846553e-01
1.160116011601160235e-02,1.582141670746242679e-02
1.300130013001300159e-03,2.124252453294061659e-03
6.741674167416742414e-01,5.390906455874230341e-01
5.405540554055405789e-01,2.388569480044904214e-01
4.695469546954695872e-01,8.745765188378164245e-02
1.111111111111111188e-01,4.624400417715612138e-02
3.454345434543454330e-01,-3.356664044688266457e-02
1.931193119311931383e-01,4.819721192366503704e-03
8.566856685668566840e-01,7.442604189507993073e-01
7.202720272027203219e-01,6.606347036574324871e-01
6.239623962396240175e-01,3.599863019298144562e-01
5.007500750075007945e-01,1.601530556524845272e-01
8.727872787278727618e-01,7.731534303248360773e-01
1.290129012901290208e-02,1.638679934742069688e-02
2.389238923892389455e-01,-2.241396648584630114e-02
5.013501350135013412e-01,1.733611045293211028e-01
2.719271927192719596e-01,-4.020289608641194889e-02
3.163316331633163614e-01,-4.166332137114438228e-02
5.710571057105710835e-02,5.444593264811214972e-02
9.523952395239524416e-01,4.283264719535934684e-01
8.313831383138313713e-01,6.161131714814791493e-01
2.066206620662066340e-01,-4.754153388942183693e-03
2.736273627362736383e-01,-3.697239072394233050e-02
1.400140014001400104e-02,1.802125354564052678e-02
3.650365036503650518e-01,-2.435462925256882960e-02
9.335933593359335703e-01,5.725260166816568130e-01
3.360336033603360251e-02,3.452964817266513525e-02
9.560956095609561556e-02,5.443077509044411122e-02
5.734573457345735203e-01,3.536551453170311832e-01
2.605260526052605163e-01,-3.722404638875767557e-02
5.800580058005800899e-01,4.022751353806259256e-01
9.872987298729872796e-01,1.194493016208278968e-01
1.700170017001700158e-03,2.820225331595834981e-03
2.020202020202020166e-01,-1.195598661016360111e-03
6.902690269026903191e-01,5.408174436756487680e-01
4.936493649364936398e-01,1.330759064389875346e-01
1.415141514151415092e-01,3.417963025173254704e-02
3.910391039103910393e-01,-6.828606257696353925e-03
4.141414141414141437e-01,1.319873807259538782e-02
6.514651465146514830e-01,5.148656354962846127e-01
6.288628862886288529e-01,4.488612330003922679e-01
6.000600060006000547e-01,3.793357612329407713e-01
8.901890189018901722e-01,5.987439019651121797e-01
8.573857385738573589e-01,6.692670468280816909e-01
6.600660066006600601e-01,6.143703362102976850e-01
4.623462346234623599e-01,7.414174388540673011e-02
7.248724872487248838e-01,7.457602284790364466e-01
2.744274427442744413e-01,-3.459032367087868515e-02
2.166216621662166164e-01,-1.103117812723842031e-02
2.068206820682068348e-01,-4.462844189638509422e-03
8.294829482948294919e-01,7.187512036378851388e-01
5.798579857985798336e-01,3.188266441010918495e-01
4.845484548454845886e-01,1.164434963753853136e-01
8.001800180018001640e-01,8.302346423565327704e-01
1.114111411141114200e-01,4.779860982959889537e-02
1.715171517151715119e-01,1.998168749435616162e-02
1.558155815581558079e-01,2.778526982854128552e-02
2.377237723772377409e-01,-2.186059241179293122e-02
4.490449044904490372e-02,5.151031071265133043e-02
1.076107610761076194e-01,5.123970664422849985e-02
9.775977597759776261e-01,1.982671138611041828e-01
2.303230323032303406e-01,-1.768340170882704704e-02
5.086508650865086967e-01,1.363079645508727122e-01
8.914891489148915049e-01,7.463488367677449942e-01
3.305330533053305597e-01,-3.898751537205170231e-02
8.150815081508151760e-02,5.004684048345800496e-02
2.699269926992699520e-01,-3.764942761781195357e-02
3.586358635863586275e-01,-3.066589914669296327e-02
8.216821682168217178e-01,7.536272024425971772e-01
9.093909390939094450e-01,6.868603419002200505e-01
1.407140714071407062e-01,3.554418660694946136e-02
6.912691269126912674e-01,6.434523211421341315e-01
9.654965496549655635e-01,2.434028948335829889e-01
9.758975897589758919e-01,2.261727272953131251e-01
6.715671567156715760e-01,5.716854619879111477e-01
3.713371337133713479e-01,-2.051430154966120065e-02
3.486348634863486451e-01,-3.671034060021161061e-02
3.898389838983898348e-01,-8.646693862001742989e-03
2.150215021502150173e-02,2.730713958883266429e-02
2.030203020302030203e-01,-2.134541772757908660e-03
4.441444144414441464e-01,5.676930158910970664e-02
1.102110211021102154e-01,4.854758128565105080e-02
8.364836483648364629e-01,7.534171623289975805e-01
1.096109610961096131e-01,5.425186819891034129e-02
5.354535453545354873e-01,2.180317752315594770e-01
5.212521252125212889e-01,1.631209367811927158e-01
8.342834283428343101e-01,6.347700581163111533e-01
6.893689368936893880e-01,5.930689902160969362e-01
9.232923292329233700e-01,4.982310535753798897e-01
5.270527052705270554e-01,1.922252747932148564e-01
2.508250825082508073e-01,-2.804582218427119356e-02
9.827982798279828458e-01,1.428033141181056787e-01
2.671267126712671414e-01,-3.244356999566283539e-02
9.188918891889189533e-01,4.634477112880563965e-01
6.252625262526252392e-01,4.313234595897190715e-01
5.656565656565656353e-01,3.246494243630936860e-01
4.389438943894389822e-01,4.929886775453958675e-02
8.295829582958296200e-01,8.675252649844862329e-01
3.302330233023302308e-01,-4.019925250576998621e-02
2.930293029302930563e-01,-3.983395416297597080e-02
5.537553755375538289e-01,2.830067146268521183e-01
1.300130013001300246e-02,1.823864559735761948e-02
4.779477947794779635e-01,1.050301827849105946e-01
8.352835283528352583e-01,7.265663551009486909e-01
6.750675067506750615e-01,5.764495745431934548e-01
5.131513151315131305e-01,1.594388593943543986e-01
1.135113511351135140e-01,5.123488315511734448e-02
9.993999399939994532e-01,6.030564227647119448e-03
5.425542554255425864e-01,2.403821789023706801e-01
7.778777877787779182e-01,6.870081400936196570e-01
3.145314531453145546e-01,-4.156361659390656049e-02
7.618761876187618576e-01,7.782697043606918719e-01
6.164616461646165169e-01,4.533831701012218662e-01
9.509950995099509807e-01,3.862970538881047022e-01
7.926792679267926633e-01,7.255074827235115098e-01
6.583658365836584370e-01,4.530616428014134778e-01
6.455645564556455884e-01,5.073978517749356820e-01
3.599359935993599602e-01,-3.081445298955784451e-02
3.850385038503850721e-02,5.347502258780513495e-02
8.425842584258426138e-01,7.131543091975500737e-01
4.500450045004500410e-01,6.525156705463161511e-02
7.234723472347235340e-01,7.670645340584424376e-01
6.510651065106510815e-01,5.193518597294610739e-01
1.645164516451645131e-01,2.536261060380137072e-02
6.216621662166217366e-01,5.517859015394186439e-01
8.277827782778277577e-01,8.083544834117271094e-01
9.416941694169417287e-01,3.920926724592893597e-01
9.901990199019902184e-01,8.347759278601260546e-02
7.617761776177618405e-01,7.713716997673050191e-01
6.070607060706070257e-01,4.377344845540332430e-01
6.722672267226722509e-01,5.369597436128251688e-01
8.061806180618061868e-01,7.785591994197840204e-01
4.460446044604460258e-02,4.351192218976596832e-02
2.371237123712371386e-01,-1.989398408691020123e-02
1.409140914091409069e-01,4.204103487687926161e-02
6.409640964096410265e-01,4.604236013311664433e-01
3.147314731473147553e-01,-4.255193332940624545e-02
9.650965096509651620e-01,3.183055623629248432e-01
0.000000000000000000e+00,0.000000000000000000e+00
6.871687168716872351e-01,5.887505857889762106e-01
7.470747074707471125e-01,7.437620550172956424e-01
4.337433743374337625e-01,4.669134987804236109e-02
7.912791279127913135e-01,8.182545929514488670e-01
1.257125712571257048e-01,4.593148641923439773e-02
3.453345334533453603e-01,-2.764401397736487159e-02
7.217721772177217998e-01,7.143472114322289013e-01
5.081508150815081670e-01,1.710224741657964398e-01
9.058905890589059595e-01,7.219921867630245682e-01
9.626962696269627529e-01,3.146267587719889236e-01
2.659265926592659368e-01,-3.646456967631132862e-02
8.754875487548755553e-01,6.897419538242068882e-01
5.900590059005900688e-03,9.225651530197208697e-03
9.340934093409340999e-01,4.089478641798791059e-01
3.581358135813581534e-01,-2.996767632806195819e-02
5.613561356135613467e-01,2.483328785778459169e-01
3.319331933193319650e-01,-4.130530176621392824e-02
7.310731073107311351e-02,5.157215321079275383e-02
6.580658065806580526e-01,5.626425677336888143e-01
8.359835983598360443e-01,7.139681176404624185e-01
4.306430643064306785e-01,3.400726672851086402e-02
6.689668966896690216e-01,5.481292917395063080e-01
1.735173517351735195e-01,1.914069045649720996e-02
3.785378537853785752e-01,-1.674245613528851581e-02
4.125412541254125376e-01,1.019858390388760083e-02
7.426742674267426958e-01,7.788783008802695473e-01
2.843284328432843511e-01,-4.734224498198212616e-02
9.612961296129612920e-01,3.401100916885856917e-01
7.820782078207820509e-02,5.238379875679496228e-02
6.994699469946994430e-01,7.261655345777731085e-01
1.360136013601360126e-02,1.547609732870858235e-02
9.214921492149215076e-01,5.662955829160658539e-01
7.960796079607961040e-02,5.196623226636561121e-02
5.057505750575057579e-01,1.350021972784505031e-01
9.682968296829683741e-01,2.469349002021225536e-01
5.650565056505650607e-02,5.472647526106601268e-02
8.433843384338434168e-01,6.989055697545600854e-01
6.877687768776877819e-01,4.886442089321163529e-01
3.517351735173517291e-01,-3.269621362033506284e-02
2.610261026102610460e-01,-3.184239220675701837e-02
5.415541554155415271e-01,2.281572517705596492e-01
6.247624762476248206e-01,5.195439435243224269e-01
5.259525952595259790e-01,1.716200478149157993e-01
2.269226922692269277e-01,-1.954819438644341337e-02
6.322632263226323213e-01,4.729027387387794157e-01
7.320732073207321389e-02,5.678418604112490248e-02
4.630463046304630903e-02,4.871415203759364015e-02
5.336533653365336249e-01,2.067348898533752644e-01
9.056905690569057032e-01,5.470016574539189325e-01
8.275827582758276124e-01,6.984380406107273398e-01
1.519151915191519209e-01,2.955376455112144335e-02
6.884688468846884568e-01,6.314849618463013181e-01
7.357735773577358529e-01,6.712703778942414878e-01
3.930393039303930330e-02,4.640871555166765222e-02
4.449444944494449494e-01,5.415093102342443537e-02
7.765776577657765856e-01,7.457444291876712539e-01
3.494349434943494481e-01,-2.880495906623591756e-02
3.266326632663266172e-01,-4.033409026570001360e-02
8.290829082908290903e-02,5.880932419589288140e-02
9.297929792979298114e-01,5.739955543150945250e-01
3.787378737873787760e-01,-1.999678706951725851e-02
5.326532653265326767e-01,2.337666490936896324e-01
1.555155515551555068e-01,2.778993782332631751e-02
2.640264026402640574e-01,-3.361798128525754492e-02
5.924592459245924259e-01,3.836251553784542079e-01
3.724372437243724243e-01,-2.557868711807663453e-02
4.774477447744774894e-01,1.201692797777714622e-01
1.127112711271127110e-01,5.305274012545707629e-02
4.220422042204220459e-01,2.572559588174239825e-02
8.249824982498250581e-01,8.413177413537977767e-01
7.976797679767977378e-01,7.885442702490816913e-01
7.888788878887889044e-01,8.053533976649920323e-01
8.437843784378438183e-01,8.290582501660150871e-01
1.818181818181818232e-01,9.188676958785056345e-03
6.771677167716771972e-01,6.559274875780303216e-01
5.112511251125112510e-01,1.755382045022612636e-01
9.845984598459845971e-01,1.013609835873911791e-01
3.590359035903590429e-02,4.509403118603077382e-02
6.525652565256525595e-01,5.861493624678444370e-01
6.838683868386838949e-01,5.214452496000597792e-01
1.660166016601660050e-02,2.311248177609388776e-02
7.920792079207921166e-01,6.272787000479761454e-01
8.115811581158116628e-01,8.460336773252535858e-01
5.130513051305131134e-01,1.795367630159584726e-01
5.056505650565056298e-01,1.668530653237136618e-01
6.438643864386438542e-01,4.398370783217954161e-01
1.323132313231323298e-01,3.555377352099603483e-02
8.202820282028202570e-01,7.612244454612404621e-01
3.308330833083308331e-01,-3.064016626550304656e-02
9.167916791679168176e-01,6.476427619418123616e-01
1.909190919091909300e-01,5.765077804472265241e-03
4.093409340934093810e-01,9.419161000970080466e-03
8.027802780278028294e-01,8.821640663200563948e-01
8.876887688768877460e-01,6.465400992890004694e-01
1.230123012301230154e-02,1.657534148381948486e-02
6.355635563556355505e-01,4.286271266920594347e-01
8.478847884788479616e-01,7.972076203209627066e-01
7.677767776777677522e-01,7.023919649426382250e-01
9.969996999699970441e-01,2.870889568278010145e-02
8.346834683468347116e-01,9.454403383915985781e-01
4.041404140414041612e-01,4.037385132647215366e-03
7.919791979197919884e-01,7.956325695982618962e-01
6.511651165116512097e-01,5.712991795966224640e-01
1.775177517751775347e-01,1.586439234825318123e-02
2.500250025002500372e-03,4.176929566422874114e-03
3.184318431843184416e-01,-4.272901462672418216e-02
1.447144714471447213e-01,3.552099418342258980e-02
3.063306330633063235e-01,-4.451417344521398090e-02
7.414741474147414912e-01,6.339181716311454995e-01
9.472947294729473500e-01,3.970352362053217177e-01
3.000300030003000273e-01,-3.691481641640154826e-02
2.349234923492349303e-01,-2.134514558236942985e-02
6.324632463246324665e-01,4.861202438538161918e-01
8.753875387538754271e-01,6.711624205010731092e-01
2.986298629862986220e-01,-4.492166460555307994e-02
8.240824082408240714e-02,5.428371977463999215e-02
9.110911091109110682e-01,5.731474575213735267e-01
6.790679067906790767e-01,6.317292137630552418e-01
4.186418641864186330e-01,1.812100767968335274e-02
8.413841384138414092e-01,7.181901705257680568e-01
8.730873087308731184e-02,4.738738936134210405e-02
1.698169816981698332e-01,2.173754334394809029e-02
1.319131913191319283e-01,3.832833035847236364e-02
1.192119211921192218e-01,5.484102233232417134e-02
1.494149414941494114e-01,3.399101304235444682e-02
3.300330033003300717e-02,3.761588834879981552e-02
2.636263626362636558e-01,-3.325953648511663363e-02
1.929192919291929376e-01,4.751732793265802703e-03
7.751775177517752358e-01,7.793289395597273739e-01
7.142714271427142991e-01,6.835763717282249408e-01
2.039203920392039238e-01,-2.277670456316499212e-03
7.785778577857785931e-01,7.694540481121507902e-01
1.425142514251425130e-01,3.152804628295659273e-02
7.432743274327433536e-01,6.358608287173825868e-01
2.551255125512551514e-01,-2.890969439122158258e-02
5.440544054405440505e-02,4.513619841596855364e-02
8.040804080408041343e-02,6.373610980452949770e-02
4.302430243024302770e-01,3.049547939069644636e-02
2.240224022402240167e-02,2.992317915000590120e-02
4.263426342634263344e-01,2.783359064192428289e-02
1.604160416041604253e-01,2.928547119158320458e-02
8.142814281428143453e-01,7.079034731072995079e-01
2.667266726672667398e-01,-4.046562362784023037e-02
8.241824182418242550e-01,8.817367192521787800e-01
3.085308530853085318e-01,-4.025546056074036372e-02
7.360736073607361263e-01,6.206226784641942773e-01
2.881288128812881655e-01,-3.565599184367753555e-02
2.320232023202320470e-02,2.738149175400361734e-02
4.585458545854585455e-01,7.700499325214785196e-02
4.073407340734073734e-01,6.225975990321593739e-03
7.410741074107410342e-02,4.559733863451066738e-02
3.175317531753175659e-01,-3.471163829838228715e-02
2.634263426342634551e-01,-3.266137147527976847e-02
3.661366136613661282e-01,-3.053914019841956137e-02
4.889488948894889497e-01,9.571823304226578788e-02
7.274727472747275492e-01,6.706105723302792088e-01
2.465246524652465465e-01,-2.212982178200280023e-02
2.576257625762576331e-01,-3.569524668387129979e-02
8.349834983498349850e-01,5.973022451373221076e-01
2.325232523252325212e-01,-1.987477784831534824e-02
1.480148014801480234e-02,2.301752509091845034e-02
2.516251625162516103e-01,-3.044267463894050757e-02
6.487648764876488006e-01,4.564673836217467140e-01
3.932393239323932477e-01,-5.638075315052845995e-03
7.320732073207321111e-01,6.485288579972734446e-01
5.085508550855085685e-01,1.656294047680139936e-01
9.372937293729373120e-01,4.997444827220878794e-01
5.403540354035403226e-01,2.898109845315364197e-01
4.481448144814481616e-01,5.839931570114605119e-02
9.843984398439844519e-01,1.218886340865888013e-01
3.977397739773977370e-01,-2.006091090940596410e-03
3.495349534953495207e-01,-3.375668243475825336e-02
6.152615261526153123e-01,5.142152516463649459e-01
4.685468546854685834e-01,8.841005139901143839e-02
7.356735673567357248e-01,7.048797375525985842e-01
3.771377137713771699e-01,-2.108510770127174430e-02
1.675167516751675245e-01,2.300398066571690894e-02
7.562756275627563474e-01,6.679386985643429586e-01
6.972697269726972902e-01,6.895152701197786449e-01
7.881788178817882295e-01,8.622598042120227513e-01
6.104610461046104941e-01,3.954829702963405524e-01
4.808480848084808468e-01,9.977561655188538214e-02
9.911991199119912777e-01,8.645292560366085732e-02
8.947894789478948452e-01,6.246643582588070620e-01
4.625462546254625607e-01,7.751877144783710094e-02
1.470147014701470196e-02,1.796264858888959107e-02
5.156515651565156677e-01,1.594296787874019405e-01
1.771177117711771332e-01,1.349692856583482523e-02
7.666766676667666758e-01,6.112342585467827050e-01
1.034103410341034174e-01,4.893820370653752250e-02
1.991199119911991333e-01,4.614637102734928087e-04
1.164116411641164112e-01,5.157072000451904531e-02
9.394939493949395759e-01,4.317367962169763596e-01
6.768676867686769238e-01,5.333925053343780975e-01
8.059805980598060415e-01,6.583404986187384456e-01
2.355235523552355326e-01,-2.078605434528965623e-02
9.086908690869087701e-01,6.093966434136223187e-01
8.781878187818782378e-01,6.035510450069974109e-01
9.672967296729673148e-01,2.594646896536855762e-01
6.816681668166817420e-01,5.930443960831434103e-01
1.486148614861486084e-01,3.518101550755294710e-02
7.361736173617361434e-01,7.604802171936997368e-01
4.438443844384438730e-01,5.400468821747085590e-02
5.211521152115211608e-01,1.777486538067174493e-01
3.763376337633763669e-01,-2.062204445313201018e-02
8.860886088608861400e-01,6.641595275155571798e-01
4.909490949094909573e-01,1.099018015735230142e-01
1.139113911391139156e-01,4.827362517164598965e-02
7.869786978697870250e-01,7.758767320107149423e-01
9.842984298429843237e-01,1.476269118978466577e-01
2.906290629062906472e-01,-4.554542593693879787e-02
5.371537153715372215e-01,2.474274137550872554e-01
3.036303630363036410e-01,-4.222557498169633022e-02
6.804680468046805375e-01,6.221591573474459791e-01
3.700370037003700152e-02,3.748893745872099864e-02
6.095609560956095629e-01,4.368159406779701381e-01
6.992699269926992978e-01,6.592116036450618166e-01
3.073307330733073273e-01,-4.223875442334858177e-02
3.985398539853985400e-01,-1.492199243601216065e-03
4.823482348234823802e-01,1.090820235849424835e-01
5.632563256325632262e-01,2.814045126934696661e-01
6.793679367936793501e-01,5.232115365632810100e-01
3.164316431643164340e-01,-3.649756787322846335e-02
9.050905090509051565e-01,7.130455577135413892e-01
7.656765676567657275e-01,7.133414675720608500e-01
8.324832483248325588e-01,7.263287000237435009e-01
1.620162016201620314e-01,2.615337799154817539e-02
2.185218521852185236e-01,-9.158173469036714337e-03
7.719771977197720236e-01,9.101779762817527875e-01
5.476547654765476780e-01,2.340495308063559043e-01
9.426942694269426770e-01,4.103508144840352090e-01
5.743574357435743405e-01,3.472056102302882863e-01
1.496149614961496122e-01,2.913750842909294814e-02
5.547554755475547772e-01,2.700661718148372192e-01
5.190519051905190251e-01,1.408098142366852046e-01
7.120712071207121463e-01,6.620040643410716186e-01
7.165716571657165801e-01,6.110848034917494287e-01
2.186218621862186240e-01,-1.249166500539793459e-02
5.967596759675968254e-01,3.732811507541968776e-01
2.387238723872387447e-01,-2.296980097612561639e-02
8.728872887288728899e-01,6.938048829007530394e-01
6.150615061506150560e-01,4.409608177985022692e-01
6.357635763576358068e-01,4.370926723131979275e-01
6.075607560756075554e-01,3.406149501251825029e-01
2.458245824582458439e-01,-2.995184151017505139e-02
1.137113711371137148e-01,3.977673243540601894e-02
4.134413441344134688e-01,1.463868926331958475e-02
7.479747974797480436e-01,7.107985243588630375e-01
6.268626862686268453e-01,4.575368105144331787e-01
5.061506150615061594e-01,1.792886323630410450e-01
3.340334033403340452e-01,-4.324048530516120398e-02
5.266526652665266539e-01,1.852116025340557193e-01
3.951395139513951271e-01,-4.272596092641058052e-03
4.895489548954895520e-01,1.404140087445322760e-01
1.837183718371837304e-01,9.526695555919230743e-03
6.243624362436244191e-01,5.163780102914231618e-01
6.660666066606660829e-01,5.775109551672154007e-01
9.460946094609461177e-02,5.665548668606909533e-02
2.772277227722772519e-01,-3.678873275764238393e-02
4.009400940094009491e-01,1.056471827689299710e-03
3.794379437943794509e-01,-1.939427785748727012e-02
6.745674567456746429e-01,5.806433165717208578e-01
3.950395039503950545e-01,-4.945834044832201834e-03
6.546654665466546952e-01,4.997979771071039412e-01
8.427842784278427590e-01,8.023652740293070185e-01
1.007100710071007071e-01,4.906338183541893855e-02
9.837983798379837941e-01,1.454616056702359439e-01
6.238623862386238894e-01,5.079374435428316570e-01
3.750375037503750342e-01,-1.698828841308911916e-02
1.953195319531953189e-01,3.212679223662049787e-03
1.959195919591959212e-01,2.322384392554480061e-03
5.284528452845285162e-01,1.951568056518264704e-01
9.307930793079308707e-01,4.835830951399652800e-01
3.748374837483748334e-01,-2.253071914661042285e-02
2.137213721372137332e-01,-9.616777616634566289e-03
2.955295529552955380e-01,-3.643632961921054736e-02
4.160416041604160786e-01,1.666550232473533455e-02
7.244724472447244823e-01,6.184861148772609063e-01
8.692869286928692762e-01,8.409897916206128254e-01
7.680768076807681366e-01,6.654422670407311724e-01
2.083208320832083404e-01,-4.381787097487561261e-03
1.627162716271627341e-01,2.398922005782720690e-02
5.570557055705570582e-01,2.625115907409640847e-01
2.174217421742174194e-01,-1.042006216980640235e-02
5.435543554355435347e-01,1.877456096585941314e-01
7.252725272527252853e-01,5.485377910785214084e-01
8.319831983198320291e-01,7.867727345385824300e-01
7.408740874087409445e-01,6.122338289964974756e-01
5.186518651865186236e-01,1.782251192308624554e-01
2.639263926392639292e-01,-3.048867721879229553e-02
6.181618161816181400e-01,4.993809373252756645e-01
3.751375137513751623e-01,-2.527935837342185424e-02
4.694469446944694591e-01,1.073861251126608241e-01
6.235623562356236160e-01,4.927048336015901198e-01
7.286728672867286427e-01,6.252638991566195070e-01
7.352735273527353232e-01,7.006268798283464827e-01
3.330333033303330414e-01,-3.489056221676346825e-02
4.342434243424342366e-01,3.267225681188969805e-02
6.080608060806080850e-01,4.165572413014673181e-01
9.034903490349035504e-01,6.790813768600063582e-01
9.238923892389239167e-01,5.160240012954410149e-01
7.982798279827982846e-01,8.062295068695667366e-01
8.572857285728573418e-01,8.058981277502975660e-01
7.962796279627962770e-01,7.412993050073567458e-01
4.920492049204920615e-02,5.902918419326962096e-02
1.358135813581358153e-01,4.302472424382246252e-02
4.924492449244924908e-01,1.406226545224744662e-01
3.885388538853885576e-01,-1.076484195356251783e-02
9.778977897789778995e-01,2.004395388213959239e-01
2.410241024102410465e-02,3.186645470310230793e-02
6.307630763076307323e-01,5.505215916279947441e-01
7.476747674767476592e-01,7.959310277028972536e-01
6.111611161116111690e-01,3.794158586493054375e-01
8.338833883388339085e-01,8.249490130430201518e-01
4.077407740774077749e-01,7.285273111036513413e-03
3.160316031603160186e-02,3.432019188164048967e-02
9.461946194619462736e-01,4.482164317989739688e-01
2.740274027402740398e-01,-3.548412417976096883e-02
9.104910491049105215e-01,6.458263239339687711e-01
8.163816381638163699e-01,6.264117474996544477e-01
2.648264826482648604e-01,-3.859834718785996183e-02
6.400640064006400953e-01,4.653319791681512219e-01
5.640564056405640569e-02,5.811082448117299570e-02
1.699169916991699336e-01,1.654129850441629634e-02
7.845784578457846159e-01,7.642950645540247390e-01
5.778577857785778260e-01,3.213073113759712385e-01
5.728572857285728626e-01,3.287563738786747902e-01
3.437343734373437543e-01,-3.962147546922772934e-02
5.467546754675467469e-01,2.637629716081817954e-01
9.542954295429543210e-01,3.523738297127623209e-01
1.080108010801080209e-01,5.347614754042372132e-02
3.116311631163116158e-01,-3.928929301516988909e-02
7.241724172417242089e-01,7.593492499837561915e-01
6.149614961496149279e-01,4.366267546725666748e-01
5.705570557055705816e-01,4.037651892156443045e-01
1.309130913091309245e-01,3.738490954682777145e-02
3.507350735073507253e-01,-3.577000562656525856e-02
1.758175817581758282e-01,1.623946527876555732e-02
7.105710571057105573e-01,6.236440587608063080e-01
9.385938593859386447e-01,4.144015650958202679e-01
7.411741174117412179e-01,6.445050188927086143e-01
1.737173717371737203e-01,1.721627947139140608e-02
3.871387138713871523e-01,-1.249512034995154536e-02
1.950195019501950108e-02,2.647207721462251431e-02
8.770877087708771613e-01,6.570798461658537981e-01
8.441844184418442198e-01,6.795518920319142397e-01
7.371737173717372027e-01,7.491852666141076700e-01
8.255825582558256048e-01,8.267751126572338016e-01
8.440844084408441472e-02,6.909389350536158936e-02
1.038103810381038189e-01,5.779554000011259685e-02
3.857385738573857470e-01,-1.262189174035898906e-02
5.897589758975897434e-01,4.018822478900779815e-01
4.627462746274627614e-01,6.894117338336937240e-02
4.308430843084308792e-01,3.709313674741612776e-02
2.766276627662766496e-01,-3.531063330047973930e-02
3.860386038603860759e-01,-1.103392894341845461e-02
8.042804280428043073e-01,8.780823309718424063e-01
6.782678267826782736e-01,5.447491923371886591e-01
9.820982098209821709e-01,1.465832764441000746e-01
9.936993699369937039e-01,5.318587676352273114e-02
5.035503550355036051e-01,1.812100260093858772e-01
5.934593459345934852e-01,3.217070084376730255e-01
8.144814481448144905e-01,8.445776115076677470e-01
7.541754175417542116e-01,7.722123447239086502e-01
1.721172117211721142e-01,1.839502484117526426e-02
6.888688868886888583e-01,5.895861725799473874e-01
9.925992599259926275e-01,6.779962253458252097e-02
7.645764576457646511e-01,7.376194694740214608e-01
3.637363736373637746e-01,-3.335698909553715813e-02
7.700770077007701442e-02,5.838968230219809818e-02
3.545354535453545397e-01,-2.704975026397597043e-02
8.948894889488949733e-01,5.846604159901854780e-01
6.121612161216122283e-01,4.286889321191957869e-01
4.506450645064506433e-01,5.001037719453335639e-02
3.435343534353435535e-01,-3.650259333701889181e-02
9.639963996399639745e-01,3.354185849443685474e-01
1.186118611861186195e-01,4.785027220430174144e-02
9.588958895889588829e-01,3.132490112558538597e-01
3.949394939493949264e-01,-4.498802302022764099e-03
8.131813181318131578e-01,7.210682630013056649e-01
2.775277527752775253e-01,-4.380089136707868147e-02
9.951995199519951818e-01,4.733923238595664357e-02
2.004200420042004382e-01,-2.838820427005299646e-04
5.497549754975498137e-01,2.517591655346153035e-01
7.348734873487349217e-01,6.884075680573931155e-01
2.540254025402540264e-02,3.581487596376377314e-02
5.141514151415141898e-01,2.115502722677881087e-01
4.881488148814881467e-01,1.143927745192431789e-01
6.604660466046604617e-01,5.686867186748447711e-01
1.869186918691869148e-01,8.193671728079951824e-03
2.982298229822982205e-01,-4.578092399770813253e-02
3.572357235723572222e-01,-2.505566586637238136e-02
1.404140414041404050e-01,4.001487285424051854e-02
4.830483048304830968e-02,5.479758307746687013e-02
3.697369736973697418e-01,-2.275680318578996927e-02
8.297829782978297652e-01,8.357810061478188057e-01
5.324532453245324204e-01,2.371547004091466293e-01
6.442644264426442557e-01,5.783274492398572386e-01
9.674967496749675711e-01,2.310316468745917673e-01
8.107810781078108597e-01,9.311791431085452153e-01
5.045504550455045534e-01,1.402801983037115785e-01
5.716571657165716580e-01,3.499668602732368683e-01
4.637463746374637652e-01,8.925999286994359960e-02
6.551655165516552248e-01,5.420676611151754587e-01
6.955695569556955560e-01,6.607488860549349807e-01
1.599159915991599235e-01,2.581728353906659681e-02
1.639163916391639109e-01,2.392957395490634756e-02
8.712871287128712838e-01,8.083561459356592982e-01
4.214421442144214436e-01,2.589433268588891418e-02
7.909790979097910402e-01,8.663607276641875909e-01
6.032603260326032668e-01,4.467823275997250820e-01
7.100710071007101387e-01,7.698519098677170103e-01
6.872687268726872523e-01,5.462931077985977435e-01
7.729772977297729719e-01,7.088063541462521489e-01
5.341534153415341546e-01,2.250534173963618656e-01
4.118411841184118627e-01,1.255833594852546857e-02
9.590959095909591392e-01,3.190198382835667812e-01
2.104210421042104207e-01,-5.747377249087668588e-03
1.035103510351035178e-01,5.608380311885131919e-02
6.320632063206320650e-01,3.496904437977807478e-01
3.865386538653865500e-01,-1.312502140313273613e-02
9.410941094109410709e-01,4.207658898974901973e-01
8.078807880788079210e-01,8.848171572590013412e-01
1.248124812481248153e-01,4.868118427428012873e-02
7.400740074007401172e-03,1.123226795213532261e-02
5.052505250525052283e-01,1.579121346453464803e-01
1.010101010101010187e-02,1.219669980182278360e-02
7.160716071607160782e-02,6.133729790146398575e-02
6.509650965096509534e-01,6.009360365659047742e-01
9.490949094909491290e-02,5.386917295164161956e-02
9.524952495249525697e-01,4.074058968818812243e-01
3.456345634563456337e-01,-3.598968038506225597e-02
1.152115211521152205e-01,5.094380047211435197e-02
1.346134613461346108e-01,4.224794904966134440e-02
7.779777977797780464e-01,8.647662755467846463e-01
6.403640364036403687e-01,5.183658939630633178e-01
3.412341234123412725e-01,-3.852940182518929668e-02
5.014501450145014694e-01,1.308895957607945915e-01
7.397739773977397570e-01,7.832379528936855850e-01
9.961996199619962411e-01,3.697065319190177834e-02
6.157615761576157309e-01,4.436060379226156036e-01
2.235223522352235426e-01,-1.392494319377906783e-02
4.256425642564256595e-01,2.576293758564962566e-02
2.165216521652165160e-01,-1.036025035726937174e-02
7.384738473847385354e-01,8.016296914250599093e-01
8.015801580158016248e-01,8.262500896201209200e-01
4.928492849284928923e-01,1.265475221927297722e-01
6.192619261926193275e-01,3.967646563434441553e-01
1.935193519351935121e-01,4.914295118281015139e-03
2.628262826282628528e-01,-3.705782036547615454e-02
2.760276027602760404e-02,2.851944035330828894e-02
3.297329732973297567e-01,-3.796619541784232443e-02
6.249624962496249658e-01,5.168662808545334553e-01
4.591459145914591478e-01,9.584233222272625641e-02
7.670767076707671328e-02,6.120230810641763552e-02
7.619761976197619857e-01,6.212995903900497829e-01
4.921492149214921619e-01,1.440881601563769598e-01
4.749474947494749522e-01,9.624600152852433310e-02
6.919691969196919423e-01,6.571292522374589939e-01
1.754175417541754267e-01,1.675664058208918561e-02
4.563456345634563371e-01,8.253966054384856421e-02
6.300630063006300297e-02,6.617595161800980674e-02
6.484648464846485272e-01,4.842984186381546485e-01
3.646364636463646502e-01,-2.529524073358091485e-02
5.902590259025902730e-01,4.138079005876114103e-01
5.663566356635664212e-01,2.957532266735215520e-01
9.606960696069607453e-01,3.583189648808904892e-01
9.731973197319732094e-01,1.681376931670816588e-01
4.462446244624462821e-01,5.933583308745345175e-02
6.703670367036703714e-01,6.301382017731248508e-01
3.848384838483848713e-01,-1.393584242622747729e-02
8.164816481648164981e-01,7.456899300032475697e-01
9.411941194119411991e-01,3.858343913178781115e-01
3.648364836483648510e-01,-2.249183988847186511e-02
2.842284228422842229e-01,-4.050973375714649050e-02
2.339233923392339265e-01,-1.791253031633698034e-02
2.187218721872187244e-01,-1.136361010798618218e-02
2.444244424442444386e-01,-2.926770332607065567e-02
5.378537853785378964e-01,2.299721167511346587e-01
6.323632363236323384e-01,4.428383638565611125e-01
2.680268026802680448e-02,3.507423439267814969e-02
7.682768276827682818e-01,6.766649654681221593e-01
3.280328032803280641e-02,4.129814278855190035e-02
3.607360736073607632e-01,-3.136812108269285138e-02
3.193319331933193173e-01,-3.951316844605603368e-02
5.845584558455845237e-01,3.843559728918313767e-01
4.791479147914791681e-01,8.733171868903477630e-02
5.980598059805980471e-02,6.427473365209915301e-02
8.238823882388238706e-01,8.291786057278948130e-01
9.536953695369537742e-01,3.970476867390395626e-01
9.309930993099310159e-01,5.300633341683359534e-01
4.640464046404640386e-01,7.617683065879651827e-02
5.501550155015502153e-01,2.842111518437232531e-01
5.010501050105010679e-01,1.504047173384014946e-01
7.915791579157915869e-01,8.142881626956460783e-01
8.133813381338134141e-01,8.853327924323906029e-01
8.923892389238924361e-01,6.566941434898625474e-01
9.210921092109211061e-01,6.082190125910961198e-01
3.214321432143214530e-01,-4.249761681530724727e-02
5.104510451045104480e-01,2.016808819256989960e-01
7.463746374637464376e-01,6.591431820056250501e-01
7.198719871987199204e-01,6.039398375945026487e-01
2.236223622362236430e-01,-1.351026759302869154e-02
7.581758175817582268e-01,7.842950622674070837e-01
1.087108710871087097e-01,5.390621063428863852e-02
6.033603360336033949e-01,3.844454314639549342e-01
2.831283128312831465e-01,-4.135654250725423475e-02
9.520952095209521682e-01,3.726890970763034883e-01
4.287428742874287435e-01,2.689313047415629876e-02
7.977797779777977549e-01,7.075947301552205637e-01
9.856985698569857846e-01,1.200040846264925493e-01
1.371137113711371203e-01,4.383536151302976080e-02
6.492649264926493302e-01,5.457924660995985278e-01
3.655365536553655259e-01,-3.039085900665417991e-02
3.810381038103810569e-01,-1.684876948724984072e-02
4.268426842684268641e-01,2.978398881088820116e-02
1.352135213521352131e-01,3.767798227085380341e-02
1.655165516551655169e-01,1.841207953629863878e-02
9.937993799379938320e-01,5.351827400434178150e-02
7.955795579557956021e-01,7.946918706582135616e-01
5.920592059205920243e-01,4.032502057256536765e-01
6.950695069506951373e-02,6.827610511232801160e-02
8.758875887588759568e-01,7.522847407886354976e-01
4.829482948294829825e-01,1.120104439788294215e-01
6.930693069306931298e-01,7.182913768379182162e-01
9.458945894589458891e-01,4.265939978358319618e-01
8.455845584558455696e-01,7.218365425746587904e-01
7.885788578857886311e-01,7.440485457970476002e-01
5.246524652465246463e-01,2.145484304049898872e-01
9.399939993999399945e-01,4.954052584235399959e-01
1.694169416941694317e-01,2.190354646473007330e-02
7.659765976597660009e-01,7.502456195997865285e-01
6.435643564356435808e-01,4.772370389652868528e-01
5.400540054005400527e-03,8.616418761245907276e-03
4.965496549654965786e-01,1.432197317924607527e-01
5.590559055905590657e-01,3.163678860469862353e-01
1.199119911991199106e-01,4.945714625780875395e-02
7.067706770677067984e-01,6.565006545516238745e-01
8.465846584658466289e-01,8.012812433859056727e-01
6.280628062806280498e-01,4.403369349230702445e-01
9.926992699269927556e-01,7.090016937189676238e-02
9.019901990199020725e-01,7.148792838834500118e-01
8.201820182018202399e-01,7.297228947848420910e-01
8.760876087608761298e-02,5.869983007230980543e-02
2.310231023102310433e-02,2.495642311026894170e-02
7.530753075307530797e-02,5.838363395766804631e-02
1.170117011701170134e-01,6.006367290564931793e-02
4.665466546654665758e-01,1.059860754608563244e-01
8.230823082308230676e-02,4.665193390616554497e-02
9.075907590759075827e-01,6.883248999589914874e-01
2.470247024702470345e-02,3.442801015984626317e-02
7.497749774977497950e-01,6.059416738972772665e-01
6.677667766776678171e-01,5.906241147658740642e-01
7.578757875787579534e-01,8.331367184904020506e-01
9.484948494849485545e-01,4.148103200556946812e-01
4.854485448544854642e-01,1.372946755900271432e-01
4.801480148014801719e-01,1.275594409316928302e-01
5.063506350635064157e-01,1.892744431665304150e-01
6.113611361136114253e-01,4.748382932717370997e-01
8.335833583358336352e-01,7.109821059336250970e-01
3.364336433643364543e-01,-4.497902173935971332e-02
2.876287628762876358e-01,-3.766336293167206473e-02
8.628862886288629630e-01,6.688149369645377540e-01
8.863886388638864133e-01,7.516103837101510976e-01
4.550455045504550600e-02,4.612927538572819675e-02
2.581258125812581072e-01,-4.065817794830618032e-02
7.764776477647764574e-01,7.752049248419807803e-01
4.357435743574357701e-01,3.954527825148625164e-02
6.013601360136013874e-01,3.644276171343434623e-01
7.675767576757676069e-01,7.476353890373287348e-01
1.469146914691469297e-01,3.275478536030317772e-02
1.541154115411541292e-01,3.050176518776692020e-02
6.780678067806780729e-02,4.820811192963508907e-02
6.547654765476548233e-01,6.026774333719011612e-01
5.202520252025202296e-01,1.484791638102246347e-01
9.301930193019302129e-01,5.254619296966598352e-01
9.883988398839884670e-01,1.103068420468506644e-01
2.585258525852585088e-01,-3.603515844631236670e-02
8.814881488148814670e-01,8.009200156555242867e-01
1.785178517851785107e-01,1.381187476407610450e-02
4.992499249924992610e-01,1.674903626695153636e-01
2.417241724172417283e-01,-2.400806959705523505e-02
8.840884088408841324e-01,6.938299925774584764e-01
8.832883288328833293e-01,6.245468156166692486e-01
1.940194019401940140e-01,3.809688018380538721e-03
8.697869786978698059e-01,7.139590014657397621e-01
2.788278827882788580e-01,-3.423881881784352627e-02
8.002800280028002922e-01,7.050215397617470847e-01
9.088908890889089154e-01,4.883626050282965925e-01
4.425442544254425403e-01,4.977745493593872805e-02
6.230623062306230864e-01,3.850540535159923117e-01
4.240424042404240812e-02,6.109113539703768525e-02
9.802980298029803086e-01,1.803960079233286606e-01
5.103510351035103199e-01,1.861035286688274282e-01
2.991299129912991517e-01,-3.884563955068628949e-02
5.760576057605761024e-02,5.952949228047182961e-02
9.978997899789979753e-01,1.934578324001345190e-02
6.314631463146315182e-01,4.288815064916543518e-01
2.229222922292229403e-01,-1.648421939277754794e-02
9.888988898889888857e-01,1.094365118435072642e-01
9.998999899989999829e-01,1.011760531864369390e-03
6.199619961996200024e-01,4.619936282690990659e-01
4.181418141814181588e-01,1.986039364790309278e-02
6.815681568156816139e-01,5.683087248066408526e-01
2.894289428942894427e-01,-4.876137827344945164e-02
2.467246724672467195e-01,-3.502547359114569631e-02
1.210121012101210147e-01,4.835187110239540925e-02
6.182618261826182682e-01,4.858675809954334790e-01
4.380438043804380510e-01,5.261673372888558270e-02
5.767576757675767496e-01,3.002902684663422139e-01
2.321232123212321197e-01,-2.230171454381742885e-02
9.896989698969896887e-01,9.729072810186539799e-02
6.213621362136213522e-01,3.745067526502061650e-01
7.906790679067906558e-01,6.470495822659532159e-01
7.370737073707371578e-02,4.925102033240599114e-02
4.555455545554555341e-01,7.293429494433843752e-02
6.361636163616362083e-01,4.604046459483553955e-01
2.500250025002500459e-02,3.485290502311726157e-02
4.080408040804080483e-01,6.769572154003797304e-03
8.547854785478548045e-01,8.088990593449090216e-01
9.316931693169316908e-01,5.074036315869672187e-01
9.047904790479047721e-01,5.828925103509527972e-01
4.465446544654465555e-01,5.962120845903338268e-02
5.551555155515551787e-01,2.994385054893478060e-01
5.963596359635964239e-01,4.014110026633913031e-01
9.562956295629563286e-01,3.138294486871028854e-01
2.474247424742474222e-01,-2.645042791242138008e-02
2.147214721472147370e-01,-9.451228964547662981e-03
9.413941394139414554e-01,4.739140384361333891e-01
1.798179817981798156e-01,1.278557358113104406e-02
1.943194319431943151e-01,4.117071727504015288e-03
3.080308030803080577e-02,3.244336397650590675e-02
2.792279227922792595e-01,-4.066175572033595836e-02
7.760776077607761669e-02,6.214637845535726790e-02
7.649764976497650526e-01,8.013970787944322272e-01
6.340634063406340448e-02,5.524338233031106382e-02
8.056805680568056571e-01,8.967938755979545373e-01
2.443244324432443382e-01,-2.942372859688536027e-02
6.007600760076007296e-01,3.971973522221028952e-01
1.356135613561356146e-01,4.556876500621093173e-02
8.740874087408740944e-01,7.965446961612756560e-01
3.038303830383038417e-01,-4.062321228005211921e-02
6.495649564956496036e-01,5.792778973918371044e-01
3.696369636963696692e-01,-2.281724325392593331e-02
2.914291429142914502e-01,-4.098700997384230327e-02
9.072907290729073093e-01,6.509965951449686594e-01
7.633763376337634465e-01,8.872399791531768720e-01
3.921392139213921713e-01,-8.484373391896558522e-03
6.926692669266927282e-01,5.352962776933972711e-01
4.236423642364236519e-01,2.496608822327947910e-02
8.726872687268727447e-01,7.336319276920715282e-01
9.023902390239024740e-01,6.840540246566688687e-01
5.639563956395640121e-01,2.656995483862366059e-01
3.635363536353635738e-01,-2.645835285142719359e-02
3.672367236723672601e-01,-2.686342507276449215e-02
3.119311931193119447e-01,-4.539028305043277256e-02
5.878587858785878639e-01,3.311195326809567296e-01
7.388738873887389369e-01,6.268117193651477903e-01
6.464646464646465196e-01,4.691502797885164222e-01
4.363436343634363723e-01,4.578599801908959238e-02
7.091709170917092075e-01,6.383795982533526647e-01
7.700770077007701442e-01,8.080008561702674008e-01
7.022702270227022536e-01,6.054390117946866212e-01
4.237423742374237801e-01,2.960591836355118758e-02
3.678367836783678624e-01,-2.762453859385309574e-02
6.319631963196319369e-01,4.431296398928348257e-01
1.073107310731073183e-01,5.714839929917744921e-02
4.406440644064406609e-01,4.744508135642720031e-02
3.407340734073407429e-01,-3.735976800185923652e-02
3.231323132313231317e-01,-4.373234520747472376e-02
6.999699969996999727e-01,5.536349041053035824e-01
8.806880688068806640e-01,6.718634466498210056e-01
2.641264126412641300e-01,-3.636610446505699618e-02
2.609260926092609179e-01,-3.609124257700663252e-02
8.064806480648064602e-01,7.229152143059558444e-01
4.596459645964596774e-01,8.433073649069909583e-02
9.071907190719071812e-01,6.249286912789674409e-01
7.601760176017602344e-01,6.757904708631394808e-01
1.779177917791779362e-01,1.466958375738767681e-02
4.846484648464846612e-01,1.167176051022748989e-01
2.363236323632363356e-01,-1.966846616919277688e-02
2.514251425142514096e-01,-3.484667119717461264e-02
5.158515851585158130e-01,2.038122727554771141e-01
5.053505350535053564e-01,1.724668862733355901e-01
3.368336833683368559e-01,-3.637141321068582817e-02
4.667466746674667766e-01,7.936683401220280543e-02
2.572257225722572316e-01,-3.201434559257074902e-02
8.706870687068707371e-01,6.987288622465080978e-01
2.741274127412741124e-01,-3.524258151060151445e-02
5.300530053005300668e-02,5.143287486165910860e-02
4.636463646364636371e-01,8.725161211417557794e-02
8.873887388738874726e-01,6.544587943621920090e-01
7.544754475447544850e-01,7.803962141463310909e-01
3.546354635463546678e-01,-3.570324299421007846e-02
3.905390539053905652e-01,-8.065556761815589545e-03
2.107210721072107218e-01,-7.247491684966106407e-03
6.730673067306730539e-02,4.418457603820284685e-02
3.452345234523452322e-01,-3.265288303647759932e-02
3.540354035403540656e-01,-3.201105846171943548e-02
7.889788978897890326e-01,6.838104322582673200e-01
9.434943494349434800e-01,4.969725609451149939e-01
6.747674767476747881e-01,6.440184329656867268e-01
1.350135013501350262e-02,1.733288441394109647e-02
1.807180718071807191e-01,1.260234568325496567e-02
4.782478247824782369e-01,1.172683813461493918e-01
8.740874087408741222e-02,5.170980697556962213e-02
6.751675167516751896e-01,4.803701991255833192e-01
1.928192819281928372e-01,4.851727425761581496e-03
3.480348034803480428e-01,-4.252028016405492994e-02
1.045104510451045077e-01,5.743457291341984988e-02
5.185518551855186065e-01,2.013006361300526681e-01
8.541854185418542578e-01,6.491059639862688524e-01
4.840484048404840312e-02,3.839388790965575504e-02
7.151715171517152303e-01,7.013565493568849618e-01
5.051505150515052112e-01,1.470116373698066858e-01
1.857185718571857380e-01,9.517859599257742428e-03
8.300830083008301497e-01,7.043885263305903477e-01
7.891789178917891778e-01,8.055123219548322444e-01
2.568256825682568301e-01,-3.230232910122469991e-02
6.114611461146114424e-01,3.784235345577927623e-01
5.904590459045905293e-01,3.515084672498177687e-01
7.516751675167516744e-01,7.378682909584109995e-01
2.752275227522752443e-01,-4.049284306426909064e-02
1.765176517651765309e-01,1.518811739349570401e-02
3.568356835683568207e-01,-2.934684843196401494e-02
5.027502750275028021e-01,1.829325886724242900e-01
6.864686468646864492e-01,6.281518742615732620e-01
5.550555055505550922e-02,5.279713314368363747e-02
1.024102410241024136e-01,4.457750603744983775e-02
6.662666266626663392e-01,6.596950817906528375e-01
7.102710271027102840e-01,6.857317327036369647e-01
5.502550255025502324e-01,2.934057313243354503e-01
4.574457445744574691e-01,7.522682443415182330e-02
5.520552055205520947e-01,2.463928526012022779e-01
1.623162316231623326e-01,2.426623854780921019e-02
9.519951995199520400e-01,4.056662951115320159e-01
4.882488248824882748e-01,1.081544852490223113e-01
3.550355035503550694e-01,-2.911092166818090785e-02
8.400840084008400627e-03,1.184352696410422012e-02
8.145814581458146186e-01,7.491128780489548777e-01
3.758375837583758372e-01,-2.342633311812348726e-02
7.970797079707970800e-01,7.806586817575584814e-01
6.779677967796780003e-01,6.896939098574640381e-01
7.599759975997599781e-01,6.418995306105733656e-01
9.478947894789478967e-01,4.238580525060227089e-01
1.217121712171217174e-01,5.131488585452662760e-02
9.717971797179718596e-01,2.074464100723079629e-01
9.877987798779878093e-01,1.247553092964800159e-01
2.007200720072007394e-01,-4.430804992572668147e-04
2.734273427342734375e-01,-4.165036296238217722e-02
3.819381938193819326e-01,-1.570757472195477567e-02
2.154215421542154396e-01,-9.563720216502874169e-03
4.810481048104810475e-01,1.107759594291308769e-01
3.170317031703170363e-01,-3.649016888388405960e-02
3.481348134813481709e-01,-2.890488027442232252e-02
9.158915891589158864e-01,5.163345070176362794e-01
1.908190819081908296e-01,4.944912085469553402e-03
7.256725672567256868e-01,7.593610020049833542e-01
7.985798579857985580e-01,8.026304314485143143e-01
8.334833483348335070e-01,7.323272644404920095e-01
8.668866886688668671e-01,8.082520711677133596e-01
5.078507850785078936e-01,1.488594321503595996e-01
3.861386138613861485e-01,-1.135208611840388473e-02
7.991799179917992157e-01,7.672506716605992372e-01
7.686768676867686834e-01,6.722445796454744604e-01
7.988798879887989424e-01,8.146810589193287377e-01
4.080408040804080205e-02,4.338134496520158756e-02
6.122612261226122454e-01,3.898831888232658915e-01
4.022402240224022263e-01,1.950280189305934192e-03
4.026402640264026278e-01,2.332151867029290566e-03
6.709670967096710292e-01,5.639544987655741304e-01
3.341334133413341179e-01,-4.025577048494578120e-02
8.769876987698770332e-01,7.044353273156285233e-01
3.106310631063106675e-01,-4.253895922328029822e-02
2.061206120612061321e-01,-3.200695203238874444e-03
6.081608160816082131e-01,3.597469388794820588e-01
9.543954395439544491e-01,3.507463965067698641e-01
7.733773377337733734e-01,7.319734460613256388e-01
9.152915291529153397e-01,5.756029669972028140e-01
9.030903090309030934e-02,5.780953350636482135e-02
3.346334633463346475e-01,-4.386746857568443736e-02
6.588658865886588556e-01,5.345509885680119755e-01
6.195619561956196009e-01,3.010561083462793830e-01
9.275927592759276585e-01,4.990984386388064853e-01
8.339833983398340367e-01,8.618500871896641602e-01
6.430643064306430789e-02,5.900044311615836728e-02
2.282228222822282326e-01,-1.517293799016155610e-02
3.012301230123012319e-01,-5.297423203905116118e-02
6.428642864286429059e-01,4.424570789442439644e-01
4.610461046104610827e-01,8.234791993095881557e-02
4.298429842984298754e-01,3.910227959614898108e-02
3.082308230823082584e-01,-4.002563335073174022e-02
2.800280028002800209e-03,4.828295913004164268e-03
8.602860286028602976e-01,5.882525182374465089e-01
9.585958595859586096e-01,3.055893866208052589e-01
8.220822082208220638e-02,6.393697903939109251e-02
2.793279327932793321e-01,-3.743268596611745019e-02
5.840584058405841050e-01,3.717871934721743710e-01
6.101610161016102207e-01,4.326133150753491696e-01
3.205320532053205218e-01,-3.595925914171003990e-02
8.570857085708570855e-01,7.381699770526667370e-01
2.336233623362336254e-01,-1.954822218852946339e-02
1.879187918791879186e-01,7.082415040901889405e-03
6.800680068006800631e-03,1.057617473758293118e-02
5.386538653865386994e-01,2.276272418737566861e-01
4.783478347834783651e-01,1.271117997135872146e-01
9.716971697169717315e-01,2.231087249579130627e-01
9.627962796279628810e-01,3.439612715284146027e-01
1.573157315731573136e-01,2.883699182982191189e-02
5.183518351835183502e-01,1.816036703146865494e-01
4.753475347534753537e-01,9.028504402718853794e-02
4.943494349434943702e-01,1.355065114878723498e-01
4.222422242224222466e-01,2.420858722712857652e-02
2.817281728172817412e-01,-3.336738948700462837e-02
9.379937993799379869e-01,4.819164265102696687e-01
5.949594959495949631e-01,4.338290239490125710e-01
8.140814081408140890e-01,8.699902776634321766e-01
1.932193219321932387e-01,4.831781302122620594e-03
5.508550855085508902e-01,2.786817662428950904e-01
4.106410641064106581e-01,1.162828516339039012e-02
4.339433943394339632e-01,3.498812158760002816e-02
1.267126712671267086e-01,3.384913820670627793e-02
1.977197719771977280e-01,1.283886062197293031e-03
6.290629062906291091e-01,4.649206555930216478e-01
7.529752975297530071e-01,6.732004355236231863e-01
5.675567556755676257e-01,2.619287918830407458e-01
1.134113411341134137e-01,5.807899165555299725e-02
9.500950095009501606e-01,3.660133921142050273e-01
5.473547354735474046e-01,2.307784533209408795e-01
8.723872387238723602e-01,6.990159852298882814e-01
3.684368436843684647e-01,-2.498415022729305601e-02
6.038603860386039246e-01,3.343523817210881655e-01
3.847384738473847432e-01,-1.190790799601610175e-02
7.793779377937793962e-01,8.235884266548234578e-01
5.151515151515151381e-01,1.551357638354041169e-01
4.223422342234223748e-01,2.253917902082737748e-02
1.451145114511451228e-01,3.316130392301863683e-02
9.009900990099010132e-01,6.479859687311882999e-01
9.752975297529753451e-01,2.185341669420797772e-01
8.760876087608761020e-01,5.451195337707439581e-01
7.037703770377038426e-01,6.006967378857165363e-01
4.493449344934493661e-01,4.962502681670636490e-02
1.369136913691369195e-01,3.467312287785535851e-02
6.404640464046404968e-01,4.619761051454254197e-01
8.721872187218722150e-01,7.158506149648091732e-01
5.121512151215121822e-01,1.554211657545392367e-01
8.722872287228723431e-01,6.927071337390122707e-01
8.979897989798980573e-01,6.275389853580071176e-01
5.283528352835283881e-01,1.872886486343042500e-01
5.731573157315731359e-01,3.201495938345170211e-01
1.154115411541154212e-01,4.742543846444023659e-02
4.708470847084708644e-01,1.079081143534628279e-01
8.428842884288428872e-01,8.129350284211083189e-01
3.620362036203620543e-02,4.121775417591415358e-02
3.181318131813181682e-01,-4.465563703636016291e-02
8.374837483748375222e-01,9.256247510841284498e-01
1.876187618761876175e-01,8.284156121191032021e-03
3.779377937793779729e-01,-1.903315914511466075e-02
1.029102910291029155e-01,4.688963003547280683e-02
3.728372837283728258e-01,-2.453808167968737908e-02
8.028802880288029575e-01,8.471888567110583690e-01
8.262826282628262797e-01,8.967735997618869748e-01
4.373437343734373761e-01,4.042002471464165719e-02
2.038203820382038234e-01,-2.548796870750821147e-03
2.368236823682368375e-01,-2.298660284877376489e-02
8.185818581858186338e-01,6.649944180271900596e-01
7.574757475747575519e-01,6.889443462887733238e-01
8.450845084508451510e-01,7.550159972331291769e-01
1.201120112011201113e-01,4.515493198086070054e-02
8.500850085008501006e-03,1.347860261599981638e-02
8.234823482348234691e-01,7.338191927062920339e-01
2.216221622162216354e-01,-1.206775018427308499e-02
7.351735173517351951e-01,6.851697741638982375e-01
6.006600660066007125e-01,3.874359838710675907e-01
9.314931493149315456e-01,4.270753003132755632e-01
7.085708570857085498e-01,5.372640973357843963e-01
8.853885388538854651e-01,8.135512981456121118e-01
1.287128712871287162e-01,4.277296323062670935e-02
1.068106810681068164e-01,5.271431148057853511e-02
3.371337133713371292e-01,-3.740563817441972666e-02
9.689968996899690490e-01,2.498003977910200069e-01
7.934793479347934664e-01,7.432045935149582672e-01
7.106710671067106855e-01,6.658830929556212030e-01
7.900790079007900465e-03,1.044910591143900606e-02
3.556355635563556716e-01,-2.646533687272027702e-02
3.125312531253125470e-01,-3.991535430020786562e-02
9.036903690369036957e-01,6.192366421400040677e-01
4.484448444844484349e-01,7.020386443424107836e-02
7.400740074007401414e-01,6.846105939317038702e-01
3.859385938593859477e-01,-1.353477136206914996e-02
5.119511951195119259e-01,1.932864987862404071e-01
7.468746874687468562e-01,6.371980743429173089e-01
3.382338233823382612e-01,-3.778720979454611162e-02
3.343334333433343186e-01,-3.654574902656233804e-02
3.943394339433943796e-01,-5.325004653281053754e-03
9.137913791379138617e-01,6.360211273959786027e-01
8.288828882888289451e-01,9.163701196694352680e-01
7.007700770077007757e-01,6.801101279858562387e-01
7.606760676067606530e-01,7.289087005332688385e-01
7.610761076107611101e-02,6.314683063231392446e-02
7.788778877887788665e-01,7.576046930400009982e-01
4.600460046004600789e-01,8.024692484087513067e-02
6.742674267426742585e-01,6.355735351592770588e-01
5.227522752275227669e-01,1.901504030441878990e-01
1.464146414641464278e-01,3.504299890352434443e-02
2.415241524152415276e-01,-2.245700386676634588e-02
4.011401140114011499e-01,1.130166540636416217e-03
5.286528652865286615e-01,2.294901893960225037e-01
8.611861186118612288e-01,8.132076934784969735e-01
6.690669066906690388e-01,4.117724567510288591e-01
3.739373937393739578e-01,-1.900198376934708611e-02
1.204120412041204125e-01,4.773678420179881809e-02
7.335733573357335890e-01,7.817812895335795043e-01
5.928592859285928274e-01,3.368626746747035994e-01
9.192919291929193548e-01,5.605080292125447228e-01
4.740474047404740626e-02,4.749710779895285895e-02
8.391839183918392564e-01,6.855847473743608145e-01
1.312131213121312256e-01,4.612855909572281116e-02
2.694269426942694223e-01,-3.325481795699722354e-02
7.110711071107110592e-02,5.934085106637018020e-02
8.390839083908391283e-01,6.791826907198627028e-01
6.825682568256825622e-01,5.941313264167542574e-01
2.600260026002600422e-01,-3.509803125796841228e-02
7.195719571957196470e-01,6.269259985318903494e-01
7.937793779377938508e-01,7.147128381761912452e-01
6.531653165316532172e-01,5.595080278607225122e-01
8.073807380738073913e-01,7.168636533974682701e-01
8.436843684368436902e-01,6.916868066381604008e-01
3.242324232423242636e-01,-3.971585247813588793e-02
6.329632963296329962e-01,4.210646753245839147e-01
3.782378237823782463e-01,-1.722040669878883296e-02
7.684768476847685381e-01,8.176783788487171911e-01
3.567356735673567480e-01,-3.376176006134148921e-02
2.808280828082808100e-01,-4.058034727955178722e-02
4.668466846684668492e-01,8.755189356682652191e-02
3.142314231423142257e-01,-4.022900185666120759e-02
5.322532253225322751e-01,2.039142159582524039e-01
7.929792979297930478e-01,8.219123562238286329e-01
2.050205020502050279e-01,-3.326602043055720999e-03
1.350135013501350123e-01,3.674931612289658589e-02
5.474547454745474218e-01,2.384952160101841134e-01
5.245524552455245182e-01,2.372447330680744759e-01
6.661666166616662110e-01,5.736346486959292834e-01
9.545954595459545944e-01,3.932862838813205864e-01
3.880388038803880835e-02,4.469982841986512578e-02
3.621362136213621685e-01,-3.002053696014057166e-02
6.728672867286729087e-01,5.536623004672535098e-01
8.715871587158716682e-01,7.145777131273620686e-01
9.291929192919292646e-01,4.840912305946166172e-01
9.353935393539354326e-01,4.545892474008963458e-01
1.915191519151915323e-01,6.542694484262808613e-03
4.058405840584058399e-01,5.320020120416067699e-03
4.288428842884288716e-01,3.674088518228626338e-02
6.236623662366236331e-01,5.077249055386606758e-01
8.102810281028103301e-01,8.257457350789222383e-01
8.481848184818482350e-01,8.275236048223811869e-01
2.589258925892589103e-01,-3.111618761373963205e-02
3.995399539953995438e-01,-4.248998457522837032e-04
3.532353235323532625e-01,-3.202851544834958014e-02
7.668766876687669320e-01,7.572357609241059384e-01
6.650665066506650236e-02,6.419694904675786462e-02
5.933593359335933570e-01,3.755152362300942515e-01
8.400840084008400765e-01,7.145217692392122899e-01
2.564256425642564285e-01,-3.151051130545929474e-02
1.153115311531153209e-01,5.262624941448016541e-02
1.607160716071607265e-01,2.594166794780134247e-02
1.423142314231423122e-01,2.993865408305109929e-02
5.854585458545854548e-01,3.494565367105769704e-01
6.221622162216221552e-01,5.079452550187120163e-01
6.378637863786378315e-01,4.344280635102850674e-01
7.238723872387239355e-01,7.493175710131170231e-01
2.539253925392539468e-01,-3.314077184257454428e-02
9.200920092009201925e-03,1.375219779135875703e-02
1.294129412941294188e-01,4.669088165613582975e-02
2.042204220422042249e-01,-2.713959476416880935e-03
6.982698269826982385e-01,7.257697159106014650e-01
9.000900090009000820e-02,6.410682974086620578e-02
8.935893589358936406e-01,5.339676528730562532e-01
6.367636763676367551e-01,4.764046970995625685e-01
8.750875087508751538e-01,7.347184746001742539e-01
1.550155015501550326e-01,2.739111003592566151e-02
3.920392039203920292e-02,4.771702546781196597e-02
9.707970797079708003e-01,2.537886116667800174e-01
3.666366636663666578e-01,-2.171815425120594834e-02
5.533553355335534274e-01,2.352740028693484642e-01
8.132813281328132859e-01,7.990986184586716945e-01
5.542554255425542475e-01,2.819454137485100653e-01
3.998399839983998727e-01,-1.471378409455727102e-04
2.311231123112311436e-01,-1.711742248590078161e-02
3.290329032903290679e-02,4.493867291470117487e-02
2.324232423242324208e-01,-2.280808509260611253e-02
4.550455045504550600e-01,5.916802054727143823e-02
6.890689068906891146e-01,5.293161809168416276e-01
4.300430043004300762e-01,3.589513039104020448e-02
1.584158415841584178e-01,2.574808986079266462e-02
1.740174017401740214e-01,1.688919359928676284e-02
5.781578157815782104e-01,3.588241382270843105e-01
4.501450145014501691e-01,7.451838515094402760e-02
5.496549654965496856e-01,2.618978256533599502e-01
7.187718771877188439e-01,6.684759384359963974e-01
8.643864386438644409e-01,6.255391052053220768e-01
8.561856185618562654e-01,8.376568940189876855e-01
8.490849084908491662e-01,6.862932081436681209e-01
8.890889088908891791e-02,4.963167052995254985e-02
3.420342034203420201e-01,-4.388526845067111659e-02
3.520352035203520163e-02,4.406609221446419755e-02
3.918391839183918424e-01,-6.930519212711082691e-03
8.226822682268226661e-01,6.418306324397937690e-01
1.318131813181318279e-01,4.429499209323695119e-02
3.432343234323432246e-01,-3.255816979827785840e-02
5.002500250025002648e-01,1.402463778861648969e-01
3.799379937993799250e-01,-2.180945421219078473e-02
2.918291829182918518e-01,-4.287684186798482178e-02
9.645964596459646323e-01,3.174868550241435883e-01
8.761876187618762302e-01,7.607659392460320857e-01
8.576857685768577433e-01,6.825437239689822189e-01
7.203720372037204500e-01,6.585243365816015881e-01
2.715271527152715580e-01,-3.728347557747130336e-02
8.984898489848984759e-01,7.214830444360930128e-01
3.809380938093809288e-01,-1.577941876895544784e-02
1.637163716371637101e-01,2.233503158522331250e-02
2.816281628162816131e-01,-3.468402255375099830e-02
7.372737273727373308e-01,6.967336917774920035e-01
9.176917691769177488e-01,5.593069414696428820e-01
5.296529652965297208e-01,1.867239520416028586e-01
4.130413041304130672e-01,1.278382211752829289e-02
8.920892089208921627e-01,6.614856064589291762e-01
4.981498149814981846e-01,1.464193922950340621e-01
6.376637663766376862e-01,4.894287347809858635e-01
6.134613461346134500e-01,3.913549001336175115e-01
2.141214121412141347e-01,-9.467877867467252087e-03
4.130413041304130395e-02,4.670679780447800633e-02
1.288128812881288165e-01,4.511968228290649113e-02
1.233123312331233096e-01,4.354509214639559755e-02
8.981898189818982026e-01,6.751058225163977244e-01
9.709970997099710566e-01,2.251083013413234801e-01
3.070307030703070539e-02,3.803817280902240666e-02
4.657465746574657728e-01,7.700122260601764690e-02
4.330433043304330459e-02,4.153449262359437677e-02
4.727472747274727438e-01,9.991083155390054205e-02
7.543754375437543569e-01,7.502854939142242774e-01
4.887488748874887490e-01,1.547457799634975317e-01
3.035303530353035129e-01,-4.320890755352785328e-02
3.837383738373837394e-01,-1.026659507483194955e-02
1.511151115111511178e-01,2.848088448266136372e-02
9.628962896289628981e-01,2.717399229770117719e-01
3.128312831283128204e-01,-4.534616777845962982e-02
2.996299629962996258e-01,-5.031952092343080357e-02
7.288728872887288990e-01,5.766100819396595689e-01
1.229122912291229219e-01,3.900899872231688298e-02
8.933893389338933844e-01,6.643948949993818687e-01
3.126312631263126196e-01,-4.274989332670925402e-02
2.263226322632263254e-01,-1.815642003666141993e-02
3.596359635963596313e-01,-3.157814255856991603e-02
9.397939793979398493e-01,4.255120660659372778e-01
4.259425942594259329e-01,2.810209316698723120e-02
6.858685868586859025e-01,5.383918295143199639e-01
8.278827882788278858e-01,8.198791477432588737e-01
3.500350035003500261e-03,5.988133600556186896e-03
9.318931893189319471e-01,5.506404815991484680e-01
8.848884888488849354e-01,6.462753147502944273e-01
7.027702770277027833e-01,6.153498441205093039e-01
9.310931093109310608e-02,5.750431787699317177e-02
7.405740574057405601e-01,6.671560530589831783e-01
6.963696369636963590e-01,7.305771945834594883e-01
5.717571757175717861e-01,3.456411995102882107e-01
3.098309830983098645e-01,-3.867685947309730532e-02
7.391739173917392103e-01,7.919853036339179475e-01
5.504550455045504886e-01,1.843853011479090753e-01
1.562156215621562094e-01,2.604789776675879229e-02
6.974697469746975464e-01,6.050442577859620474e-01
1.053105310531053107e-01,5.813503913268042861e-02
5.786578657865786290e-01,3.104934193619154348e-01
9.673967396739674429e-01,2.328825243401043132e-01
5.561556155615561270e-01,2.344202334826228085e-01
2.902290229022902457e-01,-3.907048662627550517e-02
3.616361636163616389e-01,-3.210882361448285510e-02
2.411241124112411260e-01,-2.414163888885578410e-02
2.783278327832783283e-01,-4.700343011669495114e-02
7.908790879087909120e-01,7.805567023404108573e-01
6.854685468546855009e-01,5.581599403837215201e-01
2.388238823882388451e-01,-2.660708139661530081e-02
3.248324832483248659e-01,-4.675389960844750226e-02
7.407740774077408163e-01,7.723503364550404759e-01
2.663266326632663383e-01,-3.030606947055933253e-02
8.263826382638264079e-01,7.132182226643973832e-01
7.488748874887488638e-01,6.474832158782413138e-01
4.745474547454745506e-01,1.029352146431903592e-01
4.309430943094309518e-01,3.626131868163762206e-02
5.698569856985699067e-01,3.103601373256090201e-01
7.069706970697069437e-01,7.302181642655486415e-01
9.920992099209920978e-01,7.205012921838845064e-02
9.334933493349335532e-01,4.225283360410672095e-01
1.286128612861286158e-01,3.993282990387306969e-02
6.490649064906490739e-01,5.063925087930455371e-01
3.914391439143914408e-01,-6.313379385309568145e-03
3.869386938693869515e-01,-1.153142756922304404e-02
7.158715871587159052e-01,7.151674573245082600e-01
8.770877087708771336e-02,6.326478890487728657e-02
3.423342334233423490e-01,-3.447817742724509915e-02
3.595359535953595587e-01,-2.883247302510618532e-02
1.157115711571157085e-01,4.986476014683263736e-02
9.659965996599659821e-01,2.462833448887729870e-01
8.691869186918692591e-01,6.914361718990513772e-01
6.441644164416442386e-01,4.801465853221912328e-01
5.714571457145715128e-01,2.871301149138607567e-01
3.277327732773277491e-01,-4.537599583736580400e-02
1.120112011201120084e-02,1.489643102212418087e-02
4.558455845584558630e-01,6.898907531418552175e-02
2.988298829882988228e-01,-4.941822152495611159e-02
9.733973397339734657e-01,2.180383725654512217e-01
2.390239023902390181e-01,-2.043713727481843989e-02
7.302730273027302488e-01,7.360882718542389735e-01
8.528852885288529251e-01,8.342968940246769938e-01
2.660266026602660094e-01,-3.171745357478113897e-02
9.893989398939894153e-01,9.509349391083124492e-02
8.264826482648265360e-01,7.524284437930333080e-01
6.985698569856986229e-01,6.626432397501780258e-01
7.211721172117211420e-01,6.579831311279600303e-01
1.657165716571657177e-01,2.106560432272660405e-02
2.562256225622562278e-01,-3.097920653714700268e-02
3.902390239023902363e-01,-9.642397630742254033e-03
5.287528752875287896e-01,2.357892904320831040e-01
5.316531653165316174e-01,1.999551099019464262e-01
5.918591859185918791e-01,3.839780948035066421e-01
8.924892489248925642e-01,5.825085108993469651e-01
1.981198119811981295e-01,1.176415148763494461e-03
1.544154415441544304e-01,2.496915086966148417e-02
1.132113211321132129e-01,4.814587145147507241e-02
6.921692169216921986e-01,6.351013143845586351e-01
8.755875587558755724e-01,7.748398663344003845e-01
1.985198519851985310e-01,8.420251284918636768e-04
2.485248524852485263e-01,-2.658479440717755049e-02
7.428742874287429521e-01,6.798469060005005726e-01
5.689568956895689755e-01,3.226469875855337288e-01
1.284128412841284150e-01,4.773705310840553606e-02
5.829582958295830286e-01,2.926639167906761041e-01
2.207220722072207320e-01,-1.411427868566052235e-02
2.466246624662466191e-01,-2.572474147177713014e-02
4.070407040704070861e-02,4.219120757573564806e-02
6.614661466146615210e-01,5.688454290876208130e-01
8.743874387438743678e-01,6.231133893778059152e-01
7.844784478447844878e-01,7.939178090336884708e-01
8.074807480748075195e-01,7.350171112800550910e-01
1.919191919191919338e-01,4.478721197949754422e-03
9.801980198019801804e-01,1.639342130151927590e-01
8.599859985998600242e-01,7.322052427853273926e-01
2.774277427742774527e-01,-3.487372197792257267e-02
2.810281028102810247e-02,3.713696064755531157e-02
5.162516251625162145e-01,1.751792295231888452e-01
5.598559855985598688e-01,2.981841592786906858e-01
7.871787178717871702e-01,7.961342595411349254e-01
5.453545354535453971e-01,2.385927502233822495e-01
1.074107410741074187e-01,5.561328865201984467e-02
9.780978097809781557e-01,2.033406391515019118e-01
5.470547054705470619e-02,4.659085357366200136e-02
4.933493349334933664e-01,1.321744915379431673e-01
1.582158215821582170e-01,2.871103736576495480e-02
2.698269826982698238e-01,-3.650548235148909360e-02
2.814281428142814123e-01,-4.144788303772178190e-02
7.864786478647864953e-01,7.779998684785788265e-01
5.387538753875387165e-01,2.566371158205436043e-01
2.404240424042404234e-01,-2.183434972493148579e-02
2.343234323432343280e-01,-1.827538963653626072e-02
4.559455945594559356e-01,6.621620831280358721e-02
2.260226022602260243e-02,3.210756612105050006e-02
5.195519551955195547e-01,1.883043587163184263e-01
7.014701470147014506e-01,6.247170067683550654e-01
7.571757175717571675e-01,7.483310163437875140e-01
1.231123112311231227e-01,4.503687599671338249e-02
6.903690369036903363e-01,5.940298941857969917e-01
5.620562056205620494e-02,4.902623618265333078e-02
7.123712371237124197e-01,7.658644156468069619e-01
5.945594559455945616e-01,3.860367965680534530e-01
4.970497049704970804e-02,4.892896862052277529e-02
1.663166316631663200e-01,1.996205221356994741e-02
8.418841884188419389e-01,6.753214669114615543e-01
5.393539353935393743e-01,2.477448709157264450e-01
9.106910691069106667e-01,5.709175370913059933e-01
9.516951695169517667e-01,3.729603235306754305e-01
6.269626962696269734e-01,4.120277786383479413e-01
8.644864486448645691e-01,8.058026199383858668e-01
9.580958095809581632e-02,5.834639757012749506e-02
4.734473447344734742e-01,1.036959287226908027e-01
6.956695669566956841e-01,6.150393455203635451e-01
3.987398739873987408e-01,-1.184388784668069646e-03
9.162916291629162879e-01,5.129731509110114773e-01
9.820982098209821154e-02,5.457965839716875239e-02
2.692269226922692216e-01,-3.739023399191136049e-02
3.384338433843384619e-01,-4.197956592088048638e-02
3.029302930293029661e-01,-4.352565131556886124e-02
4.532453245324532531e-01,6.103412283685728801e-02
8.942894289428943155e-01,6.586871611750733102e-01
3.465346534653465649e-01,-3.582977648030079981e-02
8.355835583558356428e-01,9.686047312385268615e-01
6.099609960996099645e-01,4.357403712556337516e-01
1.781178117811781370e-01,1.481049227634210694e-02
1.300130013001300211e-01,4.051431435462034270e-02
3.240324032403240490e-02,3.272259217489974226e-02
1.405140514051405054e-01,3.677125499061422581e-02
1.290129012901290173e-01,4.796402725450855942e-02
2.559255925592559544e-01,-3.253331881675476656e-02
8.049804980498049822e-01,6.563853825609021753e-01
3.770377037703770418e-02,3.860611853459586240e-02
3.579357935793579526e-01,-3.032899217271470618e-02
3.024302430243024364e-01,-4.115964349621109575e-02
3.497349734973497215e-01,-3.146894377615680471e-02
5.990599059905990509e-02,3.980122078901560112e-02
1.100110011001100146e-01,4.663255368299049769e-02
5.723572357235723329e-01,3.283881481299187888e-01
4.338433843384338351e-01,3.570526963432206491e-02
9.986998699869987783e-01,1.376811686211451037e-02
7.691769176917692130e-01,5.557660290807243664e-01
2.602260226022602430e-01,-3.063325568358321593e-02
6.736673667366737117e-01,5.111764499309903176e-01
9.081908190819082405e-01,5.950769281652666942e-01
3.189318931893189157e-01,-3.475504459327144469e-02
3.475347534753475687e-01,-3.113688879597976272e-02
6.986698669866986400e-01,5.682388927651909061e-01
2.307230723072307421e-01,-1.472962945671001112e-02
4.278427842784278679e-01,3.070656766515299924e-02
7.884788478847885029e-01,7.958625286485188077e-01
4.368436843684368465e-01,4.420083553913115720e-02
3.355335533553355232e-01,-3.768519964990273141e-02
9.396939693969397212e-01,4.326889141439178577e-01
2.970297029702970507e-02,3.477142597740368046e-02
5.748574857485748701e-01,3.743470851369229413e-01
5.304530453045305238e-01,2.215190936300082403e-01
5.180518051805180907e-02,5.678418852207205159e-02
2.646264626462646596e-01,-3.470271965341494014e-02
9.450945094509450861e-01,3.982728820158003558e-01
1.629162916291629348e-01,2.145416005771208848e-02
6.272627262726272468e-01,4.190242690213793475e-01
9.894989498949895435e-01,8.615453457400831794e-02
7.800780078007800954e-03,1.096837175414989290e-02
6.310631063106310334e-02,5.785004236271297506e-02
1.489148914891489095e-01,2.895093093367607368e-02
8.229822982298230505e-01,7.692262551350969035e-01
1.461146114611461266e-01,3.348085293114067690e-02
7.553755375537554162e-01,7.671962173889566028e-01
8.250825082508250752e-02,6.052492867917043384e-02
9.435943594359436082e-01,4.104028616812033237e-01
3.030303030303030387e-01,-4.673684126697497804e-02
4.201420142014201664e-01,2.341135981555254875e-02
9.558955895589559271e-01,3.542695556852099026e-01
5.939593959395940148e-01,3.145080745089851026e-01
8.693869386938694044e-01,7.157614893316377458e-01
5.410541054105411085e-01,2.229799448368181836e-01
5.906590659065906745e-01,3.734557756043477839e-01
5.793579357935794150e-01,3.422053084635497955e-01
3.080308030803080577e-01,-3.563447106483588062e-02
2.498249824982498313e-01,-3.283188964240112834e-02
6.273627362736273749e-01,4.423884380853735365e-01
5.301530153015301394e-01,1.898996994443429842e-01
4.787478747874787666e-01,9.762558211912485129e-02
5.610561056105610733e-01,2.592359753512797349e-01
7.050705070507050642e-01,6.366324046723510488e-01
5.812581258125812944e-01,3.338888403733405452e-01
6.127612761276127751e-01,4.666307819735968643e-01
9.198919891989199016e-01,5.308649266274709788e-01
7.892789278927893060e-01,7.504862992641574415e-01
7.178717871787179128e-01,6.931878948536895901e-01
8.439843984398439636e-01,6.954865209056100284e-01
5.465546554655466016e-01,2.922034951087728594e-01
8.296829682968297481e-01,7.796884188557484663e-01
1.370137013701370164e-02,2.304083601140911181e-02
8.580858085808581448e-01,7.573176284249448775e-01
3.529352935293529336e-01,-3.351092010721542364e-02
5.720572057205720873e-02,5.212177809787270355e-02
4.867486748674867414e-01,1.332314090139615215e-01
3.582358235823582260e-01,-3.313052385374789383e-02
9.604960496049604890e-01,3.544923708778671689e-01
2.965296529652965418e-01,-4.359274780385204162e-02
9.928992899289929008e-01,7.090191272840043468e-02
1.498149814981498129e-01,3.609962624260553560e-02
6.223622362236224115e-01,4.434897424219608197e-01
2.795279527952795329e-01,-3.817177831309700314e-02
8.718871887188719416e-01,6.810464878662493282e-01
5.025502550255025458e-01,1.501938064136160988e-01
8.765876587658766317e-01,6.453652393942322929e-01
8.186818681868187619e-01,7.597136122398694402e-01
8.638863886388639113e-01,9.136502560523034333e-01
6.869686968696869789e-01,5.290483509858154854e-01
8.799879987998799891e-01,6.233674446385017998e-01
3.574357435743574229e-01,-2.833734758751988575e-02
3.790379037903790493e-01,-1.992003739174907570e-02
7.741774177417741765e-01,7.979908291400045206e-01
4.707470747074707362e-01,7.917119422756953295e-02
8.764876487648765035e-01,7.395554346395626366e-01
7.471747174717472406e-01,8.225113548259449514e-01
7.247724772477247557e-01,6.286705893620102570e-01
9.405940594059406523e-01,4.696096066247735235e-01
3.440344034403440276e-01,-2.984724060940009693e-02
9.851985198519852549e-01,1.451463552083464836e-01
5.790579057905790444e-02,5.552479257982263078e-02
8.677867786778677983e-01,6.822323415493402043e-01
9.650965096509651897e-02,5.260691033378565862e-02
1.507150715071507163e-01,2.461551632345622409e-02
6.958695869586959404e-01,6.666878972559635574e-01
6.188618861886189260e-01,3.930452278848046710e-01
9.535953595359536461e-01,3.853365117555568875e-01
1.980198019801980222e-02,2.607993061235850535e-02
3.668366836683668586e-01,-2.556226387075066081e-02
4.036403640364036316e-01,4.009233521046604368e-03
2.350235023502350237e-02,3.312937441311467751e-02
9.240924092409241730e-02,5.709375660991856949e-02
1.790179017901790126e-01,1.288453230441157643e-02
1.390139013901390275e-01,3.668339648347329618e-02
3.413341334133413452e-01,-3.132727234227415669e-02
1.106110611061106169e-01,5.506370788263886817e-02
1.064106410641064149e-01,4.287629987552962763e-02
8.215821582158215897e-01,8.139885209420129053e-01
6.275627562756276312e-01,4.494609493831647762e-01
4.064406440644064422e-01,5.657034076402136374e-03
1.568156815681568117e-01,2.730614016837351610e-02
7.823782378237823520e-01,7.925809655076843097e-01
1.245124512451245141e-01,4.320629346234870771e-02
9.832983298329833755e-01,1.360569856333829208e-01
2.680268026802680170e-01,-3.788727012849642251e-02
1.493149314931493110e-01,2.915059133579735520e-02
9.513951395139513822e-01,3.634456214811997987e-01
3.118311831183118166e-01,-4.182898328405307981e-02
3.598359835983598320e-01,-2.948247384022835774e-02
4.397439743974397852e-01,4.586452614022483443e-02
7.781778177817781916e-01,6.690613981751968309e-01
9.270927092709271289e-01,6.232927229375561096e-01
9.640964096409641859e-02,4.697265840235775175e-02
4.356435643564356419e-01,4.190901452688653578e-02
7.555755575557555614e-01,6.515206933873496364e-01
7.572757275727572956e-01,5.846596033930631098e-01
9.366936693669367653e-01,5.260296946461728851e-01
1.385138513851385256e-01,3.803028534671563932e-02
7.144714471447144444e-01,6.589390272133531790e-01
3.518351835183518572e-01,-3.419983681451911617e-02
1.188118811881188203e-01,4.877715238388102142e-02
2.858285828582858290e-01,-3.874892886922244595e-02
1.734173417341734191e-01,1.720054198232219902e-02
9.640964096409641026e-01,3.092244408547968337e-01
3.474347434743474405e-01,-2.743231698188356577e-02
1.796179617961796149e-01,1.271779588864333822e-02
4.231423142314231778e-01,2.309884904555284738e-02
4.680468046804680399e-02,4.778488144521092496e-02
2.191219121912191259e-01,-1.112785485435002601e-02
2.341234123412341273e-01,-1.867497350988100643e-02
5.130513051305130717e-02,5.581366393401500370e-02
6.308630863086308604e-01,4.402574932090510540e-01
9.290929092909291365e-01,4.993749833693610918e-01
7.647764776477647963e-01,7.527066218470389591e-01
3.042304230423042433e-01,-4.273236038659268543e-02
3.278327832783278217e-01,-4.474402521208817318e-02
4.183418341834183596e-01,1.519128207324723506e-02
1.686168616861686287e-01,2.164152495107262569e-02
8.859885988598860118e-01,6.242378148257723414e-01
4.896489648964896801e-01,1.315963665560671292e-01
8.666866686668667219e-01,7.530391392347296486e-01
6.391639163916391642e-01,5.577558045031476563e-01
3.255325532553255408e-01,-4.989188227784571023e-02
4.605460546054605531e-01,8.435876341338881257e-02
8.797879787978798438e-01,6.350494708177474301e-01
9.035903590359035675e-01,5.526885104556149564e-01
4.773477347734773613e-01,1.139029203320563732e-01
9.895989598959896716e-01,8.839020503964427344e-02
5.800580058005800482e-02,6.233480946358643110e-02
6.180618061806181229e-01,4.328252282775199578e-01
6.178617861786178667e-01,4.431696743468691024e-01
9.013901390139014147e-01,5.600788008496802028e-01
1.890189018901890228e-02,1.848394742451365744e-02
5.652565256525652337e-01,3.401225799924179061e-01
9.257925792579257962e-01,5.905194739927663861e-01
4.040404040404040747e-02,4.116731021362987630e-02
4.614461446144614842e-01,8.534939351650659700e-02
5.540554055405541023e-01,2.854474083845010002e-01
8.409840984098410077e-01,7.855603229572806212e-01
9.881988198819882108e-01,9.918376595394838569e-02
6.474647464746474679e-01,5.473152275057993066e-01
5.066506650665066891e-01,1.521668380834106937e-01
2.829282928292829458e-01,-3.864969385374193711e-02
4.530453045304530524e-02,5.090145864467322812e-02
9.384938493849385166e-01,3.992583333264628775e-01
7.367736773677368012e-01,6.634111174619156115e-01
7.770777077707771152e-01,6.452519653324151339e-01
7.161716171617161786e-01,7.000392260659028532e-01
5.146514651465147194e-01,1.716478049828678853e-01
3.877387738773877546e-01,-1.058503984651022051e-02
1.240124012401240122e-01,4.821425145927460409e-02
4.904490449044904832e-01,1.118692163090594105e-01
4.500450045004500584e-03,5.267797563407831951e-03
1.860186018601860114e-01,9.372617944385602459e-03
7.290729072907291275e-02,6.930556109729880954e-02
1.705170517051705359e-01,2.083443819559842661e-02
9.418941894189418740e-01,4.114648896802813871e-01
7.769776977697769871e-01,7.106850155887136644e-01
2.180218021802180287e-02,3.090794311512922235e-02
1.843184318431843327e-01,8.737003401882622797e-03
5.867586758675867875e-01,3.329728572733484659e-01
5.900590059005901278e-01,3.662934481555162880e-01
5.320532053205320744e-02,4.768013333263967923e-02
8.188818881888189072e-01,6.071735476949503552e-01
8.571857185718572136e-01,6.539978929305750865e-01
2.287228722872287345e-01,-2.131781052963951234e-02
4.090409040904090521e-01,7.557120783630373768e-03
9.520952095209521404e-02,4.988660878908827284e-02
7.723772377237724251e-01,7.370446100849109561e-01
1.362136213621362169e-01,4.063704721512488571e-02
1.736173617361736199e-01,1.992671022075460235e-02
4.689468946894689849e-01,8.014836442648681780e-02
2.290229022902290357e-02,2.121061197132774120e-02
7.918791879187918603e-01,7.528894368929729408e-01
9.741974197419742687e-01,1.826260489648144636e-01
2.714271427142714299e-01,-3.744128537497824066e-02
9.256925692569256681e-01,5.769855682698656896e-01
3.714371437143714760e-01,-2.276856490395918683e-02
8.687868786878688576e-01,7.516941815618876088e-01
1.998199819981998360e-01,1.202102456743293798e-04
5.192519251925192814e-01,2.049267037316331308e-01
2.661266126612661376e-01,-3.708289493717976948e-02
2.907290729072907198e-01,-4.005040562630626799e-02
3.244324432443244643e-01,-4.017224779241671678e-02
3.139313931393139523e-01,-4.133897973570079681e-02
9.133913391339134602e-01,5.397796911398621278e-01
7.803780378037804555e-01,6.916612456951211074e-01
7.621762176217622420e-01,8.394765188452777416e-01
7.419741974197420209e-01,6.691290584115590079e-01
3.113311331133113424e-01,-3.462886377984069480e-02
7.360736073607361540e-02,5.644656064285089730e-02
1.590159015901590131e-02,2.214865814461266375e-02
5.255525552555255775e-01,1.969319776882341444e-01
6.218621862186218818e-01,3.765718320390986085e-01
5.400540054005400492e-01,2.805470741548165003e-01
5.568556855685569129e-01,2.245638942298155416e-01
6.472647264726473226e-01,4.840408838809395764e-01
6.849684968496849713e-01,5.716063082468818557e-01
5.340534053405340265e-01,2.146841639421532832e-01
3.640364036403640619e-02,4.352809367346572450e-02
8.915891589158916331e-01,8.245274461007262579e-01
5.880588058805880786e-02,5.713489454150719182e-02
4.452445244524452783e-01,5.601510010620798508e-02
6.672667266726672874e-01,5.357655202337063827e-01
8.958895889588959216e-01,6.125273745653765367e-01
9.476947694769477515e-01,4.275162430100847288e-01
6.112611261126112971e-01,4.680892142614900830e-01
3.243324332433243362e-01,-4.175042302199168803e-02
3.989398939893989415e-01,-9.043694948144608090e-04
6.529652965296529610e-01,4.987237717103831791e-01
6.724672467246725072e-01,5.768456279166190859e-01
2.700270027002700524e-02,4.052570487473090843e-02
5.591559155915591939e-01,2.654743250100143892e-01
6.518651865186518846e-01,5.133439967435641238e-01
3.400340034003400680e-01,-3.669308383236627447e-02
9.078907890789079671e-01,6.206705572236893564e-01
7.661766176617662572e-01,6.707847297994450342e-01
5.843584358435843784e-01,3.536466058291437564e-01
7.416741674167417475e-01,6.113041449170379948e-01
3.509350935093509261e-01,-3.949095823234673175e-02
6.640664066406640753e-01,5.983528719368669258e-01
7.548754875487548865e-01,8.391582257636798214e-01
2.541254125412541476e-01,-2.888482369349364837e-02
4.670467046704670361e-02,4.621221691944105148e-02
4.122412241224122642e-01,1.389094686934964039e-02
8.071807180718072461e-01,8.284953349734635042e-01
4.700470047004700613e-01,1.080297244483886948e-01
8.233823382338234520e-01,7.986100855986782987e-01
6.200620062006201305e-01,4.931464552480134822e-01
2.398239823982398211e-01,-2.418757568787938128e-02
2.861286128612861579e-01,-3.652564847684236504e-02
6.656665666566656814e-01,5.529328875031881418e-01
4.285428542854285427e-01,2.643315217299500169e-02
7.507750775077508543e-01,6.406603038292901786e-01
7.313731373137314362e-01,7.328077372402517220e-01
5.899589958995899996e-01,3.760029826785047380e-01
6.528652865286528328e-01,4.669539714632311989e-01
9.944994499449945069e-01,4.745269846877590847e-02
7.828782878287828817e-01,8.233330026162879456e-01
5.864586458645865141e-01,3.704588966856994237e-01
9.209920992099209780e-01,4.997690121210380809e-01
8.795879587958795875e-01,6.935743275561573329e-01
2.579257925792579065e-01,-3.246716060329197379e-02
2.660266026602660372e-02,3.384911701713291116e-02
2.279227922792279315e-01,-1.625861729023368729e-02
7.699769976997700160e-01,5.798416865023852118e-01
2.718271827182718314e-01,-3.324622640244144500e-02
4.380438043804380649e-02,4.290449301243123154e-02
9.665966596659666399e-01,2.793750655737729516e-01
9.867986798679868610e-01,1.240537993127053262e-01
8.218821882188218630e-01,8.257648524091364406e-01
9.818981898189819146e-01,1.631356370428392599e-01
9.420942094209421303e-01,4.881183004162784056e-01
5.718571857185719143e-01,2.861206989771944431e-01
1.553155315531553338e-01,2.573268736567225698e-02
6.179617961796179948e-01,4.231901980615944137e-01
3.477347734773477694e-01,-4.106862888806760842e-02
3.512351235123512549e-01,-3.658184321186305765e-02
4.079407940794079757e-01,8.623775531917300327e-03
8.650865086508650881e-02,6.010790184918884949e-02
3.485348534853485725e-01,-3.124123619717072975e-02
4.603460346034603523e-01,8.359260303753257570e-02
8.393839383938394016e-01,7.643116538779914926e-01
2.127212721272127294e-01,-7.104804096907372905e-03
3.096309630963096637e-01,-5.092316548878390858e-02
9.772977297729773527e-01,2.186056658860657531e-01
4.977497749774977831e-01,1.483735212919603252e-01
1.320132013201320148e-02,1.822154617137628288e-02
6.237623762376237613e-01,4.885552580685693091e-01
3.100310031003100479e-03,4.921998193233725373e-03
1.261126112611261063e-01,3.906214447273491375e-02
9.696969696969697239e-01,2.245677822301917481e-01
6.606660666066607179e-01,6.334737622607786722e-01
4.334433443344334336e-01,3.668716234290702455e-02
4.775477547754775620e-01,9.476195364901270068e-02
3.390339033903390364e-02,3.785260507309923250e-02
3.209320932093209233e-01,-4.640959073986114514e-02
9.704970497049705269e-01,2.780251309901298207e-01
9.090909090909091161e-02,5.783661523557663553e-02
4.600460046004600963e-03,7.511962523002595725e-03
7.235723572357235511e-01,7.706188026413127723e-01
6.369636963696370113e-01,4.734884495611749733e-01
3.020302030203020349e-01,-4.401679163172266679e-02
5.351535153515352139e-01,2.376198152968874155e-01
2.164216421642164156e-01,-1.090526872845719135e-02
3.478347834783478421e-01,-3.332368113295628570e-02
4.955495549554955748e-01,1.332260707470161176e-01
5.226522652265226387e-01,1.898647156060522256e-01
6.984698469846984947e-01,6.655537026623783436e-01
2.794279427942794602e-01,-3.541479415642755091e-02
8.300830083008300941e-02,5.202004167303067583e-02
6.290629062906290259e-02,4.786720436666183631e-02
9.046904690469047550e-01,6.144403389807988614e-01
1.994199419941994345e-01,3.726471317188349884e-04
5.016501650165016146e-01,1.474412646699750917e-01
5.959595959595960224e-01,4.372091134670929580e-01
9.634963496349635559e-01,2.917191081371426908e-01
2.448244824482448401e-01,-2.764479750144403780e-02
3.101310131013101379e-01,-4.698777867767085781e-02
8.341834183418341819e-01,7.701451104912475643e-01
2.420242024202420156e-02,3.497760789449629037e-02
2.350235023502350307e-01,-2.062409964706940491e-02
4.002400240024002742e-01,2.404466760159201712e-04
8.778877887788779644e-01,5.604040290830833992e-01
5.416541654165416553e-01,2.557075925138284633e-01
2.040204020402040241e-01,-2.323466243601867570e-03
4.289428942894289443e-01,3.976685326328320558e-02
1.799179917991799160e-01,1.301521241270037904e-02
1.307130713071307238e-01,4.524861013634469409e-02
3.954395439543954560e-01,-4.428993524131397998e-03
9.213921392139213795e-01,5.799785298098089070e-01
1.388138813881388267e-01,3.674927822818149781e-02
1.642164216421642120e-01,2.423140887677973851e-02
8.624862486248625615e-01,7.831539469068699022e-01
5.676567656765676428e-01,3.682542757822525603e-01
7.108710871087109417e-01,7.069999495992196348e-01
6.133613361336134329e-01,4.604601191760479550e-01
6.258625862586258970e-01,4.601957769368131279e-01
9.677967796779678444e-01,3.204078766140963652e-01
8.660866086608660919e-02,5.565599998103798463e-02
4.658465846584658454e-01,1.061973136704237736e-01
7.935793579357935945e-01,6.481124992906406312e-01
5.666566656665666946e-01,2.869674940467306645e-01
3.324332433243324392e-01,-3.695273967262598797e-02
3.325332533253325673e-01,-3.504536876367007892e-02
1.094109410941094124e-01,5.448763227640035511e-02
3.304330433043304316e-01,-3.616669145225150789e-02
1.790179017901790195e-02,2.219321579827092036e-02
8.779877987798779815e-01,5.666938181251548468e-01
2.402240224022402226e-01,-2.412398570061769984e-02
7.081708170817081482e-01,7.474477313073444318e-01
7.490749074907490646e-02,5.557496448410931267e-02
9.117911791179118541e-01,6.614265933970736588e-01
5.907590759075908027e-01,3.327761064677831060e-01
9.428942894289429333e-01,4.826393645921947528e-01
3.267326732673267453e-01,-3.559366657437793013e-02
8.158815881588159513e-01,8.254940562942987281e-01
5.281528152815281318e-01,2.002139671329137838e-01
9.745974597459746702e-01,1.915211377690171080e-01
4.470447044704470851e-01,5.645817607392260296e-02
7.260726072607261161e-02,5.931214204800541040e-02
2.008200820082008398e-01,-4.855031234083626067e-04
5.609560956095609452e-01,3.146463196578280774e-01
9.792979297929793603e-01,1.618266560255557374e-01
4.316431643164316823e-01,3.552264947443063703e-02
6.003600360036003281e-01,3.512156953640569457e-01
4.246424642464246557e-01,2.389267546307405343e-02
3.310331033103310755e-02,3.917321553992051536e-02
2.655265526552655353e-01,-3.786471777249104248e-02
3.010301030103010311e-01,-4.403508037234760836e-02
3.292329232923292270e-01,-3.644118263507471756e-02
8.166816681668167544e-01,6.448225359043285865e-01
4.229422942294229770e-01,2.522651938161560303e-02
1.334133413341334062e-01,3.959902599087279651e-02
7.200720072007200656e-01,6.653777501466824340e-01
4.217421742174217725e-01,2.062541832404325357e-02
3.408340834083408710e-01,-3.718920722755292979e-02
8.361836183618361895e-01,6.523741480087358324e-01
4.925492549254925634e-01,1.513782648153336463e-01
3.862386238623862766e-01,-1.308084353442903053e-02
6.792679267926793329e-01,6.922798275013665181e-01
1.390139013901390240e-02,1.789407222980442247e-02
7.303730373037303769e-01,6.032967038836879459e-01
3.234323432343234606e-01,-3.742339023581278679e-02
5.517551755175518213e-01,2.870614418325020956e-01
1.952195219521952185e-01,2.798151785015829274e-03
2.340234023402340199e-02,2.948491779424149486e-02
6.647664766476647502e-01,5.316080833120410132e-01
3.037303730373037136e-01,-3.902565955328926584e-02
6.242624262426242909e-01,4.535174518909390606e-01
2.612261226122612467e-01,-3.176376508270617460e-02
4.023402340234023544e-01,2.416116607689828416e-03
8.344834483448344553e-01,8.100810842081709318e-01
8.500850085008501145e-01,6.604585790794517131e-01
9.929992999299930290e-01,7.195799501769106765e-02
3.178317831783178393e-01,-4.589839287748747471e-02
1.115111511151115203e-01,5.474546508637128522e-02
6.520652065206521408e-01,4.329991316768947440e-01
8.298829882988298934e-01,7.665648109409912703e-01
5.017501750175017428e-01,1.588566964653344016e-01
9.362936293629363638e-01,5.532951902985875359e-01
2.650265026502650334e-02,2.674550818951854786e-02
2.944294429442944616e-01,-3.955978409738665491e-02
5.469546954695470031e-01,2.523249955680626488e-01
6.459645964596459899e-01,5.074158990811958869e-01
5.875587558755875905e-01,3.891598397720928970e-01
6.831683168316832200e-01,5.310217176780588355e-01
5.720572057205720595e-01,3.135156868326613999e-01
4.836483648364836574e-01,1.264267644968987137e-01
2.285228522852285338e-01,-1.482491075720166265e-02
7.227722772277227481e-01,6.842742847060884204e-01
8.610861086108611007e-01,6.883141152624749903e-01
3.789378937893789767e-01,-1.901045098614349838e-02
7.777777777777777901e-01,8.326433537715218769e-01
8.746874687468747522e-01,6.956079148504096255e-01
6.510651065106511093e-02,5.760887036055799271e-02
9.481948194819482811e-01,4.445570198231323378e-01
5.776577657765776808e-01,3.527347503702480402e-01
5.960596059605961089e-02,5.611038224372876665e-02
4.498449844984498402e-01,6.866484759408342242e-02
9.340934093409340722e-02,5.468652623179620642e-02
4.875487548754875444e-01,1.194514325575026237e-01
6.520652065206521131e-02,5.454182936252056912e-02
9.008900890089008850e-01,5.765578975711835863e-01
1.700170017001700340e-01,1.684387486808270468e-02
2.070207020702070216e-02,2.992859855702523220e-02
3.375337533753375308e-01,-3.798812085399628363e-02
2.117211721172117256e-01,-7.518603247222603071e-03
4.207420742074207687e-01,2.517350564088260273e-02
2.920292029202920525e-01,-4.069843977896943354e-02
3.253325332533253400e-01,-4.596212314629927881e-02
2.110211021102110368e-02,2.880298030266317810e-02
7.711771177117712206e-01,8.009336593922488090e-01
4.467446744674467562e-01,5.716992594800045929e-02
1.900190019001900266e-02,2.744290504339901016e-02
2.758275827582758466e-01,-3.382529670476509820e-02
3.095309530953095356e-01,-3.914531927757990137e-02
6.783678367836784018e-01,5.664947222273809535e-01
8.672867286728672687e-01,6.824064188115858132e-01
8.019801980198020264e-01,7.774779335088730647e-01
8.623862386238624334e-01,6.313419986100601289e-01
4.228422842284228489e-01,2.379321752003994359e-02
5.830583058305830457e-01,3.762721346265421318e-01
9.017901790179018162e-01,6.479006766035055875e-01
9.770977097709770964e-01,2.062869347758645722e-01
2.136213621362136328e-01,-9.641664398194417854e-03
2.399239923992399215e-01,-2.090270562517169972e-02
8.113811381138114065e-01,7.481089856478674305e-01
2.476247624762476229e-01,-2.762310785627885776e-02
3.980398039803980520e-02,4.445085900143168345e-02
6.172617261726173199e-01,3.226240235811486667e-01
4.710471047104710651e-01,8.955559778722191333e-02
4.873487348734873437e-01,1.228360190186769813e-01
5.994599459945995079e-01,3.443565771756497140e-01
1.594159415941594216e-01,1.905935880195494536e-02
5.466546654665466187e-01,2.610333723689844398e-01
7.947794779477947991e-01,7.764262774971014691e-01
7.879787978797879733e-01,6.060971902399143740e-01
3.797379737973797242e-01,-1.389746684016939654e-02
7.210721072107211249e-01,6.311381199776522344e-01
1.840184018401840316e-01,9.588038356865117434e-03
1.434143414341434164e-01,3.491611277333724755e-02
9.826982698269827177e-01,1.507590826388397476e-01
7.870787078707870699e-02,6.665416195859140414e-02
2.109210921092109225e-01,-6.135081375433051529e-03
3.680368036803680631e-01,-2.093529455630531791e-02
2.627262726272627247e-01,-3.705328584843501499e-02
8.649864986498649877e-01,7.620372003450432974e-01
8.686868686868687295e-01,7.123913010556561787e-01
1.143114311431143171e-01,5.547609173284221568e-02
3.752375237523752349e-01,-2.516258577518596523e-02
7.517751775177518025e-01,7.906550247100447848e-01
1.992199219921992337e-01,4.704357684053519389e-04
7.331733173317331875e-01,6.720817887158920811e-01
2.550255025502550302e-02,2.737299563228231397e-02
4.601460146014601515e-01,6.739914722946081793e-02
4.191419141914191626e-01,1.908184292155805720e-02
3.919391939193919705e-01,-6.228099765371232499e-03
9.321932193219322205e-01,5.072016800311615059e-01
9.796979697969797618e-01,1.578490167223570440e-01
7.650765076507651252e-02,5.104746963395567771e-02
1.253125312531253033e-01,4.586618381863318689e-02
9.015901590159016710e-01,6.139771536546861919e-01
3.874387438743874257e-01,-1.045429767783962252e-02
6.457645764576457337e-01,5.561263831669691626e-01
7.215721572157215435e-01,6.314926935882787529e-01
8.719871987198720698e-01,6.433031067526204794e-01
9.927992799279928837e-01,6.955135354920578827e-02
6.021602160216021904e-01,3.524823454763129638e-01
6.174617461746174651e-01,4.230460507238965606e-01
6.873687368736873804e-01,6.428956723596679357e-01
5.486548654865486263e-01,2.964536160297059353e-01
7.605760576057606359e-01,7.376321865877060180e-01
9.972997299729973175e-01,2.614613258806983143e-02
9.409940994099410538e-01,4.533558469652881340e-01
3.807380738073807280e-01,-1.826998332668366976e-02
6.313631363136313901e-01,4.682791923931606815e-01
6.686668666866686372e-01,7.215554015816969535e-01
6.206620662066206773e-01,4.328085945201743945e-01
6.019601960196019341e-01,3.739561924708115215e-01
9.987998799879987954e-01,1.390515537744894253e-02
6.990699069906990415e-01,5.810781109020800583e-01
3.155315531553155584e-01,-4.841248611938731017e-02
7.873787378737874265e-01,7.282249104341327328e-01
6.746674667466746600e-01,5.462420617149781332e-01
6.979697969796979651e-01,5.611902152937476851e-01
8.110811081108111609e-02,5.182987509175460139e-02
1.316131613161316272e-01,3.741511475239270301e-02
1.898189818981898258e-01,6.909841450465618699e-03
3.269326932693269461e-01,-3.558821549213082858e-02
4.672467246724672507e-01,1.042969955688193701e-01
8.646864686468647143e-01,6.280951940563371805e-01
5.601560156015601422e-01,3.039672956625721900e-01
6.870687068706871070e-02,6.585992951284354302e-02
5.813581358135814225e-01,3.514718695921790204e-01
4.517451745174517752e-01,7.175001053948820706e-02
3.615361536153615662e-01,-2.648221412389108187e-02
4.949494949494949725e-01,1.291758786724567787e-01
2.056205620562056302e-01,-4.547976745129902673e-03
3.601360136013601609e-01,-3.224665426983559791e-02
8.079807980798080491e-01,8.701758917716233555e-01
8.872887288728873445e-01,5.792650833370378560e-01
4.659465946594659735e-01,7.895222983191223232e-02
2.222222222222222376e-01,-1.381182073156359512e-02
8.534853485348534718e-01,8.528623650766108399e-01
7.130713071307130946e-01,6.446044462316271595e-01
5.040504050405040237e-01,1.344750184258426684e-01
9.085908590859086420e-01,5.078519133748317094e-01
5.886588658865886670e-01,3.618739123319575368e-01
4.391439143914391829e-01,4.745084614986048999e-02
7.593759375937594314e-01,8.055770058940849854e-01
7.243724372437243542e-01,6.096445121189293381e-01
8.550855085508550502e-02,6.143635400897388965e-02
5.973597359735973722e-01,3.691474700433274858e-01
4.913491349134913588e-01,1.318258758192493996e-01
8.582858285828582900e-01,7.816958094621331288e-01
3.000300030003000273e-02,3.716703668624656703e-02
7.608760876087609093e-01,7.357234782230921422e-01
2.759275927592759192e-01,-4.004979324404293189e-02
3.835383538353835386e-01,-1.661681349107863720e-02
3.186318631863186424e-01,-3.777892905777507915e-02
5.511551155115511635e-01,2.617132781240603112e-01
1.212121212121212155e-01,5.444797809722869836e-02
3.134313431343134226e-01,-4.251533783923075460e-02
8.287828782878288170e-01,9.093989094138652529e-01
1.543154315431543300e-01,3.226746878706680116e-02
4.635463546354635644e-01,7.574682874013716205e-02
9.313931393139314174e-01,4.526700907532358320e-01
6.424642464246425044e-01,5.104730710981713049e-01
6.563656365636564294e-01,5.423887758224417155e-01
4.386438643864386533e-01,4.344749338627962310e-02
2.502250225022502605e-01,-3.067586167908975189e-02
4.187418741874187611e-01,1.673741220120320006e-02
4.914491449144914870e-01,1.090106287708919874e-01
9.194919491949195001e-01,5.353338796843460923e-01
3.265326532653265446e-01,-4.294683493322982992e-02
1.182118211821182180e-01,4.485461795462214463e-02
6.360636063606360802e-01,5.617119687966103392e-01
2.217221722172217357e-01,-1.341279052690345051e-02
8.448844884488448947e-01,8.240427358220623333e-01
1.680168016801680264e-01,2.618481750987306650e-02
7.728772877287729548e-01,6.116444380897977373e-01
6.056605660566056759e-01,3.896216734889131894e-01
8.403840384038404610e-01,6.531033270682271574e-01
4.990499049904990880e-02,5.717249855689422733e-02
3.434343434343434254e-01,-3.765833121265310668e-02
9.619961996199620780e-01,3.310398532117442838e-01
3.935393539353935766e-01,-6.657099688924390281e-03
9.992999299929993251e-01,5.727734810675474617e-03
5.065506550655065610e-01,1.767312865023980550e-01
8.463846384638463727e-01,6.144311591704526565e-01
5.000500050005000745e-03,7.509167204400280307e-03
9.839983998399840504e-01,1.280641659807565391e-01
4.419441944194419380e-01,5.344121499293796873e-02
5.860586058605861126e-01,3.442780538341517760e-01
3.100310031003100306e-02,3.595142088151940390e-02
2.813281328132813397e-01,-4.043868240537862313e-02
2.232223222322232414e-01,-1.365821694944726467e-02
4.092409240924092528e-01,9.887426021818985361e-03
2.545254525452545491e-01,-2.657634800122353480e-02
7.586758675867586454e-01,7.504855225768942706e-01
9.485948594859485716e-01,3.666017955905229164e-01
8.130813081308131407e-01,7.793657196704041334e-01
2.298229822982298387e-01,-1.863909370038913105e-02
2.566256625662566293e-01,-3.247871975334679084e-02
8.917891789178917783e-01,6.633578845715216721e-01
9.230923092309231137e-01,5.042362538263491789e-01
5.787578757875787572e-01,3.160104329991575423e-01
5.169516951695170004e-01,1.942028888368596551e-01
1.463146314631463274e-01,2.724478763457352515e-02
2.887288728872887122e-01,-4.105002764849390029e-02
5.450545054505450543e-02,4.618758822637702988e-02
1.249124912491249156e-01,3.532596887962557303e-02
4.728472847284728720e-01,1.001703356010104212e-01
6.770677067706770691e-02,5.685771900858678507e-02
5.030503050305030338e-02,4.761063786992481006e-02
5.068506850685068343e-01,1.630904427959629088e-01
9.592959295929592844e-01,3.313459643170526547e-01
7.466746674667467110e-01,7.593751797592520614e-01
1.578157815781578155e-01,2.763775360029197339e-02
5.885588558855885388e-01,3.584936915187159068e-01
7.787778777877788494e-01,8.145473230526810715e-01
5.629562956295629528e-01,2.837264604381338762e-01
8.466846684668467571e-01,7.624222923805443752e-01
5.029502950295029473e-01,1.642926090455157362e-01
9.734973497349734828e-01,2.278253220605727380e-01
9.110911091109111237e-02,5.001153922481327979e-02
6.080608060806080850e-02,5.506858224963935566e-02
7.583758375837583721e-01,7.409994918448916668e-01
9.908990899089908932e-01,7.407355102324404694e-02
1.145114511451145178e-01,5.050801331872702832e-02
4.802480248024802445e-01,1.183321980064188650e-01
6.909690969096909940e-01,6.080814663815689025e-01
7.660766076607661290e-01,6.830508186262923553e-01
1.684168416841684279e-01,1.933689027343749034e-02
9.603960396039604719e-01,3.540860315235006550e-01
1.437143714371437175e-01,4.215657140928221608e-02
2.770277027702770511e-01,-3.915366325774680828e-02
7.830783078307831380e-01,6.497251292521789567e-01
1.246124612461246145e-01,4.319099472623207786e-02
7.225722572257226028e-01,6.627942258113002083e-01
4.513451345134513737e-01,6.057918995581132449e-02
6.230623062306230725e-02,5.859827089318804527e-02
6.883688368836884397e-01,6.827269695001516592e-01
7.805780578057806007e-01,7.885650535356907298e-01
9.738973897389738843e-01,2.483312588848615721e-01
5.865586558655865312e-01,4.081473419628156019e-01
4.642464246424642393e-01,8.297813942788266617e-02
1.894189418941894243e-01,7.192293302931019455e-03
5.844584458445845065e-01,3.786378992738952953e-01
5.021502150215021443e-01,1.559692998203513481e-01
8.741874187418742226e-01,7.344676352833501287e-01
8.431843184318431605e-01,7.012213846068628964e-01
3.800380038003800531e-02,5.027793041840977056e-02
8.000800080008000845e-03,1.191264879089311106e-02
8.737873787378738211e-01,6.900367034134189392e-01
7.261726172617262165e-01,6.522540717748599448e-01
8.354835483548355146e-01,6.352563755047522243e-01
4.589458945894589470e-01,6.011173374811346753e-02
2.245224522452245186e-01,-1.538548009298044104e-02
7.029702970297030395e-01,6.940003948235039521e-01
6.680668066806680905e-01,5.549003295432225480e-01
7.298729872987298473e-01,6.158916903229136874e-01
1.060106010601060203e-02,1.655751812104078180e-02
2.146214621462146366e-01,-9.291983326926144329e-03
8.700870087008701070e-02,4.771333413332043416e-02
9.011901190119012695e-01,6.943756544505199635e-01
2.397239723972397207e-01,-2.287585816349299583e-02
6.416641664166417014e-01,4.779829912513081092e-01
3.716371637163716768e-01,-1.946046507910841397e-02
4.629462946294629622e-01,8.218046820525334861e-02
1.357135713571357150e-01,3.293022220366573216e-02
5.458545854585459267e-01,2.290801096686982952e-01
6.039603960396039417e-01,4.286081030839187234e-01
6.568656865686568480e-01,5.002570482475844349e-01
2.424242424242424310e-01,-2.162300159714550946e-02
4.612461246124612835e-01,7.733197164954312697e-02
8.922892289228923079e-01,6.104501053346965689e-01
5.563556355635563833e-01,2.824179753455295927e-01
2.916291629162916510e-01,-4.409058567446921817e-02
6.304630463046304589e-01,5.200703211694595041e-01
1.367136713671367187e-01,4.023580351360310503e-02
6.156615661566157138e-01,4.093606191650083215e-01
2.899289928992899168e-01,-3.761420276074409208e-02
7.983798379837984127e-01,7.653685731416228766e-01
8.583858385838584182e-01,6.991390700559028115e-01
7.957795779577958584e-01,8.382242093147616036e-01
6.330633063306330410e-02,5.922962270734513646e-02
9.264926492649264711e-01,5.241882444788890094e-01
3.124312431243124188e-01,-4.191472814885403159e-02
5.308530853085309253e-01,2.477352778049143889e-01
9.077907790779078390e-01,6.049816583820161187e-01
4.024402440244024270e-01,2.353817786763563822e-03
5.627562756275628075e-01,3.357238033462698334e-01
4.897489748974897528e-01,1.326981086821711897e-01
3.445344534453445573e-01,-3.559707633068626143e-02
3.801380138013801258e-01,-1.655384120908310122e-02
2.690269026902690486e-02,2.676703315987759638e-02
6.234623462346234879e-01,3.634564322911953971e-01
4.132413241324132680e-01,1.171268038375143823e-02
2.022202220222022173e-01,-1.464964073692123607e-03
8.880888088808881753e-02,4.986129683770768733e-02
9.260926092609261806e-02,5.268370759980511159e-02
9.369936993699370387e-01,4.292841884151441523e-01
2.751275127512751162e-01,-4.447242094721215455e-02
7.761776177617761840e-01,7.316462869115174517e-01
5.534553455345534445e-01,2.409045751682210024e-01
7.837783778377838129e-01,8.464255068263560888e-01
8.632863286328633645e-01,7.923662124776835736e-01
6.879687968796880382e-01,5.966627274331054442e-01
9.582958295829583362e-01,3.734674052191704341e-01
9.216921692169217639e-01,5.254621014219233999e-01
1.481148114811481065e-01,3.243919698795506151e-02
5.468546854685468750e-01,2.554837488763951336e-01
5.248524852485249026e-01,2.033630365749241886e-01
9.569956995699570035e-01,2.999182006697059255e-01
9.975997599759975909e-01,2.462775645038205174e-02
8.648864886488648596e-01,7.485404121428457236e-01
5.232523252325232965e-01,1.700196689128349870e-01
8.461846184618462274e-01,7.474918376120964769e-01
4.014401440144014788e-01,1.386205419377871569e-03
2.297229722972297383e-01,-2.079713969131813736e-02
7.561756175617562192e-01,7.758519433113503228e-01
8.330833083308331055e-02,6.217611002428860556e-02
2.480248024802480244e-01,-2.706060159415633187e-02
7.585758575857586283e-01,8.077518751765366822e-01
2.176217621762176202e-01,-8.745489074394992290e-03
6.305630563056305871e-01,4.169114926040873859e-01
7.631763176317631903e-01,6.353216550654774419e-01
1.359135913591359157e-01,3.730598587150677631e-02
8.408840884088408796e-01,6.355408720972338665e-01
7.500750075007500683e-02,6.933794942753501722e-02
2.835283528352835480e-01,-4.237971622934642857e-02
7.140714071407140706e-02,5.996684985511206017e-02
1.656165616561656173e-01,1.857659361347665725e-02
3.870387038703870797e-02,4.116072214166020121e-02
7.996799679967997454e-01,6.156634203658120086e-01
5.191519151915191532e-01,2.012977247935793246e-01
8.994899489948995353e-01,6.088791087189144857e-01
4.262426242624262618e-01,2.788036223695304280e-02
3.052305230523052471e-01,-4.211981134478692823e-02
7.000700070007001563e-02,5.565109409882362801e-02
3.439343934393439550e-01,-3.439712624005765440e-02
5.181518151815182049e-01,1.671781935008420650e-01
6.821682168216821607e-01,6.092561490992732809e-01
1.577157715771577151e-01,2.808560003332363428e-02
1.712171217121712108e-01,1.913183101207775738e-02
8.688868886888688747e-01,6.894389919095287311e-01
9.647964796479647775e-01,2.108831739052583476e-01
4.586458645864586736e-01,7.701547139748024517e-02
8.633863386338633816e-01,8.231065858918675815e-01
6.941694169416942062e-01,7.082639316603147606e-01
7.136713671367136413e-01,7.238100003804949223e-01
9.359935993599359794e-01,4.545543034253959336e-01
3.547354735473547405e-01,-3.477896393735442626e-02
3.110311031103110344e-02,4.160981553404717592e-02
4.006400640064006757e-01,6.474542642349645277e-04
8.689868986898690029e-01,6.995043458361840383e-01
6.387638763876387626e-01,4.687666873644402155e-01
8.600860086008601385e-03,1.120781248085644943e-02
4.146414641464146733e-01,1.453194065739872587e-02
6.527652765276528157e-01,4.146835101789376199e-01
5.389538953895389728e-01,2.616216808759331269e-01
5.350535053505350858e-01,1.875520008259386195e-01
6.917691769176917971e-01,7.068984524382169177e-01
3.855385538553855462e-01,-1.466810055676792852e-02
1.969196919691969250e-01,2.104540844099065180e-03
2.418241824182418287e-01,-2.196508230859534061e-02
9.816981698169817694e-01,1.644469738214740240e-01
6.169616961696169355e-01,3.770009757691742402e-01
1.337133713371337074e-01,3.949272302191102202e-02
4.954495449544954466e-01,1.516669067430886642e-01
2.464246424642464461e-01,-2.470409011966764878e-02
8.661866186618661922e-01,7.785504730766503734e-01
9.296929692969296832e-01,5.169866116874421991e-01
2.302230223022302402e-01,-1.987985898444853683e-02
4.395439543954395845e-01,4.057319548007785881e-02
7.514751475147515292e-01,7.227742450903389404e-01
6.050605060506050736e-02,5.353253044051756865e-02
5.261526152615261243e-01,2.456264821224466155e-01
7.421742174217421661e-01,7.090216641422181221e-01
9.160916091609161427e-02,5.243153624451196010e-02
8.667866786678668500e-01,7.345266338325560085e-01
3.196319631963196461e-01,-4.500496915017467014e-02
7.115711571157116166e-01,6.003196492751555757e-01
5.260526052605260516e-02,5.159436509190998971e-02
8.304830483048305512e-01,9.896319320496211880e-01
5.126512651265127118e-01,1.815457677508786616e-01
1.633163316331633086e-01,2.324334103726886924e-02
1.372137213721372206e-01,3.195651330111388966e-02
9.177917791779178769e-01,5.822823960833001244e-01
4.620462046204620865e-02,5.142677743182704625e-02
1.268126812681268090e-01,4.165850413399475871e-02
2.735273527352735101e-01,-3.863165261543701628e-02
2.873287328732873624e-01,-4.676033634179097703e-02
4.958495849584958481e-01,1.358217648588048998e-01
9.675967596759675882e-01,2.728446646646471851e-01
7.042704270427042612e-01,5.990689559405691922e-01
4.315431543154315541e-01,3.407587486119328241e-02
1.438143814381438179e-01,3.665282357382713269e-02
2.875287528752875632e-01,-4.519152686446210182e-02
6.841684168416841683e-01,7.023933823096727425e-01
7.639763976397639933e-01,6.781599193616190124e-01
6.827682768276828185e-01,5.355763438235726648e-01
6.653665366536654080e-01,4.912147076168635884e-01
1.260126012601260094e-02,1.721792507628505664e-02
3.160316031603160325e-01,-4.976823651699258111e-02
1.910191019101910304e-01,5.881042774896918721e-03
8.800880088008801172e-01,6.918558934545150363e-01
3.357335733573357239e-01,-4.018245445652376263e-02
4.139413941394139429e-01,1.323855941086134538e-02
2.120212021202120267e-01,-7.343834401924416097e-03
8.230823082308230676e-01,8.740966167386626795e-01
4.405440544054405327e-01,4.490788973944442181e-02
4.684468446844684553e-01,8.979845802099893637e-02
2.440244024402440370e-01,-3.160160144965570850e-02
3.180318031803180262e-02,3.886809518173525713e-02
3.721372137213721509e-01,-2.396626893841062936e-02
1.850185018501850076e-02,2.337394476686626907e-02
7.563756375637563645e-01,8.951422160151811802e-01
9.489948994899489731e-01,3.625391821989604191e-01
7.469746974697469843e-01,7.282480801649194868e-01
4.158415841584158779e-01,1.556970430642875929e-02
8.950895089508950631e-02,5.687244463504055603e-02
9.763976397639764215e-01,1.749568868064199922e-01
8.558855885588558809e-01,7.025783499035910262e-01
2.976297629762976182e-01,-4.107287236994169172e-02
1.014101410141014098e-01,4.960690374917944151e-02
8.055805580558056400e-01,7.599071957270203681e-01
4.168416841684168817e-01,1.802562819295239205e-02
2.326232623262326216e-01,-1.630893623948371368e-02
3.350335033503350213e-02,3.664698916435266129e-02
3.922392239223922439e-01,-7.333987794828921575e-03
3.737373737373737570e-01,-2.246607870709280141e-02
1.495149514951495118e-01,2.747582065624963946e-02
6.151615161516151842e-01,3.677947648158755856e-01
9.708970897089709284e-01,2.509839424150372422e-01
2.095209520952095172e-01,-6.496642035346009494e-03
6.810681068106810843e-01,4.399566252895958929e-01
4.986498649864986588e-01,1.552811094535598846e-01
5.090509050905090982e-01,1.680898111539854134e-01
4.015401540154015514e-01,1.399608580288640592e-03
4.878487848784878733e-01,1.174788011934312093e-01
1.000100010001000149e-02,1.416910653989857279e-02
1.175117511751175153e-01,4.872120066938682992e-02
8.843884388438844057e-01,7.477114278857190932e-01
6.591659165916592400e-01,5.513830639153159963e-01
9.954995499549955662e-01,4.165880566037345051e-02
6.300630063006300470e-03,1.118185714515104387e-02
9.361936193619362356e-01,4.351632032972423403e-01
8.659865986598660470e-01,8.031961274319785460e-01
4.989498949894989877e-01,1.469009367224599627e-01
5.300530053005301223e-01,2.011994955526385520e-01
8.953895389538953919e-01,6.290503441282325747e-01
7.800780078007800711e-01,6.682613281228483304e-01
2.306230623062306417e-01,-1.648448124199694553e-02
8.881888188818881646e-01,6.013913696636132844e-01
2.860286028602860298e-01,-4.654335280648048273e-02
9.631963196319632825e-01,3.291828291156211894e-01
1.636163616361636097e-01,2.137471285185946202e-02
4.149414941494149467e-01,1.497026793368296319e-02
7.074707470747074733e-01,5.967104991765981303e-01
2.158215821582158411e-01,-1.033933204559220331e-02
8.022802280228022997e-01,7.922516428479625672e-01
4.261426142614261336e-01,2.231240702497230138e-02
6.429642964296430341e-01,4.603924595515215823e-01
7.570757075707571504e-01,7.989619931354524640e-01
2.308230823082308425e-01,-1.707142509329049804e-02
3.906390639063906378e-01,-7.337897928512250936e-03
9.879987998799880655e-01,1.099549247393876439e-01
7.003700370037003742e-01,6.672808552174257501e-01
1.263126312631263071e-01,4.263130533057424287e-02
6.939693969396939499e-01,7.257146902326372384e-01
9.746974697469746873e-01,2.072702269752459969e-01
2.912291229122912495e-01,-3.931394333438231747e-02
5.347534753475348124e-01,2.324314107346318048e-01
8.866886688668866867e-01,6.274957925241174683e-01
6.706670667066706448e-01,5.531179808627053607e-01
9.617961796179618217e-01,3.063535973494077580e-01
4.540454045404540562e-02,4.141330148333582928e-02
5.317531753175317455e-01,2.008579666873324121e-01
6.335633563356335429e-01,4.654407773236226564e-01
3.210321032103210376e-02,3.382151295868458807e-02
1.429142914291429145e-01,3.976830105254700737e-02
3.210321032103210515e-01,-4.045309291226700799e-02
4.757475747574757552e-01,1.057735869457412659e-01
9.990999099909991799e-02,5.985775278438662528e-02
3.362336233623362536e-01,-3.336353186705449253e-02
5.982598259825983034e-01,4.710356070898841785e-01
5.390539053905391009e-01,2.274856226588363450e-01
4.071407140714071726e-01,6.644881014185945872e-03
9.643964396439643760e-01,2.732407296928370255e-01
3.791379137913791775e-01,-1.605600139313294317e-02
2.911291129112911213e-01,-3.993004142739439710e-02
6.855685568556856291e-01,5.861994381749663363e-01
3.100310031003100653e-01,-4.406141837911164982e-02
6.362636263626363364e-01,4.447364623630210012e-01
8.422842284228423404e-01,7.764192515757679658e-01
1.458145814581458255e-01,3.074931311825128064e-02
6.447644764476447854e-01,3.769453622954857530e-01
9.327932793279328783e-01,4.852770183149945349e-01
5.791579157915791587e-01,3.575992740811655413e-01
6.560656065606560450e-01,5.996048417036976552e-01
7.600760076007601063e-01,6.542731181345429192e-01
9.100910091009101199e-02,6.464606776703131497e-02
8.804880488048805187e-01,8.143244279528318863e-01
4.320432043204320838e-01,3.541113966924112899e-02
1.846184618461846338e-01,1.025679443191817274e-02
5.475547554755475499e-01,3.003298079703891066e-01
7.424742474247425505e-01,8.849329439249811191e-01
2.677267726772677436e-01,-2.786118482358720949e-02
8.315831583158316276e-01,6.709817768907277991e-01
3.852385238523852728e-01,-1.429889285920689888e-02
9.300930093009300570e-03,1.405679767229117000e-02
3.247324732473247377e-01,-5.353006209997370618e-02
7.839783978397839581e-01,6.547685156416761521e-01
2.940294029402940393e-02,3.756148916389076553e-02
3.479347934793479702e-01,-3.882451660569750940e-02
6.519651965196520127e-01,5.004142627419240208e-01
5.643564356435644136e-01,2.574409099915643262e-01
3.347334733473347201e-01,-3.013272588733725138e-02
9.266926692669267274e-01,4.738718055398724593e-01
1.517151715171517201e-01,3.787049229545600554e-02
8.312831283128313542e-01,8.457894579847882177e-01
3.700370037003700707e-01,-2.339816508462270322e-02
9.830983098309831192e-01,1.553470092492531263e-01
8.564856485648565387e-01,7.410665600003343290e-01
7.308730873087309066e-01,6.665087522143613441e-01
5.564556455645565114e-01,3.635279534791797662e-01
5.962596259625962958e-01,3.917113370335915112e-01
5.196519651965196829e-01,1.753641091017961728e-01
3.734373437343734281e-01,-2.317390209367166387e-02
1.299129912991299207e-01,4.528185622275838346e-02
5.033503350335033488e-01,1.827849797529162990e-01
7.086708670867086779e-01,7.322893099607996614e-01
4.108410841084108589e-01,1.043495039953393558e-02
2.806280628062806648e-01,-3.401152319038475147e-02
1.485148514851485080e-01,3.442715397179884479e-02
6.513651365136513549e-01,5.801381072834682628e-01
1.225122512251225204e-01,4.729733770859578107e-02
1.761176117611761294e-01,1.844857094891501348e-02
4.990499049904990603e-01,1.525609052939726484e-01
1.791179117911791130e-01,1.404586903659952625e-02
3.656365636563656540e-01,-2.432521673730677139e-02
8.502850285028502597e-01,6.581692252273683152e-01
4.182418241824182314e-01,2.033526086194727828e-02
8.486848684868487647e-01,6.934585652689748692e-01
8.510851085108510627e-01,6.554891440218169052e-01
8.080808080808080662e-01,7.943481689893869824e-01
9.135913591359136054e-01,6.085542332605066163e-01
3.580358035803580252e-01,-3.318196695770734422e-02
4.754475447544754818e-01,1.048509627623443741e-01
5.964596459645964410e-01,3.271883967747374333e-01
8.867886788678868148e-01,7.057180872540681493e-01
7.878787878787879562e-01,7.317740932288502309e-01
6.110611061106110964e-02,4.763531708792420605e-02
3.473347334733473679e-01,-3.562434819348350018e-02
6.462646264626462633e-01,5.067940875970102788e-01
9.479947994799480249e-01,4.582554953399134434e-01
1.613161316131613288e-01,2.355006317388443765e-02
2.863286328632863587e-01,-4.549110510943570052e-02
8.720872087208720869e-01,6.275230641618433358e-01
8.503850385038503878e-01,6.383402706578131802e-01
5.621562156215621497e-01,2.935033319641122129e-01
2.178217821782178210e-01,-9.965359207661981383e-03
9.430943094309431063e-02,4.726574565325204064e-02
7.306730673067306503e-01,6.883337465181621484e-01
5.870587058705870748e-02,5.541993447084114788e-02
4.761476147614761567e-01,1.033511389007885362e-01
2.112211221122112237e-01,-8.073051978515946581e-03
7.412741274127413460e-01,5.565079586219561225e-01
1.313131313131313260e-01,4.027111853167733568e-02
9.553955395539553974e-01,3.507922989903880517e-01
3.796379637963796516e-01,-1.559670978762323426e-02
8.617861786178617756e-01,6.400933723892063831e-01
8.822882288228822700e-01,6.243471386755919950e-01
5.556555655565557084e-01,3.202980111396803720e-01
1.478147814781478331e-01,3.504125331367968776e-02
6.345634563456346022e-01,4.960662962269258847e-01
6.951695169516951545e-01,5.826999898441110881e-01
3.745374537453745600e-01,-2.230804248552122407e-02
6.778677867786778721e-01,5.382522728146733604e-01
9.599959995999600704e-01,3.385947261049774282e-01
4.461446144614461540e-01,5.581172257957017768e-02
7.815781578157815490e-01,6.711862165543001080e-01
3.890389038903890179e-02,4.272346577586112748e-02
4.840484048404840589e-01,1.086740163428074335e-01
4.192419241924192352e-01,2.181931416467110599e-02
5.150515051505150793e-02,4.654120477415889939e-02
8.655865586558656455e-01,8.164390360827040727e-01
9.791979197919792322e-01,1.536347650572663093e-01
5.215521552155215623e-01,1.839514880040780676e-01
2.552255225522552240e-01,-2.757944877899166577e-02
2.643264326432643307e-01,-3.130750971149203615e-02
8.405840584058406062e-01,7.382232472092766784e-01
7.035703570357035863e-01,5.133642812603194105e-01
1.331133113311331051e-01,3.796559451124584955e-02
1.660166016601660188e-01,2.400628184997468870e-02
4.984498449844984580e-01,1.401008018709061220e-01
3.939393939393939781e-01,-5.824482281681984779e-03
1.303130313031303222e-01,4.529486533932826353e-02
2.213221322132213342e-01,-1.250329867671357877e-02
2.253225322532253216e-01,-1.573830197507376794e-02
1.210121012101210078e-02,1.370022325205406608e-02
5.617561756175617482e-01,2.690290278542656899e-01
1.283128312831283147e-01,4.713917153548582289e-02
5.314531453145314721e-01,2.158306393949040447e-01
3.526352635263526603e-01,-3.376481248095061782e-02
9.964996499649965145e-01,2.576384371464304074e-02
3.405340534053405421e-01,-3.823059713487836353e-02
7.726772677267726985e-01,7.334743895610158493e-01
7.504750475047504699e-01,6.795985287724531920e-01
8.454845484548455525e-01,6.783184296520911039e-01
7.072707270727073281e-01,7.454446920472537208e-01
4.997499749974997907e-01,1.615799983066845136e-01
5.956595659565956380e-01,2.979700830693832736e-01
6.545654565456545670e-01,4.117338081973682673e-01
9.288928892889288802e-01,5.031672711029312461e-01
9.430943094309430785e-01,3.709240585371262333e-01
4.514451445144514463e-01,6.737300763348495758e-02
2.826282628262826169e-01,-3.784161231387810076e-02
7.693769376937693583e-01,7.966548818071189642e-01
5.783578357835783557e-01,3.520184690696814278e-01
7.990799079907990876e-01,6.976697623165526441e-01
5.710571057105711112e-01,3.015064325640960941e-01
8.906890689068907019e-01,6.787694424488931455e-01
7.848784878487848893e-01,7.749018139528154325e-01
1.373137313731373210e-01,3.746309604189622389e-02
9.302930293029303410e-01,4.450348739473624082e-01
1.600160016001600238e-01,3.012528474514182542e-02
4.313431343134313534e-01,3.631467006482278631e-02
2.696269626962696231e-01,-3.150404444929268827e-02
9.149914991499150663e-01,5.499810030885001755e-01
5.516551655165516932e-01,2.181271967977699566e-01
6.346634663466347304e-01,4.529568022468249411e-01
9.787978797879788306e-01,1.715122385249845949e-01
4.509450945094509722e-01,6.519902982870251495e-02
6.388638863886388908e-01,4.553885687604516952e-01
5.514551455145514369e-01,2.903051080853003563e-01
8.752875287528752990e-01,7.721112545508235225e-01
3.001300130013001555e-01,-4.385458122512018997e-02
3.923392339233923720e-01,-8.242417924654488540e-03
7.483748374837484452e-01,7.808632837370723667e-01
9.786978697869787025e-01,2.113835067718096428e-01
3.191319131913191165e-01,-4.093692875210649257e-02
7.265726572657266180e-01,6.425176909788725688e-01
8.485848584858486365e-01,6.604171009837200845e-01
6.938693869386939328e-01,4.788235444165062082e-01
3.608360836083608358e-01,-3.215313864890750883e-02
5.574557455745574597e-01,2.968976172507884481e-01
9.705970597059706551e-01,2.176652126506504747e-01
5.668566856685668398e-01,3.316731557841761102e-01
8.198819881988198555e-01,6.641086630744703623e-01
2.762276227622762481e-01,-3.962480112443823865e-02
7.271727172717271648e-01,6.632167373500310603e-01
7.314731473147314533e-01,8.670035013787382727e-01
2.713271327132713573e-01,-4.028481573975178920e-02
3.094309430943094630e-01,-4.785490022843659486e-02
4.656465646564656446e-01,9.327545603551287701e-02
3.896389638963896340e-01,-9.456646162749292317e-03
2.053205320532053291e-01,-3.543473584748822822e-03
9.517951795179517838e-01,3.310396160730051385e-01
6.550655065506551245e-02,5.139466643517566491e-02
3.740374037403740304e-01,-1.678072122856791998e-02
2.839283928392839496e-01,-3.879640237936256980e-02
1.548154815481548319e-01,2.655196538116633836e-02
8.077807780778077928e-01,7.625541598222806972e-01
1.960196019601960216e-01,2.053758956637127733e-03
3.499349934993499223e-01,-3.542335673501853521e-02
8.279827982798280139e-01,8.353361729461700191e-01
4.383438343834383799e-01,5.104086166150877124e-02
6.964696469646964871e-01,6.698279769998461974e-01
1.583158315831583174e-01,2.529161957016885787e-02
9.107910791079107948e-01,6.222575043739693168e-01
8.092809280928092708e-01,7.695020055097170353e-01
9.966996699669967708e-01,3.013620457862910967e-02
1.330133013301330186e-02,2.306848586257905301e-02
2.969296929692969433e-01,-4.827949806448513653e-02
8.125812581258126110e-01,8.057132018294076437e-01
8.818881888188818685e-01,6.657442321985101996e-01
5.806580658065806366e-01,3.354236349523611604e-01
8.375837583758376503e-01,8.287278539614849615e-01
4.347434743474347663e-01,4.426309829962748327e-02
3.367336733673367277e-01,-4.443283890670914754e-02
4.304430443044304777e-01,3.553393177430957256e-02
2.249224922492249201e-01,-1.558717675726514242e-02
8.590859085908590653e-02,5.386656454099743307e-02
3.808380838083808562e-01,-1.799693195614116351e-02
9.495949594959496309e-01,3.857812434026471893e-01
7.590759075907591025e-02,4.880811633053586812e-02
1.955195519551955197e-01,2.418468721228143187e-03
6.031603160316031387e-01,4.508368359135589976e-01
7.180718071807180580e-01,7.783762561848923678e-01
3.397339733973397391e-01,-3.910359153999305726e-02
6.850685068506850994e-01,5.693167424810219313e-01
9.437943794379438645e-01,4.685941416590639896e-01
8.685868586858686013e-01,7.198532887927312496e-01
3.303330333033303590e-01,-4.561700430136240991e-02
8.177817781778178308e-01,8.184346483512894288e-01
1.042104210421042204e-01,5.191893310838669590e-02
2.804280428042804640e-01,-3.982000467655510273e-02
4.068406840684068437e-01,7.337710114370833009e-03
2.687268726872687474e-01,-3.105165344278149400e-02
9.633963396339634278e-01,2.707618792209542380e-01
8.382838283828383252e-01,8.800178892486418825e-01
1.532153215321532258e-01,2.861669335225015820e-02
8.487848784878487818e-01,7.099931577314857467e-01
5.026502650265026739e-01,1.515613019273656936e-01
3.318331833183318369e-01,-3.584893687797091610e-02
8.766876687668767598e-01,6.863413008599773546e-01
6.572657265726572495e-01,4.821077696566033466e-01
4.033403340334033582e-01,3.603349498460632194e-03
5.010501050105010956e-02,5.077497179345900197e-02
2.210221022102210400e-02,2.378433581899348087e-02
5.863586358635863860e-01,3.156120851442131836e-01
6.710671067106710463e-02,5.690033232679538727e-02
1.067106710671067160e-01,5.898694066501872918e-02
7.801780178017801992e-01,8.099042532135156680e-01
2.214221422142214346e-01,-9.967593624774846728e-03
3.026302630263026372e-01,-3.727486264409544947e-02
1.306130613061306234e-01,4.339282255156860085e-02
5.448544854485448674e-01,2.522563429719981154e-01
9.012901290129012866e-01,5.520147666958383770e-01
2.578257825782578339e-01,-3.458326658676739995e-02
8.977897789778978010e-01,6.874025957581296753e-01
8.270827082708270828e-01,6.422674470246578782e-01
7.771777177717772433e-01,6.582793642999219541e-01
2.227222722272227395e-01,-1.637667985067871312e-02
6.968696869686968887e-01,5.352452746152682739e-01
1.141114111411141163e-01,4.629008757337349511e-02
7.450745074507451049e-01,6.754718851634216037e-01
1.727172717271727165e-01,1.611057606582544377e-02
8.674867486748675249e-01,7.744856526066472568e-01
8.368836883688368644e-01,6.602713673683412443e-01
6.109610961096110238e-01,4.900453286961414801e-01
9.873987398739874077e-01,1.195484649481795558e-01
6.130613061306131040e-02,5.645360192296652868e-02
1.247124712471247149e-01,4.367518918393573091e-02
4.505450545054505707e-01,5.876218785191940353e-02
2.100210021002100191e-01,-6.643566180128634285e-03
3.377337733773377315e-01,-4.312378396528113167e-02
4.950495049504950451e-01,1.650218773682136930e-01
5.765576557655766043e-01,3.773580883498575123e-01
9.483948394839484264e-01,4.339334190750743780e-01
4.349434943494349670e-01,4.871967708660020213e-02
4.245424542454245831e-01,2.655624489908746388e-02
4.546454645464546584e-01,6.486001806163919914e-02
3.664366436643664571e-01,-3.255890187016965975e-02
2.184218421842184232e-01,-1.208847451609248308e-02
4.271427142714271374e-01,3.262966458788923996e-02
3.753375337533753631e-01,-2.289920743048503779e-02
6.334633463346335258e-01,4.294587304268551731e-01
1.745174517451745233e-01,1.142529908754803467e-02
7.752775277527752529e-01,6.122278216529780659e-01
5.882588258825882654e-01,3.493647600191743807e-01
3.230323032303230590e-01,-3.483811852540755899e-02
2.769276927692769230e-01,-3.907899563296652473e-02
7.422742274227422943e-01,9.239119761280850662e-01
9.510951095109511366e-02,6.300566167251756000e-02
9.222922292229223107e-01,4.842724673527346035e-01
9.567956795679568582e-01,4.137541257174257026e-01
2.461246124612461450e-01,-2.248248790969735803e-02
9.393939393939394478e-01,4.423796236115235536e-01
2.657265726572657361e-01,-3.058306816794246347e-02
5.309530953095309425e-01,2.161073183936855768e-01
3.669366936693669312e-01,-2.620299297604310185e-02
6.030603060306031216e-01,2.937971912591251789e-01
3.571357135713571496e-01,-3.132347167036744068e-02
2.113211321132113241e-01,-7.068228907600335349e-03
7.155715571557156318e-01,7.103414930922140602e-01
6.766676667666766676e-01,6.240589827583136184e-01
8.585858585858585634e-01,8.734717423044213724e-01
2.830283028302830323e-02,3.521461102102994845e-02
8.645864586458645862e-01,7.209938913668301197e-01
9.448944894489449409e-01,3.422452336270526141e-01
7.750775077507751076e-01,8.118469035445901039e-01
5.250525052505250478e-02,5.716620959000644903e-02
6.426642664266426497e-01,4.551577109214404171e-01
1.831183118311831282e-01,1.058515339266770210e-02
7.795779577957796525e-01,8.122123978938412536e-01
2.081208120812081397e-01,-4.950925894138510745e-03
1.922192219221922349e-01,4.476856511684749670e-03
7.767776777677768418e-01,7.316326730249710364e-01
7.851785178517851627e-01,7.720891779943601652e-01
2.318231823182318185e-01,-2.048175165236166065e-02
1.497149714971497125e-01,2.750733129621883016e-02
9.070907090709071086e-02,5.384839022273160691e-02
5.484548454845484811e-01,2.592175596075059207e-01
5.903590359035904012e-01,3.905063140387829979e-01
3.897389738973897622e-01,-9.764779680526153999e-03
5.877587758775877358e-01,3.950403470588775279e-01
9.800980098009801078e-02,4.661868525071775904e-02
2.192219221922192263e-01,-1.252670724090296402e-02
8.557855785578558638e-01,7.541088936936204412e-01
2.413241324132413268e-01,-2.304051169652101064e-02
4.696469646964696598e-01,7.419664929960560762e-02
6.900690069006900629e-01,6.190499640441811113e-01
6.421642164216422310e-01,5.790875364125016578e-01
5.633563356335633543e-01,2.815027176192407832e-01
6.166616661666166621e-01,4.853075866445781816e-01
1.883188318831883201e-01,8.293059314195345283e-03
4.135413541354135414e-01,1.569387098082402482e-02
8.771877187718771784e-01,7.337325900756830332e-01
8.522852285228522673e-01,8.067103823559750309e-01
2.525252525252525415e-01,-3.673483980822401379e-02
3.645364536453645221e-01,-2.587475980072276999e-02
8.482848284828483632e-01,6.941242728533292272e-01
6.857685768576857743e-01,6.989939249876822025e-01
2.840284028402840361e-02,3.497022881353570312e-02
9.977997799779978472e-01,2.077394887345417399e-02
8.560856085608561372e-01,7.409227145307734075e-01
3.498349834983498496e-01,-3.293972430051121669e-02
1.885188518851885209e-01,7.207951167925067716e-03
3.590359035903590290e-01,-3.453717508851579521e-02
8.034803480348035043e-01,9.474369392047582439e-01
8.684868486848684732e-01,7.226549611203442192e-01
2.802280228022802633e-01,-4.247099654256519807e-02
4.319431943194319556e-01,3.553578487166010602e-02
5.076507650765076374e-01,1.558481728372847763e-01
1.691169116911691306e-01,1.814437193817882918e-02
8.548854885488549327e-01,5.505130608202746245e-01
2.048204820482048272e-01,-4.115631900646169426e-03
6.054605460546055307e-01,3.904178456966150845e-01
7.843784378437843596e-01,8.841133356290807876e-01
4.414441444144414639e-01,4.409573799467307598e-02
7.961796179617962599e-01,8.288517698041114601e-01
8.084808480848084677e-01,8.312145968415947106e-01
1.679167916791679260e-01,2.320388074479700496e-02
4.060406040604060407e-01,5.315560978274236348e-03
1.450145014501450121e-02,1.762628342817570276e-02
1.122112211221122091e-01,4.937415694124758919e-02
2.319231923192319189e-01,-1.677800786026064500e-02
9.219921992199220373e-01,5.988511573598072069e-01
5.206520652065206312e-01,1.775177791797013516e-01
1.314131413141314264e-01,3.618208488639936687e-02
5.672567256725672413e-01,3.264453916272075928e-01
2.120212021202120406e-02,2.561870856482275152e-02
8.960896089608960668e-01,4.732282695690488428e-01
7.236723672367236793e-01,7.277376274251706745e-01
4.652465246524652431e-01,8.264704506237356696e-02
8.504850485048505160e-01,7.187709888175464190e-01
4.699469946994699887e-01,9.031035044055393812e-02
4.000400040004000596e-02,4.131299899845840284e-02
8.276827682768277406e-01,6.742409239420086298e-01
8.429842984298430153e-01,8.389097910795257906e-01
9.073907390739074375e-01,6.603485559497588309e-01
4.491449144914491654e-01,6.141408092339308011e-02
9.059905990599059766e-01,6.717931028311864283e-01
1.605160516051605257e-01,2.802400805991105484e-02
1.380138013801380237e-01,3.284833522888895574e-02
1.250125012501250230e-02,1.922187683352199680e-02
2.963296329632963411e-01,-4.189670637183275093e-02
9.600960096009601707e-03,1.331388907160185008e-02
2.573257325732573597e-01,-3.297702549679325246e-02
9.980998099809981206e-01,2.057651398928453043e-02
3.332333233323332422e-01,-3.846322563591415139e-02
3.051305130513051189e-01,-3.577923259998568029e-02
3.152315231523152295e-01,-4.397992478931635196e-02
4.335433543354335617e-01,3.909339959172192236e-02
3.880388038803880280e-01,-8.860360862896293765e-03
1.207120712071207136e-01,4.986196287351124523e-02
1.743174317431743225e-01,1.589753441741877452e-02
7.164716471647164520e-01,5.992074590756955033e-01
7.730773077307731556e-02,5.269694388721392342e-02
9.165916591659166723e-01,6.127432824428628022e-01
4.244424442444244550e-01,2.893319773928578961e-02
9.179917991799180221e-01,5.456457776515659663e-01
3.463346334633463641e-01,-3.291657862346181185e-02
8.670867086708671234e-01,6.870395489294939262e-01
4.560456045604560638e-02,4.480383910492612837e-02
8.751875187518751709e-01,7.604091944808712977e-01
8.141814181418142171e-01,8.514766828685184086e-01
4.870487048704870703e-01,1.243065986975188525e-01
9.947994799479947803e-01,4.831154171758600402e-02
6.344634463446344741e-01,4.841935479741888981e-01
3.630363036303630581e-02,4.692036608656934005e-02
1.476147614761476323e-01,3.574521017237407283e-02
6.061606160616062056e-01,4.633541155934350342e-01
3.403340334033403414e-01,-3.737607753653320736e-02
5.943594359435944163e-01,3.093360610395339272e-01
4.050405040504050369e-01,5.596194430170516043e-03
7.916791679167917151e-01,8.221698239367453143e-01
5.768576857685768777e-01,3.387383749055772886e-01
2.557255725572557536e-01,-3.425708323633627067e-02
5.640564056405640292e-01,2.777037350733498888e-01
7.893789378937894341e-01,7.320561889158662128e-01
8.161816181618162247e-01,7.640117207396301957e-01
5.384538453845384431e-01,2.262408801169946415e-01
8.757875787578758287e-01,7.616524691682375892e-01
2.027202720272027192e-01,-1.839757704188941557e-03
4.562456245624562645e-01,7.685938438337371059e-02
5.912591259125913323e-01,3.248471102234352648e-01
3.240324032403240628e-01,-4.503688566509687907e-02
2.281228122812281323e-01,-1.571264467003857801e-02
6.331633163316331414e-01,5.173601550081582401e-01
9.119911991199119994e-01,6.268299537919184150e-01
5.756575657565756732e-01,3.008477993804752892e-01
5.147514751475147365e-01,1.527900656294630122e-01
1.487148714871487087e-01,2.853688290221698814e-02
4.423442344234423396e-01,5.779602725107647887e-02
9.948994899489949084e-01,5.441111688367313015e-02
5.323532353235324033e-01,2.290894997551793377e-01
4.463446344634463547e-01,6.328811235810044566e-02
1.835183518351835297e-01,1.207151366995835515e-02
5.379537953795380245e-01,1.722558714273935976e-01
4.831483148314831833e-01,1.190845200869118381e-01
6.781678167816781455e-01,5.702134740406403779e-01
4.072407240724072452e-01,7.311200527304797386e-03
1.276127612761276120e-01,4.380736601501817457e-02
2.300230023002300481e-03,3.831135463440249120e-03
4.926492649264926915e-01,1.363278853198495455e-01
5.784578457845784838e-01,3.162245599864282330e-01
2.299229922992299391e-01,-1.869455827344472867e-02
1.718171817181718131e-01,2.071909320418818465e-02
9.507950795079508355e-01,3.767568041024902392e-01
9.824982498249825724e-01,1.625167061021394466e-01
2.121212121212121271e-01,-8.094264909126050803e-03
9.331933193319331687e-01,4.844970649655345740e-01
5.306530653065306691e-01,1.737054229549467033e-01
2.274227422742274296e-01,-1.587301758452290198e-02
2.060206020602060178e-02,2.505641481203170484e-02
6.142614261426142530e-01,4.105766191117249941e-01
1.470147014701470300e-01,3.496839198662027998e-02
6.671667166716671593e-01,4.682626344908810134e-01
3.190319031903190300e-02,4.052196877507806966e-02
5.338533853385338812e-01,2.122708831567544641e-01
7.184718471847184595e-01,6.107977403646449588e-01
2.304230423042304410e-01,-1.711578453181161752e-02
6.139613961396139796e-01,4.521895912308167009e-01
2.546254625462546217e-01,-3.691107519287795125e-02
6.381638163816382159e-01,5.530762805940172555e-01
1.503150315031503148e-01,3.451193820629341880e-02
8.959895989598960497e-01,6.966410649877670114e-01
1.436143614361436172e-01,3.512824753322960070e-02
2.284228422842284334e-01,-1.880014470327429771e-02
5.470547054705470202e-01,2.885181631473837105e-01
6.516651665166517393e-01,4.690053296136195704e-01
4.843484348434843878e-01,1.125556617111213992e-01
2.138213821382138335e-01,-8.643201855913855078e-03
7.816781678167816771e-01,8.204610361679212094e-01
5.694569456945695052e-01,3.601523083917452239e-01
4.597459745974597500e-01,7.338238581430413243e-02
2.857285728572857564e-01,-3.611464475553661374e-02
2.919291929192919244e-01,-4.107125862904242863e-02
7.477747774777477874e-01,7.032210746681623048e-01
8.888888888888889506e-01,5.028067016542416834e-01
2.644264426442644589e-01,-3.050490180688866099e-02
1.701170117011701344e-01,1.886819589067661312e-02
3.912391239123912401e-01,-6.938601142865924790e-03
7.376737673767377323e-01,5.835678835789305241e-01
2.010201020102010336e-02,3.003510030365673378e-02
4.972497249724972535e-01,1.412827335224483838e-01
1.237123712371237111e-01,4.143777958320978699e-02
7.632763276327633184e-01,7.946350081594608650e-01
8.260826082608261345e-01,7.545969602726688708e-01
7.369736973697369464e-01,8.240432792944609730e-01
5.001500150015001367e-01,1.431807625000427742e-01
1.640164016401640321e-02,2.078069881838921773e-02
2.970297029702970160e-01,-4.747226038042749729e-02
1.787178717871787115e-01,1.569806871713241153e-02
7.933793379337934493e-01,6.713749769081247543e-01
4.900490049004900817e-01,1.334835632041409259e-01
1.310131013101310249e-01,3.068206630525566886e-02
8.499849984998499863e-01,7.649823859632207679e-01
2.473247324732473218e-01,-2.742714415109919271e-02
1.933193319331933391e-01,4.115330371288627824e-03
7.901790179017902371e-01,6.901673340471058404e-01
3.077307730773077288e-01,-5.017875609021107963e-02
4.794479447944794415e-01,9.676409620626383323e-02
9.121912191219122557e-01,5.600363516554258680e-01
8.106810681068107316e-01,9.380462588183013928e-01
6.863686368636864321e-01,6.736788074136668136e-01
6.189618961896189431e-01,4.800542693271797612e-01
4.454445444544454791e-01,6.088409901735376828e-02
4.399439943994399860e-01,4.209682615924453808e-02
4.722472247224722697e-01,9.442072008358755320e-02
9.664966496649665118e-01,2.949411283205294887e-01
7.138713871387138976e-01,5.677719025378660245e-01
5.616561656165616201e-01,3.236115288812898561e-01
6.060606060606060774e-02,5.296911019098116818e-02
5.567556755675567848e-01,2.814925066544033405e-01
7.026702670267026551e-01,5.902162800693646627e-01
7.868786878687868969e-01,7.609140555238208536e-01
7.566756675667567489e-01,7.641868942390752650e-01
7.305730573057306332e-01,7.498560572775520017e-01
6.162616261626162606e-01,4.641968790067235728e-01
1.424142414241424126e-01,2.445758044626307123e-02
4.719471947194719408e-01,8.397135155348192659e-02
2.272227222722272288e-01,-1.743222210476465944e-02
2.046204620462046264e-01,-2.166655727386569349e-03
4.450445044504450776e-01,6.077084127005014103e-02
3.802380238023802539e-01,-1.596173296137290420e-02
7.588758875887589017e-01,6.836067086581618657e-01
3.927392739273927735e-01,-6.817528838557220840e-03
9.279927992799280601e-01,5.561540805211463434e-01
7.343734373437343921e-01,5.864681363704226102e-01
8.228822882288229223e-01,6.599207869235161894e-01
9.060906090609061048e-01,6.922171981556142217e-01
2.142214221422142351e-01,-9.219552068771553338e-03
8.193819381938194368e-01,7.281750576218682935e-01
3.633363336333633731e-01,-2.396199074492399300e-02
8.318831883188319010e-01,7.118326426175940469e-01
9.096909690969097184e-01,6.070671794119010256e-01
4.099409940994099277e-01,1.065802649553978729e-02
5.345534553455345561e-01,2.312810265840100910e-01
8.081808180818081944e-01,7.856791196602401772e-01
4.173417341734173558e-01,1.627960818280991748e-02
1.183118311831183184e-01,5.212889056976455215e-02
8.192819281928193087e-01,9.041472662382600278e-01
2.563256325632563559e-01,-3.205952975241432856e-02
3.320332033203320099e-02,3.835564118609993689e-02
2.082208220822082401e-01,-5.187080270462361004e-03
3.704370437043704722e-01,-2.406351169861889461e-02
3.433343334333433527e-01,-4.153529300380018330e-02
1.265126512651265078e-01,4.468918302098566497e-02
5.920592059205920937e-02,6.156336449950987333e-02
8.811881188118811936e-01,7.612449074187944698e-01
6.049604960496050010e-01,3.805326916498530387e-01
9.281928192819282053e-01,4.753980939043923604e-01
5.145514551455145913e-01,1.916797298990931264e-01
6.695669566956695684e-01,5.423508098328312377e-01
7.592759275927593032e-01,7.231441449149250689e-01
9.293929392939294098e-01,4.636906839189873786e-01
8.963896389638964513e-01,6.447162070518641652e-01
7.239723972397239526e-01,6.360164076707207625e-01
6.674667466746675437e-01,5.511725525719644025e-01
1.161116111611161100e-01,5.143886793337267699e-02
4.884488448844884756e-01,1.301731902720114631e-01
1.552155215521552334e-01,3.335193443874220898e-02
6.675667566756675608e-01,5.971870341332052856e-01
3.457345734573457618e-01,-3.250299700705747141e-02
1.128112811281128114e-01,6.089170359599282295e-02
8.314831483148314994e-01,6.794847962301652222e-01
5.118511851185119088e-01,1.973830268711311842e-01
8.194819481948194539e-01,6.741533325197590631e-01
1.809180918091809198e-01,1.230380780654695416e-02
4.133413341334133406e-01,1.294979206988484260e-02
5.375537553755376230e-01,2.930425650469556942e-01
7.199719971997200485e-01,7.472937040820483157e-01
1.471147114711471304e-01,3.573492387308995627e-02
8.762876287628763583e-01,8.908168662779032410e-01
6.866686668666867055e-01,5.722010513792343822e-01
6.976697669766976917e-01,5.695800900838242642e-01
5.735573557355735375e-01,3.027382663496592241e-01
5.020502050205020994e-02,4.564852037482857589e-02
3.438343834383438269e-01,-3.575485060510967539e-02
9.496949694969497591e-01,4.831714390734708209e-01
3.081308130813081303e-01,-5.068258829016080574e-02
6.787678767876788033e-01,5.856750977444828976e-01
1.732173217321732184e-01,1.651750583375835232e-02
8.735873587358735648e-01,6.897829744913209771e-01
2.356235623562356329e-01,-1.868946434240291790e-02
3.816381638163816592e-01,-1.383071416718528387e-02
1.874187418741874167e-01,7.831038601918473632e-03
7.820782078207820787e-01,6.191340375881709823e-01
1.581158115811581166e-01,2.744296259786016198e-02
3.990399039903990697e-01,-1.051370495438778150e-03
7.925792579257926462e-01,7.815790512410512036e-01
9.351935193519351763e-01,3.991486552007780242e-01
9.620962096209621783e-02,5.485199917990410401e-02
7.341734173417342468e-01,6.786366256828826327e-01
8.665866586658665938e-01,8.418499768984505360e-01
1.671167116711671230e-01,2.203920088739821925e-02
7.390739073907391654e-02,5.350563295635862859e-02
8.259825982598260063e-01,6.920907584882606267e-01
7.520752075207520759e-02,5.067673511643042139e-02
4.101410141014101285e-01,9.952829088314629757e-03
9.423942394239424036e-01,3.805364052863407509e-01
4.151415141514151474e-01,1.489587690972158686e-02
5.173517351735174019e-01,1.863190627220899231e-01
6.773677367736773425e-01,5.736524303104720834e-01
9.087908790879087872e-01,5.858244254768310011e-01
8.662866286628663204e-01,7.433882717028070797e-01
1.013101310131013094e-01,5.424360548793381170e-02
3.820382038203820607e-01,-1.516152664634238915e-02
1.295129512951295192e-01,4.467111118570932932e-02
8.874887488748874897e-01,5.616069980701869913e-01
9.376937693769377136e-01,4.292970055739813717e-01
7.650765076507650697e-01,7.539449292806794656e-01
9.624962496249624966e-01,2.646806363977755594e-01
4.260426042604260610e-01,3.229061767269786332e-02
2.151215121512151385e-01,-1.013519682443145623e-02
8.095809580958096552e-01,8.252014649254648671e-01
9.055905590559055751e-01,7.116018844364967455e-01
9.044904490449044987e-01,6.012698988131435218e-01
4.647464746474647690e-01,7.786916368230947794e-02
3.701370137013701433e-01,-2.589228922059955487e-02
9.953995399539954381e-01,4.493032239283392681e-02
6.485648564856485443e-01,5.184609817993157677e-01
3.197319731973197188e-01,-3.850408244508848887e-02
2.409240924092409253e-01,-2.854832447553346322e-02
8.337833783378337804e-01,6.617651789584491073e-01
7.284728472847284975e-01,6.798503035594682942e-01
3.000300030003000534e-04,4.820607845905870823e-04
6.865686568656865774e-01,5.465903611559028707e-01
8.613861386138613740e-01,6.609611269453610216e-01
1.716171617161716123e-01,2.096936240026230427e-02
2.862286228622862305e-01,-4.010529319987549829e-02
1.800180018001800233e-02,2.482147209717433523e-02
2.888288828882888404e-01,-4.500728605680488076e-02
2.000200020002000211e-03,3.548857101448109341e-03
7.927792779277927915e-01,8.365970985155958273e-01
3.281328132813281506e-01,-3.894762248426145157e-02
3.945394539453945248e-01,-6.188690104303817482e-03
3.575357535753575511e-01,-2.992987267654339048e-02
6.833683368336833652e-01,6.615579481792486227e-01
4.254425442544254587e-01,2.998445109231048095e-02
5.320532053205320189e-01,2.163049879895217742e-01
5.062506250625062876e-01,1.672331764033241908e-01
3.673367336733673327e-01,-2.416375515229527565e-02
7.966796679667966785e-01,8.773491199013715436e-01
3.562356235623562739e-01,-3.085885524453844952e-02
1.338133813381338078e-01,4.234696579034995245e-02
9.195919591959196282e-01,4.847319502244734624e-01
4.404440444044404601e-01,5.890283924069137506e-02
6.947694769476947529e-01,6.995703930925251113e-01
8.636863686368637660e-01,6.705395415201225173e-01
7.930793079307930926e-02,6.013285703347895361e-02
3.133313331333133500e-01,-4.727081505261698097e-02
9.150915091509151389e-02,5.260746689720632169e-02
3.711371137113711471e-01,-2.428939478677915112e-02
2.942294229422942609e-01,-4.585530661743240921e-02
9.506950695069507073e-01,4.205793095581693564e-01
1.797179717971797153e-01,1.343972417759410620e-02
4.117411741174117346e-01,1.323389869712090876e-02
2.854285428542854275e-01,-3.537775000850710422e-02
8.110811081108111331e-01,7.831844127941052225e-01
7.714771477147714940e-01,8.733372506724610407e-01
9.761976197619762763e-01,2.114729386332585004e-01
1.401140114011401316e-01,3.969562083245524453e-02
4.269426942694269367e-01,2.898467019176665174e-02
1.659165916591659184e-01,2.155905648466465915e-02
5.099509950995099183e-01,1.771183878857360006e-01
6.929692969296930016e-01,5.615754934787019481e-01
7.490749074907491201e-01,7.839737153661756608e-01
5.911591159115912042e-01,3.770351447918823817e-01
7.759775977597760388e-01,7.070715728699048519e-01
1.845184518451845335e-01,1.076162953940307601e-02
2.953295329532953373e-01,-3.660357233187638837e-02
3.533353335333533352e-01,-2.659431015727225026e-02
2.015201520152015147e-01,-8.038539576713016246e-04
1.546154615461546311e-01,3.099067284353974883e-02
8.143814381438143624e-01,5.591004238316467090e-01
3.257325732573257415e-01,-4.035727424251969730e-02
1.622162216221622322e-01,2.389043410705778483e-02
5.690569056905691037e-01,2.890882015072614997e-01
9.563956395639564567e-01,3.429553830910506140e-01
4.320432043204320421e-02,5.485259136644611566e-02
6.991699169916991696e-01,5.137314419043346181e-01
3.111311131113111417e-01,-3.610482245494453513e-02
4.216421642164216443e-01,2.376278008137071990e-02
6.177617761776177385e-01,4.078880432263304323e-01
7.753775377537753810e-01,7.788497378937613291e-01
9.793979397939793774e-01,2.036570325033979501e-01
5.730573057305731188e-01,3.153252515484576968e-01
5.362536253625362903e-01,2.505425680262954313e-01
3.822382238223822615e-01,-1.693729934469607665e-02
2.633263326332633270e-01,-3.493085571725913774e-02
3.712371237123712753e-01,-1.972483602233203112e-02
4.104410441044104574e-01,1.083896688015353535e-02
8.088808880888088693e-01,7.564552337997916265e-01
2.791279127912791314e-01,-4.245233737316700395e-02
7.263726372637263617e-01,7.518475598164443552e-01
3.554355435543554709e-01,-3.004420427524797862e-02
2.509250925092509354e-01,-2.476211807911111659e-02
4.428442844284428692e-01,5.825021522356566700e-02
9.282928292829283334e-01,6.077751155734065769e-01
7.148714871487148459e-01,6.604093708460402334e-01
3.365336533653365270e-01,-3.613985340467974067e-02
8.944894489448945718e-01,6.531747888550308856e-01
3.610361036103610366e-01,-3.159459566329785724e-02
7.757775777577757825e-01,7.360004532095266727e-01
3.017301730173017615e-01,-4.892252612616967977e-02
6.655665566556655532e-01,6.131457130276529721e-01
3.611361136113611647e-01,-2.736142169074570404e-02
6.796679667966797345e-01,5.544270506056678816e-01
4.348434843484348389e-01,3.455990378749198427e-02
1.021102110211021124e-01,5.844614139271181452e-02
1.020102010201020051e-02,1.312907090923369664e-02
7.722772277227722970e-01,7.342572131188076501e-01
8.179817981798179760e-01,6.033792037999661240e-01
9.526952695269527149e-01,3.459193289306980446e-01
2.565256525652565567e-01,-2.938456076546511891e-02
2.522252225222522126e-01,-2.800734255842612930e-02
7.163716371637164348e-01,6.104378033024218109e-01
3.663366336633663289e-01,-2.873621792831824659e-02
8.457845784578458259e-01,8.021940164433243314e-01
4.227422742274227763e-01,2.454320370595680645e-02
9.767976797679768231e-01,1.820445345379942681e-01
4.662466246624662469e-01,6.723766977494424757e-02
5.422542254225423131e-01,2.440212426402710022e-01
4.564456445644564653e-01,7.307175723803610579e-02
6.832683268326832371e-01,5.399092774448942533e-01
5.580558055805581036e-02,5.561727407277484991e-02
9.800980098009801633e-01,1.524245352650253627e-01
4.702470247024702621e-01,9.088334698686971469e-02
3.778377837783778448e-01,-1.585142165300348210e-02
6.251625162516252221e-01,4.974322782165840895e-01
1.389138913891389271e-01,3.965559641906474253e-02
4.730473047304730727e-01,9.551275829314195831e-02
7.648764876487649245e-01,7.268209051989569236e-01
6.315631563156315353e-01,4.581123860327875885e-01
1.279127912791279131e-01,4.369850277190185511e-02
4.390439043904390548e-01,3.861941330645592141e-02
7.584758475847585002e-01,7.920007200117209489e-01
2.145214521452145362e-01,-9.822307490559404469e-03
3.537353735373537367e-01,-3.404482736291492007e-02
4.190419041904190345e-01,2.095455770723453348e-02
4.340434043404340358e-01,4.322081864127833017e-02
2.188218821882188247e-01,-1.135813063253061569e-02
4.140414041404140433e-02,4.688540621322305479e-02
6.904690469046904644e-01,7.324059679156298408e-01
9.768976897689769512e-01,1.963284854964419957e-01
8.792879287928793142e-01,7.734969919867485943e-01
5.797579757975798165e-01,3.463907305273641879e-01
1.025102510251025140e-01,5.309133188544409854e-02
6.145614561456145264e-01,3.964735882566012282e-01
2.003200320032003379e-01,-1.903361780295749299e-04
9.713971397139714581e-01,2.411212615383596103e-01
9.789978997899789759e-01,2.032974681605432821e-01
3.427342734273427505e-01,-2.806917821412825004e-02
7.413741374137413631e-01,7.470108253145607557e-01
1.177117711771177161e-01,4.595180700177759620e-02
4.475447544754475593e-01,5.155594661325455658e-02
2.596259625962596407e-01,-3.167790468361748185e-02
1.084108410841084086e-01,4.985684899889964578e-02
9.498949894989499043e-01,4.348601465312811332e-01
9.540954095409541480e-02,6.048987282683376127e-02
3.121312131213121455e-01,-4.512068146109543543e-02
5.244524452445245011e-01,1.878671088257192756e-01
7.860786078607860938e-01,6.027685201424021200e-01
6.757675767576757364e-01,5.024213385213043281e-01
9.164916491649165442e-01,5.595915794470908144e-01
4.747474747474747514e-01,1.080643764010690844e-01
2.933293329332933297e-01,-3.950914538994923508e-02
6.171617161716171918e-01,4.340405581705572002e-01
6.368636863686368832e-01,4.827889021137555803e-01
8.803880388038803906e-01,6.410853550597817030e-01
7.090709070907090794e-01,5.961260325198418641e-01
9.974997499749975738e-01,2.415509213169746844e-02
1.468146814681468293e-01,3.239580770831042289e-02
7.894789478947894512e-01,6.770841052739735577e-01
3.039303930393039144e-01,-4.688230011240819561e-02
5.299529952995299942e-01,2.137594506849009590e-01
6.071607160716071538e-01,3.529156110284628056e-01
5.168516851685168723e-01,1.989973123149907375e-01
5.850585058505850672e-02,5.283031026951250791e-02
1.570157015701570055e-02,2.309304226302310442e-02
1.980198019801980291e-01,1.291490203204292107e-03
2.529252925292529430e-01,-3.050216366177492880e-02
8.151815181518151654e-01,8.258796458213555347e-01
2.832283228322832191e-01,-4.033952609107779169e-02
3.259325932593259423e-01,-4.373453461369348344e-02
8.701870187018702074e-01,7.862917537039993965e-01
4.164416441644164801e-01,1.817740672814727176e-02
4.444444444444444753e-01,5.721433945956105882e-02
2.608260826082608452e-01,-4.069806246195928345e-02
6.450645064506450588e-01,4.576745345232202111e-01
5.274527452745274569e-01,1.749934277210885014e-01
5.348534853485348295e-01,2.480925307423633708e-01
3.988398839883988689e-01,-1.022240746304063901e-03
8.521852185218522502e-01,6.472498834030830928e-01
3.849384938493849440e-01,-1.448119020591628545e-02
2.140214021402140135e-02,2.637917925642231654e-02
8.927892789278928376e-01,6.792242158067651747e-01
9.921992199219922259e-01,8.044167350008277206e-02
1.178117811781178165e-01,5.203641461008406965e-02
7.087708770877088060e-01,6.929813275763053726e-01
1.820182018201820309e-02,2.796613779957310766e-02
4.963496349634963778e-01,1.482577933416225069e-01
8.823882388238823982e-01,6.408284343823834606e-01
6.332633263326332695e-01,5.124694176932872436e-01
1.653165316531653162e-01,2.138023663570940910e-02
9.662966296629663665e-01,2.917887779997865305e-01
5.719571957195719314e-01,3.492362267318687707e-01
9.294929492949295380e-01,5.509631823958902608e-01
9.835983598359836488e-01,1.538684462165392786e-01
1.474147414741474316e-01,3.411074670199306519e-02
8.524852485248525236e-01,8.020385682293131868e-01
6.820682068206820881e-02,5.564728308921637612e-02
1.146114611461146182e-01,4.407282274792374832e-02
9.429942994299430614e-01,4.077481172851618596e-01
3.274327432743274202e-01,-4.338136497708751371e-02
6.248624862486248377e-01,4.223689525562408509e-01
1.784178417841784103e-01,1.214098462021093693e-02
2.948294829482948631e-01,-4.090958465592185039e-02
5.869586958695869328e-01,3.086603841355841649e-01
4.156415641564156771e-01,1.729907187994387391e-02
6.922692269226923267e-01,4.913060102376046179e-01
4.034403440344034308e-01,3.074684125999480218e-03
2.616261626162616483e-01,-2.899847730179160379e-02
9.445944594459446675e-01,4.778229133494684699e-01
9.892989298929892872e-01,9.672031115635625065e-02
8.844884488448845339e-01,8.147733609960374768e-01
2.601260126012601148e-01,-3.415353087420974071e-02
5.498549854985498309e-01,2.554232270704350771e-01
3.411341134113411444e-01,-4.147231355556069143e-02
9.636963696369637011e-01,3.285843748951137178e-01
1.081108110811081074e-01,4.715641458049743551e-02
6.586658665866587103e-01,5.403599803880649866e-01
8.251825182518252033e-01,6.776483982362195846e-01
9.870987098709871344e-01,9.971922682698464158e-02
2.990299029902990235e-02,3.657722996514213565e-02
2.532253225322532164e-01,-2.999207269472874138e-02
3.730373037303730266e-02,4.459984964309567090e-02
9.315931593159316737e-01,4.100207010340096159e-01
6.165616561656165340e-01,3.857560059857565449e-01
5.220522052205220920e-01,1.887039830670602936e-01
1.700170017001700201e-02,2.469823443212782257e-02
3.005300530053005570e-01,-4.513505774770592421e-02
7.539753975397539554e-01,7.016991532132623721e-01
1.005100510051005203e-01,5.407094102947505171e-02
4.166416641664166809e-01,1.761611165905788493e-02
2.270227022702270281e-02,2.807300235985136019e-02
3.447344734473447581e-01,-4.085020314440964556e-02
1.514151415141514190e-01,2.772506492908106274e-02
4.611461146114611553e-01,7.606131998056828158e-02
6.794679467946794782e-01,5.847315625108409076e-01
6.908690869086908659e-01,6.026053431347817568e-01
9.183918391839184237e-01,5.886291949942324964e-01
4.763476347634763575e-01,9.814207256884170671e-02
7.095709570957096091e-01,6.587835897654128470e-01
8.903890389038904285e-01,4.978543687377876004e-01
4.185418541854185603e-01,1.684470683218201523e-02
9.469946994699470766e-01,4.940273350820592602e-01
1.704170417041704355e-01,1.676671868849417824e-02
5.128512851285128571e-01,1.521203792286256462e-01
1.149114911491149194e-01,5.804885165024084581e-02
5.073507350735073640e-01,1.671671792856812555e-01
5.923592359235924087e-01,4.409039397873153465e-01
4.442444244424442745e-01,4.655544272104517739e-02
7.658765876587658727e-01,8.894349036948856480e-01
8.904890489048905566e-01,7.294906744510315511e-01
6.789678967896789485e-01,5.973848909109744643e-01
2.378237823782378413e-01,-2.320271304245797445e-02
4.918491849184918885e-01,1.202367198872473231e-01
6.844684468446844416e-01,5.866240513560914138e-01
3.450345034503450314e-01,-3.128976951298699516e-02
7.674767476747674788e-01,7.834033017066356352e-01
8.333833383338333789e-01,7.100627779309243159e-01
7.560756075607560911e-01,7.055611623538806665e-01
8.007800780078008218e-01,8.696730910439245399e-01
2.673267326732673421e-01,-3.029152416277421794e-02
6.393639363936394204e-01,4.139188586117940050e-01
6.270627062706271015e-01,4.531256239359171545e-01
8.520852085208521776e-02,4.862042526846502288e-02
8.162816281628163528e-01,7.559766999768597895e-01
7.002700270027002460e-01,6.281977836281961158e-01
3.224322432243224568e-01,-4.833685484520399561e-02
7.786778677867787213e-01,7.697148166304781380e-01
3.034303430343034402e-01,-3.876939535690473310e-02
2.947294729472947350e-01,-4.697394991955850668e-02
6.633663366336634004e-01,5.555821855487218519e-01
8.828882888288829278e-01,6.871762924069423351e-01
2.848284828482848252e-01,-4.524965319524635460e-02
8.829882988298830560e-01,6.552619798558433351e-01
4.679467946794679811e-01,8.962161727914441656e-02
6.425642564256426326e-01,5.958141051387688680e-01
8.267826782678268094e-01,7.665920879443367530e-01
8.401840184018402047e-01,7.058720888205327615e-01
9.596959695969596860e-01,3.755827215760632609e-01
7.708770877087709472e-01,7.202597500698247890e-01
8.950895089508951186e-01,6.364933867003746970e-01
6.594659465946595134e-01,6.677683578264858033e-01
4.810481048104810892e-02,4.154788154090208879e-02
4.576457645764576698e-01,7.016905369089171396e-02
4.842484248424842597e-01,1.276536661412887574e-01
4.416441644164416647e-01,5.038069500376807230e-02
3.250325032503250666e-01,-4.317957852809781172e-02
6.654665466546655361e-01,6.159510297709610560e-01
2.394239423942394196e-01,-2.308692638938811964e-02
3.660366036603660556e-01,-2.992211372109716133e-02
4.051405140514051650e-01,4.886615288879187467e-03
2.219221922192219365e-01,-1.409470386809820106e-02
7.093709370937093528e-01,5.695979543136207024e-01
9.711971197119712018e-01,2.291028591926979607e-01
9.797979797979797789e-01,1.838201340496609104e-01
6.569656965696569761e-01,5.249683041158268448e-01
2.606260626062606445e-01,-3.511060822453872937e-02
8.669866986698669953e-01,6.680409330003534984e-01
1.590159015901590200e-01,2.323528973242208057e-02
3.960396039603960444e-02,4.913615603205262472e-02
9.395939593959395930e-01,3.707640153469272670e-01
2.723272327232723611e-01,-3.500062495380712457e-02
5.820582058205820558e-02,4.759560055359726705e-02
2.062206220622062325e-01,-4.023820842661160468e-03
2.100210021002100157e-03,3.191518142672034736e-03
2.073207320732073367e-01,-4.582549172850954033e-03
4.678467846784678530e-01,7.926881049269046686e-02
1.040104010401040197e-01,5.071767362326040640e-02
8.460846084608460993e-01,7.895458780359531081e-01
7.068706870687069266e-01,6.704791608956885973e-01
8.594859485948594946e-01,7.458012668328912742e-01
3.148314831483148279e-01,-3.723392407374111202e-02
9.003900390039004664e-01,7.094385674242486006e-01
3.250325032503250527e-02,3.903705185545294082e-02
4.641464146414641667e-01,1.042492297790313938e-01
2.139213921392139339e-01,-8.000025427391820737e-03
1.821182118211821244e-01,1.121832939262131477e-02
2.332233223322332238e-01,-1.907361970805642251e-02
5.459545954595459438e-01,3.106390598716056162e-01
7.154715471547155037e-01,6.556352923330812654e-01
6.806680668066806827e-01,5.510801076109773655e-01
5.295529552955295927e-01,2.079350286322925456e-01
2.598259825982598414e-01,-3.619591643576365592e-02
2.340234023402340269e-01,-1.965402684721415105e-02
6.024602460246024638e-01,3.732640148311003325e-01
1.572157215721572132e-01,2.887432753835056376e-02
8.473847384738474320e-01,8.246445252755603139e-01
1.000100010001000133e-04,1.454891234446196004e-04
2.731273127312731086e-01,-4.036592667372423254e-02
2.866286628662866320e-01,-4.327757902077611352e-02
6.895689568956896442e-01,5.614259678413892063e-01
9.618961896189619498e-01,3.084516526049640439e-01
4.400440044004400204e-03,6.959516833396522592e-03
6.406640664066406421e-01,4.120650801476875014e-01
2.642264226422642581e-01,-3.849267176815989594e-02
5.060506050605060452e-02,4.378521505506015321e-02
6.129612961296130313e-01,4.535422559165522283e-01
6.901690169016901910e-01,6.073178204276439285e-01
8.449844984498450229e-01,8.685647949659768274e-01
2.215221522152215350e-01,-1.415870564030963924e-02
1.085108510851085090e-01,5.874792065729966123e-02
9.781978197819782839e-01,1.924678814522009784e-01
1.370137013701370199e-01,3.797961470260453193e-02
2.720272027202720322e-01,-4.005840220916102173e-02
1.776177617761776351e-01,1.326079541107779390e-02
6.952695269526952826e-01,6.094756014519593368e-01
9.375937593759375854e-01,4.862286483932225511e-01
5.388538853885388447e-01,2.362320221926600683e-01
8.380838083808380690e-01,8.307827050479319464e-01
6.786678667866786752e-01,5.398480665306192305e-01
5.312531253125312158e-01,2.139960573678324762e-01
9.779977997799780276e-01,2.000286320485834823e-01
7.683768376837684100e-01,7.677337306591429655e-01
5.953595359535953646e-01,3.971495291192525534e-01
4.224422442244224474e-01,3.111352907659891212e-02
7.614761476147614561e-01,6.926556570459811990e-01
6.764676467646765223e-01,5.420191328525374441e-01
1.167116711671167123e-01,5.199549383072516601e-02
5.080508050805080389e-01,1.572037026155811701e-01
3.593359335933593579e-01,-3.526683292096884081e-02
9.862986298629863313e-01,1.037236819374436625e-01
7.101710171017101558e-01,5.883335410339510796e-01
2.972297229722972167e-01,-4.482055268048676377e-02
1.533153315331533262e-01,3.267361304368136821e-02
9.040904090409040972e-01,5.185991545901299515e-01
6.785678567856785470e-01,5.320757684346906213e-01
6.602660266026603164e-01,4.576304878322162706e-01
9.300930093009300570e-02,6.297315013419485519e-02
9.730973097309730813e-01,2.347270156332355584e-01
5.000500050005000528e-04,8.387337604677906622e-04
2.587258725872587095e-01,-2.543390379101487936e-02
2.430243024302430332e-01,-2.288771886963551425e-02
5.553555355535553240e-01,2.266801897143322642e-01
7.775777577757776449e-01,7.573725190749029945e-01
4.632463246324632355e-01,8.550134051534966084e-02
9.735973597359736109e-01,2.115604020683733988e-01
2.924292429242924540e-01,-3.348293971748046022e-02
1.304130413041304226e-01,4.191250772824213489e-02
5.955595559555956209e-01,4.863979685441469081e-01
5.922592259225922806e-01,3.703105348858496404e-01
2.518251825182518111e-01,-3.073478645353435595e-02
2.486248624862486267e-01,-2.566828956602204559e-02
5.427542754275427317e-01,2.633356255355390196e-01
7.031703170317031848e-01,5.276402632211614208e-01
3.041304130413041151e-01,-4.726849005867166109e-02
8.285828582858285607e-01,9.069774579206755227e-01
5.432543254325432613e-01,2.448481271052073138e-01
