-8.637499005329025703e-01,1.660092175462628550e+00,9.095547196270851176e-01,6.292035184526473257e-01,-9.388339703363837163e-01,-1.049562480530888964e+00,-1.811071311041670295e+00,2.041081809950946457e+00,-1.196666416049266601e+00,6.274521311900923548e-01,1.929152900117938829e+00,-2.371692164514126455e-01,-6.729569656082500240e-01,2.971671706522137635e-01,2.231861711809242366e-01,-1.077014023114698071e+00,1.955819602406327212e-02,-2.886441207789529062e-01,1.870443805522431280e+00,-1.521027144613359638e+00,0.000000000000000000e+00
5.928502635471387672e-01,5.951773740080531505e-01,-2.570517227074927691e-01,1.653886365595395924e+00,-1.046023276136980318e+00,5.204366014678476482e-01,7.753540964940224267e-01,-6.826231092069550144e-01,2.531578960392721900e-01,-1.020606387037066076e+00,-1.207947109039918088e+00,1.942664095508891964e-01,1.482168018401563758e+00,4.638711790342496533e-02,9.865800464163232419e-01,-8.587446479132673227e-01,-3.206561967166748212e-02,2.752083945442777679e+00,1.719839674803181062e-01,1.429899230857161418e+00,0.000000000000000000e+00
1.459451890326205037e+00,2.367483508022930339e-01,-1.594822326654981692e+00,-2.812131698263550805e-01,-1.093380389755024051e+00,-2.453266808271447885e-01,-5.845180931009313907e-01,2.102116780683827457e+00,-2.318553581941710462e+00,-1.607207289217198909e+00,-1.757656892008611527e+00,2.547283724663001792e+00,1.056296904829212346e+00,-8.118866229799162060e-01,-4.819095557163580734e-01,6.524206762381149494e-01,1.524871670976680749e+00,1.083806675444556999e+00,7.356249404686651117e-01,5.250834084418358749e-01,1.000000000000000000e+00
2.856661126202053036e-01,-1.099275391047243033e+00,-4.152542187606667601e-01,-4.193707878081130991e-01,8.114734150693372339e-01,-5.088670408624561547e-01,-4.188114867816377096e-01,1.107129103723201308e-01,1.617812679132966669e-01,1.530912929463547290e+00,-4.670673283450881841e-01,-2.673755176592641503e-01,-7.800127738563563673e-01,4.711015038323579929e-01,8.557568669346123924e-01,5.722040071209638645e-01,7.012942928444296786e-01,4.479220216148214750e-01,-9.185965700990657012e-01,-9.658313892959188296e-01,1.000000000000000000e+00
1.119838401262755356e+00,-1.298321006666688815e+00,-9.334317143937856942e-01,9.903926661264507159e-01,-1.153942662738791425e+00,-1.654093584686455065e+00,-3.752785879825923376e-01,6.031003262241397822e-01,-1.260630491110723006e-01,-8.914734671319922699e-01,1.614967184722942317e+00,2.241073713913074084e+00,7.441668540452277547e-01,3.358905167529059321e-01,3.225519947917830366e-01,-5.925761848257321551e-01,-5.961202307635585784e-01,-6.979451319043986079e-02,-3.883728795083842434e-03,4.619428826491520090e-02,1.000000000000000000e+00
-1.931912276116988791e-01,-6.349394501719614059e-01,2.889456687513028976e-01,-4.252667450904625834e-01,-1.242153962220788666e+00,1.155896907681494223e+00,1.980278995238704542e-01,-7.501286351913478700e-01,-4.907318224671152196e-01,-6.259462324022132540e-01,1.790787005795078102e-01,7.767283625777802181e-01,-3.428381280667919945e-02,-4.759054477959172580e-01,9.488612656714182636e-01,-7.566670009750228187e-01,-1.726422437032874013e-01,2.295929697502384695e-02,-2.306744223167061847e+00,7.960841956973805367e-01,1.000000000000000000e+00
-2.713270562140586151e-01,-3.463040822709422678e-02,6.769374039167356250e-01,1.984347615214574478e+00,1.319137785369984828e+00,1.273364553595029092e+00,1.354423545722826416e+00,1.587687088721991824e+00,1.299515258312838428e+00,9.390463112946042523e-01,-4.828142424171166236e-01,4.581245514325026913e-01,-8.701706361633949616e-01,1.323947541536887762e+00,8.171721081586329483e-01,-1.457662909026578579e-01,3.215893296909354548e-01,1.036697537329224067e-01,-3.802711362900585423e-01,1.948897208897391709e+00,1.000000000000000000e+00
1.050045782151391771e+00,-1.327972153271955058e+00,3.506981143133923173e-01,-9.639836432310908143e-03,-4.899093820009124967e-01,-2.215525603002860056e+00,7.446028182446287613e-03,9.376346507520829654e-01,1.072804078378426285e+00,-5.273456942427442451e-01,2.144955477218692064e+00,1.961562444453983645e+00,-2.212579354358955863e-01,-1.917967429226608844e-01,9.376246875596410124e-01,-2.785361909110380396e-01,2.321659199696772535e-01,1.310072971597421310e+00,1.245287557540551537e+00,-5.472165057863889182e-01,1.000000000000000000e+00
2.534069214366035383e-01,9.432299318703113444e-01,6.175234520449016662e-01,1.720167039132964315e-01,2.540486649895741800e-01,7.101583278289941292e-01,7.269037629748815732e-01,6.887628020228221404e-01,-1.381362806249852193e+00,2.418840831431110505e+00,-8.664040323737998150e-01,-4.666277829531423893e-01,3.531658696415860277e-01,1.180492251861335433e-02,-7.996047829829450171e-01,1.203234651692004220e-01,-9.657923141437037007e-01,-5.918063088271026118e-01,3.046803624747438377e-01,1.324462789072623270e+00,1.000000000000000000e+00
2.750285895072667186e-01,6.072496899578089247e-01,-6.143370461073207611e-01,7.044330098602673562e-01,1.132623678716422111e+00,5.973543169352949489e-01,4.888861948702220017e-01,1.064888324497546224e+00,1.096721562779545911e+00,-1.013601638314110209e+00,7.582351602733649054e-01,6.192695403874470816e-02,5.445701093182890862e-01,-3.632948064675690092e-01,9.717535581053905469e-01,4.092285270848699530e-01,1.052649636378703235e+00,3.535128332098445569e-01,3.380509471923445197e-01,8.304516334116561482e-02,0.000000000000000000e+00
1.487173229335836400e+00,5.348548780493066479e-01,-5.295054162289957178e-01,-1.681784498240091130e+00,1.158613496496858492e-01,1.623756962511784696e+00,-4.724917384712759016e-01,-3.903677467056289596e-01,8.991926362573047227e-01,-9.165141163729616236e-02,2.080678488528554249e-01,5.792873450484635756e-01,7.236552736351473669e-01,-7.231992046539139629e-01,1.083697170324059433e+00,-1.087718280178613162e+00,-1.893012882987971657e-01,-3.264832811317052719e-01,1.256628601141419166e+00,8.877896397765820957e-01,1.000000000000000000e+00
1.247568448753553216e+00,8.514676018750561015e-01,-1.281531530849899569e+00,-2.051288584726656747e-02,-1.265677354236261765e-01,-1.624553076412469377e+00,2.366243738585004586e+00,3.740149787427058392e-01,-5.999779534544259496e-01,-1.608011360034370396e+00,-4.844523576052406910e-01,4.136890473065595319e-01,-1.290403244751925138e+00,-6.088215576767440629e-01,1.132030707622635912e+00,8.679886819498585648e-01,4.928152521613562986e-01,4.785228125503603741e-02,-6.484012014231547161e-01,-7.982397398292204738e-01,1.000000000000000000e+00
-2.539049948487359099e-01,-1.120652123630869301e+00,-2.069079479502599905e-01,6.568236065445051675e-02,-4.353473465886646965e-01,-6.122950295691875072e-02,-2.592038739720935459e-01,1.242194414666261570e+00,6.155899018543993517e-02,-1.462500539025908264e-01,1.055260969604222776e+00,-1.806671557580344256e+00,-2.277729966150957575e-01,-1.001401436641065623e-01,-3.366717759879324645e-01,-1.494025741748167491e+00,-9.129913978423107590e-01,-1.531332822553856721e+00,9.272754686069182295e-01,3.487497835611569896e-01,1.000000000000000000e+00
2.155316380265162313e-01,1.550383884653149247e+00,-1.625418306337899632e-01,1.718000262058093641e+00,-5.254659743614426004e-01,1.637088159202420456e+00,7.290189156455496589e-01,2.654813684658945960e-01,-1.552593353506767637e-01,-5.935904141797186950e-01,1.046622924130135690e+00,5.922132546558875887e-01,1.076372932641770586e+00,-4.342064863405228348e-01,-7.448117531593075880e-01,-8.716054281271985449e-01,1.367735354581427920e+00,-5.862789921981563790e-01,5.119739222979829973e-01,8.983644731755180413e-01,0.000000000000000000e+00
2.667463792296226321e-01,7.961728691196585661e-01,7.911790273844115928e-02,-6.434742105224439124e-01,-1.367484261113255606e+00,-7.145115603792940862e-01,1.180772450500369164e+00,1.157373782080257429e+00,9.221470711028549871e-01,-1.575735882612015137e+00,-3.171127733981399910e+00,4.280946438552706290e-01,-2.516485715722772687e-01,-8.507364262526547760e-01,1.107677236712515834e+00,6.366507187161342118e-01,-7.120687001093329860e-01,1.991716938933235426e+00,4.469838365928802126e-01,-6.619944830540168690e-01,0.000000000000000000e+00
5.861620508962175902e-02,1.692215826989333927e+00,-8.094205345598926016e-01,1.144732069256212625e+00,-1.019917503120470803e+00,9.883773967385180992e-01,9.343575632988022628e-01,-1.595828587141455035e+00,-5.315175177732304190e-01,-3.868311507484092915e-02,-1.845890841078263733e+00,-8.819502525239102386e-01,5.425862842624750160e-01,3.296284632319736174e-02,1.462091840213138871e+00,1.023872353702564242e+00,-2.680674677999490482e-02,-1.140524826534222491e+00,-1.086049831499742657e+00,-6.214695913629391111e-01,0.000000000000000000e+00
4.438289565055986707e-01,1.228131495421163344e-01,1.127488655460204825e+00,1.175913033137718916e-01,-6.085476636114279803e-01,1.001988931459220772e-01,-2.037183441531915218e+00,2.211265985479948515e-01,8.884124196539437968e-01,-8.868782322433956811e-01,5.581994056022415718e-01,-1.504787377362943046e-01,-7.756020781204582271e-01,-4.831307745571841727e-01,-5.859486288848232416e-01,-1.095121395572711931e+00,-2.076247496591022479e+00,7.939114700741856101e-01,5.891506146575662406e-01,9.852193901671447707e-01,0.000000000000000000e+00
1.457353229160988972e+00,-3.205307560331162597e-01,-1.835866837597642798e-01,8.753509514781016021e-01,1.412560703796130523e+00,-2.618320680431646119e-01,-1.324681731493336123e+00,1.163992310317797818e+00,-1.478704033494432912e-01,5.910536253743347013e-01,-1.041830893901550148e+00,8.171467551671516283e-01,-9.333223093956395378e-01,1.046844255813717157e-02,-3.730952670320024089e-01,-1.194271721294192901e+00,-5.409952131168278555e-01,-1.617014386107967550e+00,-2.801755908194097922e-02,-4.249977522836109745e-01,1.000000000000000000e+00
1.443126293756259004e+00,-7.759007600807055205e-01,-7.988717565906409968e-02,1.020180077679350372e+00,-7.807689914784756713e-01,6.539332682127292351e-01,-1.541340155915552401e+00,-1.088063571327375634e+00,-5.252656410010138055e-01,2.701638117459960409e+00,-2.224476360184595158e+00,-4.369423147850690636e-01,-1.067728492473240420e+00,-1.499949121126056939e+00,-4.497122876437570360e-02,-2.192778565050499395e+00,-3.121238271803233322e-01,1.136179880756897687e+00,3.352825204543568582e-01,1.991572828992285826e+00,1.000000000000000000e+00
4.820829522826219349e-01,-1.786984034412339439e-01,-9.958169636410903192e-02,6.964638877634035108e-01,-2.380018802276253342e-01,8.594170021778709811e-01,-1.155496049002034953e+00,-4.081075187534990989e-01,-1.690789154287980489e+00,-4.619541624530861812e-01,-2.156241622583762396e+00,-1.167929323732001867e+00,3.147414824359703323e-01,1.791328188821429412e+00,-8.502130720643893413e-01,5.495763538181991370e-02,-3.552917291925757892e-01,1.125456550201104911e+00,-1.045807986703948034e+00,3.457434304071938524e-01,0.000000000000000000e+00
2.001896544680663581e+00,-2.177714020034428322e-01,4.374290980477669732e-01,-5.825250228585303613e-01,1.493530008168559187e+00,4.879428285745493477e-01,-8.234862988694647834e-01,1.775402611268250164e+00,1.731015018879744904e-01,1.325086304336363374e-01,-1.386053190280597258e+00,-2.030558139539506701e+00,-4.483423861106102248e-01,7.774074447598213755e-01,-9.057572780635092524e-01,-8.058418153799610240e-01,-4.923770576789812670e-01,-1.311125467361353270e+00,1.747345830288896673e-01,-5.012558598173665336e-01,1.000000000000000000e+00
-4.936377522819037078e-01,6.168420806474359530e-01,-4.992988900364531135e-01,-3.148526089649469895e-01,-1.359952787724629797e+00,-2.262814654293052730e-01,-1.190614375588330276e+00,2.244421389228063113e+00,-1.117235355301173572e+00,-1.176898257364619588e-01,-1.260805621147124966e-01,2.699594352219489846e+00,-1.987636104939544957e-01,6.286917035998679237e-01,-1.755029701585261837e+00,-1.030477199392163756e+00,1.770822412501534271e-01,3.414719508292498040e-01,-2.731999110040880252e-01,1.348659511436619773e+00,0.000000000000000000e+00
-9.301577361717316972e-01,-1.002949224337420064e+00,5.452365930430347341e-01,-4.216419881655052992e-01,-3.985417870472219848e-01,-1.868526846705232725e+00,2.827952180862122189e-01,1.190251982011833354e+00,2.344894175656385693e-01,1.069715199473873168e+00,5.779181566793263336e-01,-8.568268679410133426e-02,-5.796697732184408203e-01,6.195203706536812627e-01,8.301741638059848549e-01,-4.815015430441290101e-01,9.067555021926737568e-01,8.997962950740161225e-02,-4.432109700856642909e-01,-2.666253653232065757e-01,1.000000000000000000e+00
5.422192613597042188e-01,-1.319296911281038209e+00,2.525422562734465082e-01,7.988949313753058723e-01,1.277012379489078198e+00,-1.181879686901954996e+00,-8.207071111148251941e-01,4.158054274234904146e-01,7.571915300138114535e-01,-3.170732521804583426e-01,1.257314866317233437e-01,-1.620366147183918804e+00,-6.120165159437986890e-01,1.923803246629357755e+00,-1.428700802060647757e+00,-4.825910453273740686e-01,1.217190411445933984e+00,9.889487983532265769e-01,1.302512256711640948e+00,-1.440892903717599927e+00,1.000000000000000000e+00
-5.819198292875180090e-02,1.441845480718860761e+00,-5.375172396451271400e-02,9.349625391685335574e-01,5.545038396339682096e-01,-1.562102823338844093e+00,2.189356658542878087e+00,-8.348533328416598565e-01,-1.334080941089232919e+00,-5.438234269548534172e-01,5.135402027471408504e-01,1.236224593920329129e+00,5.245412389800983011e-01,-8.182983916988374740e-02,2.354233180949642623e+00,-1.110824838447634910e+00,2.094791577054759546e-01,4.736602910666123933e-01,1.836751074277699070e-01,-2.073423629790224876e+00,0.000000000000000000e+00
5.620485935428314317e-01,-1.021785107096228273e+00,4.762151139921604881e-01,2.348685969622975822e+00,-1.091460272440588408e+00,-2.817295203855395003e-01,3.864341841268973399e-01,1.652462298173800193e+00,1.490215780681798663e-01,-5.514418197275898770e-01,-1.288065982044338309e+00,2.647606806425488180e-01,-8.930551901004599724e-01,-9.075531650614306889e-01,1.361199001328997404e+00,-4.550064787695846102e-01,1.210032449293921286e-01,1.050342803580249340e+00,2.375780342922985053e-02,8.852157409021940149e-01,1.000000000000000000e+00
-5.599074230296009064e-02,-4.932298382241728230e-01,-2.296418623324801567e-01,-3.279112141591271068e-01,-1.713907751212078168e-01,-1.476531109051240520e+00,-1.301284709405290174e+00,1.203705659703232067e+00,3.449353279515132709e-02,-6.886611593294189593e-01,-2.073080073416998736e+00,3.218510438352265579e-01,4.158391966541345047e-02,-5.285886391295349096e-01,-8.901785819507470610e-01,2.609953486475453666e-01,-1.313288913674448777e+00,1.290180178967142766e+00,-1.034046432280804062e+00,3.914827745528187131e-01,1.000000000000000000e+00
9.017696468832726575e-01,-3.299657726882745390e-01,-4.361762667527891435e-01,2.580109031636426131e-01,-1.793700372741742488e-01,1.499809509768546878e+00,4.529375067296105839e-01,1.207161104216416758e+00,1.217718100841999274e+00,-3.659176576124198443e-01,3.851801523321440324e-01,1.773841233111571047e-01,1.007154255252100672e+00,2.021057296859440355e-01,-5.778323969376837344e-01,-1.360549864933371378e-01,-3.008679183114932876e-01,1.842450575026328252e+00,1.409233287095983833e+00,1.623789311884392683e-01,1.000000000000000000e+00
-1.364688111690188776e+00,1.047642496473178975e+00,6.579953721330841221e-01,8.636004982893900062e-01,-1.509504612612943220e+00,1.035988710635046967e-01,-1.920827933025012646e+00,-2.835680278527768494e-01,-1.569681812746501481e-01,-6.924914384027829328e-01,-3.328371023135694995e-01,1.776955973982116355e+00,-1.117081177944204473e+00,-1.372288322016013140e+00,6.625169411043372314e-01,1.851734732220384760e+00,1.443073334323692891e-01,3.560643368786380880e-01,2.389575520625974447e-01,3.590787473507432714e-02,0.000000000000000000e+00
1.356908143716279325e+00,-6.025900898704158459e-01,-5.502591377830587938e-01,3.424270478431749171e-02,-1.439385072264478982e+00,2.905994135660486168e-03,2.170836593408209947e-01,-4.815120944314179585e-01,-6.034879770511494823e-02,-1.296820178379990196e+00,-2.035303182713208869e+00,1.391591474029032272e+00,-1.826783016658156678e-01,1.358376160523650178e+00,-2.816238393533903039e-01,1.364120690039903661e+00,1.367296401978457254e+00,-8.599116852125484600e-01,-1.799128715422552593e+00,2.546707298859307134e+00,1.000000000000000000e+00
-4.870854281475411884e-01,9.254981725428983175e-02,-4.616786277224331214e-01,8.289882176252616475e-02,-3.358813319085817151e-01,1.476401258023972984e-01,1.389328354870472015e+00,-4.340241198847955700e-02,-2.226591509478010600e-01,1.778991905458253420e-01,-5.661609378959170380e-01,-2.501081386793686523e+00,3.981863594158921993e-01,2.747484281407384654e-01,5.967495675443420522e-01,7.148946242557541186e-01,1.583137274836050157e+00,-5.125513779226252842e-01,8.541382554697416474e-01,2.052349114330751234e-01,1.000000000000000000e+00
-1.736328702491962028e+00,8.296770522596021991e-01,-1.516943752119234434e-01,-5.312872140595120696e-01,-3.206757900325819532e-01,-9.258678717323414187e-01,-2.033305195125122422e-01,1.253914833022437003e+00,-1.568977707865632398e+00,-1.061934310437453455e+00,-2.955922093484831814e-01,1.148412469935137015e+00,-8.310721797845098680e-01,5.128807613128554266e-01,6.174443754234183457e-01,3.969884741559338015e-01,5.158105585410223126e-01,1.851682328083000595e+00,-2.396688781257907852e+00,5.743520604134378926e-01,0.000000000000000000e+00
6.268086114467601166e-02,-1.491290042685826656e+00,1.600124577098969603e+00,-1.423933160705152856e+00,-5.726524656149496462e-01,-1.690589925090135281e+00,4.980359485944629294e-01,-1.456607341567704328e+00,-1.361586026604930388e-01,1.168386007961949913e+00,7.809723570162991901e-01,-6.491541661672218799e-01,4.829249564646109771e-01,1.771421223501118414e+00,2.188406686263048684e+00,1.871280966710982652e+00,-1.412555878845359825e+00,-1.073767772483574801e+00,-6.363553276042519524e-01,-2.465996349285493494e+00,1.000000000000000000e+00
-9.595877755191751790e-01,9.221629698341172743e-01,5.410884599263102723e-01,-9.525908215876769392e-01,6.335260814429248821e-01,2.627052490681611868e-02,-1.248312687516611064e+00,-4.045675037911655898e-03,3.454926440740034854e-01,2.800357854568162885e-01,1.056593684888275320e+00,-8.677633599628651329e-01,3.467258924122252894e-01,1.753112094959134781e+00,-5.678795736769906011e-01,2.248400593955786342e-01,-8.362960331731267294e-01,2.692047434266795491e-01,1.594148629856193766e+00,-1.520947649818617409e+00,1.000000000000000000e+00
4.572472104621883582e-01,1.087682925345001328e+00,9.214284806515532500e-01,-6.333211199096725474e-01,-5.904985899083017298e-01,-1.131402553312756520e+00,1.182175893259254984e+00,1.366309382811643713e+00,5.062288156900367486e-01,-1.403545763020831227e+00,2.071770193026807316e+00,2.424899935567753406e+00,8.244657336757391652e-01,1.630506932322509206e+00,4.538903664846126729e-01,1.257179411634789801e-01,6.346591020440685016e-01,1.343923924370042482e-02,1.259686826136564575e+00,-2.275098095497407324e-01,0.000000000000000000e+00
1.538055843288356650e+00,-1.543684269302961987e+00,2.539745195670683575e+00,-1.426066289672906606e+00,1.211252837107085867e+00,1.340864623011204237e+00,-5.841308037590455804e-01,3.993185507161414738e-01,8.944590422044890188e-01,-1.220409700263419328e+00,-2.602940754681548063e-01,-2.001920867443855556e+00,-4.496059193192398773e-01,1.061657698884579837e+00,1.757366984027482482e-01,6.070111795709227653e-01,3.230709635992435880e-01,-7.449101012094088148e-01,6.040649355189802172e-01,3.538478397846177015e-01,1.000000000000000000e+00
-1.125599692785705930e+00,2.393131898276698866e-01,3.294470288915115619e-01,8.389793201479216478e-01,-8.408121853926850964e-01,-2.743871765265593510e+00,2.696539971188937623e-01,-3.030354366597038940e-01,-4.261949753921456807e-01,6.076820203173215473e-01,3.121383308302828063e-01,1.531901127880241020e+00,1.001106603763564751e+00,-2.467016483739129309e-02,5.326593607614299453e-01,5.412267336818822328e-01,-1.647102935849008354e+00,1.169600227377068258e+00,-7.638049554377278616e-01,-1.499555148878892297e+00,0.000000000000000000e+00
1.674586559710479206e-01,8.740620593527416160e-01,1.307097092654599502e+00,3.178509569846510452e-01,-7.687702393301822090e-02,1.487062214985680697e+00,-2.591628286854498198e-01,8.065596735217516189e-01,3.549109298838800108e-01,-7.817455210790617004e-01,1.190006411110016593e+00,1.351795713766693607e-01,-1.137277126539050359e-01,-1.694342137092571809e-01,-7.500180571854631051e-01,3.935818869836257838e-02,-6.703626003578206927e-01,-1.726446928830350336e+00,-1.597467483582820869e+00,1.299213867776506159e+00,0.000000000000000000e+00
-1.999939974206875304e+00,8.175105954397979269e-02,-3.208349588413681452e-01,9.495065627186556334e-01,-2.050772168957387676e-01,-6.282685604565793058e-01,-4.339269855066240078e-01,1.396343186039294103e-02,-2.108974120940276809e+00,6.456715314578755915e-01,9.330612551880371752e-01,6.636972018982302268e-01,4.006335885644855543e-01,-2.128105397131569987e+00,1.678498577010635096e+00,3.549725216398277872e-01,-1.478907440725093725e+00,2.696408496976478997e-01,-1.039832880452276731e+00,-1.077845202346257719e-01,0.000000000000000000e+00
4.355889869223947969e-02,8.036638532516792166e-01,1.055436595509832293e-01,1.577591477790381891e+00,-4.944589820853177720e-02,-2.037521887171880042e-01,-9.668547982867724544e-01,1.976132799851905153e-01,1.425903995715753991e+00,1.962959784308893507e+00,-2.259759996520996239e+00,-9.839222019623516946e-01,1.411776975726141137e+00,-1.007779596618878365e-01,7.773163016322419683e-01,1.296117698523351791e+00,5.992866216707456450e-01,-7.913981767967278591e-01,1.636617833952567491e-01,1.967630458094946855e+00,0.000000000000000000e+00
9.355693103505593466e-01,-4.530571610352727152e-01,1.073204835040281635e+00,-4.000445779489280596e-01,1.477166966005431847e+00,-1.119738265982920700e+00,-1.995176155018723474e+00,3.860323514094055053e-01,9.005616001752929367e-02,-6.443673892155393768e-01,-5.814780995419028820e-01,3.041646701588633928e-01,2.089029196036801483e+00,-8.044132452980543024e-02,1.958228301114847136e-01,1.866670167794767243e+00,7.508174258019302272e-01,4.736504534088970542e-01,-2.064959588674874363e-02,-6.486540877449993303e-01,1.000000000000000000e+00
2.418153770552875226e-01,-4.874722878993738573e-01,-3.534713647880707854e-01,-1.269254489354822990e+00,-2.374409849814256013e-01,8.374622909260061310e-02,-6.827215571693661111e-01,-2.738319621906932788e-01,9.365023131877077134e-01,-1.061990711073519611e+00,-1.048277895616530619e+00,-1.058338286915794457e+00,4.495151619706594937e-01,5.063297314330184040e-01,-1.187712245331157046e+00,-2.378214378925847805e-01,8.011667768233431408e-01,1.492225794079274248e+00,-1.252889788003128224e+00,-5.066033162243701593e-01,1.000000000000000000e+00
2.967221886352752191e-01,8.115512453402904391e-01,1.132715498967403756e+00,-7.875621903249663269e-01,5.559996567365091957e-01,-8.790200196703704671e-01,6.769383688782747432e-01,-5.058909792137765704e-01,4.820184550165149129e-01,2.856666336006123408e-01,6.503038911240148767e-01,5.558165115889682206e-02,7.059430084903712821e-01,-2.899983428846915512e+00,7.466052025689544624e-01,5.006858851900254370e-01,-9.716189441905959123e-01,-8.260726173212734613e-01,1.500252738695918853e-01,-5.746145742850723437e-01,0.000000000000000000e+00
3.773149063677689319e-01,4.585149127964346927e-01,-1.863192500051765177e-01,-4.145891826509153222e-01,1.232042286041354684e+00,1.403850465032334253e-04,-6.347191710861362079e-02,-7.881410267738381270e-01,6.552836706036291314e-02,-1.766800310125026474e+00,-1.103049735455963853e+00,-2.802987962869724070e-01,-1.461755837295882487e-01,1.042428777749388136e+00,2.763495003059398408e-02,-7.105341075710059906e-01,2.053507486079299837e-01,1.603844125524531039e+00,2.955914718753804848e-01,-8.911913000019665576e-01,0.000000000000000000e+00
-2.532657041542241139e-01,8.681185013705204900e-01,7.404787953309118764e-01,1.276379382693492437e-01,3.380654074372274054e-01,4.505620090279479628e-01,6.464373151331842537e-01,1.194889336152579640e+00,-2.463835349784588291e-01,4.490636079693295923e-01,-2.858952303353303193e-01,1.001607081067431154e-01,1.122967904254535965e+00,3.232454420005964058e-01,-9.584677447162741337e-02,-1.797937101214751310e-01,3.433602490040653099e-01,5.195961398764400441e-01,-2.338285183389410715e+00,-1.555130610481046283e+00,1.000000000000000000e+00
-9.498516573879636216e-01,1.011697780186162188e+00,9.352517731017633285e-01,-3.455805656339727250e+00,-6.855341385455439029e-01,1.650079029937212005e-01,-8.857458837930611839e-01,5.321138683971433636e-01,1.397085193641749712e-01,-1.197943074223840387e+00,5.101882296666299110e-01,1.268606070351726345e+00,3.226038367435126730e-01,6.461919821138089048e-01,2.618789323147785453e-01,-7.781321013937243514e-01,1.119384279208357480e+00,-1.618231790264007541e-01,-1.250900814670140027e-01,8.068288035385262277e-03,0.000000000000000000e+00
8.074441875189285467e-01,-1.046742771004628203e+00,1.281044534325229245e+00,-2.826949778506590016e-01,1.862070206135741091e-01,-8.789314170435946760e-02,1.357802868705483279e-01,-9.101866965133662557e-01,1.820827860817713306e+00,1.845632811299970921e-01,7.831922899073767708e-01,-5.375420190561301659e-02,-2.449540575435618650e-01,-1.257800947214440468e+00,-1.342423200538778394e+00,-7.563005859854540214e-01,-3.362646279652546366e-01,1.789784819756803369e+00,-2.796055089051029396e-01,8.583970244008967132e-01,1.000000000000000000e+00
-8.802799825143006185e-01,3.052631229518231737e-01,-9.678433821328042974e-01,1.431379000712482696e+00,4.216290451695375863e-01,-1.006687808928248495e+00,8.777441660150650526e-02,1.622721364482651030e+00,-1.471589354497819357e+00,7.776589293020070848e-01,-1.786468583158357659e-01,6.817919400410805686e-01,1.572521399525287800e+00,1.052539056511250015e+00,1.695577270913388279e+00,2.500180462526755409e-01,1.556466932706428663e+00,-9.660919816424606843e-01,1.055394306921451086e+00,-1.396982934351490790e+00,0.000000000000000000e+00
2.401349179909372467e+00,9.430731995662210432e-01,1.061703655990366091e+00,1.430767504534539381e+00,-2.581275542510142462e-01,-1.387709020721525910e+00,-1.463825179364031781e+00,-9.719291424350838815e-01,-6.512724045219114855e-01,-5.215206592049979051e-01,-3.459691941623757594e-01,-1.516813673243201654e-01,3.821945950046355400e-01,3.747469960454944404e-01,-3.367663995957720924e-01,-7.074732788783022475e-01,7.602612682272218425e-01,-7.011978508861891335e-01,2.174572425365477457e-01,-2.049455284825054235e+00,1.000000000000000000e+00
1.411968513406953452e-01,-1.134789082891745737e+00,3.601130979293795664e-01,1.048587899127015159e-02,-8.713129355932128783e-01,5.515002667463707597e-01,6.102988929013511976e-01,-1.211390875605034445e+00,-2.612804488814443271e+00,6.344426711334876234e-01,1.752323989126761461e+00,3.573180762030197521e-01,9.670666825149516477e-01,7.454931069210081196e-01,1.525734756946304227e-01,5.803880915007799679e-01,3.968029919842001041e-01,-8.707947711804430169e-01,-3.575188514520964700e-02,-9.376496765664212030e-02,1.000000000000000000e+00
-3.376806909049948624e-01,-7.106033519556976819e-01,1.251189344089204569e+00,-1.317178210808998440e+00,-1.450043254564444162e+00,5.725985989812987231e-01,-2.507050018624027432e-01,2.014246691969843184e+00,6.109873403058614372e-01,3.250570899360337718e-01,5.957549979560440301e-01,7.639416079492408196e-01,-1.900540903365981693e+00,-1.272312779355638801e+00,-1.071206498386720884e+00,2.102124382596214147e+00,-4.292722144656750394e-01,-2.184541983837531565e-01,1.320226468972473644e+00,4.696835259502438742e-01,1.000000000000000000e+00
-5.496654223433609099e-01,2.759279496797367170e-01,-8.715431246411690092e-01,-3.327079767763176377e-01,-1.034810474549547887e-01,-2.871185182387117965e-02,4.915855183893043101e-01,-2.122633275140515391e-02,-1.051229452039857737e+00,5.461303290131231947e-01,2.938542426326970491e-01,-6.933444312210701455e-01,1.198991338326366174e+00,4.382756468171735698e-01,-8.735399003426717046e-01,6.933095004386895521e-01,-4.564031177374704984e-01,1.559186512496198107e+00,-1.016123964166192772e+00,-1.980728538451274612e-01,1.000000000000000000e+00
-2.027182802599743816e+00,4.120044195820666832e-01,-4.919690521095423374e-01,-1.807136468359481274e+00,-7.230385338388901906e-02,-8.453634413965874228e-02,3.005274966687914162e-01,-1.291265200010867975e+00,-8.645189994595844363e-01,-5.607973219284182465e-01,4.719717428450243002e-01,5.446093444503297132e-01,7.223898064953019338e-01,-6.427300351483361540e-01,-1.751139494169587640e-01,-1.258186779441682557e+00,-1.189082049687687909e-01,-2.819826096345215416e-01,3.162510780327529858e-01,-1.610878436074846543e-01,0.000000000000000000e+00
4.104550289749130387e-01,1.658335293269620481e+00,4.936315816879769947e-01,-9.580403406955491086e-01,8.157081060425914742e-01,1.492287650771152663e+00,2.651585047093523162e-01,-9.680653979581774760e-01,-1.289849839463826031e+00,9.961097074985644229e-01,-1.936142559290488396e+00,-7.121238158838287813e-01,-2.102615306268554654e-02,3.015192598946493940e-01,-3.431891268013720353e-01,1.458671092562038307e+00,-3.467607770654267813e-02,-1.196350702842508662e+00,-1.920532884945631791e+00,1.593893775028967452e+00,0.000000000000000000e+00
-1.015518681408010160e+00,1.365507607042326654e+00,-5.527237588458012718e-01,9.681427976310914563e-01,4.741662041732262467e-01,-8.449238253426517575e-01,4.358447891053089940e-01,-2.284700021965778483e+00,1.811712872791612361e-01,1.066253971472668649e+00,-6.385969339433466008e-01,4.890829319474863102e-01,4.970833526417492987e-01,1.031173998555080379e-01,-1.305629332502969697e-01,9.487787451233739011e-01,2.620359246414555865e-01,1.060106040303086417e+00,4.806061332427890020e-01,5.574033641818932905e-01,0.000000000000000000e+00
1.498667958868554750e+00,-1.893657957125577940e-01,6.444875041933306736e-01,1.517315420466493148e+00,-6.423687549273723318e-01,-1.701642657486421406e+00,6.198290848180871421e-02,-1.109970492873742387e+00,3.091390064010907768e+00,1.473509931050207777e+00,1.600519992071963715e-01,8.440329722610426799e-01,1.568376646502941174e+00,-4.184520549082387797e-01,1.265804957298625188e+00,-1.050124045517779880e-01,1.923030542647674312e-01,1.166840998673481788e+00,2.127055547335056918e-01,-3.263875027194352851e-01,1.000000000000000000e+00
-3.178945178910080882e-01,7.657366329841055475e-01,5.773484023835209200e-01,6.230552209113371376e-01,8.787222689072453630e-01,2.402044414700992558e-01,5.324879260769016520e-02,-1.340372527612142817e-01,-1.097992062090913823e+00,6.920217835026791775e-01,3.764360123080127268e-02,-1.293079188218297482e+00,-1.621885144409657808e+00,-9.861126312177928011e-01,-9.257418501654830489e-01,6.854489775215280023e-01,9.221050608072444144e-01,-6.753620537943295643e-01,1.356927380219779544e-01,8.046834210548949873e-01,0.000000000000000000e+00
5.722118735964052405e-01,-1.615952885487218715e+00,2.273001497131305060e-01,2.293046900120057074e-01,-4.317852313592373537e-01,-8.636953867907718463e-01,1.095665679489077060e-01,-2.946896221109384095e-01,4.331800145816681602e-01,7.612958072808605481e-01,1.835371136568687778e+00,-4.827257599028504653e-02,-1.796932750217146990e-01,-1.005624551179379988e+00,1.869452817580069093e+00,1.702649054339114620e+00,-4.790130052869315258e-01,-7.789918360119764407e-02,-4.418344974928147262e-01,-1.564988169233090531e-01,1.000000000000000000e+00
-1.171087144882899111e-01,-6.741449469173526471e-03,2.825796313642788826e-01,3.284906420701388385e-01,-8.312808230246708507e-02,-1.073329632796948818e+00,-1.235089750337613257e+00,-2.147276587801280279e+00,-2.226108742934489737e-01,-5.811836628332898158e-01,2.936338220954652356e-01,1.204385319387000886e+00,-4.449322414917870616e-01,-1.858782083245003935e+00,1.149005416035635996e+00,-2.776465951667327348e-01,1.082780502664538957e+00,-5.260928588013961127e-01,-2.438164450918766379e-01,6.676704552672930726e-01,1.000000000000000000e+00
7.908041867444763895e-01,-1.480508531893148350e+00,2.776559011477440220e-01,2.007980158223344747e-01,-7.710576543853741027e-01,1.967179700611192628e+00,-1.755789754851499129e+00,-9.776809676959515860e-01,-5.799301609665534762e-01,1.574252757459832619e+00,1.979187114779920043e+00,2.728393403488670099e+00,-2.141861871561372865e+00,8.985880349126019739e-01,1.030714431690881450e-01,2.288947935092589425e+00,-2.349122521419223786e-02,-2.745957257437416366e-01,-7.198797467040438658e-01,-8.849950010612603890e-01,1.000000000000000000e+00
-1.459166492347509614e+00,8.234902671375011751e-01,2.105561220237444631e-01,1.315703828788416407e+00,-6.917965586349217322e-02,-1.833522390297427362e-01,-5.925468757255974994e-01,2.043208191931003281e-01,-3.115712840338508149e-01,1.643425654433852579e+00,2.637198997457239624e+00,-1.398489130330613228e-01,6.172808715932918133e-01,-1.049237570099414985e+00,1.166351357796651667e-01,6.594293427987041323e-02,6.392128595126493895e-01,-3.303608944815047410e-01,-5.966215534032661694e-01,4.024791056135695877e-01,0.000000000000000000e+00
-1.586157492378596823e+00,-1.351940807365727970e-01,7.902266934108067575e-01,-5.726044517577640880e-01,-1.048571589414641236e+00,3.030719063391987822e-01,-9.034126934055798364e-01,-5.780705132836947424e-01,1.522923084114032877e+00,5.325692599060463106e-01,3.160136011224733976e-01,-3.321247932434899797e-01,-7.937236486413432601e-01,3.345466566221189791e-02,1.005178943735092201e+00,-1.116701033051450409e+00,-2.090176489820156025e+00,1.214914876260463794e+00,2.163739967557185118e+00,-5.759179778102337943e-01,0.000000000000000000e+00
4.316321463068562569e-01,-1.451163085183684753e+00,1.434656263562373413e+00,4.514230233273165416e-01,5.776765106342872380e-02,-9.029371888371648947e-01,3.704775315762714460e-01,-2.767053607315548280e-01,-7.142603907827965726e-01,8.703579344928830119e-01,-2.242080890627833056e-01,-8.853589166973865332e-01,-7.259171417836848272e-01,-2.094098033039752060e+00,-1.601219086810277581e+00,4.574576658967067777e-01,-4.586510376385877219e-02,1.205163523262170244e+00,1.473214676376112531e-01,4.134446251052139032e-01,1.000000000000000000e+00
-2.426549976142660936e-01,6.095557120755997760e-01,-1.092889437510249140e+00,1.098015494700959049e+00,2.960331344623317484e+00,1.612751332567941676e+00,-3.035208353614031185e-01,-2.475041005339790878e-01,8.954026014073208639e-01,-1.402007727317352570e+00,1.581122930659725867e+00,9.118924676809340157e-01,-1.588421070050552109e+00,3.871696436159440813e-01,2.117976208484449785e+00,4.666585843697809155e-01,-6.950664264580248553e-01,-1.530234374486930227e+00,2.406751423420003949e-02,-2.199422137650069164e-01,0.000000000000000000e+00
1.447301854494064122e-01,-9.683414092852502542e-01,1.617612084225064362e-01,-3.483575046877251391e-01,-8.074743657394962693e-01,7.824824246301342878e-01,-5.580090929344780903e-01,-1.877961889184029398e-01,2.441803994896221963e-01,1.244166031414759122e+00,7.449593625383736928e-01,5.465613315281907525e-01,1.267191425269688976e+00,-2.771884057241514654e+00,1.225129249925336561e+00,-2.255151606361935901e+00,1.483814845963096207e+00,1.005151972297830126e-01,-4.381240495812793734e-01,3.935486928272833307e-01,1.000000000000000000e+00
1.093807787521864361e+00,-1.768707216157810125e+00,5.931123870403214315e-01,2.279512826166557593e-01,7.470058178667177140e-02,1.325350903466251173e+00,1.400346484082479748e+00,2.341656221354772860e-01,1.342165135644182383e+00,-1.143492550178127898e-01,2.334165171931199101e+00,1.696753820564395332e-01,1.084647976849105744e+00,-5.668802105231754984e-01,-7.959106675894008776e-01,6.214770663166679920e-01,9.577868014958492715e-01,1.469933268466468435e-01,-1.634442357915878719e-01,2.951228214155622309e-01,1.000000000000000000e+00
-1.104621707334610514e+00,1.102384524576502267e+00,1.331953075838248346e-01,-9.320863754535164691e-01,7.273024165379049499e-01,-1.292046701224928595e+00,6.127632844670369283e-02,8.527278185506476094e-01,-1.219549884801521156e+00,1.546351953816308966e-01,2.120333024820226786e+00,-9.578102977505662530e-01,-5.574686727029097844e-01,1.059824609967081749e-01,9.488597519224235832e-02,-4.743492127810430836e-01,-3.316552518589432202e-02,-5.693938451223516939e-01,2.208745299062402079e-01,7.547788559553729737e-01,0.000000000000000000e+00
-1.746527472040418694e+00,4.308349504086987636e-02,-1.303602736785012484e+00,4.872385825160320816e-01,2.214033726466738128e-01,-1.122740819973559567e+00,-4.129463693973227656e-01,-2.481180985505415104e-01,-1.571113383855237966e-01,-8.626508607664843398e-01,-4.097885045888727817e-01,-3.565939812983409118e-01,1.451090930479190244e-01,5.441889760557961919e-01,1.307520792435449275e-01,1.857251490010608796e-01,1.501731292288551955e+00,3.304910527815956289e-01,-1.645583266130446587e+00,-6.379357148877399242e-01,0.000000000000000000e+00
-6.311977849419214692e-01,-1.071186060953050356e+00,-5.331261620213944008e-01,-1.782626353947519560e+00,1.546313727631471346e+00,6.604828873110090148e-01,-7.540750171787672373e-01,7.007902725543379008e-01,1.574190095255937061e-01,1.789976246359907153e+00,-2.082654276861574338e+00,7.689794363885519290e-01,-6.349952248916738151e-01,3.139282070775774591e-01,6.869710135784333760e-01,1.561888187160036967e+00,-8.478024550733332942e-01,-2.151600748199705926e+00,1.999853932846709537e+00,2.665453288530201248e-01,1.000000000000000000e+00
-1.228634565525521749e+00,7.644873945261325687e-01,1.005548749152070043e+00,1.527907911091508086e-01,9.634973780629269013e-01,3.891605099432683956e-01,-1.177117589369932160e+00,-7.646833011714669892e-01,8.391742973685177853e-01,-1.480946028423206995e+00,9.602293811945376845e-02,-8.433080628231455211e-01,7.446243115895880837e-01,-4.711495216843174516e-01,-1.192537639689702500e+00,7.991998871370469271e-01,-8.969659039624844343e-01,-1.141836072629226040e+00,-4.821837011034934561e-01,1.031119439896464707e+00,0.000000000000000000e+00
1.004912771850468456e+00,-1.728666025686508290e+00,5.632175024081459425e-01,5.729026290445071723e-01,1.755125503735479819e+00,5.465381084738313300e-01,5.821349404264951621e-01,2.790217630482433320e-01,3.267260426367555315e-01,-1.004786585176753677e+00,-7.304637627171912950e-02,5.707821450639412042e-01,1.135297195407636073e+00,-1.356176162570690735e+00,-5.141165290650390185e-01,-3.819538131761809341e-01,1.053641542064627679e+00,1.230636090655828463e+00,5.174755436430851507e-02,-4.515266902558047746e-01,1.000000000000000000e+00
-6.489927298526738664e-01,-1.203296642856804599e+00,1.634458750040397756e+00,1.245808144285636576e+00,3.914507017916488696e-01,-1.139053106876777299e-01,1.226892788892383290e+00,-6.589454312339432240e-02,-5.755287149918477674e-01,1.176878015014841017e+00,7.998550970952641448e-01,1.720196364410623291e+00,-3.445100571050359328e-02,-4.934471861057281306e-01,-6.202389220635383671e-01,-1.407886666162085909e+00,-9.810646416492307953e-01,-9.962296698073006551e-01,-6.691467061217647172e-02,-9.643526075181038104e-01,1.000000000000000000e+00
-5.266248533575652591e-01,1.373809922646789250e+00,2.172405535675417942e-01,-2.171667865258100072e+00,-1.953491308399390780e+00,1.297350162910210214e+00,7.173567071967407172e-01,-1.462695646999542243e-01,-3.316233343084117047e-02,1.609869378359101433e-01,2.267319485718161942e-01,4.561176834701454741e-01,-1.738412255703770115e-01,-5.341090502313536881e-01,9.980948504584141734e-01,1.613364045678737924e+00,5.826314977917838034e-01,1.474140586076683412e+00,-2.106466965839114483e-02,1.856914282927335069e+00,0.000000000000000000e+00
-1.128921044670883278e+00,1.126475913061427248e+00,5.164447048629318138e-01,-4.138650807804932219e-01,2.051343960060502958e-01,-1.279897441363299637e-01,-5.345782722620853189e-01,7.762411921377576629e-01,3.142104784379725069e-01,-7.672960135449491403e-01,2.011081238587087705e-01,1.951968594061573414e+00,-6.705310554427323932e-01,1.123687265796074586e+00,3.824173399343676061e-01,-1.326811560041602833e+00,-8.706777791080745343e-01,-1.301673703884504985e+00,-2.039160802098143321e+00,1.571152783997489533e-01,0.000000000000000000e+00
-2.798075976601414050e-01,-1.493641142290882184e+00,6.944918194327194261e-01,-5.670028393963101321e-01,8.668295328399826249e-02,7.028645042223554684e-01,-1.236747506834846133e+00,1.326267277969743197e-01,4.750915279115526801e-01,5.712160035588712548e-01,1.787184479981660967e+00,-1.691745172359482074e+00,-1.329614759168732174e+00,1.504285823570360170e-01,-3.656267099276436783e-01,9.893721143839857568e-01,5.304992718334933938e-02,3.517064062174133920e-01,-1.918886791407318770e-01,-1.868381029173785957e-01,1.000000000000000000e+00
6.181949732745830595e-01,-3.443365229958527673e-01,-1.185999646568643318e+00,6.200957170805067031e-01,-6.873223702765154375e-01,2.429149000165749805e-01,-1.414913354299323078e-01,4.171322885007242021e-01,-6.322296346644767917e-01,-5.217893835967867266e-01,-5.912646016074909472e-01,-1.328691113881160124e+00,1.202235668393702328e+00,-5.264824832191461468e-01,1.501213977146240497e+00,-1.026123995173706671e+00,6.870061378975566013e-01,-2.209590399470566166e-02,7.552447805028817962e-01,-1.940169710097643108e-01,1.000000000000000000e+00
8.360420105225415677e-01,-1.396819317756952117e-01,1.480856854548511015e+00,5.270754772147883127e-01,6.085336794004257976e-01,8.448142954201437460e-02,-1.369772644455353516e+00,2.509204070384327689e-01,1.584548694929029944e+00,5.053730142428851657e-01,-9.352673611593567138e-01,1.288587789136410033e-01,-4.695766410210108210e-01,3.639670482227576609e-01,1.667426058337559747e+00,-6.588792692363486247e-02,4.473464008261839875e-01,5.273649377873922406e-01,-1.080335567716039780e+00,1.524075633839445221e+00,1.000000000000000000e+00
-8.743416754033762617e-01,3.406541279039769221e-01,8.347745004315335615e-01,1.270174008915641473e+00,-1.547655531658913286e-01,-2.193500821102873921e-01,4.864192502801455986e-01,7.790016720380750215e-01,-5.125933585880501075e-01,-9.486338799414940626e-01,8.577627927744371217e-01,-7.351068323467983001e-01,-8.001076988540323232e-01,4.477312883824907663e-01,5.089265204995572223e-01,2.513392046283101644e-01,5.847344550239875760e-01,-2.341213957996914341e-01,5.466649327239122419e-02,7.351070953640499450e-01,0.000000000000000000e+00
4.133646109832034843e-01,8.635270578711616851e-01,-1.298236908068197693e+00,6.458080893309063875e-01,3.481000370894727358e-01,-6.881571635262977438e-01,-6.232311216154227118e-01,-6.578144436472852519e-01,-9.826938194535148052e-02,-1.441202638931876612e-01,-1.129110673748568328e+00,-1.019642026104939647e-01,-5.122824641626501085e-01,-1.507404834116223835e-01,8.653867552063790880e-01,9.890618538383769698e-01,3.009384658705796523e-01,1.839308519930043795e-01,7.500666515482350416e-01,-2.839788586409630611e-01,0.000000000000000000e+00
1.595640987934418220e+00,6.123344015536235085e-01,-7.884953114972134136e-01,-3.542222109261314311e-01,-1.290883110373530318e+00,-7.089543143435970141e-01,-1.623844868274658904e+00,1.661502049498753797e+00,6.105794885989033194e-01,1.224583153881827619e-01,2.409319068384984330e+00,5.816967238997704515e-01,-1.010632726830007266e+00,1.072186666168662393e-02,1.434895773224706961e+00,1.040781287274064493e+00,-2.725474162233641806e+00,-5.519841679121993971e-01,-6.583147160813775101e-02,5.480740207886197757e-01,1.000000000000000000e+00
-1.411937461219977763e+00,-2.450533254799901750e-01,-8.271170451678847013e-02,-5.569791942400812434e-01,-8.900175721267696849e-01,-1.646468712748369034e+00,-3.709551400785245368e-01,-8.877549182210684453e-01,-1.336002852788642281e+00,2.041954418109593328e-01,7.556700048235907019e-01,-4.018214826300521292e-01,2.392325464606756658e+00,1.346015663362980508e+00,-1.861236291431746848e+00,1.753740971903890167e-01,7.433040461487514516e-01,1.457983855854008692e-01,-4.568693433047450042e-02,-3.017302444258054273e-01,1.000000000000000000e+00
-5.743912106575783660e-01,6.410994733553766478e-01,1.859431706889107971e+00,-1.830971404831435612e+00,7.683876751964359153e-01,1.852435135135012567e+00,1.252999833857051104e-01,2.188718081108539659e-01,-2.102896100355605424e-01,-5.338802218604960653e-02,-9.379385499587609143e-01,6.194272475295325986e-01,-5.129688994662888746e-01,7.900449254793194820e-01,1.165009391913201631e+00,7.800633871780124906e-01,2.108640951073136982e+00,7.606705508459774556e-01,1.626844256762414398e+00,-9.640612949855222880e-01,1.000000000000000000e+00
8.315260586736520354e-01,1.219844740714604692e+00,-2.819775448628378811e-01,9.439615187085199643e-01,2.170664107979128621e-01,2.376581416799388724e-01,1.369005598470759422e-01,-3.562101995028267853e-01,-2.193729023319338778e-01,-9.077341479803127111e-01,-7.079149430611256788e-01,9.617247514053861579e-01,-1.106722695912489007e-01,2.663116697231335261e-01,-3.757056477146508144e-01,-8.738034194550027278e-01,-5.960199361837826837e-01,-8.051664439990435795e-01,-3.694377592039266300e-01,1.911914271541917398e-01,0.000000000000000000e+00
1.469490838273664890e+00,-7.974643983580838313e-02,-2.220268201383807094e-01,-2.153605031827392491e-01,2.970505635968708202e-01,3.026242002216999460e-01,-1.252107845599767399e+00,1.500182240645322018e+00,-7.845741355430857489e-01,-6.250479931494283548e-02,9.048119010476731727e-01,3.116322945197070871e-01,-1.000154618409495377e+00,-6.546578854386191360e-01,-1.099309404679679053e-01,1.056949443019027823e+00,-1.010687967024857942e-01,4.077780429097176973e-01,-7.833197712404903201e-02,1.615587712999284609e-01,1.000000000000000000e+00
2.173642977933202824e-01,-9.582117568356884885e-01,3.386633562515998230e-01,-1.546252499898629784e+00,-1.974553531448605126e+00,4.878577283246473412e-02,2.882072420364718002e-01,1.407071757185739402e+00,-7.613452333658657922e-01,9.288469318446058720e-01,-1.257461212176269383e+00,1.235945224316992608e+00,-4.030538830194089206e-01,-1.662632833002265720e+00,-5.709599155597435693e-01,-1.840958790733305539e-01,-8.720241996535191276e-02,-3.203690752398322128e-02,1.045699181861225568e+00,1.599286070899422985e+00,1.000000000000000000e+00
3.208371154842933892e-01,2.478187280434935580e-01,-1.637619611951081300e+00,-2.032600764773845992e+00,6.410419001982400333e-01,5.858409538836008013e-01,2.168538161553492660e-01,4.932873241608600745e-01,3.768928003686418116e-01,-5.325316597826504905e-01,1.071835988348482926e+00,-1.108774487380556478e-01,7.290511585939798422e-01,-2.638715565579909383e-01,-4.611039825983384577e-01,-1.005446934193286568e+00,-9.595140409666789161e-01,1.142467350010575533e+00,1.323039146502350771e+00,4.882627442923407890e-01,0.000000000000000000e+00
9.299981528984465617e-01,-2.414213878121105328e-01,2.714707749702027773e-01,8.562441590588262263e-01,-2.422116336570180328e-01,-1.255643641806206134e-01,7.494121515624619922e-01,1.510220205024674078e-01,-4.541243875082424108e-01,1.284676029989959833e-01,1.991521345644684970e+00,8.443135228694832461e-01,-1.373934568627360742e+00,1.239498506646221854e+00,8.849563643181457273e-01,-1.787729263928125589e-01,-3.901676542881865606e-01,-7.092959204613257240e-01,2.356096362782051035e+00,1.518767166672327917e+00,1.000000000000000000e+00
3.503198359986856025e-02,-1.750055830304192428e+00,-5.219895092968349637e-01,-7.331794886382219101e-01,3.402212646395890161e-01,5.653464161603012350e-01,-1.164994713481307009e+00,-6.046033808047707181e-01,1.099291020774862682e-01,3.523339421689568596e-01,-1.049776599162205448e+00,-4.102595294563655681e-01,-8.526068982880372071e-02,-7.208817184580985638e-01,6.501425417935077222e-01,4.147924044050012027e-01,9.610325902650667107e-01,7.995470164555025239e-01,9.825963620431572565e-01,-5.700384803815058410e-01,1.000000000000000000e+00
4.947712779566744712e-01,9.083627723495588668e-01,1.892827976802818668e+00,4.137908777709961572e-01,7.639145973475326423e-01,9.091117398239170755e-02,1.510494804271076130e-01,-8.130256114289086122e-01,-4.767920300547267565e-01,2.282410651860145467e+00,-8.116604379609372311e-01,4.654837814565330190e-01,1.756408644365593519e+00,-9.186519591281402386e-01,-2.095860667482460471e+00,-1.021530110255766122e+00,-4.545094551781700409e-01,-2.463710726418295860e-01,-1.083972521004194361e-01,-2.374555750667511067e-01,0.000000000000000000e+00
1.064856809391576675e+00,-9.943295693225572274e-01,4.109167099874946327e-01,-2.281257458866804144e-01,5.668919708904976984e-01,-5.374363765475025367e-01,1.080462599972582760e+00,-1.585567424763862920e+00,-2.574609198556913059e-01,-2.133802172190730317e+00,1.520747877321761699e-01,-1.415351842114924263e+00,-1.047598256068903999e-01,6.098341919877816597e-01,1.019993231718747229e+00,-2.494347475340591647e+00,-1.165177753063761923e+00,7.780793602216247162e-01,-4.024614196704152658e-01,1.100284719427022384e-01,1.000000000000000000e+00
1.209825004223227474e+00,3.028400580206541681e-01,-7.956179350785937965e-01,1.685526306195523905e-01,9.821748432750038171e-01,-2.518721472392636551e-01,-1.682971285457729671e+00,2.549927631189192745e-01,-1.505476410556150502e-01,-6.762931942256281692e-01,3.122393885926963986e-01,5.413719026614618457e-01,1.764411915833201672e-01,2.434088692596276804e-01,-9.557582634502599372e-01,1.533570920931578430e+00,-1.243878607908830841e-01,-3.169418461006269228e-01,-5.810167348036396895e-01,9.194233492065478908e-02,1.000000000000000000e+00
1.561941910405026723e+00,-1.809257241978373010e+00,1.079293515679029092e+00,1.675317535806831182e-01,3.660946572952602507e-01,-1.737230856554619896e-01,-8.827447430709901566e-01,3.094441054952664083e-01,-2.070851335635029766e+00,-1.504709680121985582e-01,1.567035051442267957e+00,-1.618831047183931782e+00,-3.554515040959674299e-02,8.137972055731683696e-01,-2.376185360575218397e-01,-4.438877020967161857e-01,1.408701576321193943e-02,1.983581814606366178e+00,2.720640244268592856e+00,6.459803164517352592e-01,1.000000000000000000e+00
1.250150156160888093e+00,-2.047311838289603170e+00,-1.549954164392629119e+00,5.060816100464218259e-01,9.257003545769745267e-01,2.330296451512418043e-01,-1.184687731359801877e+00,-1.481728224129960081e+00,-5.539721444430898423e-01,-2.714958407920011196e-01,1.315401143257758088e-01,-1.983629474511310109e+00,-1.381309084069282656e-01,-5.199503227467697775e-01,-6.676247024885333392e-01,-2.180209165960365070e+00,4.141545395973416643e-01,2.079502278564666184e+00,2.893038622347535171e-01,-2.026761212742025364e-01,1.000000000000000000e+00
1.184841300676478637e+00,-1.890677376521340269e+00,1.730342021026259891e+00,2.477634641483907052e-01,-7.550820758430242252e-01,1.878919314458689982e+00,9.009843464565833182e-01,8.490446560184181646e-01,-4.389624748536253840e-01,1.147086382810801997e+00,-4.062843587542139812e-01,1.233449369208420521e+00,-1.057194940647466774e+00,-4.178353053994148802e-01,2.095026856768677614e+00,-2.233521549243572935e+00,-8.609229248332551654e-01,-3.773752049826019188e-03,9.381599034743797194e-01,-5.329347513480654497e-01,1.000000000000000000e+00
7.860837993618454700e-01,-1.360980707330716077e+00,5.361475764059610016e-01,1.051247815224992443e+00,3.677577813052558819e-01,-2.275697573670535601e+00,7.679778846038348705e-02,-2.981616846115268116e-01,5.873513775791784353e-01,-2.657706767471106901e-01,-3.718385286919960731e-01,8.495455864439820370e-01,7.870070119334737768e-02,7.100090169522914607e-01,1.406606799599073421e+00,-1.363639990690224957e-01,-1.721232451562052290e+00,-3.582314509253797241e-01,-1.110392300644154728e+00,-1.432208245526137347e+00,1.000000000000000000e+00
-1.004404328933650170e+00,2.376374481856377285e-01,3.505358471521928809e-01,8.746333321381750681e-01,-7.462929773324855631e-01,1.764346457066789386e-01,2.383700533577118308e-01,-4.738612334645929680e-01,3.804373531925571705e-01,2.342500057572687588e-01,6.481138955140667290e-01,-2.487924396791848236e-01,-1.175125703506683772e+00,6.832592219339095330e-01,-1.615372981356698601e+00,-9.025205094022850094e-01,-8.488020927279552041e-02,1.056226918963351524e+00,-6.786454973377092914e-01,-5.338964108660093633e-01,1.000000000000000000e+00
5.914784514664525039e-01,-4.041134961160598033e-02,9.131966389015783170e-02,-7.101561323464191666e-01,-2.096757140820908916e+00,3.655993341000198238e-01,-3.637901469658373632e-02,-2.079368605355274291e-01,1.819543118244038027e-01,5.828545752989958695e-01,-2.697801865464211635e-01,-7.096512082256952736e-01,-1.298162460200247947e+00,1.636900223901456730e+00,4.772767062115326198e-01,-6.588175279776828930e-01,-8.996508151996469513e-03,5.463898212489775030e-01,-1.437282832460285098e+00,-7.302794329567131593e-01,1.000000000000000000e+00
3.548141483073732894e-01,-1.692278122538115048e-01,6.401971610182343175e-01,-1.651596873028816359e-01,-4.090928452842165775e-01,1.312629177141413583e+00,-1.523624016539393278e+00,7.157036376465091276e-01,-1.134429103050152432e-01,7.712884132224803180e-01,1.358324287174282441e+00,3.999520273792070424e-02,-8.413066314479876739e-01,1.246566574185189902e+00,-9.138713331048131661e-01,-6.083199773745685546e-01,3.186813248545610766e-01,-1.975182031368464541e-01,1.478965387931881370e+00,6.687719625698396175e-01,0.000000000000000000e+00
-6.401946640161522151e-01,1.293700622104211773e+00,1.367213066130072985e+00,-2.088381687023693201e-01,-9.113942126214720219e-01,-2.392129901972678496e+00,-1.679983326069876437e+00,1.968831951172499983e-01,1.693728462191826656e-01,3.853973338447601038e-01,1.389909799558174619e+00,-9.914025755004052254e-02,1.003333120992082328e-01,5.346282587942885467e-01,-1.786633537413778949e+00,-9.166863102740557823e-01,-1.310471469650200949e-01,-4.234633988299181806e-01,-4.449679308760015606e-01,4.798457623267330940e-01,0.000000000000000000e+00
-1.406445007532981739e+00,1.661056209907182168e+00,3.240125977774174770e-01,-8.443068811114845529e-02,7.119018178969074295e-01,-1.467445386608321689e+00,-6.342428103436832387e-01,-4.615031520366174034e-01,-4.971990474887680866e-01,-7.765052449704060722e-01,-2.621174446169496353e-01,7.988036732080078250e-01,1.681880741151859038e+00,2.685172438798857364e-01,3.538449541834510215e-01,3.523756244710538610e-01,-6.381605541091585065e-01,-5.582593886557173368e-01,9.474019923912470054e-01,2.523774837289680661e-01,0.000000000000000000e+00
5.219260247115233009e-02,-1.144489786710199519e+00,-1.814690710043779909e+00,2.107841076365600530e-01,1.709498748924525913e+00,-4.166273006159921799e-01,-1.105736513370060514e+00,-2.126310402674700950e-01,2.470624439283898577e-01,1.326566431932513224e+00,1.580606801192327993e+00,1.556200177565144338e-01,1.636808316967588217e+00,1.153448713777174506e+00,8.955412273892912056e-01,6.697154111939821464e-01,6.583024432793302960e-01,5.013448727755790424e-01,5.958175105236893643e-01,9.662550906499226544e-01,1.000000000000000000e+00
-2.161999781366512677e-02,-3.191434971252273822e-01,-3.884995396484842382e-03,4.627317505056104396e-01,9.322103098675277311e-01,1.706912338261849849e+00,-6.318546656026022834e-01,4.540644063536229957e-01,-1.740699225827696539e+00,1.528465755324142972e+00,1.899402225641705355e+00,-1.629580562765526597e-01,-6.859543984260204619e-01,6.097752935252005457e-01,-7.057993079308938489e-01,-3.532972552471285721e-01,1.727964082466798001e-01,2.211651072583799976e-02,-8.731755141360342254e-02,1.579101431544291945e+00,0.000000000000000000e+00
-4.929947643220566333e-01,1.122364462249389183e-01,1.372600196432851583e-01,8.066260482219763661e-01,1.481102322297283003e-01,4.893120638137894440e-01,-8.373308594078067435e-02,9.110688982627983545e-01,-1.962599708936481502e+00,5.850815473889967727e-02,2.065514640167108951e+00,2.493693332335995549e-01,-1.079190694255875993e-01,-1.096990558851421937e+00,2.265537091725695618e+00,2.429582969620554603e-02,-3.362639937905221865e-01,1.334039951190074402e-01,-1.190988034493455805e+00,-7.918247696882281250e-01,1.000000000000000000e+00
-7.122719259236728329e-01,1.340872741483052633e-01,7.589713622666843795e-01,3.150238020276480699e-01,-1.864720126969031111e-01,-8.465902392924151698e-01,2.627551870035937043e+00,-1.337612766959217936e+00,4.553791873013304792e-01,-3.620791715738855832e-01,2.341998277980171794e-01,-1.121494750627352877e-01,-3.231498892622488017e-01,-8.995119898281188631e-01,-1.184401257785017814e+00,-9.100964618075104706e-01,2.017354507422113308e-01,8.436766331163615684e-02,-9.532223692090368017e-01,-4.420819266655142132e-01,0.000000000000000000e+00
1.426297347257055037e+00,-1.036123112758119413e+00,-4.381896602996662726e-01,-4.819579143243967190e-01,7.633978408839047214e-01,2.594415644454478032e-01,7.021172701962019591e-01,1.239884029610634153e+00,-2.667326643501773953e-01,-1.017217528087091649e+00,2.375335304508786327e-01,1.808699313056963298e+00,6.684315283293049692e-01,-4.339410374852492036e-01,4.989476959204312556e-01,1.463878656379262511e+00,6.545888330150504419e-01,1.046721258192329085e+00,-3.025115347226698947e-01,1.025467765274127974e+00,1.000000000000000000e+00
-1.983553100436384664e+00,-4.771277929055912637e-01,-7.442932480986113042e-01,1.351865509795268538e+00,1.271990461668734140e-01,-1.025851372173808562e-01,-1.107114560396831981e+00,-7.745421002218021433e-01,-5.100240665879173241e-01,7.507051847405400435e-01,-1.330922021354957074e+00,-2.746681302542739456e-01,-6.659977708141502362e-01,-1.290085839767226128e+00,-7.453287864676235719e-01,7.772675002317140924e-01,3.869868850753393485e-01,-1.511973461132005925e+00,-3.861213314149936626e-01,6.251120173229357535e-01,0.000000000000000000e+00
1.635670829997352138e-01,7.460743561927082323e-01,7.982277543095442907e-01,1.101567303397008729e-01,-1.332580697696827521e+00,-1.312284943445883867e+00,2.939838892107717316e-01,9.309925104277243513e-01,1.768642715003852783e-01,1.263287043352600003e+00,-4.182693055982321662e-01,-1.542152140923786496e-01,4.760514894837214461e-01,-1.688822514678414377e+00,5.172592905693180754e-01,1.569950904977130968e+00,-1.498710243033784417e+00,-7.453288425553962204e-01,-1.725833993163724545e+00,1.601413155368990981e+00,0.000000000000000000e+00
5.453252544594489049e-01,-1.592641882687064747e+00,8.551312114191892411e-01,9.351931277220014715e-01,4.156618755882119931e-01,-2.063494364455731311e+00,-6.347877924643150482e-01,-2.029849037956299007e+00,-8.692292889993106231e-01,4.990708279249426726e-01,1.402898913212618393e+00,-1.053669274095816594e-01,4.249902037496030016e-01,1.386704193742726021e-01,-4.544308482324230236e-02,-1.340457446867989733e-01,-3.332966121359229872e-01,-1.656586269910730047e-01,-1.230392074585189566e-01,8.557692498911824153e-01,1.000000000000000000e+00
1.052384811871513115e+00,-4.022504364381940256e-01,-2.420482931320375453e-01,-2.331288059233659116e+00,-3.626822344346373184e-01,-4.020424854634724876e-01,5.249530132376626357e-01,1.179083467276933472e+00,-1.955391616429723312e-01,1.719857545204125093e-01,1.496252821352845874e+00,4.376689791586375611e-01,2.433263279951278779e+00,8.624758535661191106e-01,-1.583269144939492445e+00,2.522514435756960660e-01,-8.437793875887460437e-01,7.851564037512044625e-02,-6.419336779941159365e-02,1.266134396024228004e-01,1.000000000000000000e+00
-2.782561168463618118e-01,-1.214566356707487582e+00,-1.130375143113176772e+00,2.706759119122135182e-01,-2.038588675781083381e-01,-1.558442928279998863e-01,-1.772920874447890371e+00,-1.790519014587467650e+00,5.293700902721835133e-01,1.009295070778278403e+00,4.254634966197093360e-01,-1.782471263888545820e+00,2.913220619539718670e-01,5.289822034545108020e-02,5.636553959912252720e-01,8.032839481486551136e-01,-1.960206519660589564e+00,-8.144690664521805346e-01,6.571332511764240714e-01,1.023579415918502433e-01,1.000000000000000000e+00
-2.030700900653580110e+00,1.900059237751348384e-01,-2.124388787276851043e-01,-1.663153366488189233e+00,3.975726552609163966e-01,1.137152340460892974e+00,5.140879282745094425e-01,-2.180216653243454150e+00,1.811883704649779547e+00,7.335218877218496747e-01,1.299727897026311974e+00,1.574008614157958563e+00,-6.341806384315934464e-01,-7.742819600893589005e-01,1.626367440382497476e+00,1.067950702353660242e-01,4.047866684959572359e-01,-7.543342491646541914e-01,1.564689186490297645e+00,-1.968212746667129087e+00,0.000000000000000000e+00
9.692936205462385768e-01,-2.979634582605074633e-01,4.125344325959979797e-01,-4.138571202345039390e-01,-1.298867192980198926e+00,-1.386182197779682213e+00,1.095537280037259809e+00,2.337405577191065120e-01,-9.879163213170659708e-01,-1.751557615269633494e+00,1.417673780518741822e+00,-4.419810336095285064e-01,1.390248341975307111e+00,4.964746353174109839e-01,3.841405099722703387e-01,-7.591472000080830007e-01,4.897971877014004050e-02,2.406825230977304719e-01,9.434403188310699906e-02,-1.137075855126093105e+00,1.000000000000000000e+00
1.925869511542511514e+00,3.384456170265947583e-01,7.357970429781517385e-01,3.078452577113145461e-01,1.106795725965824095e+00,2.390587992466388922e-01,8.926466020573697868e-01,1.176824146544018790e+00,1.527707711347194540e-02,1.823129773955317168e+00,-1.272214447625833911e+00,-1.218720468963556902e+00,-2.196913589904804009e+00,-3.170988732735795512e+00,1.105597893622544792e+00,5.689242215901983979e-01,1.080378279106788408e+00,-1.728328057974066079e+00,8.340089324651417391e-02,-4.841187487431928282e-01,1.000000000000000000e+00
-3.010106046001749247e-01,3.164718256337521463e-01,-9.979969418853004148e-01,2.037907620737317294e-01,1.466679925010872410e+00,1.133526455320985171e+00,2.319198956186620642e+00,-4.405081203827068137e-01,1.075490110320947990e-01,3.199138986376884319e-01,1.375734789794374191e-01,-1.181751433415973107e+00,-2.888390004828010615e-02,1.409141038013353109e+00,-1.013797034646917616e+00,1.458264689446815421e-01,-5.740315703152766291e-01,-2.227132328345280132e-01,-1.586236198228820449e+00,8.028028254330317193e-01,1.000000000000000000e+00
7.795309854479204326e-02,1.119401095797525114e+00,-1.408592353370440753e+00,-6.100500612554627944e-01,-1.079762922509544115e-01,1.546416131677597505e+00,-7.194967466514878840e-01,1.843165048628627067e+00,3.865832754826128981e-01,8.803814407413793064e-02,-1.621822636049735644e-01,-7.024143279371576343e-01,-2.987516282946344193e-01,1.053180236096484146e+00,-1.421979581476326526e+00,-3.151228741228618846e-01,-6.517431077257078709e-01,9.946844836915059718e-01,-1.021391046682102344e+00,-9.443899476478689881e-01,0.000000000000000000e+00
3.460615781837579341e-01,-6.414432908252013510e-01,-5.276588618463432523e-01,-7.640967335794696114e-01,6.045799935068287834e-01,-8.913974738563078537e-01,-2.319500925854216078e+00,8.456658854014071913e-01,-1.201691970751818994e+00,9.598629837685771493e-01,4.444628852259788210e-01,-9.644624335830133122e-01,4.676868672204959054e-01,-1.972498774236391972e+00,-6.480086721576179265e-01,-2.601528704052796237e-01,5.030751611199899553e-01,-1.671606327875156062e+00,2.581603528802877134e-01,5.155053266276790058e-01,1.000000000000000000e+00
-7.172368906348306483e-01,6.140672302249380321e-01,-1.582308626005858532e+00,-1.024386985427485630e+00,6.874821507495861850e-01,-9.434584250708822895e-01,-1.962229032838749498e+00,1.125435792311376026e+00,3.187102574480814299e-02,-1.562666459762902749e+00,6.995824044404683750e-01,-4.299987481887534990e-01,-5.223018885069834472e-01,-3.040938774410050782e-01,2.135638397695848734e-01,5.492802876721466498e-01,1.020043699374367119e+00,-3.084920244803668887e-01,1.283504253708909859e+00,-1.149496233878837037e+00,0.000000000000000000e+00
-2.919075282854227682e-01,5.134699251578280776e-01,2.212554638727388223e+00,1.490132817450816161e+00,1.691257944867142760e-01,-1.034323935629493652e-01,1.082608339941389941e+00,2.769341566384403430e-01,1.712691361104546062e-01,6.078162849921096011e-01,6.033914292354217723e-01,2.819768579025080588e-02,-1.482553269280173058e+00,-1.609978896910325474e+00,1.525204262446217207e+00,-1.803518480097371146e+00,6.361757328372407150e-01,2.385521070432902457e-01,-6.896962515822717688e-01,-1.041370357832237664e-01,1.000000000000000000e+00
6.804046124020541875e-01,-3.432162328303989263e-01,1.342969396590822706e+00,2.618249155836079312e-01,-7.698550162339372616e-01,1.768907208562827682e-01,9.717959131973469278e-01,-1.955832619602874967e-01,6.210900317755665423e-01,1.156698395963945636e+00,-6.375041229447285795e-01,5.559864568880985569e-01,1.265941151031402923e+00,1.411973004687065547e+00,5.884304292160944527e-01,4.745263843947509219e-01,-1.337219447157099506e+00,-1.927441453429676321e-01,6.924412262915521366e-01,3.199425891819636658e-01,0.000000000000000000e+00
-1.279919928005413543e-01,1.329560200998530228e-01,-9.317943825235511235e-02,6.063733745505509587e-01,4.200325879794436501e-02,1.157045886815135205e+00,-1.343430601971057348e+00,-1.058457107240428297e+00,-8.675145109896319484e-01,-6.324025559841171817e-02,5.529684646056074460e-01,-2.376153014374220884e+00,-1.622984574264398683e+00,-8.175018061401501113e-01,-1.998185212047647541e+00,6.899438534762576403e-01,4.879513058235935286e-01,-2.171345754747689760e+00,4.460322228653084142e-01,1.757725931029790190e-01,1.000000000000000000e+00
-8.599270543887395368e-02,1.134526495867427709e+00,3.653483443866442082e-01,-1.961804138977859102e+00,3.278991600782650562e-02,-2.454138675626950650e-01,-7.707675417943636587e-02,-1.150404458116282447e+00,-1.435812733686722353e+00,-1.672991816493260675e+00,-1.019000560612426165e+00,1.090517911618410940e+00,-1.997900993204182185e-01,1.153984445029477002e-01,5.337733634112359349e-01,1.748865664616174598e-01,1.090200759375159478e+00,2.636045628328606005e-01,5.283556305564116595e-01,-5.674497683726008601e-01,0.000000000000000000e+00
-1.304888719348932913e+00,-1.059268575667272838e+00,-2.637149880479530695e-01,-1.002257359937849479e+00,-1.212111556343302560e-01,-2.073929166758711418e+00,1.478357285401780352e+00,9.258977252485468545e-01,-1.955664628782558534e+00,-1.353183687048374662e+00,-4.638012779164529253e-01,-1.256643097130147879e+00,1.391981858305008368e-01,5.616711568111728559e-01,-1.550927698960194556e+00,5.917902534595270714e-01,1.312453857304437976e+00,1.063169992728319357e+00,-3.199212535568282334e+00,8.895335836046158740e-01,0.000000000000000000e+00
-4.744926957828641823e-01,-9.169923783319475774e-01,-1.150834161668911892e-01,-1.567932174282507529e-01,1.430096875868311024e+00,-5.293898741765700189e-01,1.269685457850965982e+00,-1.271964352305756218e+00,-4.726919627328163287e-01,6.390840529360221067e-01,2.434081426284796443e-02,-8.677480291517767341e-01,7.573962253139777667e-01,-3.930262325861479389e-01,-5.924109300943734002e-01,-1.281954143005238356e+00,9.651079127513512157e-01,-1.002504619858276547e+00,-1.297181652717371403e+00,3.342446331094929279e-01,1.000000000000000000e+00
1.082634870523095483e+00,2.389574924215211449e-01,1.601728151569520975e+00,-4.925727766190816648e-01,6.029594251735127530e-01,1.601927496802204365e+00,5.005906015104287787e-01,1.481346555141067833e+00,-1.594904666780144531e+00,-8.828402141419491866e-02,-1.278878094226343576e+00,6.938088164643165801e-01,-9.297400154666962679e-02,4.346459375771583554e-03,1.186564460372556473e+00,9.192635983935173449e-01,6.909926058261923743e-01,4.412887803751595617e-01,-1.597127081991571274e+00,-5.493572681584170114e-01,1.000000000000000000e+00
1.920945477507642440e+00,-5.543352512104972041e-01,-6.343018553048239694e-01,-6.408581790522954735e-02,-9.553874593990232533e-01,8.741097663938516282e-01,-6.687214189011480014e-01,6.074728830389973799e-01,1.804719200726303263e-01,2.932332878172703161e-01,2.611251560642413594e-01,-1.904335484674420265e+00,-6.199530068234764268e-01,-8.709210364048728392e-01,2.137689433088382440e+00,-9.982230569910723883e-01,-1.509781095212964219e+00,-3.027558202780983310e-01,7.139297665698721707e-01,-5.440555636492593328e-01,1.000000000000000000e+00
5.580594253733427434e-01,-6.286129010887698820e-01,2.830983934248244349e+00,-8.163776311480337722e-02,7.816494539414011733e-01,1.576011098925475529e-01,1.398587305646758150e+00,-1.118946919690462893e+00,-3.720301931372569926e-01,-8.987969511846520820e-01,7.714117429912510371e-01,-1.841073441890149764e-01,-6.686206596408670322e-01,2.136821822826535655e+00,2.697528087541173125e+00,-2.482436061902461688e+00,-6.345084404751528684e-01,-4.692501172859625536e-01,-1.140138615447232828e+00,6.388267950235378967e-01,1.000000000000000000e+00
-6.937560641758121482e-01,8.230315898195372792e-02,6.452393614116121168e-02,-4.389993073430499826e-01,-6.471359708408640499e-01,1.100196926286321819e+00,-1.034350798586627818e+00,-1.656101127027911568e+00,2.291314792022346669e+00,-1.288254749732148652e-01,-1.151916987822372951e+00,1.894959333769033805e+00,2.426737430756882752e+00,-4.782500826727786869e-01,1.592561585835861049e+00,-5.002114341158034883e-01,-1.419931916391502069e+00,1.998776309092530068e-01,-2.348826690013277041e-01,-4.113221244614617689e-01,1.000000000000000000e+00
-9.525741685209735410e-01,-4.716710956305446567e-01,7.312747594034201271e-01,-1.210798909237399967e-01,1.454241834670926714e+00,1.362649479715721812e+00,-3.256472484870434059e-01,-8.474212034336691124e-01,-1.873622484934150956e-01,4.560649214847111721e-01,5.372450913585484766e-01,-1.708483905473988651e+00,-6.755179373731058368e-01,-7.138332595647539636e-01,-4.974628491624032423e-01,-8.754534549447529068e-01,-5.077119125205316053e-01,4.730514590774417272e-01,1.386199726470704219e+00,-4.444509779598359023e-01,1.000000000000000000e+00
1.256165325243604247e+00,-1.638176797982618949e+00,2.038188477280043764e-01,9.981102956850147478e-01,3.104919152715114247e-02,-1.241057715705677689e+00,-1.488403891939015677e+00,-1.633135988589523357e+00,3.178176895447307193e-02,2.396732096494477715e-01,7.593923320380254749e-01,7.135660284710896306e-01,-1.773758826895176055e+00,1.837847602052908202e+00,3.383738238744751770e-01,2.036516711608951979e+00,1.084763448194937752e+00,1.219576143254571532e+00,-1.939878339716901434e-01,-8.604265784883180501e-01,1.000000000000000000e+00
-1.537241017814084953e-01,-7.006805702849164819e-01,7.473664060253787378e-01,-5.767880117720273203e-01,2.113350383503461494e+00,-3.341859568738703712e-01,7.069141876071408093e-02,-1.725745807366116713e+00,9.365120733742269277e-01,2.297295429790721100e-01,-7.471572974081461815e-01,3.955874068926545362e-01,-5.835433390694565459e-01,-1.296744583128697004e+00,-3.432317073754325709e-01,4.500319915559388706e-01,1.136057933196944925e+00,-2.917045081568003240e-01,2.566002146280570440e-01,6.686092693607439408e-01,1.000000000000000000e+00
-7.828951236986414486e-01,1.100924449550776396e+00,-2.232166800478346591e+00,-2.929482731359117076e-01,4.015818713342112489e-01,-2.058820567980855554e+00,-3.383118987836511993e-01,-9.563209609941987210e-01,-4.681697668948538171e-02,5.222809834314529054e-01,4.814781770315967879e-01,-8.321925852602831686e-01,-1.596735580329750048e-01,9.497149491662970622e-01,3.956690958232870758e-01,-1.003801333026694831e+00,2.199333010632538610e+00,6.581883989392031120e-01,7.441467593152675253e-01,1.014408001313503727e+00,0.000000000000000000e+00
1.887975409107858438e+00,-7.700479463264885416e-01,-1.536394356775918346e-01,9.453197887638472574e-01,1.075156569917232519e+00,-1.040030322746160030e+00,1.532671552198189735e+00,3.157102282738231125e-01,-3.118957038528605633e-02,5.681348213472533493e-01,2.455217923744468234e-01,1.517599205601527224e-01,1.567511673039936049e-01,-1.780158200821799763e-01,2.139001029157812928e-01,-1.238898895598873895e-01,-9.536516284091021145e-01,1.076096694108171548e+00,-1.888758485059472747e+00,6.043856854147677121e-02,1.000000000000000000e+00
8.347385923826352583e-01,-1.507946997024580238e+00,-8.785409774899455293e-01,1.237357095754006986e+00,8.925562371945344742e-01,6.195009117566472323e-01,3.657256763015599987e-01,-9.902684451391543519e-01,-6.832442083238110531e-01,-2.328982320767677139e-01,1.428098688554306328e+00,1.395690380397594188e+00,5.823300774639725841e-01,-5.486834134145319730e-01,1.381980918735798980e+00,5.287755591910471287e-01,1.554702428739656028e+00,-1.127806729979200950e+00,1.427059426661014471e-02,2.122871236580305687e-01,1.000000000000000000e+00
-5.806421194313424738e-01,-1.635013343450885115e+00,8.648417114305020359e-01,-1.602073589924586372e+00,4.464787115655067251e-01,6.732950242384134754e-01,-2.646681526444628618e-01,-8.098463353702683998e-02,1.004252731682910182e+00,1.496954348577812233e-01,-2.445610746780113309e-01,5.896417382204313107e-01,-9.986344513002688439e-01,4.678947771414965762e-01,-1.598070149530198547e+00,-1.196351604474836794e+00,-1.064222993064358302e+00,8.037074371713455179e-01,-1.105727557928572052e-01,1.452829168335019183e+00,1.000000000000000000e+00
8.799598410737171639e-01,-1.579427914810784817e+00,-7.457140614352508745e-01,-2.839923801642335599e-01,5.404177908012467446e-01,2.405569758641124267e-01,-2.177446585462360362e-01,-2.723227200089671229e-01,-8.962583577356887377e-01,-6.173778405029467509e-01,-2.646680749460658122e-01,4.755177170992320179e-01,-2.105213530152154067e-01,-1.765089660863923271e+00,6.449490589649731209e-01,-3.615182851353612725e-02,1.284631491014176286e+00,1.881998606871307100e-01,-4.397519398608815827e-02,1.811915876947802762e+00,1.000000000000000000e+00
-3.407127068611868759e-01,4.579399295371895384e-01,-9.704992496002903812e-02,-7.015640786017688368e-01,-2.282312700917033810e-01,-1.301966257299384200e+00,-1.568169471240606683e+00,4.812846206441146468e-01,5.411420756718007263e-01,1.185246965800371033e+00,-6.982740917878942355e-01,1.200443434021947198e+00,-2.705806977087796383e+00,-9.799850467756437977e-02,-2.346056417612582823e-01,-6.263856505309454148e-01,-1.729081651702944367e+00,-7.328368942196934466e-01,-9.693840243769487330e-02,1.653036087952848510e+00,1.000000000000000000e+00
6.255145993433200990e-01,1.205825419195722947e+00,1.812533759031333735e+00,-7.391941138064058725e-01,3.883910200308007127e-02,-9.079003439553362531e-01,4.746696681782557881e-01,-8.126492856321638758e-01,-3.325090191674253681e-01,9.581484429115222357e-02,-1.929216963957129716e+00,-1.284183318716128452e+00,-4.940086502826323001e-01,3.144999035439306478e-01,3.138998263674793732e-01,-4.143327440506830439e-01,-1.289706279065297334e+00,-7.114933608170104229e-02,-9.525980583501634236e-01,-4.929789108625421412e-01,0.000000000000000000e+00
-3.559895414518943757e-01,8.765813480498981791e-01,3.652943569159834980e-01,-3.853275679817227406e-01,1.033901652541088234e+00,6.087930795764738834e-01,1.623154923000682315e+00,-2.077280293245673259e-01,1.042137151352169999e+00,4.248116060154383256e-01,-5.127170145736184015e-01,3.795288438343720205e-01,-1.012569194146695634e-01,2.087705736229402420e-01,3.854155863267722526e-01,5.667774999412126258e-01,-3.892859078151995056e-01,4.287457254752016778e-01,-2.586753734068470756e+00,7.087784637428402590e-01,0.000000000000000000e+00
-4.326150714150679422e-01,4.176884449533810884e-01,-7.763579460071147187e-01,3.422358661371738831e-01,1.228041641909892734e+00,-5.261258001572106657e-01,1.520344129555329049e+00,3.507617921475391087e-01,-6.323126433001831082e-01,4.599783229980943244e-01,-1.553048232899036041e+00,-7.602684317454956320e-01,-1.038103701445583615e+00,4.769876973019362421e-01,-1.017641149498991204e+00,-1.621350243296530103e+00,3.140309682111681600e-01,-4.400966626117298608e-01,-6.798047299229859064e-01,-6.143029138033289094e-01,1.000000000000000000e+00
-5.312124924795392777e-01,-3.920264881695212367e-01,-2.161684816530246023e-01,2.774586458868447680e-01,-1.758386046514014422e-01,-2.148588103491185786e-01,2.762570726737811344e-01,-3.823134170442578084e-01,1.484465726742784653e-01,3.159588680288105134e-01,5.969748805896489818e-01,-4.823709495098146283e-01,9.844876507587549952e-01,8.152235613601753750e-01,1.485921147370258544e-01,-4.608359769697602526e-01,7.783590939413211895e-01,-1.153203170221642981e+00,-8.832583104824957010e-01,-1.542763337542110147e+00,1.000000000000000000e+00
3.890574768467884303e-01,-1.792511887887369149e+00,-6.175586135519455233e-01,-1.773752432433789439e+00,3.630076159073232778e-01,-3.170768873846890878e-01,-4.132033286219324864e-01,1.115769341797183234e+00,-5.503388640091503303e-01,3.556993369438336550e-01,-1.398018814240999497e+00,-1.210977145217043249e+00,2.541804883692561079e-01,3.560562046022685417e-02,-4.793934252449833650e-02,-3.450109560030921729e-01,1.206165526220362105e+00,1.481709661683588530e+00,-7.627932889648050274e-01,1.504993060362980195e+00,1.000000000000000000e+00
1.952810680718280789e+00,-1.587495623635529984e+00,-2.320989498759835623e-01,4.808950091163710638e-01,1.173098611905836197e+00,-3.498307079967041128e-02,-1.778203326730954048e+00,6.208349127290708758e-01,-7.040877564241891928e-01,7.191346082377078064e-01,2.346188388958613535e-01,-2.318857954714375058e+00,-8.162013865519457401e-02,-8.081819874966095218e-01,6.864220530047123736e-01,1.789459377939439433e+00,-4.887120377811920990e-02,-5.711426333226665708e-01,-8.569545840061446595e-01,3.523124722173327505e-01,1.000000000000000000e+00
3.433670960793526548e-03,1.525831073666029658e-01,-8.520248636359329941e-01,-6.854491020000842427e-01,-2.921682473901375809e-01,8.141343971906238597e-01,-8.608992883377718230e-02,-5.641129614133718606e-01,-5.701026318611447374e-01,-8.826144662210224645e-01,-1.080498310315116894e+00,-3.184784951297491701e-02,-1.976422452090251802e+00,-2.441189331845949329e-01,1.093215467069731384e+00,8.506999557516113919e-01,-2.942644240269618600e-02,1.588451404930811162e+00,-2.608669203468356318e-02,-7.440026660522344182e-01,1.000000000000000000e+00
1.468489783896127943e+00,-1.058409094519908056e+00,-9.178997043365899611e-01,-7.984462386570664316e-01,-1.342771998703486513e+00,-5.795623518506515248e-01,8.426046759597479729e-01,1.757298020596694599e+00,-2.371212751008778596e+00,-6.153444628611624140e-02,-7.684895905356283752e-01,5.098249001561289129e-01,4.750607489118887083e-01,-3.263472298504457858e-01,3.861398157371906392e-01,-8.124766775882914516e-01,4.557860656929787480e-01,2.003401035289248122e-01,4.921439239206403249e-01,7.553545217228954112e-01,1.000000000000000000e+00
-5.402670183507320978e-01,1.069352153113619780e-01,1.832367547816664277e-01,7.861834807737626551e-01,1.800583219050448269e+00,6.333796310108052996e-01,-1.496833784846471616e-01,5.856095293625731557e-01,-7.142433411822950440e-01,-3.032556811037214750e-01,1.029241311884564913e+00,-1.196947922383453156e+00,5.131215306935921205e-01,-1.833216833829633297e+00,-8.576515920901188750e-01,-8.218804076721838436e-01,1.118619381438552995e+00,2.164951474185960179e-01,-6.166367629972268061e-01,1.679695549871089710e+00,1.000000000000000000e+00
6.196968634305168866e-01,1.367755658627207271e+00,-1.343065838590521643e+00,-1.100836378730359666e+00,7.832183361428047830e-01,1.092921826755427261e+00,-5.429301887536018834e-01,-5.371223209089860395e-01,-2.335828610273193440e-01,-1.041045807224523778e-01,-6.168066709261961211e-01,4.634460708426942355e-01,-1.212297757660291131e+00,1.604636833270140839e+00,-1.766883433294418881e-01,6.016177712408418005e-02,-5.863814526327455479e-01,-5.278437208217773291e-01,-1.773716182086814142e+00,-9.411793570561243216e-01,0.000000000000000000e+00
-4.411386145312344853e-01,2.257687894517840910e+00,-1.931393281369219173e+00,-3.091235678649201790e-01,-6.231249143831055909e-02,8.146774471650278793e-01,-8.142937505263629916e-01,-5.441385404941661008e-01,-6.657055929275881301e-01,1.274773127863827238e+00,1.520472545410491261e+00,4.379944565216178365e-01,-1.507757551539395724e+00,9.802184700012686047e-01,1.770403830180953264e-01,-6.222637406462255133e-02,6.925729327436008775e-02,-1.941409108131824171e-02,4.850156787435572769e-01,-1.070079815774795495e+00,0.000000000000000000e+00
-1.382516382030892110e+00,-8.286866078402080338e-02,4.747559043884937435e-01,4.551229106103253375e-01,6.693340381656544269e-02,8.963366053526533594e-01,-1.477346026976091187e+00,-1.105000996321016740e-02,5.491275922972396195e-01,-2.322362576459167105e-01,1.329618549170954678e+00,7.861202461272496222e-01,-3.014677742384888615e-01,-4.626651810089471573e-01,-2.999870719252341722e+00,-1.108807151295439830e+00,-2.962927955416269077e-01,-1.519734415893786661e+00,-1.178474191416238881e+00,-1.133940221671835058e+00,0.000000000000000000e+00
8.880903965672110045e-01,-4.068720527586991431e-01,1.522025131355137617e+00,-8.199182759122132236e-01,-1.012647277989239925e+00,3.959244880257890009e-01,-1.689635780235816620e+00,-7.574358249486043970e-01,6.882242111138398011e-01,-1.674177693952675350e+00,2.908654746890995679e-01,5.796150603391064110e-02,-4.718111173807248981e-01,5.908481301922871021e-01,-5.543432251858839699e-01,-8.497822257932726719e-01,2.231836167076034771e-01,-2.586025158140322147e-02,2.365918521344362091e+00,-7.185587554179886371e-01,1.000000000000000000e+00
-6.305781973870823176e-01,1.616881633887020220e+00,2.118970456340047992e-01,-6.060873128823910383e-01,6.968854678323990193e-01,-1.933005890728101694e-01,-1.073812917918574916e+00,-6.998626382472823426e-01,-6.380853410869351539e-01,9.837146427738771015e-01,-3.229656360824712524e-01,-3.642368493302718391e-01,7.363407755068827054e-01,-1.293358399819957150e+00,-6.313593708914592151e-01,1.069713409175520491e+00,2.163960526591396150e+00,-1.480624328177496007e+00,1.833823543370130260e-01,9.745643751422798928e-01,0.000000000000000000e+00
1.099746867974495723e+00,4.932758649464280554e-01,-5.878884079144249819e-01,-1.228129394204031000e+00,2.257037068322642615e-01,-1.435530406961883776e-01,2.457794250178294004e-02,2.264147762664653618e-01,-2.300773735254020291e+00,3.288897602916382557e+00,-5.874935659549593847e-01,2.052990090835201953e-01,1.030809483598193799e+00,-5.988193810870655609e-01,-2.972190560539020865e-01,3.430733768688491447e-01,-9.445273207957222139e-01,1.803235262278206630e+00,8.973013530332046850e-01,-8.158862635208606884e-01,0.000000000000000000e+00
1.837891370936914348e-01,1.273903011188726175e+00,-4.387074093211565939e-01,9.665271307085735453e-01,6.976623161963296793e-01,-9.755394641128435351e-01,-6.414631650233211246e-01,-4.982304256594410341e-01,7.845470083953345886e-02,6.943420374689918129e-01,-9.918608165258480103e-01,1.633512304983881336e+00,-3.466614856102391840e-01,2.515298563660048892e-01,7.836345339987522696e-01,4.123510572464317292e-01,-1.642183760583959540e+00,4.786262263310669951e-02,1.659457474969151081e+00,1.435492084833547954e+00,0.000000000000000000e+00
3.931024480281259392e-01,-1.395057703148598449e+00,-2.170807119348711900e-01,-6.826748339433938995e-01,1.520303643549614447e+00,-9.981529163264430959e-01,-1.124843918075278726e+00,-5.429987533571555697e-02,-5.774480208335720510e-01,6.781509115055183168e-01,1.512305069730934259e-01,1.727144461345283766e+00,4.680140467884753019e-01,2.977026225397746972e-01,4.773986347341733771e-01,-2.382460782820845502e+00,4.803269247676034692e-01,-2.032659596276102931e+00,-5.537890753599522542e-01,2.766641917638588688e-01,1.000000000000000000e+00
2.147079368971089308e-01,-7.102225030329792910e-01,-5.932722569021646290e-03,-1.493869351799200107e+00,4.182051351589495258e-01,7.890810430100364536e-01,6.586880248091431245e-01,-1.867094598891018364e+00,-1.116948047024379775e+00,-4.343561379865370498e-01,5.170260419464093316e-01,5.867248990518859619e-01,3.629166622413012022e-01,3.010397037820557453e-01,3.361130948493661896e-01,-1.731872473080635855e+00,4.925736922741514867e-01,-3.106909124419166002e-01,1.023199252351459476e+00,-5.355653462847523860e-01,1.000000000000000000e+00
-8.496517344108144298e-01,1.090185540798059405e+00,1.667131341060925642e+00,-6.719612831277049780e-01,-8.008185339073987663e-01,4.674474138969177406e-01,-4.304143121734835264e-01,-8.481822595502612749e-01,1.851037770593421394e-01,-1.105533704288117258e+00,1.987916713978974403e+00,-2.029423016995152845e-02,2.242794847541855763e+00,-4.081796654528099255e-01,1.704246207230117660e+00,-5.268591286285797537e-01,1.182017029685313192e+00,-6.386522348771778157e-01,-1.112998920122190150e+00,-6.117044321279673236e-01,0.000000000000000000e+00
-1.094421959746895379e+00,1.232800140977651226e+00,-4.627323889478795471e-01,-1.810631539738281504e+00,-9.651266787492066568e-01,1.091121305737042357e+00,1.115788895579524764e+00,-4.329820014653349425e-01,6.501050412744511231e-01,8.728708544598992591e-02,5.117294416546345204e-01,1.154508854800510465e+00,-1.018983522816061082e+00,-1.615608015471075021e+00,1.591451442654864490e+00,-4.296888302906875512e-01,-9.302158677626772842e-01,-1.162193299526726870e-01,2.450024456760216296e+00,9.159655536884082627e-01,1.000000000000000000e+00
1.174356720797386844e+00,-4.849742392146078052e-01,1.042793892973762127e+00,4.203733498062648538e-02,-9.466453142226417539e-01,2.169087223698181077e+00,4.799171916637592905e-02,-8.457462224391639749e-01,8.089761690963488405e-01,-1.220270080110485100e+00,-1.652892783880938188e+00,-1.317878814210340144e+00,-8.267686579927743251e-01,-2.335684479253770984e+00,-1.683515961102029390e+00,5.840175497949416927e-01,-1.006294616121557794e+00,-1.197074816755978821e+00,3.631936205403737961e-01,-2.797500019602197074e-01,1.000000000000000000e+00
-1.498830146873491698e+00,-1.505097134053086372e-01,-1.825660737767066388e+00,-1.136700057057831170e+00,4.375698538417563954e-01,2.059574889104665851e-01,-3.029712437444818107e-01,-1.799377321153542708e-01,-4.525434724125891317e-01,1.575525842669541987e+00,-9.745141902410931270e-03,9.511850049632813997e-01,-8.926258813356114930e-01,3.566075523468504871e-01,7.165647652376359034e-01,1.505089831087456309e+00,-1.243191442131404090e+00,1.244013163558497004e+00,4.772043218059437431e-01,1.653167390457039643e+00,0.000000000000000000e+00
-5.474063984009551742e-01,-1.164135383583871475e+00,-4.065497622191772131e-01,-4.639075674199188426e-01,-5.454856017911585697e-01,1.131901692820088817e-01,1.787923320338948852e+00,4.080495820610010593e-01,-1.530068785804852727e+00,-1.486346275057283117e-01,-1.894111806350185612e+00,4.073463258759833505e-01,6.104319620355687093e-01,-1.704239328418761801e-01,-2.508002833415819977e-01,1.172849471771923557e+00,1.274948356892557644e-01,-6.180362788671986962e-01,-3.754525305223422316e-01,-1.753648714659100216e+00,1.000000000000000000e+00
5.349411606936308461e-01,-1.107027943012014237e+00,-5.337297220162304789e-01,-2.116089678008456598e+00,1.659777892758050877e+00,8.181336183549010599e-01,-2.454509384367991875e-01,2.638510425019848782e+00,9.533780167719881904e-01,2.594237157833160223e-01,-1.427269723213663744e+00,-7.364667644570119243e-02,-1.072758384146409671e+00,8.718975268634152620e-01,-3.637922334626028098e-01,-1.157035212104052802e+00,2.162455018960333930e-01,-2.619149942966642747e-02,-1.170922354932275172e-01,-5.312244853766435737e-01,1.000000000000000000e+00
-2.424247229993804070e-02,-1.063526461636369547e+00,-8.599755962039898893e-01,-4.912982881233101673e-01,3.248984658522390823e-01,-5.676357857468549151e-01,4.668069975601226718e-01,7.199598136667709758e-01,-1.758400982108625499e+00,1.771658431615690921e+00,6.249021492352592189e-01,1.797695695677517413e+00,-4.973343943675300194e-01,1.114222120633444835e+00,-1.546502947106307424e+00,2.530020500844309267e-02,1.761820442463654657e-01,-1.294147705271177395e+00,7.421905283148559906e-01,-4.004910881339607820e-01,1.000000000000000000e+00
9.219458544183395388e-02,1.242295315566056768e+00,-1.114502899437282979e+00,-7.356245284383692296e-01,6.560152134156362891e-01,-3.103868475975891106e-01,8.356925707888628319e-01,-1.066641527442988346e+00,8.193595883837473393e-01,-3.906271136854129467e-02,1.210940716638926329e+00,-7.295792942178908058e-01,2.039403722402488572e+00,1.697835900718451363e+00,1.622779601562672314e+00,-1.045704686805839279e+00,2.672562184821148379e-01,-6.699568151824938367e-01,-8.493638020576104175e-01,1.150368058258814941e+00,0.000000000000000000e+00
5.568181927123271313e-01,-3.570870359898840607e-01,-2.023255435586016837e+00,8.906791679720673649e-01,1.772707010767430869e-01,-2.566775619350623594e-01,5.125142275812903936e-01,6.524915887898748990e-01,1.024805406687060882e+00,1.427605646050486843e-01,4.719755822455460881e-01,1.789781175636157018e+00,1.115127795699504709e+00,-7.307582237572594897e-02,-4.544792809766884378e-01,9.462000997083980236e-02,-1.005076178191130487e-01,-1.134331228311330708e+00,2.371510064895172853e-01,-1.198174513634699512e+00,0.000000000000000000e+00
-2.197816263728632258e+00,-2.121117235053039396e-01,-1.481342297355444648e+00,1.652377127391388312e+00,7.155534326272539047e-01,-3.097585374547657255e-01,3.463744014776973940e-02,7.924821881275470048e-01,8.736982515234401059e-02,1.387341358949746861e-01,8.956579370754537139e-01,1.086732677100385347e+00,8.050339758903837240e-01,1.590034744906595021e+00,-1.655101999128876900e+00,1.965932727935308932e-01,-3.014309504636448200e-01,-7.790472549877330843e-01,-3.884021081657133001e-01,-1.240572504940602450e-01,0.000000000000000000e+00
-1.525163870386873066e+00,9.778615641718435558e-01,-2.554113205546428844e-01,2.311398261291565392e-01,-1.489916960378261379e+00,1.673869309948471162e+00,7.407446393581675892e-01,-1.474733806243314627e+00,-1.264593394394754045e+00,5.985763302582922663e-01,2.364802826657486090e-01,1.003347414536343907e+00,-7.872117154023460239e-01,1.955362475713760873e+00,1.899859363790586730e+00,-9.926669077342177294e-01,-3.797296866718374853e-01,-7.627788493483322885e-01,-9.870375443774761105e-04,2.889602023491780969e+00,0.000000000000000000e+00
-1.126063575327086008e+00,8.623954608441448677e-01,1.211954301645546739e+00,-1.074431676539780112e+00,-1.373679728927283517e+00,5.526895738625162702e-01,-9.513494923820354776e-01,1.156160245323542446e+00,7.401212499670917211e-01,1.214797454074639571e+00,-3.322808522538260312e-01,-1.883045819481748762e+00,1.790998462771211885e+00,-7.405899624874405507e-02,6.097586196597825081e-01,1.017293353683002000e+00,-7.091961543553914060e-01,3.760694348034351320e-01,-1.098391738078249524e+00,3.869156768717584849e-01,0.000000000000000000e+00
-2.727707785399258178e-01,3.331832453276140638e-01,-1.942827711185969974e+00,-5.239331080097950899e-01,3.802931836605294991e-01,-4.597276832552944087e-02,-2.135341688267043680e-01,-5.302133570118788830e-01,-9.531103330260547457e-01,-3.304921450058685983e-01,-2.696513618472721197e-01,-6.039583692382330948e-01,5.496119193753787879e-01,-1.771098824220854961e+00,-5.012372221509494574e-01,1.004521172092511794e+00,-3.960408626848920255e-01,4.757692482373692688e-01,3.429885334057727886e-01,-1.414564540517323499e+00,1.000000000000000000e+00
-7.965816502437293722e-02,1.303940378140106437e+00,1.075054636298486584e-02,-1.700609522861695533e+00,-2.866040463733896537e-01,-1.697552200351996943e+00,-1.209791875624981028e+00,6.224417877148913369e-01,-4.348475378424810356e-01,9.551664970775887442e-02,-1.657236238477837187e+00,-5.107295990082539872e-01,-9.617161625647298040e-01,-1.870439357107112066e-02,-1.389763743956699216e+00,1.452214927301022529e+00,1.640061560334447277e+00,-1.793515626537497687e-01,-3.076937562923428016e-01,-1.441402060169596711e+00,0.000000000000000000e+00
3.160159974330509214e-01,1.638034960330385426e+00,-1.066652159625352397e-01,-2.055309678100357029e+00,5.035496327439861197e-01,-4.614772661734400372e-01,1.014726981461399724e+00,-5.016971938527844399e-01,-3.826672901634539103e-01,9.082981606250384310e-02,-3.999767209687903335e-01,6.166536137254839955e-01,4.234235529884136096e-01,3.197772269567774051e-01,1.732808149827367306e+00,-9.241168529970361645e-01,1.571154540625643303e+00,1.309284986644903004e+00,-1.311300877237171481e+00,-1.577169197486892327e-01,0.000000000000000000e+00
-9.483791150291578376e-01,4.186493459304482800e-01,-1.484659846087163157e-02,-1.006879350636554538e+00,1.392323863646717508e-01,8.827294210415495002e-01,-1.239853807071367831e+00,9.363569241938667354e-01,1.029507063116483073e-01,1.671413804368020228e+00,1.701678230365344602e+00,1.361877353306414573e+00,-1.360629383172126783e+00,1.662148761958706311e+00,1.283126188432764936e+00,2.220099790645872595e+00,-6.707625240945395140e-01,-1.338193239112474842e-01,-1.556333921964379918e+00,-2.806248758386156172e-01,0.000000000000000000e+00
-4.695777498150254248e-01,1.392438230947479205e+00,6.934881733994759934e-01,6.360991187430896643e-01,1.845942647936186787e-01,2.585782801284430832e+00,-1.745846394645559074e-01,9.272650267759634524e-01,1.389135673741746180e+00,2.099945292686903608e-01,9.915608712115683288e-01,-9.241945851662695943e-02,-8.936447911544366240e-01,-4.710519949496302927e-02,1.152769158723899179e-01,9.949871145459324717e-01,2.054538853108708540e+00,1.707920869385468388e+00,7.861572669783856160e-01,-5.766970800018516030e-01,0.000000000000000000e+00
-1.741676192161028869e+00,1.502176602605040490e+00,9.095035853840439666e-01,-6.401762103716747143e-01,-8.206144583779613200e-01,1.295144820657818219e+00,-1.589567081023738615e-01,9.407338678045650271e-01,-1.715204270390432661e+00,1.266111578780158897e+00,-1.311142166058119028e-02,-1.603310154662809017e+00,-1.429230880526510594e+00,-1.541511340200911295e+00,5.470954769879453616e-01,1.151867475367056581e+00,1.124044566316154237e+00,-2.201696766347307210e-01,7.202924960228705709e-02,4.174155086859647201e-01,0.000000000000000000e+00
2.047428471754344226e-01,-5.768550857128905696e-01,9.107927045633855689e-01,-6.590093325635181243e-01,-1.395663794368456889e+00,-5.021267034510792371e-01,7.772509351696597069e-01,-3.817320588691121008e-01,-6.150413617668949451e-01,-4.385109867627985381e-01,7.115304210405657415e-01,5.638157561625196657e-01,-3.284072945321424020e-01,-1.676215302940839424e-02,-2.341345460925589594e-01,1.334806459835375270e+00,-7.660725282925888724e-01,4.365000720494148223e-01,-9.771508539318152220e-01,-1.207301105489703374e+00,1.000000000000000000e+00
1.685740664973117031e+00,-6.274016009141973882e-01,2.646753648893719335e-01,4.292269406932047171e-01,1.068176925731990412e+00,-1.079364398713364315e+00,-5.698141595278342075e-01,-5.995326686008060069e-01,-8.863709917425990348e-01,-1.447036208776173005e+00,5.981549201072403621e-01,5.777587498481363548e-01,3.616274796182570861e-01,-2.996453168417246848e-01,-3.866538851608988248e-01,2.458583723954348710e-01,-1.598266540247120504e-01,-1.106489332337694753e+00,1.630197177496180094e+00,-1.381201265616567975e+00,1.000000000000000000e+00
-3.742697864404499752e-02,-1.765775125432383463e+00,2.970051741894008113e-01,1.256108184005639616e+00,4.682381320613901443e-01,-3.574149450257707028e-01,-6.727064862450987670e-01,-2.023205833940588505e+00,-7.081985045337578777e-01,8.528261287750366071e-01,-6.531855426705772683e-01,9.165354103347803649e-01,-1.033745444566150695e+00,-1.989719626769921978e+00,1.845335222473618364e+00,-6.075108621261008368e-01,5.719899194442477214e-02,4.237787520968600008e-01,4.791791873445614969e-01,-9.530873745865386937e-01,1.000000000000000000e+00
1.966692415216604872e-01,-7.266019347373273707e-01,-9.004881938666526864e-01,1.050236527715040502e+00,-8.749291456592256377e-01,1.174807251369039518e+00,-2.972542996776358915e-01,-1.286140535722236189e+00,-3.220154202313119107e-01,1.091147860793329372e+00,-2.781087493732334326e-01,5.835677832547314647e-01,-7.551376414551197458e-01,-1.467992137630798055e-01,2.253845370776227652e-01,3.660008311698498829e-01,1.007740464661667223e+00,9.729987912936083339e-01,-5.649422787329184681e-01,3.347001176235177566e-01,1.000000000000000000e+00
-2.094887301533831181e+00,-4.534550317049355628e-01,-9.604300030850456693e-01,-7.677635233008115456e-01,-5.732508029246455861e-01,8.629589686017028471e-01,2.608426941954904876e+00,-1.790247098914037549e+00,4.179659777028062462e-01,-8.955904403384801205e-01,4.715672896868015052e-01,-6.794053075595235525e-01,-4.080486304099218975e-01,-1.014800120264101269e+00,1.044481958156616264e+00,-6.998492695458371493e-01,2.169612247963620955e-01,1.084212427832977332e-01,6.776495558720146972e-01,-1.227484405705223880e+00,0.000000000000000000e+00
-9.308978510418029761e-02,3.520625028021506231e-01,-6.537048911020367781e-01,1.298376386627210777e-01,-2.134019808341924396e+00,4.590822599803225934e-01,9.145700341044901149e-01,-2.812378917658201694e+00,-4.062357045569027769e-01,-1.445349179917176263e+00,2.144644336766691861e+00,-1.329209589332271069e+00,-3.026620555040214766e-01,5.999556107639248542e-02,8.788768760368548261e-01,4.112304251952816903e-01,-2.559776599950536746e-01,1.372569278174636143e+00,5.015398513265511005e-01,-1.313375052648632808e-02,0.000000000000000000e+00
1.775095443301826004e+00,-4.668969015840954695e-01,-1.531848668617734832e+00,-1.895112617434617230e-01,-1.464080981547361660e+00,5.403534258423081660e-01,5.483344141694785900e-01,2.570172068717221925e-01,-7.783803546817461561e-01,1.519603673265580879e+00,2.625255749595316324e-02,1.332364947824447698e+00,9.895725058210990133e-01,-2.167002676754721247e+00,1.846791015020551180e-02,-2.248878283582868232e+00,4.548509022067746543e-01,6.220260867851367115e-01,-5.833550002189540340e-01,3.326903541512091222e-02,1.000000000000000000e+00
1.508725991042591197e+00,7.458015018796749773e-01,-3.379843475986152312e-02,2.868294068793091345e-01,-1.108801196438408798e+00,-6.176511065921179711e-01,-1.363537763649436962e-01,-8.918202667318723131e-01,-1.094753043575986268e-01,-2.154439296707311158e-01,-3.427912204331116652e-01,-7.769815054296783097e-02,-1.336654677613299924e+00,9.476570027848949529e-01,1.357886348173540592e+00,1.157540371192245843e+00,7.040803176180373546e-01,8.954108275188680244e-01,3.519954600053572524e-01,-2.861195179860488991e-01,1.000000000000000000e+00
-1.447678569614263111e+00,4.884397476335455845e-01,1.571027323663661601e+00,-1.399499620075323747e-01,3.656035194242608366e-01,-6.667954295600656556e-01,3.516068811203356681e-01,-8.085111498332054891e-01,-3.836829112640919304e-01,5.013325958788459324e-01,3.389656893033137774e-01,7.164802437621100584e-01,-4.623593428705856656e-01,3.345879743786506766e-01,-3.263962193594696082e-01,-3.514980572527061087e-01,-3.219799699784423042e-02,-2.880622401450380621e-01,8.499286569572548355e-01,-5.397138596996632343e-01,0.000000000000000000e+00
6.710485881161540878e-01,1.119489407262238112e+00,-3.732139471876589898e-01,1.239350181949977037e+00,-1.140620405930868664e+00,-1.362576071616652174e+00,1.641010380739350571e-01,-1.238086531729519324e+00,-1.411378907497047308e-01,1.451112434078759006e-01,3.080146754361551831e-01,5.633191993178873203e-01,4.558948374316282859e-01,-1.487212680094032846e+00,6.573425682316672569e-01,1.025337781684871885e+00,-1.232107956741792965e+00,-3.387056271878838842e-01,8.198949075139665837e-03,-1.672272474850292845e+00,0.000000000000000000e+00
-8.848927404208779546e-01,1.501514945381733801e+00,-8.217900419155829139e-01,1.593529085696419045e+00,-6.250391678988416189e-01,-2.050206311258095104e-01,-5.425804632326808319e-01,-9.146550371386160672e-01,3.384627363671163791e-01,-7.498558799635043348e-01,-1.962811817331986119e-01,3.833477265766144920e-02,-8.450772588572095234e-01,-1.558154477911189995e+00,-1.034509464673128848e-01,-5.753883572194453677e-01,1.487582388359566021e+00,-7.494665565485284509e-01,1.630790568360761528e-01,-1.714771143369405282e+00,0.000000000000000000e+00
-1.388128294282719555e+00,2.420183537425920073e-01,-1.300506567838241478e+00,-2.568565127298328421e-01,1.169185483899076061e+00,-2.587563606858465232e-02,-3.234281472994621209e-02,-4.482620468105970590e-01,1.760587015801410304e+00,3.956078090645551160e-01,-1.258368342204249979e+00,-2.185567823665950926e-01,4.078089688239251442e-01,7.680564945793841858e-01,5.307460367647272026e-01,-1.211838556068508987e+00,-4.467595838323489277e-01,3.968169238869588278e-01,-2.831711404287173273e-01,4.001240187793914105e-01,0.000000000000000000e+00
1.627430158422970452e+00,-7.402204355198978014e-01,1.513648265983972285e+00,-1.968882531204301511e-01,-7.155313375717911040e-01,-1.482834698780297833e+00,6.707371478109248608e-01,1.490550499559319120e-01,8.281726617452616068e-01,2.715310248664527526e-01,-8.338152649787636261e-02,-1.134849077505911685e+00,1.594284308295733088e-01,1.475675902772905224e-01,-1.707181208101278894e-02,-9.388165552922238533e-01,1.087132208372709519e+00,-3.475058197983176833e-01,8.722729960124017135e-01,-5.676291084046163338e-01,1.000000000000000000e+00
-9.009618670720712652e-01,1.337794887284170287e+00,-3.483585364571528675e-01,8.106857507621580972e-01,1.871784501078620488e+00,1.184171840122439034e+00,-8.424101346546800650e-01,-9.160929235549480909e-01,1.893582240451197940e+00,-1.388050153074718684e+00,-1.158019747022089041e-02,-5.843469145330955072e-01,-5.015848464527035144e-01,4.468528337511478155e-01,3.532508076978458922e-01,4.828508188766557074e-01,2.703859115748423192e-01,7.036666477872711711e-01,2.243907035357565749e-01,1.651781251538329442e+00,0.000000000000000000e+00
1.015627188178684248e+00,2.045072286857001764e-01,-3.623013759010790258e-01,-3.983740225550522762e-01,-8.231250033114424769e-02,8.457317093067316938e-01,1.282440724272173815e+00,3.633984492768517760e-01,-2.784391323062521129e-01,7.916673540660270625e-01,1.098788198932780569e+00,-6.456423579261046930e-01,1.385376322458636622e+00,1.114255908941195888e-01,3.012788431358511265e-01,-5.867013605363774476e-01,6.063853338550458938e-01,-9.492753741190111949e-01,-9.164078862653499691e-01,9.157632820681158581e-01,0.000000000000000000e+00
-1.722415114437407357e+00,7.962454026871274015e-01,-8.323196309965087414e-01,8.462994059944319858e-01,-3.421021909147933249e-01,8.497131931654098302e-01,-2.875898661513328070e-01,-7.846965194262514043e-01,-2.924851739193558564e-01,3.346852368162255842e-01,1.244914155983945614e+00,-1.407485355376233427e+00,-4.651468834834770472e-01,1.077870360410913886e+00,-2.751593107986846642e-01,2.249932910741249403e-01,-2.592652526571153845e-02,5.391411720390562046e-01,-3.968234259069820524e-01,-1.509709932891016293e-01,0.000000000000000000e+00
-7.645445109436449505e-01,1.807279570811336944e+00,-2.482003393877028508e+00,3.983341196379131532e-01,1.466323037649347683e+00,1.365317544900578883e-01,2.379118003254538857e-02,3.311781540037401772e-01,2.296893439350351951e+00,-5.706395548632640091e-01,-1.760408275806511602e+00,-1.366476690192316212e+00,-4.434653211227874703e-01,-1.983925172866685405e-01,-6.656725797974020198e-01,-8.769552685368499079e-01,-4.487696745391999698e-01,-3.122565171227896785e-01,-3.232533741701897889e-01,9.159287656933311483e-01,0.000000000000000000e+00
1.191857616645700890e+00,-1.566172370976210759e+00,1.339133471825819433e+00,5.415901565513188132e-01,-3.052710776408217308e-01,-1.545620769471490463e-01,2.626988499354834250e-01,-1.399740526101873328e-01,-6.450363584468079559e-01,-6.580537378090959288e-01,6.437980186288708717e-01,1.546432596602616893e+00,-1.174869587147584715e+00,8.710311897367264411e-01,-4.990763146365522623e-03,-1.370152614673502800e+00,5.242701108358143181e-01,4.641088007559677764e-01,1.995897452077220580e+00,1.477852780809983502e+00,1.000000000000000000e+00
6.153780394791623642e-01,-1.387717316064394302e+00,1.482480292811986455e+00,5.962171826422840715e-01,1.167767944401524538e+00,2.106581194716764249e-01,-1.390637961962358504e-01,-1.064201202967840487e+00,-8.906552498411408614e-01,-6.514918916313828801e-01,4.329695290154204623e-01,9.495800788868233866e-01,-5.866523874162574703e-01,5.245085790078296561e-01,1.275214516773887308e+00,-2.818598021723637825e-01,-1.631707090197354937e+00,1.249931939113118506e+00,1.104371580182606366e-01,-1.648886851702600742e+00,1.000000000000000000e+00
5.939632569128201478e-01,-9.246333448139743005e-01,-1.981168436038747149e-01,6.926296474307362949e-01,-1.976237906613941941e+00,-1.788989596806159543e+00,6.784747470664280744e-01,4.307777756156081495e-01,-6.535300488223582116e-01,1.876005001872293132e+00,-3.531175761528250745e-01,-1.417112742663665603e+00,6.016286741666239113e-01,-7.016721786864098531e-01,6.444488028070233243e-01,-9.994194218816276898e-01,-2.167716330763055643e-01,-4.604494695861674480e-01,1.603778551036641187e-01,-8.651622298250551957e-01,1.000000000000000000e+00
1.468644885802180000e-01,2.102310341732812338e-01,-9.910522899369456074e-01,-1.122871696608411379e-01,-7.831008910444854365e-01,-1.326343012933727472e+00,-1.602966594026517200e+00,2.257918618055347049e-01,1.806243053629529582e-01,1.132598387332108159e+00,-1.351935304312446573e-01,1.274725673172568685e+00,-5.876967172430139774e-01,2.179398636695682456e-01,-1.058199766756656945e+00,-7.322302519843648660e-01,1.159673257019766757e+00,3.212123390870058159e+00,-5.042141119789981252e-01,-5.775808396961327196e-01,0.000000000000000000e+00
5.253265201154728725e-01,6.364087064960690654e-01,-6.953958979764612858e-01,-2.207051863511880541e+00,1.430123905979746812e+00,8.170421836305926666e-01,1.539524512338927009e-01,-3.400350443396760181e-01,1.259117262437408291e+00,1.301635284057367059e+00,4.067559919684873293e-01,-5.713591221243903284e-01,1.830719122340730143e-01,2.322907672839508719e-01,-1.775973101207555804e-01,2.980646918434859405e-01,1.750157324783316204e+00,4.926192772358571337e-01,6.396443843433294862e-01,4.860083604580063277e-01,0.000000000000000000e+00
-1.803808222316282350e+00,4.273054047527598542e-01,1.199194962197994041e+00,1.630116669907800464e+00,9.891384188332761340e-01,1.415636178668404632e+00,-5.820612248769123538e-03,-7.818641571711004712e-02,-2.244438873136586743e+00,1.075196431479473080e+00,2.007659848678180925e+00,1.420569145455612858e+00,6.778500790321298486e-02,-9.108846697771688650e-01,6.528607867012647947e-01,-1.339445166678894017e+00,-3.048050249308810120e-02,1.017837798581565867e+00,-7.997401882107061377e-01,3.148876899061398005e-01,0.000000000000000000e+00
-4.841840979496961905e-01,8.325313902071911354e-01,1.864388628803644421e+00,-5.708594786861409531e-01,-8.643179567001828545e-01,-2.676777049722763313e-01,-1.596408643262632765e+00,1.253939310134708274e+00,-1.297870066695467894e-01,-2.580386824433075765e-01,3.621991295770632391e-01,-1.204218800319701188e+00,2.871874844984493302e-01,-3.409182656172063397e-01,-1.230146917196759393e+00,3.951917536154870847e-01,-2.306234859218776745e-01,8.246647357608761775e-01,2.478895384220271003e-01,-1.962744814352208378e+00,0.000000000000000000e+00
-8.395695066885402458e-01,1.363369565319350940e+00,-4.777945128929942525e-02,-9.444445973900595925e-01,-2.632963062649979147e+00,-1.495528369221687526e-01,-2.563758007663666239e-01,-1.074158425765981306e+00,-4.377779725417242918e-01,2.460471438637701347e+00,1.179351250831581766e+00,-5.919492729694165734e-01,-4.967987841815735273e-01,-2.113318551207918894e+00,1.483279351681804581e+00,8.451217857286802415e-01,-2.414121201382223525e+00,-3.280887605480226066e-01,-4.947529020672718214e-02,-2.540711020578868773e+00,0.000000000000000000e+00
5.136246558048406241e-01,1.320492986574815397e+00,-1.064246414019770715e+00,-2.608154836056805426e+00,2.950746345286411887e-01,7.431997076391035906e-01,-2.708708153258665985e-01,1.795912831789219233e-01,1.929087345944942467e+00,5.086771881839793341e-01,1.570469940391584274e+00,-9.023318994403934923e-01,-1.677555273824285154e+00,-3.383076787802110057e-03,3.732606195765784118e-01,1.014390931929437745e+00,8.444645384421632928e-01,-4.275867406197903509e-01,9.387109775743708306e-01,-7.765769279646823620e-01,0.000000000000000000e+00
-1.124909831987459530e-01,-7.672512378822580331e-03,7.427043288818141464e-01,1.866783247551953018e+00,3.964989624511303101e-01,-1.652104412531015531e-01,-1.419975102111135368e-01,-1.439956007932251536e-01,1.308178037793102710e+00,1.603293240190046265e-01,-1.270867524920477609e-01,7.156667445765583224e-01,-8.587580275552494924e-02,-6.752227025632357993e-01,-6.846125994544990379e-01,-1.057809085621493894e+00,1.142306732599255747e+00,1.958357429191516785e-01,-3.737764350051365758e-01,-2.190482758491961057e+00,1.000000000000000000e+00
-6.030362026376080015e-02,7.350001861136299386e-01,-9.993573665523580729e-01,-1.023630576233842682e+00,-6.717421835053484502e-02,2.343192655372970279e+00,-8.467589574383188600e-01,6.287144839873335389e-01,5.596375691754238435e-01,8.769020383413943520e-01,-1.063242048761845249e+00,-1.555070116256908941e+00,-8.017885980094289211e-01,7.823155499800232837e-02,-1.741890471964733511e-01,9.328612810051932769e-01,-4.430140283706281434e-01,2.840816433248302686e-01,-1.508149539988631327e+00,5.047993327881634684e-01,0.000000000000000000e+00
2.352955151751257468e+00,1.186823823476922113e-01,3.238729114673984943e-01,-1.546646485524670656e+00,8.013201525353983445e-01,3.226377026586117580e+00,1.229982550407926256e+00,4.929454460741253263e-02,-4.637533824257673021e-01,-1.070994447998188104e+00,8.257457363874376108e-03,-1.123586417407733906e+00,1.441072718048833634e+00,-8.020590293712476226e-02,7.273414273935793761e-02,-1.113600107123340566e+00,7.797157188370967829e-01,-6.652996792236498536e-01,-6.244599558328280953e-01,-1.080396752686121620e-01,1.000000000000000000e+00
-5.928443319456185856e-01,-8.014027555621420218e-01,-1.963281413934675756e-01,9.244679906605847153e-01,-8.836875045936349454e-03,-1.597027060880110483e+00,-1.158741986135744639e+00,1.011064040661791008e-01,1.765021883928161062e+00,2.686228882283716035e-01,-1.562637705327442950e+00,3.172083533151576207e-01,2.303089878616385811e+00,-7.309307862830346503e-01,2.343759366262800903e+00,1.440300540500895510e+00,-7.321735508804166903e-01,1.424092353673268141e+00,-5.794071704757994823e-01,5.055119668714590508e-01,1.000000000000000000e+00
7.571671379437079352e-01,-1.318596440486912380e+00,5.491023380845647672e-01,-1.698783718475413096e+00,-1.218839577978940270e+00,5.965155331041771536e-01,-1.410726995141539097e+00,-2.224844984013972571e+00,-4.684269308936673815e-01,1.933504653947001606e-01,2.149181306817807835e-01,-1.297583739097360640e-02,-9.246994369511517542e-01,-1.557962845066273860e-01,5.910613525597673279e-01,-6.933049673663257417e-01,6.778493292475687992e-01,7.955490479752009847e-01,3.763306700007201799e-01,-6.181669819677770850e-01,1.000000000000000000e+00
-3.160534713558407205e-01,2.054743316325296387e+00,3.394110432338524885e-02,1.379417835917386981e+00,-4.152616992696625542e-01,-2.244743844352930839e+00,-8.479739431537104410e-01,8.458000618699546003e-01,-2.605609359907897771e-01,-1.713569395776258497e-01,2.750580291345702033e+00,1.177331177836490189e-01,-1.658927219830632349e-01,3.513405255689480700e-01,-8.664633617095705009e-01,2.228725964034396212e-01,5.367816421171697217e-01,-1.193012820470821661e-01,-7.940165908897356406e-01,3.110044191452796980e+00,0.000000000000000000e+00
-5.988984498726807049e-01,-6.633853464946869449e-01,-1.413146533788601555e+00,2.133255227967558731e+00,2.454147988463378782e-01,-6.947513513907402904e-01,-3.812584412252696398e-01,-1.618477424770790263e+00,1.966655824205908731e-01,-2.691831235557818822e-02,1.740160284325693807e+00,-8.440347717570958475e-01,-5.424246917714761196e-01,1.173381993974929705e+00,6.387647113458876369e-01,-8.334003896847177670e-03,-5.394944332145648058e-01,9.741822034946829856e-01,-1.140440426008212604e+00,-5.384462516955377254e-01,1.000000000000000000e+00
1.374948498215030845e+00,-7.784894791189495532e-03,1.120284690605059863e+00,1.087303811850157675e-01,-1.296496079522656109e+00,1.456678832404763702e+00,3.831476598912245013e+00,4.315983690282229612e-01,-1.966356594268220959e-01,8.201013820919579311e-01,-7.482523634350914110e-02,-1.674328052007211243e+00,5.570903277808866294e-01,1.077945820980815844e-01,7.633343699527328496e-01,-1.397753131041520103e+00,1.095925720361978772e+00,-5.774138973471047986e-01,-5.018932215921558804e-01,-6.494315469194174018e-01,1.000000000000000000e+00
-1.091229228825947972e+00,7.154517177633528124e-01,1.600883242167520093e+00,7.382516376326545872e-03,-2.254342963458451088e+00,5.460512052862008803e-01,-1.113371940596868948e+00,3.584671003359933550e-02,-8.961463214977823111e-02,1.881243461573540998e-01,5.720364957139567608e-01,-3.340464102355883425e-01,7.514823536170649465e-01,9.996710154168203522e-01,2.149455199801446614e-01,-3.319893548270155814e-01,1.149384293679817981e+00,2.738036772893380766e-01,-7.534497262221258040e-01,-1.114310337195532213e-01,0.000000000000000000e+00
1.466486975585048036e+00,-7.017516261999339200e-01,-6.637259657246231681e-01,-1.274210993409247150e-01,4.626184799790798441e-01,-1.321881711020382655e+00,3.935850662380867004e-01,4.059815974763604784e-01,3.878802978187096961e-01,1.300203190462280389e+00,5.204421003242514221e-01,1.488582389292887553e+00,2.891443174018654139e-01,-6.676152912595920697e-01,-2.494057105747673198e-01,6.737905861205282232e-01,-1.034299073768906396e+00,7.530970525635829471e-01,-4.541111386676444095e-01,6.102633690480064876e-01,1.000000000000000000e+00
-1.918208304424532940e-01,4.297347800868132617e-01,-2.094175218180396314e+00,-1.701718477684523778e+00,-9.750947576004200812e-01,-1.888867403130894518e+00,-7.274158762943196965e-01,-2.343102468028170460e+00,1.623063333135879249e+00,2.074174901964049855e+00,-1.214973663739246090e-01,-2.612071190294119605e-01,-1.225846602028250326e-01,-4.107778487829557013e-01,-6.112123582967048385e-01,1.957552944046210497e+00,-8.254217201125000347e-01,1.321762617974372001e+00,-6.189500274601626995e-01,6.437921592094097978e-01,0.000000000000000000e+00
5.445794838123574344e-01,-2.587416037896080323e-01,5.980321609009329187e-01,1.665069156842500231e+00,-9.328906257051532425e-01,1.061886414359613173e+00,1.379049694907056534e+00,3.321976414751591222e-01,-4.538242169415630523e-01,-8.437736254895530918e-02,-9.408590776519347720e-01,8.733032558414798308e-01,-4.970966571622025265e-01,1.120104833759617335e+00,-5.657544102234131067e-01,8.176774703622788909e-01,2.781676340986078966e-01,-1.642930751968819436e+00,-4.479857608673603608e-01,-1.403984241837379354e+00,0.000000000000000000e+00
-4.683840513209787670e-01,3.357641687329453450e-01,1.635934230305143289e-01,-3.173638318319815799e-02,-6.825359048335072343e-02,-6.265036115960138652e-01,1.046105111264553411e+00,-9.113926192184256259e-01,-1.040978171189685941e+00,-1.217337765822053219e+00,2.633924949182826492e-01,5.527621339003352396e-01,-2.891419693977385630e-01,5.343525553108994242e-01,4.131327371886335809e-01,7.052675445758671557e-01,-5.899030108581058141e-01,4.745579933647570137e-01,5.648986941454114952e-01,-3.694613069978067710e-01,0.000000000000000000e+00
-1.677632963246344699e+00,1.546043709726043491e-01,1.564140233910789268e+00,-1.287058076578081911e+00,-1.348031721105578395e-01,1.493237819839083325e-01,1.359450759268813202e+00,-2.002293793252279616e-02,-1.477592609129410928e+00,-1.191652693456465156e-01,-1.959156282195155807e-01,1.059312011317557589e+00,-1.072000590060069730e-01,1.818300439314979755e+00,-1.541240431100466379e+00,5.334645802162566453e-01,-1.017656641125412875e+00,-2.041485917940590866e+00,2.779969690145828176e-01,2.616137322374196272e-01,0.000000000000000000e+00
6.330794517332031246e-01,1.168584171143062789e-01,-4.449659568162299683e-01,-8.850240798026473010e-01,6.380195509022487110e-01,1.190236197323501832e+00,1.304602074193722760e+00,-5.564084503893595990e-01,-9.350955174363277944e-01,-1.133769417052301609e+00,1.287878319816791128e+00,-8.744614934731219646e-01,-3.350342238144417562e-01,2.215997866706215791e-01,-1.431987188752556373e+00,3.750211113941657182e-01,-4.245444646210134731e-01,-1.832651170435840804e+00,-1.357025396463919620e+00,5.560035904003035601e-01,0.000000000000000000e+00
-6.595081822752063561e-01,-5.975626838277985353e-01,6.209084345387445580e-01,-3.794650943803103971e-01,1.065432865414040753e-01,-2.196214425546531568e-01,5.179989934023822989e-02,-1.765714879430871243e+00,-1.017608782359177511e+00,-1.470506649803780874e+00,6.828092035852341146e-01,-2.036601374885521398e+00,-1.685023862682867968e+00,8.084556202577720951e-02,4.137374938406316871e-01,7.465470538759282348e-01,-1.045285031815398336e+00,-1.278765264951766456e+00,1.088947808467476630e+00,-1.505710897006271143e+00,1.000000000000000000e+00
-7.232502316638806938e-01,1.794742743707895105e+00,-2.900057979910242167e-01,-3.594771198326089379e-01,1.449595476612117739e+00,-1.099015464988006618e+00,5.037050645188597686e-01,1.255057670651278823e+00,5.822156029768831287e-01,9.561878317961736151e-01,2.238364004125628970e+00,2.786050909270819109e-01,1.652821187557272253e+00,-1.282361720443760067e+00,1.112762635674272582e+00,3.408053819919729110e-02,2.502877295792612422e+00,1.009302040285621871e+00,4.946523087820949294e-01,3.372676896518204126e-01,0.000000000000000000e+00
-1.177155048660249781e+00,-3.496671745003435694e-01,-9.309610829526046016e-01,2.420116887897262592e-01,-4.240337736463057894e-01,-5.681761319154192691e-01,5.297720170010565832e-01,-9.045455749117621291e-01,1.144698185577010641e+00,1.742236295206776031e+00,-7.339220505485712920e-01,1.110929589027521702e+00,4.282558516863714804e-01,-5.319621748690496824e-03,-1.737436067241881155e+00,-3.262125949507336808e-01,1.804027675027104760e-01,9.547452074218176765e-01,-1.455808544223351264e+00,-5.172011734178713072e-01,0.000000000000000000e+00
-1.871772280615664474e+00,2.448344743983668359e-01,-9.489809531152689770e-01,7.512072930653662661e-02,2.388987262789575627e+00,-3.721817626369853804e-01,5.552362067377283883e-02,2.155432010856447034e-01,-4.931386628702891795e-01,1.554387610169369438e+00,4.152920112703039068e-01,1.960828134352283203e-01,-9.777052332874204277e-01,-9.068661873708742105e-01,-2.240164083310045851e-01,-1.457667122837290163e+00,1.154222396788923355e+00,-5.410776595369354292e-01,-2.832219772434970917e+00,-7.902710657831759633e-01,0.000000000000000000e+00
-6.763075937083542488e-01,1.732817493316997970e+00,-4.298697601507821542e-01,9.784173578488783996e-01,6.971203495097019753e-02,4.011697255773884474e-01,7.791568920257080366e-01,9.817612412350913420e-01,1.019124990101546446e+00,2.831353754813779044e-01,1.930966994915412904e-01,9.204670009971237521e-01,1.189118718723055634e+00,6.824970784071461294e-01,1.026693865214321599e+00,3.459074589583652215e-01,2.067008662060716151e-01,-7.428548855182098842e-01,-2.802986961352068596e-01,2.901598776780653366e-01,0.000000000000000000e+00
-2.576492210410755157e-01,-8.077986046332241710e-02,7.841182258495704716e-01,-4.380048616072411138e-01,-6.122326192409045520e-01,-3.577897322927867663e-01,2.071308244513488717e+00,-9.344402774956092061e-01,-8.157412086498847525e-01,6.323960985062830886e-01,3.862504556213107731e-01,1.243921497560715350e+00,1.505492011092792071e+00,2.742845574335731756e-02,-4.323049236360178016e-01,-1.752402761883427917e+00,1.041784269038167121e+00,-2.953840351137274611e-01,1.199380591814464547e-01,-1.029720566454463415e-01,1.000000000000000000e+00
-6.021532757156158322e-01,8.535949849953631263e-01,5.672140859589640538e-01,1.218017557340653534e+00,1.483985627912991268e+00,-3.817915612477579823e-01,2.070794110956319933e-01,-1.760089322921734936e-02,1.241025551222133816e-01,-1.214326369610253087e+00,-9.674503095395213803e-01,3.007068512035970809e-01,-1.982190281010225985e-01,1.405111246746603149e+00,-1.247179262786032972e+00,6.764548967608341457e-01,1.710918848515103674e+00,-6.363507261814080884e-01,2.315509805844014404e-02,-2.888813981378516860e-01,0.000000000000000000e+00
-6.488679404320588651e-01,1.674990073891825304e+00,-6.762739146998482109e-01,-5.122926158408876995e-01,-6.850807733161276003e-01,-3.072307903784442518e-01,-1.030495378465252632e+00,-5.221217818257540416e-02,-6.068163931758240315e-01,-7.470424341722872175e-01,-5.223913959929187278e-01,5.465662336097727447e-01,-1.068057993332642841e+00,-4.416204646414343959e-01,1.653102992644831515e+00,-2.719938553032055228e-01,-1.502933031855633539e+00,-1.244649855730881827e+00,1.063507710273346209e-02,-9.053553988741361858e-01,0.000000000000000000e+00
-6.167626822216937255e-01,2.045717890129053473e-01,1.202704755382522306e+00,-1.133323286309164679e+00,-3.967737708968286370e-01,9.152650551006782376e-01,-6.734498408637686895e-01,1.018618346264045238e+00,3.581126960135351256e-01,5.177506588591135328e-01,1.865441983891870936e-01,-1.122278741468461183e+00,-2.004068469714407885e-01,1.814945231650690660e+00,6.786446229502317296e-02,-5.528272451628435391e-01,6.315055158459692564e-02,6.479178758855035358e-01,7.376657105837495232e-01,4.092272493891856433e-01,0.000000000000000000e+00
2.153649937583169693e-01,1.638057494637787492e+00,6.140889925367082336e-01,9.115127233793330896e-01,1.090249730718549984e-02,2.236202232678713209e+00,4.612120736891535677e-01,-1.925025307273041941e-01,-1.378827079159299807e+00,8.827703940916048486e-01,3.145770949190637711e-01,7.976580208024258711e-01,1.448178190074427274e-01,2.096494205627047247e+00,-3.994233919561526180e-01,1.384794602726785451e+00,-5.074633838859888835e-01,2.864072329749573487e-01,-4.674949771725124825e-01,-1.120777049435242256e+00,0.000000000000000000e+00
-1.046902172264977809e-01,-8.788565515826345376e-01,-3.684890852675965500e-01,4.126422378714493522e-02,2.085731911165923380e-01,-5.100880282332673765e-01,8.197687759152870735e-01,6.423438398131718907e-01,-4.216905396779636606e-01,-3.296889980315937940e-01,-5.219345997520844493e-01,-3.763205097405208921e-01,-5.725733482181549761e-01,2.509396994757638222e+00,-2.503250182469541230e+00,5.360334531775138300e-01,-7.274434681757918630e-01,-2.287774690177850623e+00,-8.040621566021878275e-01,-7.096267168406997783e-01,1.000000000000000000e+00
-1.579946132160241490e+00,-1.408773723095274322e-01,-1.087656724486525173e+00,-4.969612061827477500e-01,-1.015893532941370525e+00,7.638290807582964748e-02,-2.180584780308515713e-01,-1.004277141686529484e+00,-4.668218182996526355e-01,-1.412792666485582993e+00,-8.398631523903052898e-01,4.707847167344437200e-01,3.618703854070446924e-01,-1.566780739898391006e-01,-1.792279354283413673e-01,-1.447016373905910758e+00,-1.476530801159550377e+00,1.248972903533808632e+00,-1.209045797733004080e-01,-3.732473679775691888e-01,0.000000000000000000e+00
1.363942672425934255e+00,-6.325817433517607613e-01,-1.145428543894674078e+00,1.377540945419981622e+00,7.851229448282680268e-02,-1.885757465467615690e+00,2.815837571494275715e-01,5.737125470016930517e-01,6.608097525796787775e-01,1.685596079157509530e+00,5.468836021669721825e-01,-1.359797041986785970e+00,4.277331786920499090e-01,5.073807291151009036e-01,4.428657896984350972e-01,1.163037645066500758e+00,4.311291784860213916e-01,8.157710620379667876e-01,-3.174640727926364980e-01,1.359781174882463528e+00,1.000000000000000000e+00
-1.140375263224761238e+00,4.181685376217920275e-02,1.597095405398836210e-01,-1.654404609733557407e-01,-2.161187238370575248e+00,-8.757125512732975015e-01,5.742875711727168930e-01,-9.649736117025017323e-01,-1.269976793447427754e+00,3.176389635784229726e-01,1.601621703521490137e+00,-2.170446569161412625e-02,2.854688631188509462e-01,-9.493352726964549015e-01,4.619361491981175960e-01,-1.338379736778659845e+00,2.249610263150287892e-01,8.536611420028348274e-01,8.436831420196861941e-01,-5.950457907462549656e-01,0.000000000000000000e+00
2.220505636894489765e-01,-5.697864997590696978e-01,-6.285529773791858066e-01,3.645073124001449449e-01,-1.385502423614356049e+00,3.386393277720594619e-01,9.128614867639213148e-01,7.102112716550309512e-01,2.172568863299774444e-01,-1.131925586065341660e+00,-1.801899045655023457e+00,-2.422141055578451052e+00,2.011814003683064511e-01,5.176232864739727102e-01,-1.516004929313949257e+00,3.852026717109760523e-01,2.860834312763803622e-01,4.367937960237411876e-01,-1.062159579501419510e-01,1.562570100337003387e+00,0.000000000000000000e+00
-7.866204275040296068e-01,1.158339829712120295e-01,1.159384938061736925e+00,5.344848821842067554e-01,-3.963334757482581128e-01,5.703367848775846571e-01,-8.190841922548343090e-01,-3.098757259421128785e-01,5.819614390218039723e-01,-6.587005962010396010e-01,-1.875064845152726312e-01,2.245256533199723403e+00,1.038446761913231819e+00,-3.986598411187707303e-01,-6.639212490570212122e-01,2.008184593451967093e+00,-4.299246907061834294e-02,1.654993011763659538e+00,-1.228610121469833616e-01,1.306704171793998004e+00,1.000000000000000000e+00
-1.811643858752822744e+00,-6.418139169295503654e-01,-4.925624826584255600e-01,4.801545063836924476e-01,-4.506436172489174385e-01,5.427651128929239510e-01,1.328722620506037067e-01,-1.253094147372310729e+00,4.319473452270280456e-01,-4.250095773124288878e-01,1.698677879193090101e+00,-6.051431535981595111e-01,8.476948974596367758e-01,-2.353239638663942479e+00,-5.093432001872545412e-01,-1.857330184841642806e+00,4.936349324105648861e-02,-7.769328796245268398e-01,1.435972525267537048e+00,6.988530572368147897e-01,0.000000000000000000e+00
1.426715790317030885e+00,-1.297475700365778417e+00,-4.249156419497353010e-01,-5.042694357494906243e-02,6.157787077557195232e-01,-4.295072251952020137e-01,1.420552073031765783e+00,-8.729204161676603624e-01,5.368116104498804608e-01,-5.597928501474029872e-01,1.016839400972680885e+00,5.676456829778003116e-02,1.020996061183958477e-02,3.307924795417057640e-01,-4.678572337719230645e-01,1.336005072585044973e+00,5.287510506515171738e-01,-1.778471180097682902e+00,-2.789415852842658805e-01,-2.645278058413210731e-01,1.000000000000000000e+00
3.857679714771035107e-01,1.301757640258386806e+00,1.507685811837280676e+00,-5.697686322086978894e-01,2.799574836917920195e-01,-1.147403170856463817e+00,7.660120109924565268e-01,1.648573680049353118e+00,6.313306482561785969e-04,-2.571870188409853819e-01,5.938236863798747045e-01,-1.517019377010967673e+00,3.842758217903968765e-01,-2.983423284929903052e-01,5.940026897465512379e-01,1.562249925026585995e+00,1.021183942954600132e+00,1.128720436619560896e+00,-2.339587222966717395e+00,1.179978729008287264e+00,0.000000000000000000e+00
1.337922903916095363e+00,4.318154353502033638e-02,5.922753356289361948e-01,-1.436130503895056254e+00,-9.394886794350496562e-01,4.175329002009746104e-01,-1.763913503459305435e-02,-7.286379880913360640e-01,-5.562285608862086450e-01,-9.223223523159455872e-02,5.691195568423357276e-01,-9.705718731277328537e-01,3.709862514085220941e-01,2.023582454674043019e-01,-1.786488360406743192e+00,9.396821941498597619e-01,-1.082959195195195568e+00,-8.621592218311500133e-01,5.711293506312359325e-01,5.079518308743653510e-01,1.000000000000000000e+00
-7.918496195987691222e-02,1.436316034051359769e-01,-2.008792424719579195e+00,-2.196128966643778657e+00,2.160914215799792093e-01,-5.471968712472367047e-01,1.657558626186051987e+00,-1.243564369921568158e+00,-1.100336700414394242e+00,2.018742770388312902e-01,6.020697556257675886e-01,8.190438051216936133e-01,-1.575192211566024625e+00,-1.690224373399811686e+00,-2.514366267276818556e-01,1.192788292956451057e+00,5.646420127630251418e-02,1.552100696839336935e+00,-1.906257749619834907e-01,-1.570130399048846437e+00,0.000000000000000000e+00
-2.145768837818216868e-01,7.233538876171454746e-01,-1.320750931286105878e+00,1.689190583189178030e+00,-3.619107381072322882e-01,-1.994335565477286520e+00,-2.683801631738401694e-01,1.357989296236512766e+00,-6.287636663811735360e-01,1.994357102488265587e+00,4.951527893978739832e-03,2.095108511277858021e+00,1.858221466079606685e-02,8.680640352116019143e-01,-2.592912897440519338e+00,-1.465267940594941587e+00,-2.412819603598717055e+00,1.039836658174065065e-01,1.083632256712331099e+00,-4.621850610140111892e-01,0.000000000000000000e+00
-2.185646204227043032e+00,3.373293970185581858e-01,1.836061986003213464e+00,1.474155002506810197e+00,-1.036964576241399039e+00,-1.005855107608287780e+00,2.191941957885690684e+00,4.751984806949967055e-01,-1.768183501890096654e+00,2.449491535813716481e-01,-3.839580773209928521e-01,4.269943314900747078e-01,1.346657616436799376e+00,4.471193016912951013e-01,1.670435696843022733e+00,-7.648835832657466804e-01,-1.852699317704964654e+00,-8.004329360698405615e-01,5.059334439210168011e-01,1.055767634125170273e+00,0.000000000000000000e+00
-3.730196412413671059e-01,1.286796515745323388e+00,-2.948099498999753876e-01,-1.944810940361087370e+00,6.506947921946933944e-01,1.138043626181990176e+00,5.281730842289559247e-01,-9.232716544808289294e-01,-2.930874300473370053e-01,-2.151044104059667283e-01,8.505853319484399933e-01,-4.524334628516138990e-01,-6.889988569273158836e-01,-9.608152960395387465e-01,-2.453045428876210465e+00,-4.318671297707345480e-01,-4.000285557451834229e-01,5.529867410456892340e-01,-1.035014146836048310e+00,1.756987048580490873e-01,1.000000000000000000e+00
1.448820483324512187e+00,-2.586582056710580724e-01,-8.931300556064317719e-01,-7.701252323123423116e-01,4.423617409618556540e-01,1.644136995156553205e+00,-5.193450290805324832e-01,5.246161968392536457e-01,1.549763329240237131e-01,8.896670910232974683e-02,1.547350916575832125e+00,1.396287468847801527e+00,7.450555385136714559e-02,-4.218975230829475342e-01,2.206145054733142263e+00,4.527453663430237030e-01,-7.684848973389363236e-01,8.397729372261993896e-01,7.274981338885355697e-01,-2.781940829559020889e-01,1.000000000000000000e+00
-1.591171112795208398e+00,6.394768699684618696e-01,1.434048818019734162e+00,-2.121756853407228860e+00,1.098420301954242451e+00,7.527449675592058354e-01,-1.573141879981073910e+00,-3.747833738291777017e-01,4.268028580749458900e-01,6.218048945662948412e-01,-1.756832040363047298e+00,-1.739553380650866510e+00,-1.111187343372838782e-01,5.713403623345490040e-02,4.755466096184307045e-01,-2.027244539742009355e+00,-1.695691369381847835e+00,-1.060609184811765138e+00,3.612486263218573912e-01,-2.777864427205611331e-01,0.000000000000000000e+00
-1.479533033452091750e-01,-1.375266040955318791e+00,1.632772377548572740e+00,-4.297967746718351495e-02,6.551249869266045911e-01,1.158685960712566576e+00,5.720941726993213905e-01,-1.250196397744420373e+00,6.177810817782602992e-01,5.304580106318115273e-01,4.526389068226375212e-01,8.558778459606776190e-01,2.087892975517761096e-01,1.273640718479233103e+00,1.794874647302208970e-01,4.102978358684736260e-01,-5.558632470473927611e-01,6.556753450148899987e-02,7.865838642210604137e-03,-1.370046691152878582e+00,1.000000000000000000e+00
-1.098821004841476157e+00,1.320469046282645831e+00,-2.028891155399632051e+00,-7.147623922411373565e-01,8.570892970056565030e-01,-8.509806874678548239e-01,-1.134371112685094385e+00,-1.301209317629681284e+00,-8.689499299098477625e-01,-3.263418536461077935e-01,-1.414107924633404734e+00,-3.753482029789443897e-01,2.240589037636366299e-01,5.204317587071776163e-01,7.821613683714024878e-01,1.425867171235829955e+00,-1.156956828508181045e+00,5.539464754278968783e-01,7.972232813963399112e-01,1.371302418802646805e+00,0.000000000000000000e+00
7.474787650239497205e-01,-1.140677222189872886e+00,6.231290865776004662e-01,2.121628646843609189e+00,-6.468688785303507993e-01,-1.742817115963629204e+00,-3.190829403976234158e-01,-3.919434853394106882e-02,1.966600744354156938e-01,-9.540067707351265192e-01,-2.788849175128206070e+00,5.098429902051112572e-01,-4.132172610499860732e-01,-1.741474965323039026e+00,2.732326807062149948e-02,-8.888694255471774053e-01,1.713951042313395901e+00,-7.745646393233915905e-01,-8.547719743132001780e-01,-4.473217621858966431e-01,1.000000000000000000e+00
-7.204476517799166535e-01,6.763599173387995211e-01,5.240301804512202677e-02,-5.452514915010258090e-01,4.995790339920368472e-01,1.941633435126886464e+00,-1.283264702430676696e+00,-3.378304661265798536e-01,-1.028546145578135729e+00,-5.221048071734037954e-01,-1.978750373575645927e-01,-9.277808192147068977e-01,2.264132788775501393e+00,1.205193243650530155e+00,9.121402158166073137e-01,-3.937471986147620395e-01,-1.083473323604893679e+00,-4.925233551498205964e-01,9.390430183351348159e-01,-6.962240429279039633e-01,0.000000000000000000e+00
3.566290766232533826e-01,6.472998149537841917e-01,-1.052713108099660566e+00,7.697946212611160854e-01,-3.209700533911633014e-01,-2.449890062206412811e+00,-7.092400860687401130e-03,3.894079004962425206e-01,3.052781908180249859e-01,1.034024785775089272e+00,1.138205095312972537e+00,-6.819272378396720180e-01,1.527861970382832890e+00,-6.898290183581220480e-01,7.759018275333955383e-01,-1.274422640534777385e+00,-4.667262606754311038e-01,9.308301564507727166e-01,-3.420808643954243999e-01,-8.563343292681154795e-01,0.000000000000000000e+00
-1.561419245218473195e+00,1.377278203542857904e+00,2.976294802879914658e-01,-1.102710189884773762e+00,-1.214771730250817194e+00,-3.625651114215843185e-01,6.803046420591734034e-01,-8.696924078295693583e-01,3.350290418625685440e-01,1.582227718292471996e+00,1.447482481137416288e+00,-8.924439259776195676e-01,-6.582715612038132769e-02,-9.959197122502657651e-01,-4.882747250666245042e-01,-4.443516455991844971e-01,6.425104708726877556e-01,8.129103289528527565e-01,1.717279105760561198e+00,1.405276702301281544e+00,1.000000000000000000e+00
-6.486460720232670694e-03,1.729748382342260679e-02,5.065620344345174164e-01,-1.460077133264153337e+00,6.650026694885403655e-01,8.826505618405698639e-02,-3.567162335757633751e-01,-5.467880073085246151e-01,2.509794292621051470e-01,3.889084992578284439e-02,-1.907471594421594085e+00,-4.422879882541099206e-01,5.975256334423634241e-01,8.106641241552600685e-02,3.991503128068497608e-01,-3.477275777539390322e-01,4.269429459631771118e-02,4.161561446060080965e-02,-4.927055035286341811e-01,7.073905184993432016e-01,0.000000000000000000e+00
-9.976210914088822213e-01,-2.134937236367417668e-01,1.235665979898184164e+00,1.717959365407383254e-01,-6.428910043466286028e-01,-6.843562535046519013e-01,6.256547083457343339e-01,-3.765761815454513051e-01,-1.937285118828502073e+00,-9.986724850298220879e-01,-3.143347826106163700e-01,3.392919577994710778e-01,6.360860874456933378e-02,-3.213245693870689368e-01,7.464172398359286698e-01,-4.535595151534893565e-01,-9.450034424174706960e-01,2.253395301416091012e+00,1.535173203270545628e+00,1.017826082583882741e+00,1.000000000000000000e+00
-1.536625593622855890e+00,6.387235947100919908e-01,-8.485315101607242561e-01,-1.906440415507059338e+00,-3.480949213118878394e+00,1.881866680423638220e-04,-9.445924164449019944e-01,8.400133670766690708e-01,1.730911602071101951e+00,-4.220888633269841983e-01,-3.751798503240945104e-01,-6.598794354215884450e-01,4.531202720331146683e-01,1.980519765032597412e+00,4.392646619617674442e-01,3.401923001520672507e-01,3.020199702081844406e-01,-1.473292004165592584e+00,-1.766537787546375693e+00,6.829584222166421581e-01,0.000000000000000000e+00
5.114256314972731587e-01,-7.520288574013441751e-01,4.187418088683462769e-01,-5.296264052006007805e-01,-8.217019117163704145e-01,3.461542962163847714e-01,-3.472653818475253118e-01,8.586464946606509052e-01,5.177571723550354887e-01,-1.820204440704618287e+00,-2.089844331548823320e+00,9.293015967935420729e-01,-2.083178206404192601e-01,-1.365137182304696051e+00,-6.944272367050063899e-01,-8.788627557712573868e-01,-5.612371906894824125e-01,4.101980255289240929e-01,-1.090565574072889232e+00,1.021942344552654591e-01,1.000000000000000000e+00
1.291850920045890749e+00,-3.849528768832104902e-02,2.064198700383694796e+00,1.115685119614102438e+00,-2.842588138424385069e-01,-1.079760072633251466e+00,9.034180293250767546e-01,1.384083277763980657e+00,7.743030098051082444e-01,-8.756287901042256738e-01,4.430206785353581478e-01,9.090178801302768452e-01,2.422773581142080024e-01,-7.508115143147304771e-01,6.860427714596749604e-01,1.961542838929523913e-02,1.309527586803915566e+00,1.640841565515012701e-01,1.769657829955820216e-01,1.923418685277663354e+00,1.000000000000000000e+00
-9.331707595407746636e-01,7.092770069758402851e-01,1.350276585624949011e+00,-1.953112887902544170e-01,-2.287053739625556581e+00,4.059737994257128779e-01,9.472493860303873303e-01,-2.090681338105227771e-01,1.687893683471453077e+00,-1.808711404147890001e+00,-3.520524711021493225e-01,-1.032824582453325757e+00,-6.353680921469763154e-01,1.603289310860842365e+00,-2.829704703222712392e-01,7.609631690160012507e-01,4.784099588777189771e-01,8.561189786717547934e-01,-8.637016084656490289e-01,1.128373019250245912e+00,1.000000000000000000e+00
-1.796571468873559674e+00,4.486279921745295884e-01,1.693906101649995888e+00,-4.637464786827323326e-01,-1.853066748563047816e-01,1.174176503872986776e+00,1.655855947101493308e+00,2.269425889823981080e-01,-8.932260466078986716e-02,-7.876037334132300893e-01,-9.092640393438873592e-02,-1.233534464819102672e+00,6.211839319852183738e-01,-1.700524121258416121e+00,-7.490611381099339106e-01,7.154914843221006349e-01,-3.759167093217707922e-01,6.672960022348478626e-02,1.828545125231116897e+00,-1.620014648900904575e-01,0.000000000000000000e+00
-9.245407016844306991e-01,5.037331929397373953e-01,1.297752515248991934e+00,7.849733906880635992e-01,4.669263308922206451e-02,2.372054021672691970e+00,9.322920796868500171e-01,1.287561123606712765e-01,-1.025985814297532217e+00,-2.477903629559997933e-01,6.255287264242459511e-01,1.315636430644200550e+00,-6.451392169117795561e-01,3.453761618921358800e-01,-2.790949619136107729e-01,-6.554084707765641671e-01,-1.491033183468474688e+00,5.840044983869570050e-01,-9.631986077038021676e-01,-1.012818173426504265e+00,1.000000000000000000e+00
-4.195647224835609701e-01,-1.615136756151440978e-01,3.852535063293780482e-01,2.640223118268107072e+00,-4.602038033091915281e-01,-1.880042719500299553e+00,-1.290165879124691051e+00,1.065926188289351151e+00,3.495771548443629695e-01,-2.013946070890301754e-01,1.593488156591354454e-01,4.232133219528722012e-01,-1.204072600270134519e+00,7.150481973191552543e-01,-1.122634627182949485e+00,-8.274382039107330833e-01,-5.770496730851655542e-02,-2.129076122997787035e+00,-2.784405467302373746e-02,5.559860823118587536e-01,1.000000000000000000e+00
-1.373987752311320587e-01,-1.262224134990427293e+00,-1.248250131354925685e+00,2.635576273361642796e-01,9.559984832368196850e-01,1.754355851658362386e-02,8.335339252510669261e-02,-5.229612482539976875e-02,2.803526817858341125e-01,1.816150574393603501e+00,1.868792465640954026e+00,8.381370009751881733e-01,-1.328956973041390377e+00,-4.110903140890272978e-01,3.840819059516801248e-01,1.539647449918746913e+00,1.149612243102228648e+00,5.071579179833054507e-01,-6.863924971557111565e-01,4.362346480382979785e-01,1.000000000000000000e+00
-3.744515706526866383e-01,-7.054576740584452832e-01,5.559064031983010912e-01,4.907683338160903630e-01,5.786328264238389529e-01,7.803624057881797249e-02,1.799000369177667258e+00,6.832764272767948288e-01,4.472197092319204481e-01,-1.333131889959458860e+00,-1.269531700244481920e+00,-5.140426119623967560e-01,3.499578529158534623e-01,-4.315109440926512829e-01,8.320384685572321803e-01,-2.194317644021969715e-01,1.258352484761511736e+00,1.193585383674299338e+00,-5.659439858219195152e-01,-3.451285242363272832e-01,1.000000000000000000e+00
-1.023972181864072351e+00,1.165666199502118028e+00,1.913170844539367366e+00,3.287822858126667747e-01,-2.874928414713602276e-01,9.878552037881560555e-01,-1.652323320202562229e+00,-9.112890033256377809e-01,-1.399270097611370112e+00,6.873381960430995086e-02,5.009979754387235973e-01,-2.641848439526386927e-01,-6.268406481056527646e-01,-7.361749955486394104e-01,8.085866067765843379e-01,-2.170347678216558940e+00,1.574716610791223603e+00,5.189223840273755606e-01,-1.018125489375770076e+00,7.723853964645861769e-02,0.000000000000000000e+00
3.964464811338820893e-01,1.565068873543560557e-01,-2.559314332947031922e-01,1.814183364497110595e+00,1.880202679728006920e-01,1.161858167633740502e+00,5.094344971725436322e-01,1.496393412583753690e+00,3.713292378998883647e-01,9.166635036789689828e-01,-1.189857236503327975e+00,-5.674537765913095777e-01,8.438318110770537395e-01,-6.625812994582795934e-01,2.932822912522514147e-01,-6.704051303938696194e-01,9.131721651059085398e-02,-1.465046587519122367e-01,1.537930501922660786e-01,-5.829889667137659881e-01,1.000000000000000000e+00
1.257179514417510857e+00,-3.414079729121542450e-01,-1.663109469465530177e+00,-3.593859131052482558e-01,3.731449114140493739e-01,4.057923586395264515e-01,-1.890269986298290239e-01,-1.255565052573398566e+00,6.236143342121950317e-01,-1.648986628595111803e+00,8.748508617085228034e-02,1.993480434073607643e+00,-9.071627818262849585e-01,1.040521713074697319e+00,-5.604148458506173769e-02,-4.058776617729836222e-01,1.158232469165355050e-01,-2.860784670539750496e-01,-3.420431410069780243e-01,6.039373749585128515e-01,1.000000000000000000e+00
4.214920810025726827e-01,-1.180348251866580656e+00,-3.716249068182528870e-01,1.298480737340383939e+00,-1.841455278946152907e+00,-1.267870181251562256e+00,-5.332256837760182000e-01,-2.373577311321617422e+00,2.440993246037008735e+00,-6.250801314405698417e-01,1.546227910676717165e+00,-1.378322120622099134e-01,1.191176323620928068e+00,7.931849346644318510e-01,-3.133669068259140045e-01,4.934494000989960716e-01,-6.846581012577364067e-01,-4.423323321600218239e-01,1.543219000767294791e+00,-8.895209934322167999e-01,1.000000000000000000e+00
-2.103787575371932839e+00,5.576088806351010563e-01,3.626924560126645325e-01,-7.196835127250847952e-01,8.905470503037412611e-01,1.764901670998980210e+00,9.451196185854882081e-02,1.423243742029838277e-01,6.490606022257572327e-01,-2.581991120589980371e-01,-7.795078432777515776e-01,3.248617042356344298e-01,-5.124840720417556117e-01,-1.460532844647200457e-01,-1.239821481841162365e+00,-4.809241716065198319e-02,9.157243519836385515e-01,8.195462949221148097e-02,-1.410566644576991324e+00,-4.895222071039797562e-01,0.000000000000000000e+00
-4.996887722459826264e-01,4.549223029331492252e-01,1.997498782101080117e+00,3.101324529722402357e-01,2.104472455533734188e+00,-1.920400238274125315e-02,7.665499639061065240e-01,6.889213092385464421e-01,-4.197535504412962526e-01,6.961073222063292321e-02,1.696597205439934530e+00,-2.265107098827398246e+00,-3.417512259426924159e-01,7.940333281908230623e-01,-2.668165637167038140e-01,1.769480554186733390e-01,2.087974133267612054e+00,1.721821005649548375e-01,-1.949178606515636680e+00,2.806782482362772391e-01,0.000000000000000000e+00
8.864047647277534248e-01,-1.217695337793203852e-01,-1.727700716000515335e+00,9.037427023115082170e-01,-2.076735326971258233e-01,8.407496934515140685e-01,-4.790814122761372640e-01,-1.206582966851099947e-01,7.827568994324521912e-01,-2.163377762122762338e-01,1.029892263807926422e+00,-6.204495666746981941e-01,-3.830060817369627668e-01,-5.724426964166741127e-01,6.199217764849582757e-01,3.129418329219569861e-01,2.027036023317259961e+00,-2.830745340262451615e-01,8.242027180802667941e-01,1.065633736009534038e+00,0.000000000000000000e+00
-1.503320189639398619e+00,-5.899285007333225916e-01,-2.990175145858501082e+00,2.184943895653110424e+00,-7.249766699186635521e-02,8.688815032392784854e-01,4.905780430286316163e-01,-4.801724768080993522e-02,4.186828290927155916e-01,-1.820320107618258465e-01,1.910978305599956295e-01,-9.992464398605949150e-02,-1.855475772624418207e+00,-2.489401282098724910e-01,-7.804152001934997473e-01,3.113990381358219262e-01,-1.077892547856769134e+00,-1.014028873403623132e+00,-1.602611941292848563e+00,-6.293103603983805083e-01,0.000000000000000000e+00
5.877129082276164596e-01,-1.986523493405323526e+00,-2.812009258045004012e-01,-1.190531805019608314e+00,-1.197779758979844900e+00,1.303310607542828570e-01,-1.830785100144031174e-01,-7.396447642985574111e-01,-9.297654217309118119e-01,-1.092299581439152512e+00,6.957792865355749701e-02,-6.003074649086453940e-01,-6.297877491272861894e-01,-6.091261502723417376e-01,-4.755252518540951656e-01,-3.349075457760060659e-01,8.722475143858599012e-02,-1.757491687246164336e+00,-2.130370757850041652e-01,-1.228266726354175775e+00,1.000000000000000000e+00
1.259289898871351232e+00,2.916007908848203267e-01,-1.246956028587087317e+00,-2.831957679100651770e-01,1.625808927956086114e+00,-2.246488658354631962e+00,1.451669602306456808e-01,9.015457452806279193e-01,3.263738425903311285e-02,-1.193915463584639181e+00,5.455140484093160547e-01,6.578928283865597137e-01,1.070186912798308798e+00,3.582520641915620252e-01,-4.843993330217148952e-01,-1.291663193661795273e+00,-1.501688353403164866e+00,-1.707073648191383686e-01,-2.781982910361389671e-01,-1.179921345415635009e-01,0.000000000000000000e+00
1.136075809835542239e-01,-7.157618613964494836e-01,1.138945862713848456e+00,3.390485458768406901e-01,7.325169025703239800e-01,1.657969416073730828e+00,-1.791859240850872892e+00,-5.206286991979099804e-02,5.766877885854818642e-01,3.648141995412081395e-01,-2.657431308481973328e-02,1.127164244024650097e+00,-3.597103158645855725e-01,1.281776880760077786e+00,-8.730616769795370713e-01,-1.140831908198101541e+00,1.223111848764438347e+00,-6.331556891547646115e-01,-1.415013302593429723e-01,-9.678741388177244387e-01,1.000000000000000000e+00
-5.559261072654365227e-02,4.297129210395104759e-01,-6.698929371076389749e-01,-5.316312538924986564e-01,2.237377954301889904e+00,1.837099856481334004e-01,-7.001022425865942589e-01,-1.072831249656351682e+00,4.117299631827999185e-01,6.211568018883243392e-01,-8.414491898189356833e-01,9.903186921340966231e-01,6.301593231724618160e-01,6.407259586866744794e-01,5.977177049817599119e-01,-9.066884438482131214e-01,-1.924495671004889663e-01,1.976224547361177919e+00,-7.706730612594048235e-01,-5.005305923011328373e-01,0.000000000000000000e+00
-1.222670047347630629e+00,3.247068520936299274e-01,-2.246910337742517305e-01,-9.345525615808347730e-01,2.743713776066497800e+00,-7.801350368696395865e-01,5.829249158185466628e-01,1.842389935700062154e+00,1.311353888244871202e+00,-2.684063918822644501e-01,-2.580960190640287366e-01,5.907183442086356706e-01,-4.990941293286721425e-02,9.016216377090952028e-01,-2.569433259621818344e-01,3.465059297205519973e-01,1.741730605218565930e+00,1.540898113569982852e+00,5.595450511647452885e-01,1.297335695521398824e+00,0.000000000000000000e+00
-1.287105791677360056e+00,1.210225421952080965e-01,-3.046614159739357564e-01,-2.045260133687120785e+00,-2.856783887979559844e-01,-1.910670480356511935e-01,2.062982192666838743e-01,-6.290390361501336791e-01,-7.236161411851768088e-01,1.579477345690744494e+00,-1.953798750394796224e-01,-7.629897245160614794e-02,-5.695485660668456740e-01,1.066386169917590721e+00,-9.089580399974138691e-01,8.973043812878043202e-01,-4.836286931961345514e-01,6.165631994322112730e-01,1.308974162240807981e-01,3.018915445191084346e-01,0.000000000000000000e+00
-1.736648545965628454e+00,-5.482291396315371879e-01,-4.546197356172894111e-01,-5.970225000779323665e-03,1.514970743533766484e+00,-5.258907589901083979e-01,-7.039477044408681827e-01,-5.349249382938434105e-02,4.095542546183641441e-01,-2.562433590511929982e-01,5.390596808786787264e-01,1.504280688065805505e+00,1.253810534132638432e+00,6.315742540586980480e-01,2.626813286826198621e-03,-2.431336355392521575e+00,1.170370556654403982e-01,1.765096558907418123e+00,-1.543876092280155765e+00,-4.723043494009112053e-01,0.000000000000000000e+00
4.560148344891799127e-02,-1.167787389979431545e+00,7.128266722505119946e-01,1.753761875585012064e-01,-8.659761359441286999e-01,-6.221260679541855687e-01,1.986990079374413298e+00,-2.248271993832590132e-02,9.027208930245653740e-01,-3.723417925576844728e-02,-1.991649199667676617e+00,5.208679566516836168e-01,-5.665715464756824193e-01,-1.856400517127840599e+00,8.664601907557466509e-01,9.501413936138767280e-01,-1.979905545337245221e-01,-3.364963515411674155e-01,3.235106034059495039e-01,1.018477166510308951e+00,1.000000000000000000e+00
1.541040022823602751e+00,-1.196219184460837193e+00,1.168097674786093831e+00,-5.727074296792369901e-02,-8.622804471866640785e-01,7.569976344783292399e-01,4.804919400464106594e-01,7.535383908882543613e-01,-1.163700020787624689e+00,4.397325910336961630e-01,1.140507646666899744e+00,-3.042946946247331308e-01,5.208657718916713530e-02,-1.916860722813263085e-01,1.995230072906700514e+00,-2.418138703141643198e-01,1.080586780407239766e+00,1.128524598219446728e+00,6.154485725509455801e-02,-5.195255652053558659e-01,1.000000000000000000e+00
-4.073921556972578406e-01,-9.792407331995735265e-02,-8.121267878743209101e-01,5.040034652953654520e-02,-9.692987444645404516e-01,-9.727547109950018811e-01,4.484175739668840033e-02,4.550316586235284566e-01,9.053316822123297358e-01,2.469026695326086152e-01,-1.893992545651807524e-01,-8.596722458876693285e-01,1.391800738297180040e-01,1.104148800062241920e+00,2.946277033090460851e-01,-1.385642090448495845e+00,2.149755452132684486e-01,-1.817803655167543386e+00,-9.976614904059070976e-02,-2.346430157355647028e-01,1.000000000000000000e+00
-9.488906246659738475e-01,1.038748687569501561e+00,5.776385964221074643e-01,-5.067706246169513262e-01,1.308900266454450678e+00,9.718389275104848402e-01,3.772094629944404143e-01,9.231655316853568105e-02,-4.232209093001979561e-01,1.363137528309791069e+00,-5.239077497982544962e-01,1.556072971745240840e+00,3.296537861697620975e-01,-1.374543321496574544e+00,-1.251932907302635956e+00,-2.986783915599224848e-01,-9.748577937722530118e-01,-1.157968579565061162e+00,-5.340411444859982648e-01,3.506428345217391662e-01,0.000000000000000000e+00
5.474218943593437414e-01,-8.134557863575853087e-01,-1.430087563424814689e+00,3.185918513588973933e-01,-3.541685998880907404e-01,-5.158350129045321530e-01,1.299600576954288433e+00,-5.764050618925484759e-01,4.775141279292450802e-01,-5.276658958821385248e-01,-9.034694354883446854e-01,8.916494935910087571e-01,5.867938877813616561e-01,-1.463053373946698876e-01,-9.032705075331748379e-01,-7.922862041788893139e-02,1.522337559034345311e+00,-4.799658627485176021e-01,2.090730417849323841e-01,1.064879246635903609e-01,1.000000000000000000e+00
5.013385453269071368e-01,9.473000157080813111e-01,-5.748760138461713742e-01,5.313369413522580631e-01,-5.000171701183736550e-01,-3.333856050229187518e-01,-4.677747123693999920e-01,1.532009170525301611e+00,-3.880902569015259318e-01,-2.159874125016210400e-02,-4.939628695274085879e-01,-2.227863415022483529e-01,4.975277078965572031e-01,8.481329384304520103e-01,2.052226798542995834e+00,6.136089496266442511e-01,4.767036147566772186e-01,-2.950587376909798554e+00,3.244594779014233765e-01,-1.043998716114759473e+00,0.000000000000000000e+00
-3.166624832568725734e-01,-1.971944228961281187e+00,4.752579847274967378e-02,-6.293163166894594207e-01,-1.442650991752801204e+00,-1.006082241060932025e+00,3.342115126106824374e-01,-1.118276360963717186e+00,-1.434466822198930958e-01,-7.419767590185172290e-01,-1.573852372452056780e+00,-2.160857318470683630e-01,-1.187860593987066608e-02,6.129144194595691486e-01,1.750612922393491866e+00,-1.163739253470196466e+00,-6.887632412580583230e-01,-5.633102598202652800e-01,-1.887141782897501674e+00,9.513566190868887329e-01,1.000000000000000000e+00
1.744128965710730172e+00,1.960403354190685676e-01,3.663211975761060477e-03,3.911008114677109182e-01,6.428646873957445385e-01,-5.030031051651557839e-01,8.503526394574582037e-01,6.493660147189835863e-01,-6.121721386109545415e-01,2.215285247461510565e+00,9.837150138434187507e-01,-1.126606457376229553e+00,-5.785379280478588626e-01,2.261443371227573051e-01,-4.276789271925207636e-01,-4.053602364634109056e-01,1.024425837159570030e+00,1.379201208734849526e+00,5.702329625740539809e-01,6.664516098010123679e-01,1.000000000000000000e+00
-1.983077378197033225e+00,-5.520660044106102671e-01,2.885280185697102207e-01,-1.277543543894453570e+00,2.257732546072067359e-01,1.451379877419513020e+00,2.174926242441952873e+00,-1.920121294546305590e-01,-1.159220237381540786e+00,-1.195008277529123308e+00,-1.086853077229640085e+00,1.070236689578724226e-01,3.706288204782929308e-01,4.447755479559201697e-01,-6.393312743563014378e-01,-1.375402844132314062e-01,-1.875379943198499932e-01,-6.640766271732974069e-01,-1.078111687068689539e+00,1.104033430503192914e+00,0.000000000000000000e+00
-2.623942749081705772e-01,1.258198186686062092e+00,5.075542689808199004e-01,2.463556926032222538e+00,3.954594018081092899e-01,1.336803329850087874e+00,1.078506040423937273e+00,3.611593034928101131e-01,-5.252702027347335711e-01,1.164660804532953176e+00,-8.685121215525641869e-01,1.373549679035098725e-01,1.144579067182293297e+00,-1.383785174505953952e+00,-1.005029920360768436e+00,5.033032140980781000e-01,-1.065594450957478179e+00,-5.090361402186158735e-01,9.325872851958459941e-01,-1.414184068457139620e+00,0.000000000000000000e+00
-1.879304137654434603e+00,4.211251972850606207e-02,-1.846880824173207314e+00,-8.656598873904725044e-01,-4.917696174195487768e-01,9.721031645534226051e-01,-1.366711079188337674e+00,2.234988283258988240e+00,6.467338933141421053e-01,8.286827080961935987e-01,-1.360300740276819464e+00,-4.333725665760824741e-01,7.996142618346714359e-01,-7.231960124555149028e-01,2.877709655992913285e-01,-1.062896405244895703e+00,-2.099870633450441559e+00,3.008026433335447281e-01,1.106546736060615599e+00,1.928105295200143454e-01,0.000000000000000000e+00
-5.780866511252141793e-01,1.583867463488307648e+00,-3.215499969477550457e-01,-8.490673310571832388e-01,-1.302435224907379618e+00,-1.118223835445112835e+00,-5.541152667865493209e-01,-7.607031100795978995e-01,9.221179910994975470e-01,-1.039403207717102928e+00,2.081805715849743610e+00,-8.431540814266692552e-01,-1.303406817040958732e+00,-4.499211146252868332e-01,3.989962140001041546e-01,-6.160523056982779577e-01,4.291391616833349354e-01,1.069595004866199739e+00,9.280510982047903701e-01,2.209357655109990493e+00,0.000000000000000000e+00
1.546460443239714877e+00,-1.496400421976654405e-01,3.585707958868954992e-01,1.054275629114291624e+00,5.779211858034388749e-01,2.626924333255714616e-01,2.715347525739562062e-01,-1.396885176800158002e+00,-5.383669971200458759e-01,-6.218510800245585779e-01,-2.692801625437040158e-01,-1.098760939346721255e+00,3.308195580019678284e-01,8.980857084870964568e-01,-1.667953835356150716e+00,1.062911661625644877e+00,-1.079680153894165273e-01,-5.520452809812310679e-01,-8.511237075103383898e-01,1.227150704572344653e+00,1.000000000000000000e+00
1.135507521829632216e+00,8.201132092030967158e-01,-3.323508742607922395e-01,-7.787311459071541431e-02,-1.406018638814012123e+00,8.069658648302927562e-01,-1.252235870444609600e-01,2.652358567898956410e-01,-7.680225865611886582e-02,-2.656096900435364061e-01,-1.655346821887867803e-01,-5.376692267843703466e-01,8.350108982424361281e-01,7.593524456711669979e-01,-6.877837052670436879e-01,2.300153358291415762e-01,3.262672927138721146e-02,-6.091283403406955177e-01,1.134215765855444369e+00,1.835342919794343386e+00,0.000000000000000000e+00
1.746638592051313887e+00,4.815386363620201976e-02,-8.730838707165453627e-01,-1.034721965969393143e+00,-1.567792652232782746e+00,3.889993621636405052e-01,-8.052201903855760179e-01,-8.084695075766923367e-01,9.325061598326112033e-01,7.257582430123572514e-01,-4.935277710151362296e-01,-1.406279483171629652e+00,-2.478100377224910222e-01,8.128516926598431391e-01,2.041219588656920880e+00,-9.520793682156604154e-01,1.545901778211994371e-01,-3.863317588122688329e-01,7.849561518776700941e-01,3.250671102544005486e-01,1.000000000000000000e+00
9.656820919824034011e-01,-3.212778041569745446e-01,-2.290862852227262270e+00,-1.681787667684250254e+00,2.737169728693583659e-01,-6.094409977914083676e-01,-2.748226568537627812e-01,1.880809196470923650e-01,-1.112102079336099614e+00,4.737696884454156016e-02,1.158177221456304640e+00,-2.918219749432361954e-01,-4.060973464091020557e-01,7.450227691540357577e-01,8.299778816854057606e-01,1.016772606517945654e+00,3.738220572236390926e-01,-7.739463914323646554e-01,1.775373862576028250e+00,-9.006194447879585230e-01,0.000000000000000000e+00
1.583050238365497853e+00,-4.147367285439032547e-01,-2.051668983215054198e-01,9.891972776222728303e-01,5.567908299692463370e-01,1.107904748508484527e+00,-1.531092426992002764e+00,1.597783639161526992e+00,7.633409516009068696e-01,-6.280136575099652951e-01,-5.696042577273749963e-01,9.449388667689968824e-02,1.581261916610296470e-01,-1.326075728338121706e+00,1.338646766175597635e+00,-1.505200588434111086e+00,1.241752788588340151e+00,1.994803597363301317e-01,8.422167033315616225e-01,-4.412876589781986603e-01,1.000000000000000000e+00
-8.088832197413921010e-01,2.243676186494950375e+00,-1.447170181147203083e+00,1.414562637274798806e-01,-1.414117359386995343e+00,7.148251382565872225e-01,1.068667214120014419e+00,7.715296666039682671e-01,7.812279204053421688e-01,3.698105024623520309e-01,-4.784553333689221533e-01,-1.193217175587782286e+00,2.893756920500626939e-01,-1.497795798918748256e+00,1.740669378721065197e+00,-7.933356674009829357e-01,-2.110984930650993796e+00,1.114206125234846301e+00,7.018969742132405987e-01,9.823069304587351835e-01,0.000000000000000000e+00
5.250720301253791744e-01,8.090924793784141089e-01,2.514648181506218272e-01,-9.140761524625979906e-01,-5.657914009681046519e-01,-8.358694165493940620e-01,2.040240101933640526e-01,-1.691579340707197732e-01,-8.427912359441243062e-01,7.307574031071230047e-01,9.403246018357189762e-01,2.024925361063562856e-01,-9.254851387485752978e-01,-1.587517907680489948e+00,-4.981932967701582227e-01,-3.443250664527412463e-01,-9.486697129248448102e-01,-6.795898347854264498e-01,6.012477905914925813e-01,-1.708582781417360419e-01,0.000000000000000000e+00
-2.414702110010531477e-01,8.731237620166897306e-01,-7.844762338390243173e-01,-6.296473915681005673e-01,2.499906398228255444e+00,1.743860765651303435e+00,-2.692352856937605191e-02,-5.014180899096014610e-01,-5.536047399304500072e-02,-3.598244892749510870e-01,7.604448665029360510e-02,6.325926811176760811e-01,3.378510017924386544e-01,-2.091296633053903786e+00,4.471330053424645290e-01,1.345086661162340436e+00,4.739559449700745386e-01,1.770490126146880006e-01,7.783883913270140953e-01,1.739076973716510821e+00,1.000000000000000000e+00
-1.237594612612602951e+00,1.905320882572142160e+00,-9.018734774053790426e-01,5.603426754867677495e-01,3.716946373627386668e-01,2.792721225276831865e-01,-4.012040259142634069e-01,-3.235404536317916802e-01,-4.137295566035094629e-01,-9.596462389253842540e-01,-7.820645267808343237e-02,6.403351725402242067e-01,1.195604680592274649e+00,-8.354651047420326160e-01,2.333506292651804370e-01,-4.047729242021198132e-02,-4.298374589618643160e-01,-1.519029705072424630e+00,1.095253039626956859e+00,-4.325490859382173925e-01,0.000000000000000000e+00
-6.507668629214359290e-01,1.912448393232618060e-01,-8.972837463455912710e-01,6.788108681437131642e-01,1.450302757066797898e+00,6.933358932582903145e-02,1.691019033260230620e+00,-3.215618094501739299e-01,2.801831713896368647e+00,4.083715114071076457e-01,2.505515911317016120e-01,1.185105486518471807e+00,5.256927685025390984e-01,-1.168543291170431320e-01,1.146052554991922490e+00,4.209777623336681263e-01,9.303940304399214295e-03,-1.637399907818337885e+00,1.537796212491815938e-02,1.360010062062363856e+00,0.000000000000000000e+00
-7.718739418618684178e-01,1.309207898891447952e+00,7.747661805261070178e-01,-1.659342090562460958e+00,-8.875950559033748966e-02,5.160966366309536202e-01,-8.523108842634115334e-02,1.429450967457021882e-01,1.183468046820579822e+00,2.336206215245308637e-01,-1.149051236558151556e+00,-2.477860139660607586e-01,1.191086017625001547e+00,-3.088211609510670641e+00,-9.727992384966761552e-01,4.455021435057457402e-01,-7.781479398342044940e-01,7.064770885870585992e-02,-1.348568858098404995e-02,-7.655057909992765142e-01,1.000000000000000000e+00
1.715740255328423336e+00,-2.352036717008787747e-01,-1.218913113498705902e+00,-6.454258422219769642e-01,-1.331199388591534749e+00,2.662970829967443276e+00,7.154668502330014945e-01,2.606568366367508771e-01,1.411582718629637023e-01,-1.136927743110667466e+00,-7.688762922699328151e-01,-1.303102752099669637e+00,-3.235456713750896329e-02,-2.470316358474151652e+00,8.096231700582060542e-01,-4.058084437529573818e-01,5.113809906121730142e-01,-1.716872813046481927e-01,-1.543863179491481441e+00,2.108999316017428072e+00,1.000000000000000000e+00
3.772360963428003089e-01,-1.220956342593865762e-01,7.804618990260662192e-01,5.702616992618870784e-01,-9.436302314496110011e-01,-1.820941250513626208e+00,-5.212463602683006236e-01,1.116749672832517248e+00,4.802872602979267325e-01,5.419365844854096004e-01,-8.034963935840894189e-01,4.325317099107405250e-01,7.592582025136280777e-01,-1.614086615951060955e+00,-9.870852380122636660e-01,-1.377584275573331095e-02,-1.945428681397536108e+00,-1.667630267481912787e+00,-4.456788858298996181e-02,-1.717540058008221182e+00,0.000000000000000000e+00
2.216242040511661460e-01,1.410687806582206605e+00,1.939889316853644907e-01,-6.844326679379088008e-01,1.709588365972837698e+00,1.038437487999739783e+00,-8.102456081207682903e-01,-4.939795329530249912e-01,1.440921322468813992e+00,-2.289762389368695250e-01,4.194050541941961030e-01,-1.157264391644885260e+00,-4.404015704694760891e-02,3.596158447520089174e-01,7.410902815565754143e-01,8.049023299854292102e-01,-1.348526963115882937e+00,7.468475400815083320e-01,-2.497629172466017788e+00,5.679036006104648190e-03,0.000000000000000000e+00
-4.050216412403107903e-03,-4.175827930975657687e-02,1.747811688564302468e+00,6.528486481601131208e-01,-9.215575342917260437e-01,-5.187000132659927987e-01,-1.050923127478569752e+00,-4.481690783156574986e-01,-1.143077428382576866e+00,1.914418759864586761e+00,1.927865305629374415e+00,1.034659404533978755e+00,-8.886334190312004111e-01,1.109295862696033863e+00,-2.371983615789717004e-01,-9.118765790940834837e-01,6.432894629211356463e-01,5.343591286291540232e-01,1.383687133904994537e+00,-1.316060874532055669e+00,0.000000000000000000e+00
-3.703762603995925939e-01,-1.861252108348924406e+00,3.595854690523047625e-01,-7.353292853982336119e-01,8.318579666805754336e-01,2.852173988532692439e-01,-4.171946339043171581e-01,-3.851223634483140756e-01,7.419050902642038148e-01,-1.614902176361783515e-01,-8.168913554795480536e-01,4.324904744290002934e-01,-1.736854432281079275e+00,-4.464183504667035840e-01,6.256209042152260924e-01,5.596357368140166821e-01,1.991789082319198878e-01,-1.379503212916807442e+00,2.060342498027775415e-01,3.274311425732969183e-01,1.000000000000000000e+00
-1.884228541232167986e-01,1.639374193483776221e+00,-7.358645472723800429e-01,-3.919543954976851263e-01,1.524170711080460539e+00,6.142598029532853054e-01,-2.551326314210342616e-01,1.520014509515927870e+00,-3.831963489642565834e-01,-4.759825720863462561e-01,-5.228879405674125014e-03,-3.743156494089233122e-01,7.894363164145044853e-02,-1.114118251102371060e+00,1.181568235198246636e-01,2.195466217803881293e+00,-3.523883744614889624e-01,7.092251968722816935e-01,-8.736936141289205482e-01,-1.345708351562491245e-01,0.000000000000000000e+00
6.841474462653667210e-01,-2.116372390615997912e+00,-2.081349064600706456e+00,-8.207253823382351099e-01,2.728748745703190592e-01,1.449017993533666004e+00,-1.230503558762381378e+00,7.917790415199106313e-01,-9.384050085809652053e-01,3.560520743111732500e-01,-1.774645778561860343e+00,2.802985738477009048e-01,-6.710094098019558917e-01,1.230925687922762857e-01,-5.282602634018245258e-01,1.592677873160249225e-01,6.964991014048625972e-01,-1.667750545606450530e+00,-1.103355374885299112e+00,1.426813753833605647e+00,1.000000000000000000e+00
3.468482254780305696e-02,2.734603257010194133e-01,1.454651382634966517e+00,3.051281853781834252e-01,4.573678360949565147e-01,-6.567165520360013220e-01,2.618821535198092576e-01,6.165530808928283424e-01,1.146033721195434341e+00,-7.315209723174296297e-01,-4.502383893497232670e-01,2.687550649137800396e-01,5.049114635003641993e-01,-8.643274059778939256e-01,-2.010861643114234543e+00,1.988688398795582235e-01,-1.468890194417447892e-01,-2.063171397875734336e-01,-1.593067552840912615e+00,-1.094882298122795417e-01,0.000000000000000000e+00
4.472613767614341262e-01,1.642216313542016748e-01,1.118309998294173990e+00,1.478755094119320324e-01,8.089338356360626925e-01,-3.720606551903377079e-01,-1.039326449354437631e+00,-9.062052421993526119e-01,-1.255354471140396555e+00,1.008263731408254316e+00,2.724155167117725096e+00,5.319109904141025025e-01,1.675496606975563463e+00,4.958684926674183230e-02,-6.486430446408799622e-01,1.572333383509809890e+00,4.998723718591351339e-01,-1.486763691026927514e+00,-1.909607757160662334e-01,-1.171917023649163836e+00,0.000000000000000000e+00
5.627332427744424076e-02,6.914766827371295888e-01,5.194511842038995741e-02,2.728049194644741604e-01,-5.128846821691281921e-01,-4.790932112815197708e-01,1.324076411731532454e+00,-2.217350427461448337e-01,-2.442799987917557480e+00,1.830141033685143692e-01,1.874089785262197383e+00,-6.551474092742262112e-01,6.751478405337186794e-01,-1.358078911687891521e+00,1.612279624087399110e+00,-1.356179960922795358e+00,-1.651107632114776180e+00,-8.257750598063753333e-01,5.919044290175861089e-01,2.538600029033595273e-01,0.000000000000000000e+00
-1.786508770978504357e-01,3.628383429462076620e-02,-1.568941711023581043e+00,-1.837205244259494108e-01,4.745088801856917615e-01,9.435671165278249894e-01,3.902780293135190703e-01,-1.234127676679746433e+00,-3.953103079445306478e-01,-1.085002565543753406e+00,1.439932298023595125e+00,-2.397467096102585238e+00,2.971288864081670367e-01,-5.787013078723138859e-01,-1.199430292851951518e-01,1.445091222093519479e+00,-1.561668841305081656e+00,-7.213120772119283597e-01,-2.711590404448014358e-01,-2.853018550075928639e-01,1.000000000000000000e+00
-1.711254795522399119e+00,6.287174700224884560e-01,2.087715368559856621e+00,3.636899106662426773e-01,-6.875431640844599235e-01,6.192069014574831387e-01,3.232959568295307728e-01,1.464086333238289184e+00,8.511484187449509520e-01,-1.350736890915502086e-01,-1.093040715470090296e+00,-3.067336628761673234e-01,1.409183356962048217e+00,1.420829097694785936e+00,2.583448388233054338e+00,-1.200606827177902458e+00,1.016416403615730407e-01,-1.196141811546775902e+00,6.493703170949711723e-01,1.773142994467201916e+00,0.000000000000000000e+00
1.123674818165356193e+00,-2.157421805795133096e+00,3.165234756254623472e-01,1.016801001652757996e+00,3.329690868177215268e-01,-7.892143181758973225e-02,-7.959160063723325074e-01,2.645147854109058949e-01,-1.466190112116070976e+00,-1.643385310825852486e+00,2.659282613804603290e-01,1.210354686034776917e+00,4.758552929770925033e-01,1.579423010512982228e-01,5.795822992667816198e-01,-1.303658623427284002e+00,1.114614436678420750e+00,-2.032298050116074783e+00,1.084413981964421181e+00,-3.531644002837978635e-01,1.000000000000000000e+00
-9.949471253396211523e-01,6.193525412935898533e-01,7.063149559390492493e-01,2.786319965367741736e-01,-1.202722801013881432e-02,-4.455093246310948829e-01,2.325781638911660343e-01,-1.762840588180837775e+00,-1.655632318144957482e+00,-1.788243043639231589e+00,8.258545503869321736e-02,-3.776056964944090599e-01,-2.099289739510926900e+00,-2.270323209564161504e-01,2.997567212825668070e-01,2.624031026937644118e+00,-1.974633263299955810e-01,-1.381355452973278553e+00,1.585999264940129438e-01,2.816627995893304925e-01,1.000000000000000000e+00
7.735512609334967982e-01,-1.817658360181138022e+00,1.427528360816087416e-01,-8.884622529084756914e-01,1.455472834622404177e+00,8.097947876304287806e-01,-8.936368708571268415e-01,-2.150510030060988342e-01,-4.516198471652052571e-01,6.062918838730639859e-01,-8.312998249690731895e-03,-1.614140233634855648e-01,-1.971148713643069705e-01,-2.223722310230193955e+00,-2.422586004333628917e-01,-5.222396096323472792e-01,2.378532479721155724e-02,-5.133069371590024410e-01,-1.948994995910089192e-02,-1.194277791806418465e+00,1.000000000000000000e+00
2.984122769459402469e-01,3.211678392758013367e-02,-1.429112530157612415e+00,-4.562164963609470214e-01,-4.218707200205666363e-01,-1.300746555262269899e+00,4.249643273945970245e-02,-2.297468385438187766e-01,4.062083125280603890e-01,-1.528274219092907171e-01,1.321492140963559936e-01,6.135723207365282317e-01,-8.255187098000794643e-01,-1.017014229896451988e-01,-1.689613008792297144e+00,2.365946130094438882e+00,-1.755981314199868804e+00,-9.752276395972099277e-01,7.949364163483202406e-02,-3.218274322633730700e-01,1.000000000000000000e+00
1.075572555637585248e+00,-1.360128158155496259e+00,6.251307824025884585e-01,1.319744048586725671e-01,-1.087643891412555686e+00,-1.330454640677287914e+00,4.707200783565386182e-01,3.269522899024785989e-01,7.019471280883985420e-01,-1.730431742988067567e+00,-7.977937498114344717e-01,1.184631128925605736e+00,-1.321352295065902460e+00,1.275026625317406959e-01,8.406076832438376112e-01,3.946793229241277179e-01,1.266308759763467240e+00,-1.532695081467242426e+00,1.102965501855458497e+00,2.725837466194856340e+00,1.000000000000000000e+00
-3.702053043827202017e-01,4.259780665021469792e-01,-1.128583836963009235e+00,-5.102324840920726690e-01,-8.082168020093671856e-01,9.222167000475099963e-01,5.180956859008594151e-01,1.771473462951734523e-01,2.691881457682285816e-01,-1.277285260020375013e+00,-3.818472737982971932e-01,-2.390097181115706081e-03,-6.251570710456711977e-01,1.988044668312236585e+00,-2.501557596363357949e-01,8.506564590404261939e-01,4.617268497477226147e-02,-2.843858770243550271e-01,1.841399554712314091e+00,-1.230239667992846453e+00,0.000000000000000000e+00
1.094865969390688809e+00,-8.865616160752889385e-01,2.782725801268518317e+00,-2.673218347356713931e-01,-7.012740251523305046e-01,-1.802410806897421613e+00,-1.172472931547231978e+00,-8.494283757773991861e-02,7.701111050517506218e-01,5.637628996477489496e-01,2.906918674639868527e+00,7.808006694582433349e-01,-4.369594644447490350e-01,7.827542812926595595e-01,8.370051819400871340e-02,1.340607728374210827e+00,8.798275792371088588e-01,-1.891000825932455331e+00,5.167791781484895042e-01,1.461880539789373268e+00,1.000000000000000000e+00
-1.251047646686527237e+00,1.429054625001319634e+00,1.511869364310436670e-01,6.429173814625649408e-01,-6.920742415100702427e-01,1.187257996425393092e+00,2.461661118938072601e+00,-6.660917937983296122e-01,9.629753844604936885e-01,1.149352564129482168e+00,1.150624222852574929e+00,5.629959665281525361e-01,-9.521818071172057085e-02,9.310975413107047682e-02,-2.454708060394545921e-01,9.671721094866742030e-01,1.206980393779426147e-01,1.743539773783649507e-02,9.032747989061689076e-01,-1.155496182846794451e+00,0.000000000000000000e+00
8.920788618669640568e-01,-2.357941001216679933e+00,5.300693668060635355e-01,-7.653482953220168694e-01,-1.873443005088837321e-01,1.634480817867962621e+00,-8.386131312456425180e-01,-2.920038287370070873e-01,-3.901518962882088992e-01,-5.635584257147687737e-01,-1.131661477434195096e+00,5.266341491114794326e-01,-1.163177148196611999e+00,1.036893444961905636e-01,8.291896775617210724e-02,5.567771053731259551e-02,1.805640573694908380e+00,-2.081820330360082405e+00,-1.662058744245536346e+00,9.276752959368983475e-02,1.000000000000000000e+00
-4.948924319494795721e-01,-1.908754978358307985e+00,-1.411746539336287132e+00,-1.237911598660023538e+00,-6.071140878937332230e-01,5.707621142495341582e-01,-2.267254225893460706e+00,-3.832174598549396016e-01,-5.196948358240314203e-01,8.953158591134487143e-02,-1.587616334299473894e-02,1.420655341208838518e+00,1.669033301169468464e+00,2.037399127953193889e-01,-8.748073910567288891e-01,1.132297311634483439e+00,-3.579832457970782422e-01,5.420753586149184011e-01,2.394914390896318412e+00,-4.300429364311093572e-01,1.000000000000000000e+00
1.054643041653984481e+00,-1.095977520805991423e+00,1.242040535114652844e+00,-2.297115048062494669e+00,-4.814355195285712208e-01,8.158367569996390900e-01,4.643111330897427558e-01,2.296786522187037605e+00,-9.945599437496573936e-01,-7.711265421261963571e-01,3.460494773700452664e-01,-8.351582738367218095e-01,1.450694248435882683e+00,2.125935545871663890e-01,-3.512908410930187797e-01,4.830086233318052757e-01,-1.346991146369919123e-01,1.155882638061200146e-01,5.267586049812075233e-01,1.585100878232316379e+00,1.000000000000000000e+00
6.008522225345672707e-01,-1.901093739228008284e+00,2.679720008068824932e-01,1.168286797195845494e+00,-5.363755396740759185e-01,1.187530153088301121e+00,-2.833175110760202120e-01,-1.820537269955016801e-01,-4.117049390307900847e-01,-1.095316116177218024e+00,6.881878453060427114e-01,-1.850314052471988324e+00,2.679458980776578958e-01,-1.310142685933439743e-01,8.422673192628795658e-01,2.577830363248099776e-01,-2.711708348721626471e-01,-1.476811378022579335e+00,9.881280182752829599e-01,4.811587182054590794e-01,1.000000000000000000e+00
1.443417781635964792e+00,-9.405210651665192323e-01,-4.348818412723029492e-01,8.489370973235831341e-01,1.401264767028622682e+00,2.450368899725651750e-01,-1.250236787694690266e+00,-2.792807236754693209e-02,1.977033170827089625e+00,-3.417523336596653971e-01,-3.230357263662114176e-01,-2.036029984496180223e+00,-1.050166600158149555e+00,-6.838029649678538657e-01,1.082218096982024147e-01,1.254811746695317476e+00,2.526859686106886826e+00,-3.602827081006008125e-01,-1.899028035374448642e+00,-1.544499359611618272e-01,1.000000000000000000e+00
6.650108270935637389e-01,-1.249299564353135272e+00,7.559939736860389337e-01,-1.452030204252789503e+00,-3.766075651013631176e-01,-6.817111743368464705e-01,1.867731745010873468e+00,1.046780331800444691e-01,-3.324351515836100335e-01,-8.877846942060659829e-01,5.918480679362768671e-01,1.230255243372974761e+00,-1.020542491581845068e+00,-1.611397081504105655e+00,1.252299680089921541e+00,1.280468921421513799e-02,-1.400621387904944282e+00,-1.364427467258815807e-01,4.682666907165407011e-01,-8.758774091995402689e-01,1.000000000000000000e+00
1.282305168002371820e+00,-1.809617371024862253e-01,1.493378283570601317e+00,-4.452971979689515081e-01,-3.275813155474099903e-01,-6.656833237052308672e-01,-9.096427901208194999e-01,-3.986261148739211890e-01,4.040967191323378005e-01,5.927819849276805275e-01,2.893898337071267868e-01,3.116120411598496176e+00,-4.723879648056230618e-01,-3.228215503740470838e-01,-2.727535802462159945e-02,7.755594467009618853e-01,7.485367684468318128e-01,2.056149275827257872e-01,-2.173699801670282983e-01,-4.004493445607000268e-01,1.000000000000000000e+00
-1.117602418243437007e-01,-1.427783160174077359e+00,7.603538204497363173e-01,-1.672041012356185741e+00,1.589890497385654244e+00,-1.857926482229741438e-01,6.187221582587416613e-01,1.016491900944533205e-01,4.189615688046239295e-01,1.693433436974923545e+00,-5.267075085867377604e-01,-8.410094399467595849e-01,3.891358340202782928e-01,-1.236467723094312410e+00,5.308224682821345297e-01,4.106410744393882983e-01,-2.795484638363712748e-01,8.695742662249621446e-01,4.059266193764494712e-01,1.045514891349229813e+00,1.000000000000000000e+00
-7.514067351076256784e-01,-6.686659391710166878e-01,-1.005361298456787456e+00,-4.870687546620970920e-01,9.938916033067434208e-01,-6.543689670307594186e-01,-1.032255673135089369e+00,1.089193363166314626e-01,-8.717533985681319431e-01,-1.420541267196648194e+00,1.272797411374107623e+00,8.516811907615232657e-01,-5.071244210382185313e-01,1.005879232847107341e+00,-4.836460266251221274e-01,-2.013280983644869959e+00,1.045710227244108337e+00,7.521800791037049072e-02,-1.155707249662114799e+00,-6.194715904992880579e-02,1.000000000000000000e+00
1.264204420027965348e-01,-3.895593607541564252e-01,8.114867249284981598e-01,-1.188246190535235669e-01,4.135887810380961538e-02,-8.127502423017135547e-02,5.629734882290424736e-01,5.162380987731181037e-01,-1.156626236211102166e+00,2.438599616405231763e-01,-6.997418403515872631e-01,2.667389995271972847e+00,7.155430005490434064e-01,4.152886503911388805e-01,1.366358613955183654e-01,3.547378646163719118e-01,1.442076413833632831e+00,-2.241530226063093434e-01,-1.814354197582744188e+00,1.370411939988010364e+00,0.000000000000000000e+00
-1.042589799412083629e+00,1.510060527876523784e+00,8.701652923926109784e-01,-2.055513719901136127e-01,-9.667059249996032833e-01,2.205718345899434774e-01,5.094773863274898451e-01,1.937657190652788852e+00,-4.194162060206619302e-01,7.402078014261598282e-02,-5.603916159006744335e-01,-9.387226988923783599e-01,6.178113230435171577e-01,2.763270429783582505e-01,-4.275847110341045032e-01,4.150370343499259346e-02,1.692027338846495144e-01,-7.478412134790514143e-01,2.460514882380402835e+00,1.170321813095846819e+00,0.000000000000000000e+00
-7.651058001980464152e-01,-6.626967050821457317e-01,5.050124445490719038e-01,-1.179875920374575948e-01,3.684627665231461346e-01,4.861448270930997240e-02,5.772837960835766058e-01,5.233223066165013648e-01,8.093352521926286958e-01,2.473944884113107034e-01,-4.282688040248461836e-01,1.170775828173808542e+00,-3.141834556080786434e-01,-7.742914920301176007e-01,3.522270576108235129e-01,5.069197209724412012e-01,8.781076011820341254e-01,-5.136138044542635228e-01,-9.748952650093992700e-01,8.145250088736997185e-01,1.000000000000000000e+00
-1.311413784564783302e-01,-1.436472695058142124e+00,-7.290110267198333105e-01,3.144831339595866582e-01,1.383060508749346385e+00,-8.338641561307867656e-02,1.911354543869977704e-02,2.261657905868744489e+00,1.228232302173774659e+00,4.221369646701483846e-01,-1.555798927336557558e+00,7.638429298425850056e-02,-9.366373998703551168e-03,-1.125961054663685845e-01,1.404905599800948257e-01,-2.042182885010260573e+00,7.240974475881319095e-02,-3.329438670940402800e-01,-3.067118852062802881e-01,-4.047759401164901516e-01,1.000000000000000000e+00
-8.335456209161420382e-01,-7.379714592765414249e-02,-2.979546426891136468e-01,-8.246090810307575847e-01,1.286302054732215705e+00,-4.876855699253880572e-02,-1.685896197743660396e-01,1.562063612823356706e-01,-1.954900261478562662e+00,-6.412757191460086714e-01,-1.241695777870424205e-01,-5.018042422953581383e-01,-1.759739344727389021e+00,7.368445890343250371e-01,3.567390633777294262e-01,1.287729196535357001e+00,1.488399724814057468e+00,-1.759340106236889634e+00,6.723173091202100382e-01,4.880952590971556204e-01,0.000000000000000000e+00
9.766979422114978326e-02,1.063599533381983375e-01,-1.899232733860247935e+00,7.218790445034348191e-02,1.254641457468675947e+00,-2.236611650303637344e-01,-8.699432232278266897e-01,-1.250643667359978561e+00,-4.177343065853945658e-01,-3.563714749106952073e-01,-8.859070290304742468e-01,7.790924416236696404e-01,1.523828190459510512e-01,-2.562838937293271391e-02,3.764797549498529183e-01,-4.566894513889231955e-01,-1.992259757308341372e+00,-9.464541515989606246e-01,-1.938500085621320590e+00,9.759797103030480869e-01,1.000000000000000000e+00
-1.350747473523272180e-01,-6.731246426872249389e-01,-7.233527983631070635e-01,-6.880785592167850684e-01,1.326462359573661765e+00,1.505083722994353390e-01,3.506894991333103784e-01,1.060376565481847277e-01,-1.161738129685223164e+00,6.536381986938007982e-01,9.662223093729206680e-02,1.041614682226559063e+00,-1.598727802919309715e+00,7.542540128896852991e-01,1.226094800951777586e+00,9.792169524714163797e-01,-1.292861757747116647e+00,-6.171573417605508149e-02,4.177536574036792016e-01,-4.808959671264852465e-01,1.000000000000000000e+00
1.052862735604382260e+00,4.437940603934607542e-01,3.720173164927278453e-01,-6.169309406027222858e-02,1.662055286828836520e+00,-6.449177519576710926e-01,-3.955308880401199323e-01,-1.114648401463828931e+00,1.902967656868248258e-01,-3.606344630975368837e-01,1.291070270753377880e+00,1.317304680375129600e+00,2.120607984295969750e+00,-4.783753452043235654e-01,2.429077410154126815e-01,-3.152086689116414542e-01,-2.327875370487495488e+00,1.217990129074685512e+00,-9.312418319735718542e-02,9.498457570497599312e-01,1.000000000000000000e+00
-4.404689221859210413e-01,-1.249311225803338310e+00,4.595090603302935950e-01,-8.683450999000837944e-01,2.975549565076385794e-01,-1.421514439028523924e+00,3.384563923250907269e-01,-7.141892279266631727e-01,1.570566978247435852e+00,6.277892370854517567e-01,8.420378630021402300e-01,4.795127177991412859e-01,1.269689130350553086e+00,8.926810348334001111e-01,2.191194237676288015e-01,-1.269631293684146289e+00,7.397339124745827554e-01,-8.128464863483471081e-01,-1.008859083184612482e+00,1.178518116758498158e+00,1.000000000000000000e+00
-7.659066220469216146e-01,7.083117519332523537e-01,7.563752312394220745e-01,-1.942741359900357900e-01,1.540180976979079297e+00,9.345029052892980248e-01,8.485060326917706064e-01,-1.290800863949164712e-01,-9.083018235088270442e-01,1.087611285368495606e+00,-1.381452963954353574e+00,-5.911423536234710063e-01,6.491752106475197071e-01,-9.836233256149970808e-03,-9.331413038392337711e-01,-9.683231660757353823e-03,-1.225387032403544074e+00,-8.353363311215573628e-01,-7.793457089972544161e-01,6.785400306348052801e-01,0.000000000000000000e+00
-9.668676411310608287e-01,1.680920878651579908e+00,8.865128885551905036e-01,-1.331059836416100373e+00,1.587418838158488166e+00,4.517557836655280434e-01,1.413094051961705455e+00,-8.366309785854245673e-01,1.372189955750586332e+00,1.992253347123431606e+00,1.020921060839396821e+00,-9.012984576061718878e-01,1.957709758325361926e-01,4.332705017024403582e-01,-7.382133440549950576e-01,2.881895880409935384e-01,-4.279920906576276107e-01,-8.853679774489499055e-01,-7.543510716296526475e-01,4.502226560870523087e-02,0.000000000000000000e+00
1.745962789603605847e+00,2.699693004614275860e-01,1.879721497848275136e-01,-4.540395941289557258e-01,-5.780086829920854097e-01,-1.940190183851907335e+00,-6.961007432452670507e-01,4.450899662681413738e-02,1.041644703627091495e+00,1.006513394367126446e-01,-4.452841558043604819e-01,-1.332429197859614556e+00,-2.765803438568630312e-01,-1.104394184076586516e+00,1.856283255113069020e+00,6.143996421811040998e-01,6.330817533166113176e-01,6.402469619655312139e-01,3.611430211418398262e-01,-9.100850910085798162e-01,1.000000000000000000e+00
1.859257564789977168e+00,-4.066651796118092022e-01,-7.672245356463415489e-03,-8.090390201415776916e-01,1.219901848903241603e+00,3.584849172138612206e-01,4.595103453976074892e-01,4.590090142338073553e-01,-1.156776309661945723e-01,1.795989993916722760e+00,-3.275907156100029693e-01,-9.495609053087293860e-01,-1.890781180509538140e-01,-6.424364215881118723e-01,9.329276073224175292e-01,1.581899752793908043e+00,1.188565214671227999e+00,-1.656713887482789138e-01,-1.111030712708951818e+00,-6.141693716633107591e-01,1.000000000000000000e+00
8.274749432723460529e-01,-1.544426234987651636e+00,8.447044894948203542e-01,1.768457106081330110e+00,1.863294414227618212e+00,-1.547212778059718463e+00,-1.667500702411779112e-01,4.194351130333656003e-02,2.968684676773648487e-02,3.489042269308434974e-01,-1.851175599112731690e-02,2.861167150412335491e+00,6.945010278286487537e-01,1.448726629664728316e+00,1.231457481282884681e+00,-6.901628997707467961e-02,-2.460462442280503953e-02,-5.226612902391893911e-01,-2.219146867438137952e-02,2.362682497653393054e-01,1.000000000000000000e+00
7.838478927346219649e-01,2.544021320279429288e-01,1.037907334043797203e+00,1.750966730247724423e-01,-7.040222925500297935e-01,2.674869512130231275e+00,4.793382516980100871e-01,1.951147793675271247e+00,1.081441690678175638e+00,1.352468707358521982e+00,-8.776678517146041525e-01,-6.380827402304503071e-01,6.509369380911870229e-01,-1.190306994097222459e-01,6.881222624204909322e-02,1.098590292090251941e+00,-2.379380808261243097e+00,-2.888915188435594583e-01,1.593801571067578360e+00,-4.839678746833990242e-01,0.000000000000000000e+00
1.243519591840279270e+00,7.952964818814808323e-01,-2.036410498712539763e+00,3.322823643031888041e-01,-6.648379136355830887e-01,-1.501569776652738053e+00,-1.101723797339099475e-01,-9.529035086181902869e-01,2.113960682976396277e-01,6.898139628192597739e-01,1.403742589179378442e+00,6.131294333912533645e-01,1.229980239084711879e+00,1.695263971177706885e+00,-1.957049917010929452e+00,-3.693039980358249208e-01,-9.380816687441791979e-01,2.036816399362472829e+00,-3.796192059106233696e-01,3.178977197972520652e-01,1.000000000000000000e+00
-1.067494565109333271e+00,6.302507366066155692e-01,5.722379067052709711e-01,-6.364546005685689511e-02,2.077964495204822348e-01,8.913713356464874060e-01,1.202150798357237260e+00,6.908014929769471513e-01,2.625139243761242192e+00,1.231728236715324609e+00,-4.577484668726809480e-01,8.616521222269377667e-01,-1.582094796778888757e+00,2.283943449315352314e+00,-1.392113165094642113e+00,-5.903042412975749720e-01,-2.195323909191665201e+00,-8.710002759807526918e-01,-9.798876552509048210e-01,5.929363227898868383e-01,0.000000000000000000e+00
-9.226841528068095988e-01,1.471313881837876369e+00,3.367199882313005044e-01,-5.949643468331854423e-01,-1.889614546769603720e+00,-1.596921730313946575e-01,5.751127149277878159e-01,4.215935640177525534e-01,3.692963984524107457e-01,6.981859162383990958e-02,-1.156303531116560812e+00,1.116647343003344783e+00,-2.373644912380781236e-01,-2.257218153768960622e-01,3.080399062521876341e-01,-3.957744509609464334e-01,-2.074655671670516954e-01,-2.988025101371379666e+00,-9.432067074400539708e-01,-1.211834725122471479e+00,0.000000000000000000e+00
3.131980556913678548e-02,-1.549768089187898656e+00,1.260097046441143620e+00,-1.036003318424476127e+00,-7.822834677168511996e-01,6.259676608933535391e-01,-4.452210447097091905e-01,7.213195183411553676e-03,6.809321793232685494e-01,2.481436106310119349e+00,1.764554729107990161e+00,-8.008880050703484077e-01,-1.679538811921964525e+00,9.457445060885586452e-01,-9.972944269296771802e-01,3.793938374198754793e-01,4.887556963568617241e-01,3.776782090801053537e-01,-8.457115653551988688e-01,-1.942763378696653886e-01,1.000000000000000000e+00
-5.825635021663267965e-01,2.098110950559153309e+00,4.230531983041473376e-01,4.743119533910448715e-01,1.129159454165831411e+00,-1.622730922807157257e-03,-2.099578335564828702e-01,8.415528710927085987e-01,-6.158525709282477445e-01,-1.013068371888355967e+00,8.838300002748102902e-01,-1.741702159287356888e-01,1.539417893382961644e+00,-1.405352784055306781e-01,1.343553772831808768e+00,9.741556672209038537e-01,5.169026843506668856e-01,-1.841283351284281333e-01,-9.959834897165107392e-01,-3.431943142257075641e-01,0.000000000000000000e+00
-5.624250686481534478e-01,-1.713258160751944370e+00,4.767704912881802759e-01,-8.276503905921942517e-01,-7.439557749246890062e-01,-6.854003003939226901e-02,-6.771537079734316067e-02,-5.275401273424511484e-01,-1.676690032242293682e-01,1.495659648245773576e+00,1.444191741902999704e+00,-5.121846512772810778e-01,-1.697941635707611863e-01,-1.728379514930910785e-02,-1.608072397204574511e+00,-7.189938646607434425e-01,-4.548000140504899202e-01,7.850477094080122731e-01,-7.328312683259472493e-01,-4.680793684940884880e-01,1.000000000000000000e+00
1.995829179003404619e+00,4.982388854062179129e-01,-5.999915396999656592e-01,4.219887288851916218e-01,-8.305093080715488796e-01,9.508880166964122083e-01,-7.263573163041749936e-01,7.741430146045709115e-01,1.629867834046647923e+00,-7.836910275405964965e-01,-1.248095557052991689e+00,-1.265796645722614633e+00,-8.735987452822162602e-01,2.378060549803628076e-01,5.314479745299617308e-01,1.862570255296479294e-02,-9.253028884137710630e-01,1.108477417526008590e+00,1.590937266999662425e+00,9.308421207689823729e-02,1.000000000000000000e+00
3.388501464876054192e-01,-1.011741647989863990e+00,-9.327984782453727641e-01,-5.227184482550459865e-01,1.285188607901477598e+00,1.460346101521435402e+00,-1.346065806106223617e+00,-1.299488183462716107e+00,1.281037019247278641e-01,2.752000991766107574e-01,6.474176591157320138e-01,-1.663981667086673388e+00,-3.229657331506663454e+00,2.244150892004375952e-01,-7.102454176778998096e-02,1.314585086479437281e+00,2.377788057842424307e-01,-3.065394531228377364e-02,-3.463679085879765029e-01,-8.306586924060339605e-01,1.000000000000000000e+00
-7.559144883844659524e-05,2.860079975857877099e-01,1.488888883719835798e-01,-1.954241328599833627e-01,6.307892900351668164e-01,-2.074937481294535091e-01,-9.756321975925998924e-01,7.867527341008062614e-01,-4.204410343387796067e-01,-8.748024646943246552e-01,-1.905880147251922119e-01,1.338678527627402026e+00,-1.122854518673752189e+00,1.308399765271958559e+00,7.779983539691892602e-01,1.256564802826676264e+00,3.086720674447255286e-01,-1.717524757024424087e+00,1.004183817196732331e+00,-1.138111995989294023e+00,0.000000000000000000e+00
3.797129192076211801e-01,-1.991457513238197530e+00,1.617238643680575905e+00,6.810331017859306835e-01,1.308900821915341739e+00,1.331557788329171599e+00,-1.488081915704311697e+00,-4.434560180394230833e-01,1.880796391024982250e-01,-2.257656992233293636e+00,-1.949860576698267955e-01,-7.628116641533511100e-01,-6.266000599654746317e-01,-6.265191335325395183e-01,-3.920928838808419026e-01,-4.911514029638093248e-01,-1.964386643032860202e-01,1.484229087404244973e+00,6.124320254265649410e-01,-1.476082208170355070e+00,1.000000000000000000e+00
-6.987918188623528648e-01,1.176337624331756482e+00,-3.550432782735186699e-01,9.120154576543567648e-01,1.563766329288577561e-01,-8.336697357746977177e-01,1.484458320666181441e+00,3.923092886445764260e-01,6.422251833355570039e-01,1.586955748053505033e+00,1.198991836264362704e-01,5.132359312858318923e-01,-2.179982658842488874e+00,1.742752770072076088e-02,2.500955704863229823e+00,-3.808676323509028183e-01,-2.142053777165754402e-01,3.770429433554504245e-02,-1.944943867000884230e-01,-9.071141570438044921e-01,0.000000000000000000e+00
1.770426636272673715e+00,-3.149387530046414696e-01,-1.011286782312905697e+00,3.210030354937594144e+00,-5.229443201036539923e-01,7.395397331736300872e-01,5.046790978158577357e-01,1.337075878488360070e+00,1.624580741266151485e+00,1.828209782675910000e-01,-2.473625673349842402e-01,8.953548636632815416e-01,-2.156786585079241078e-02,-7.415599960882941488e-01,-6.245622040605587344e-01,-1.877888083195014893e-02,-8.952229898196124580e-01,1.051555827297699253e+00,-9.749196140145346412e-01,-9.218381464538893955e-01,1.000000000000000000e+00
-7.490828369193437419e-01,1.027231353042874051e+00,2.954966027094774184e-01,-5.203246528158654849e-01,2.744621385709066774e-01,2.611217911580149820e-01,-4.156597445433424243e-01,-3.584287509923153592e-01,-7.512349908024377187e-01,-5.286523752536383958e-01,-1.098949762041895761e+00,-3.480242974432392611e-01,-3.848459485969710214e-01,-2.793813875538702640e-01,-6.722334056412362369e-01,1.426251298552006386e+00,8.834695981707582080e-01,-5.237314793054459461e-01,3.374215201280198473e-01,2.203755042765680461e+00,0.000000000000000000e+00
1.707108416223398484e+00,-9.764094606498149309e-01,6.854417371954619753e-01,1.176663797294603547e-01,-1.163038446562682182e+00,-2.133224370230305811e-01,-3.919643626656559715e-02,4.601248774478313708e-01,2.106000310088621763e+00,1.196410914687488614e+00,6.321983256432233134e-01,2.008331284713305298e-01,-1.668934289665764181e+00,1.272313114955297142e-01,-1.594273405636314811e+00,-2.800964472733798449e-01,-1.053628747173007918e+00,-1.671510224774416242e+00,1.850188347315475657e+00,-8.933922446235822434e-01,1.000000000000000000e+00
6.701353778032729247e-01,-1.827210139940248779e-01,1.366717072948042677e+00,-4.782617519837304432e-01,3.233097469208640606e-01,-1.597058143884827697e+00,-6.477597556644765220e-01,5.236667309519520419e-01,2.887497732984604659e-01,-1.823217233892422628e+00,-1.986267940834988366e+00,-1.518239712223203641e+00,9.585513744020085491e-01,-5.176058560180949453e-01,8.014755070808030624e-01,5.581887695162335988e-02,1.241946405062423597e+00,-1.856047278241249376e+00,-2.574302410510180827e-01,-4.608282331324285441e-01,0.000000000000000000e+00
8.807427189740958673e-02,9.554533553903198084e-02,-4.106749719220721961e-01,8.731640867552217244e-01,1.397505074259888458e+00,-4.778947207263989916e-01,-1.386389106734864596e+00,-9.013287518297651291e-01,1.075579847748315609e+00,1.244215421012555556e+00,-2.959979950247801361e-01,5.870776554773837752e-01,3.062276648182071237e-01,-8.144410927240608444e-01,-2.747219049167323734e-01,3.107457568725786046e-01,-2.119241779497894052e-01,3.942929698545186157e-01,-1.977312695871877579e-01,-7.954673513867580592e-01,1.000000000000000000e+00
-1.492190244542073163e+00,1.066259511201225418e+00,-1.424473149038322783e-01,-3.836073803651983138e-01,4.641372214684819086e-01,9.606099400078597916e-02,1.719665248637773258e+00,4.285449673096020651e-01,1.242771699172270650e-01,-3.364994965452057785e-01,-1.693699352685924531e-01,-6.082612669443514530e-01,5.093477150084910893e-02,4.492548422837636807e-02,-7.995006070318265712e-01,-1.441748865034429561e-01,9.658081345793324557e-01,9.972574444590264209e-01,-2.398836591336308832e-01,-3.014675551065028603e-01,0.000000000000000000e+00
1.323625510850250153e+00,-1.218729803548123103e+00,1.934966574187678034e+00,-8.162996711415463347e-01,-6.735088417728005705e-01,2.059827032464670860e-01,7.119460337602989686e-01,9.092350199414956924e-01,5.753264030798822537e-01,-1.094554719117681429e+00,-1.364306507470768759e+00,4.705303539704238092e-01,-1.073263531159603490e+00,6.086988692940465961e-01,-4.613061836869987720e-01,2.099593281071525097e-01,-9.149727921880886905e-01,5.912509623447828044e-01,3.721647939161078916e-02,-1.946559062708730359e+00,1.000000000000000000e+00
-3.855054610870294884e-01,9.200477884566780062e-01,1.671320723858472634e+00,-8.347725406457239261e-01,-1.347913372167495183e+00,-9.849682321835664389e-01,1.139337990355943964e+00,8.418754839676805268e-01,1.322575502911908174e+00,-1.797108652172364207e-01,-5.325638129717554792e-01,-5.240373957261897780e-02,-1.145097473627571250e-01,-9.644792207743623225e-01,-3.683649810473900721e-01,-1.260195619151798230e+00,7.340935852670316120e-01,4.711829398381831013e-01,-3.483013367283403383e+00,-2.746514233853185161e+00,0.000000000000000000e+00
1.232676044225825995e+00,9.179507557688745267e-01,2.691606086438269596e-01,-2.246528413464492502e+00,-8.787077234967596295e-01,2.922874575300701827e-01,-1.294976527084710893e+00,-1.295662876419684473e+00,2.993255685054958537e-01,-1.679433225581034472e+00,-1.945079564770320346e-01,1.126532321018587579e+00,-3.069773017941431759e-01,-6.353926616178159348e-01,7.133451882994422677e-01,1.352018382735659996e+00,-1.781664698589425999e+00,-7.887791591528344748e-01,-3.012910735553823161e-01,-9.080258784708297726e-02,1.000000000000000000e+00
-1.132725837811883629e+00,9.867819745941260046e-02,-5.634134394514205696e-02,1.514114791060697129e+00,1.138249502669475222e+00,5.350116202677324129e-01,7.609767490837824333e-01,-8.624530086807014051e-01,-1.100474715688567251e+00,-3.521745226784966237e-02,-3.308443344826955679e-01,7.941357069009820080e-01,-1.572697290577240947e+00,2.085524251466910783e+00,2.362547820217254513e-01,9.587381510444991095e-01,-4.089933117310359800e-02,2.274506634147061279e-01,-5.770408558204787042e-01,-3.155285598177116624e-01,1.000000000000000000e+00
-1.475144272443822124e-01,1.304030127089998103e+00,2.771271120813213751e-02,-8.839255286834751812e-01,-1.291407240285062374e-01,-4.133100034541578038e-01,7.062587394546351316e-01,-1.729755228700757819e+00,-2.578310327305405325e-01,-5.878114561144878181e-01,1.104442681344084964e-01,9.240518530031720523e-01,-3.259779800606842914e-01,7.100928173369344121e-01,6.887389638766928668e-01,7.465393561305977421e-01,-8.238807037763863361e-01,1.281668507861890571e+00,1.755682086637122996e+00,1.024923690365643347e+00,0.000000000000000000e+00
-1.680582288157387305e+00,2.517264635382341909e-01,1.869133961271172373e+00,1.054756165951846292e+00,1.096913031103215613e-01,-9.500202315631324501e-02,1.128347882888967479e+00,-3.480606220492673319e+00,6.881678930770928071e-01,-1.814591367376800213e-01,1.182437291587608907e+00,7.973312989598746459e-01,2.068534877050414611e+00,-1.085017029645579223e+00,9.321771974815397099e-01,-1.011648715490797296e-01,-6.054383421163316292e-01,5.770958776268764190e-01,-1.933733123725999814e+00,1.079996678613215577e+00,0.000000000000000000e+00
2.055216706467365650e+00,-2.158195582054114325e-01,-1.514659147335152944e+00,7.699029471966121196e-01,-6.699789377831691928e-01,-1.098783178762678281e+00,1.021502380401218962e-01,-8.430913934492053619e-01,-1.783828196615419692e+00,2.136953761246084937e+00,-2.953958866466709354e-01,-2.478843812616130793e-01,-1.031757855032054971e+00,-8.472442994148434315e-04,-1.510739060438077042e+00,-1.181821576224400649e+00,5.463311851780147110e-01,7.834698596399949366e-01,1.168669799626510741e+00,7.589443009130262263e-01,1.000000000000000000e+00
1.290086235458763664e+00,-1.363589070127749103e+00,-7.271089234635819132e-01,-3.213061529698078567e-01,1.959850672994844500e-01,9.313751368967214672e-01,-4.598711274369195467e-01,-3.645906354263765414e-01,-7.775918300300417585e-02,-2.152858566232925153e+00,-1.549176738431084777e-01,-1.529025717574175047e+00,9.698036102433493788e-01,-1.886516142887099567e+00,-7.864413812688586525e-02,6.690740379327754228e-01,-1.480721142291017978e-01,3.843070965865406086e-01,-5.218467111007958348e-01,8.446768352227920218e-01,1.000000000000000000e+00
3.879537898042616506e-01,1.806920244913363671e+00,1.302091271704083564e+00,-8.989776477178261782e-01,2.221257314674388361e+00,2.926289203043745957e-01,-1.708997637968085126e+00,-6.696039402913668281e-01,-6.067403994983108784e-02,9.664652166115390575e-01,-4.158312374547729062e-01,2.814044601133220413e-01,1.077489320975927756e+00,-1.385456297031905759e+00,8.693248339885439879e-01,1.273830780313002231e+00,1.433871018112081064e+00,6.043311052887747475e-02,1.343522856216367023e+00,-2.609156435454699774e-01,0.000000000000000000e+00
1.598198675749440412e+00,-1.469206223923168908e+00,-1.027744496005391861e+00,-1.653844007016785911e-01,8.604793441451197289e-01,9.159642071740318192e-01,1.910970068394686125e-02,-1.099872266242474916e+00,-7.095724733472822399e-01,3.912370288776972904e-01,-1.483294832603865021e-01,5.360727417546833351e-01,-1.298790943198149694e+00,-1.575121482131608852e+00,3.708677418375265766e-01,5.182507151341008145e-01,1.354950452654991588e-01,-2.317213521096730400e-01,-1.521056162628959596e+00,-1.063452473549512112e+00,1.000000000000000000e+00
5.588586735471212652e-01,5.145956233504264121e-01,-6.669219862692465917e-01,-6.147646431322157934e-01,-1.076767199446706069e+00,3.813171768182101462e-01,3.107760648680031323e-01,5.732167468394177012e-01,-4.426023903394314674e-02,-7.713595595598715660e-01,1.104510286463341595e+00,1.241478099006086744e+00,-8.272167520509434713e-01,-2.007856976348391942e-01,4.237640630182280543e-01,7.129300752390099749e-01,3.190807375427542891e-01,2.066959374870964705e-01,4.887126106881055643e-01,-2.215063624002709397e-01,0.000000000000000000e+00
3.680636161730608258e-01,-4.210569713827676530e-01,1.478210181213007290e+00,-3.722532770460817986e-01,9.353023418976829095e-01,1.644816085064140232e+00,-1.442098232686752191e+00,1.631951646112254517e+00,2.269065998027512687e-01,1.352675560402831323e+00,2.315811767071966620e-01,-5.325678348244393678e-01,2.817667666915434133e+00,1.223763621618365605e+00,2.033133030306729927e-01,1.770185843358226263e+00,-1.304683643597731868e-01,-1.341775313834737693e+00,1.048834360652040942e+00,-1.239132206990277707e+00,1.000000000000000000e+00
-1.171251326844882645e-01,-4.218849745165016707e-02,3.499586344119655634e-01,-7.062770128266478986e-01,1.440254498549237427e-01,2.435317915234619102e-01,-1.639086351252960205e-01,-9.684750603967532401e-01,-5.420668659011004253e-01,1.438685910614385888e+00,-8.496594087560958020e-01,-1.694588211157779245e+00,-1.955394006230498360e-01,-4.388583632734423534e-01,-7.384706170870427577e-01,-1.291119630997608736e+00,1.193687912503840431e+00,2.336521431137941474e-01,1.159471953611329598e+00,5.580638143591666323e-01,1.000000000000000000e+00
1.645217905096357236e-01,1.178828424081821868e+00,-2.792027398767200186e+00,2.699164377280421356e-01,1.142356508500411705e+00,-4.349892205202303685e-01,-1.221274719310705636e+00,-1.067110024099179988e+00,-1.116216555392795101e-01,-3.589125590875410360e-02,6.315235002593373448e-01,-4.464962214790456352e-02,-1.484040773591542628e+00,3.666711758439096247e-01,-8.901432641080683217e-01,-2.177951862092791124e+00,-9.538355556434127136e-01,2.068833791609298700e+00,-1.250785967723285097e+00,6.212832705205542094e-01,0.000000000000000000e+00
-5.673149293795491932e-01,1.036616992934658699e+00,-5.117894067777691847e-01,-8.324585385972640417e-01,8.251099678556816919e-01,2.084693770456359285e+00,-2.494648383414756199e-01,2.084613186062151069e+00,9.388560990467098577e-02,5.757326129659926517e-01,1.204991031053950640e-01,-5.661874998909394163e-01,1.232637026003477576e+00,1.071668396185222250e+00,8.773290693979829413e-01,-1.031901515045699380e+00,3.902678492926774934e-01,-6.067664877441648619e-01,2.128541843566235658e-01,-1.299710457092167482e-01,0.000000000000000000e+00
5.474922243956825696e-01,6.625137993881903276e-01,-1.064721025477108202e-01,-4.269347265694801719e-01,1.656546206497452600e-01,-8.482751010837228378e-01,1.473142328700774162e-01,1.089641023126221020e+00,4.241923414026741446e-01,7.855775690958889390e-01,-1.325419447607837142e+00,-1.494786273011868838e-01,-6.086708139392711381e-01,-3.779328252719459935e-01,1.261739827365605526e+00,1.402580098068184400e+00,1.520008345017271001e+00,-4.072837444728102385e-01,-4.414074299479546215e-01,8.921513802192029274e-01,0.000000000000000000e+00
-3.735369465897563912e-01,-2.830081688892443492e-01,1.576763675516318131e+00,1.564455383985316361e+00,-1.524755476948802813e-01,-2.207397762225111304e+00,-9.318248314060773030e-01,-8.131529322040067509e-01,-4.897296503201851170e-01,-2.866100998580599635e-01,5.918667483347664904e-01,1.556437207524789534e-01,1.263626410297161495e+00,2.032938393658326515e+00,1.837387309371303970e-02,-8.507724332534016831e-01,8.948582132792803900e-01,1.461981876176839057e+00,1.297647746230383037e+00,1.985809146873457331e+00,1.000000000000000000e+00
-8.746383439124663095e-01,4.722477256831740799e-01,-5.595250735622245841e-01,-1.243697260748352074e+00,5.255985669473638433e-01,7.457276199087509161e-01,2.347267626436225108e+00,1.037832348970025853e+00,1.937834982826901475e+00,-5.786934807327110963e-01,2.548004925049437652e+00,1.289981962266825821e+00,-1.436511263133697813e+00,-8.383826977672552416e-02,-7.753249010953898734e-01,-1.365485679828256915e-01,2.319236803121414170e-01,6.123135603366416935e-02,1.564821663813642794e-01,1.989938113423278532e-01,0.000000000000000000e+00
-2.295681782648292535e-01,-7.301718171434263827e-01,1.339563450557533564e+00,1.172976203734071854e+00,6.459897557471928620e-01,-1.146697313280316682e-01,6.653974139705993995e-02,-1.897345647402222557e+00,-1.110908158092539066e+00,1.250536056152096842e+00,1.160790973247695534e+00,-4.246251415635737825e-01,1.486036244053563937e+00,-5.013530572221079895e-01,2.092951292251694351e-01,-1.141539947484687456e+00,5.943733584646054835e-01,-2.936081731404237560e-01,-7.765684445397681435e-01,1.317786315551836118e+00,1.000000000000000000e+00
3.961890452557192965e-01,1.018366615802145159e+00,-8.073333328724585645e-01,-7.119170652872042204e-01,4.400281125997830833e-01,-1.121076935513925177e+00,1.055891490252499842e+00,-4.095736318503836321e-02,-2.409879791148748229e-01,-1.030286452928600577e-01,9.540076295146583396e-01,1.760091214930026016e-01,-5.461854963795331752e-02,-1.515576441221496047e-02,2.793604776768250364e+00,7.914109007235872184e-01,3.550059902304106285e-01,-1.603354601088021081e+00,-5.620344897125040262e-01,-1.020351258864405031e+00,0.000000000000000000e+00
-3.225599623346313560e-01,-9.199547237768993524e-01,-5.175478558489814140e-02,-5.834201788187601823e-01,1.025322686961547713e+00,-4.540507386388001332e-01,-1.819836998593278965e+00,-7.296296368455263970e-01,-8.401593450684216036e-01,2.845549746779107991e-01,-8.462848882271096773e-01,2.532566334649463125e-01,-1.977061733842362612e+00,-3.748449903803651728e-01,3.561738416923321271e-01,-1.275261129748300748e+00,-7.792442814336564272e-02,-7.727283150154060642e-01,1.579416303614411266e-01,-7.150056693292933252e-02,1.000000000000000000e+00
-1.686928184470797065e+00,-2.091485327018713369e-01,-1.200394200410912715e+00,7.488372998858323637e-01,-1.079488220217874606e+00,8.692818620168598631e-01,3.653975687611859535e-01,-9.729627502250483007e-01,-1.000908345660833199e+00,2.087624832620312010e-01,-6.148983549827953254e-01,1.953297150801099058e-01,9.855726242249226998e-02,-6.711015619234236840e-02,-1.032221403998506259e+00,-7.504576202032245957e-01,-8.216314046852112307e-01,1.327339100024025109e+00,2.851879581551289178e+00,-1.249712183686348510e+00,0.000000000000000000e+00
-2.596940497575526141e-01,5.066083567121375530e-01,-1.483560342621105477e+00,-4.466014474892816555e-01,8.915728134312159714e-01,-3.537203732422036784e-01,8.851320135510065690e-01,1.980192875212203329e-01,-1.497426211724748102e+00,1.876161509934431315e+00,2.553303125797584672e-01,8.172929535236833631e-01,4.350203142392687350e-01,1.743978960785554255e+00,1.115826205752496136e+00,-1.996019477865927927e-01,6.877543403672324585e-03,-1.252929679679040120e+00,-6.986915496890123700e-01,6.245341342698100817e-01,0.000000000000000000e+00
-2.148087733370601438e+00,1.479013599743438379e+00,-4.214532786360879468e-01,9.654022489726358236e-01,4.062755191425003187e-01,-1.533024711702291709e+00,-1.858829259352401397e+00,7.665250163718307919e-01,1.274410567692662921e+00,9.294470488429946720e-01,-8.308934091544909473e-01,-4.338444288355398221e-02,7.670011424092593177e-01,8.251278769622162335e-01,-4.569832936550778379e-01,-3.210025904515312334e-01,-1.175698715507635939e+00,-1.023698453134876285e+00,8.216787375395677717e-01,-8.151369936666198468e-01,0.000000000000000000e+00
2.497701387424601793e-01,8.505822476598997803e-03,-1.027373152720520433e-01,4.112830082243666419e-01,-6.714579616398913542e-01,6.147474878577362523e-01,-5.099596684320657491e-01,-1.692293355934098020e-01,-3.147588116059911179e-01,2.532159868014668969e-01,6.912457674754542980e-01,-6.565998791775018439e-01,-1.638832876830306873e+00,6.616839583633458977e-02,1.596664017555516901e+00,-6.998788245305717082e-01,1.462979094292196525e+00,-6.385622219553649392e-01,1.136701792616982148e-01,-1.283642374982443934e+00,1.000000000000000000e+00
3.569625143833937697e-01,6.342497524460316560e-01,-4.533123542102361903e-01,8.043128232232655828e-01,-1.802772273758053379e+00,-6.847346893037320470e-01,-5.046146055078205572e-01,4.954607176714089234e-01,-4.204134992916859215e-01,6.468422342666486913e-03,1.559593154476812460e+00,-1.196427161495014158e+00,-1.309345503982299874e+00,8.732907649203254241e-01,3.117385823031128544e-01,-2.502008574667703988e-01,5.467840580756120339e-01,2.705058708363879960e-01,6.275580330292543918e-01,-4.011397205919585152e-01,0.000000000000000000e+00
-1.314142725215469154e-01,-2.649889981708939968e-01,-9.074906152352646416e-01,2.670976697985803838e+00,-3.487777037700869331e-01,2.656441927432295902e-01,1.632800592737138290e+00,-5.150384824637573855e-01,-5.655497963170871278e-01,1.808093860882473036e+00,-4.596620419958226400e-02,2.260070675991556477e-01,-3.243841469890902385e-01,5.084028191435923105e-01,-1.574862529345306683e+00,1.550826977628836645e-01,1.035005007467643123e+00,1.039183037033786006e+00,-4.662788554946112329e-01,6.325582987972560023e-01,1.000000000000000000e+00
-4.623948291251765430e-01,5.673697504674343195e-01,-3.973833317966643519e-01,4.186839153617487042e-01,-7.038661472710208145e-01,2.754638721173368610e-01,-9.283128370661512807e-02,1.862372891047944456e+00,2.042358240292222182e-01,-5.372497976103167705e-01,-1.535782300894078301e+00,-3.739564099638592598e-01,8.362765523468520534e-01,2.449887625254089318e+00,2.516223447637077060e-01,-1.718948955857483307e-01,-2.247152719551764183e-02,5.525494544003096697e-01,1.169099757929851435e+00,1.094351980238760458e+00,0.000000000000000000e+00
5.784128813670798008e-01,-3.933008132916194777e-01,-4.890846695602914518e-01,1.725789114959045856e+00,3.492591880658437176e-01,4.452966072116440466e-01,-1.985027348345471454e+00,7.228863965643345102e-01,1.048949210711399571e+00,-5.038812561783595489e-01,8.296603927024319702e-01,3.637058629394952503e-01,-1.784330856765640322e-02,1.353424443755693596e-01,1.589655511735645010e+00,6.483372777754604632e-01,-1.163329552376555664e+00,-1.458374631374690589e+00,1.151956652970483885e+00,-6.880499957054340143e-01,1.000000000000000000e+00
-1.190062983951295283e+00,8.331303054194802993e-01,-1.636158446773502861e+00,-6.347780405593381747e-01,7.126501282095234480e-01,1.827766829161714401e-01,6.806675695142032634e-01,6.505349233977533174e-01,-3.957138590651499976e-01,1.160497339199758393e+00,-1.503483117643851674e+00,5.590941471378665373e-01,-3.734283307891367309e-01,8.989687702648850864e-01,9.763498902332845564e-02,9.543572464388698773e-01,1.314294725699821087e-01,-4.642371366741279010e-02,-7.317284387713208771e-01,-9.570868982011075943e-01,0.000000000000000000e+00
-4.817450567111080661e-01,9.896912501603989387e-01,1.277599544058347636e+00,7.968397135380983487e-02,1.236025121584700015e+00,2.037998675007598237e+00,-3.463013932380315518e-01,5.833350589773432793e-01,2.229926668507654863e+00,9.768129172494727230e-01,1.071997499038624735e+00,-4.829198833497456156e-01,-1.620274497666118751e+00,3.299387655919012730e-01,1.389460644900337938e+00,-1.831801198326083180e-01,1.200418687524988703e+00,-8.279090256855734520e-01,-9.463403606985597571e-01,6.162749410514195558e-01,0.000000000000000000e+00
1.791242085495243497e-01,1.325642474637349411e+00,-9.012761093977214033e-01,-1.498235568157433029e-01,-1.421620262511700483e+00,2.374261733451857648e+00,-5.377895493793322101e-01,5.966054387485152377e-01,1.132583969599501916e+00,-3.932074861349581507e-01,-8.323333547729717674e-01,1.019970954646214123e+00,1.551213238885246204e+00,-2.077282320666229865e+00,2.118334231095713727e-01,1.447679732240372275e+00,6.986437028016077022e-01,-5.097783177945850452e-01,6.674941881763850615e-01,-1.337077483221587926e+00,0.000000000000000000e+00
1.172908868851250563e+00,-2.070265459266197539e+00,-4.846334796414462631e-01,1.862590519001930067e+00,-3.525842694564412794e-01,-9.992817875362088875e-01,2.338556321252395875e+00,7.176643529640803765e-01,1.206713012276796615e+00,7.007869168617093525e-01,1.052003414230925742e-02,2.030965975158737780e-01,5.161001187152705061e-01,9.176080891770855841e-01,6.910718836295094425e-01,2.284184791421048633e-01,-1.135799351752874164e+00,2.825846920786466709e-01,1.339357406145688545e+00,9.945555778851923323e-01,1.000000000000000000e+00
1.093220504419033512e+00,-1.358562321449473254e-01,2.014654072328183165e+00,-1.568715134842816994e+00,-1.420077227965237610e+00,2.054444273225471684e-01,2.718544386064430940e-01,-2.606935892675375843e+00,5.070638516669491169e-01,-9.970179558716109058e-01,3.860604477792944356e-01,5.057325262316856307e-01,-8.522508286662499044e-01,2.263414800570235363e-01,1.716433163232017778e+00,2.932539816253267873e-01,-1.520584488094052666e+00,-1.482052416376207660e+00,1.126244177209864139e-01,-6.556298859961569026e-01,1.000000000000000000e+00
-2.345802581372508355e-01,9.451200514719035883e-01,-4.253366306150436205e-01,5.187255272304840403e-01,9.319152968220901778e-01,-1.615873364850824334e+00,1.167930350151186181e+00,-2.335437231606100728e+00,3.236670714997361031e+00,1.389702243741319787e+00,8.205346521254167080e-02,-4.456410201196328025e-01,1.940307437661916157e-01,7.854925556623587601e-01,9.628691297313888287e-01,-1.815596847637759026e-01,9.869711566043626316e-01,-1.274783320597682845e+00,-2.802639358988069374e-01,6.059820694259806517e-01,0.000000000000000000e+00
1.094373202562577641e+00,1.581229750926821109e-01,-4.707733083189322154e-01,-5.778924049357694326e-01,-4.279847584842303987e-01,-3.238131838565175280e-01,6.930926163236633686e-01,-3.268118633911558657e-01,-9.048653502888016620e-01,3.339730765134859003e-01,9.008910360357232517e-04,-5.628763688656843733e-01,1.204358367719736478e+00,-2.235051693268826911e-01,7.452628938627547939e-02,1.826818641170280921e+00,-1.269094589367721904e+00,1.277297638829750781e+00,1.480947537103939560e+00,2.662274352357423823e-01,1.000000000000000000e+00
-1.699070382883588914e+00,-1.575445873245480410e-01,-3.288920857258609276e-01,1.122227046835230002e+00,-6.499429652778546673e-01,-1.257778045185208970e+00,-7.815783952708705851e-01,6.852424581896756628e-01,1.319697077573842303e-01,-1.913261366425022425e+00,1.416485456616363159e+00,1.631686286751925952e+00,-2.125193916685280682e-01,1.766758439158175875e-01,2.003844114424102152e+00,-1.731763508869574419e+00,-8.223464557646766870e-01,-2.735652361455118697e-01,1.782504219768891729e-01,8.454093234914559218e-01,0.000000000000000000e+00
-1.254313320125221010e-01,-5.631484069632900491e-01,-3.283170685573060243e-01,4.407071902202516767e-01,-4.703193401725472289e-01,1.593666347618654777e+00,-7.610636546210176878e-02,8.687313954140850336e-02,1.009758364952452858e+00,1.002796827982248284e-01,4.171543104623471887e-01,-1.030554916747213223e+00,-1.535294346281830480e+00,1.307731487016202010e+00,-1.363334688431713237e-01,-4.200076171714290929e-01,3.092894314700403990e-01,-9.386222020894735563e-01,-1.172569902516490181e+00,-9.090713271535009188e-01,1.000000000000000000e+00
3.291353844448138832e-02,-1.605977390628584800e+00,-3.320389445702194298e-01,-5.774420858701463377e-01,1.902821894570426164e-01,-1.177459176500529114e+00,-1.419248528426668259e-02,8.589094745499993300e-01,8.421528713384664189e-02,9.702469023558822625e-02,-7.226602239348273171e-02,-6.529032935494807344e-01,5.139096152266180439e-01,-5.199599602652275054e-01,-1.426581714738491269e-01,2.684895237964286807e-02,-5.319646987984507497e-02,4.440548687935325090e-01,-1.437204161803596614e-01,-8.770772103155956012e-01,1.000000000000000000e+00
-1.064350457688549856e+00,-3.347908120424581413e-01,7.213962900449443216e-01,-4.766422889992742995e-01,-4.540988360028277993e-02,-2.243220931417306829e+00,-3.994933356496291887e-01,-2.744098298820132342e-01,-1.110027342881325513e-01,-1.205432241570310703e+00,7.882014095788192343e-01,-1.881878391138816387e+00,3.160918157761807845e-01,-1.575602947868280479e+00,-1.789781782987315550e-01,3.946308537127571348e-01,-9.786425844176712685e-01,4.760403360115046389e-01,-1.886796817880765087e-01,-2.274036370725607548e-01,0.000000000000000000e+00
4.292984357257617622e-01,7.033130227212791574e-01,1.024515810005073524e+00,8.524919422544932068e-01,-2.962851210504754418e-01,-4.600167366429077642e-01,-3.988303721187317352e-01,-2.138235959158644839e+00,-1.649822289335433734e+00,3.152078691994433801e-01,-1.873140754458067825e+00,-1.171084609963238377e+00,-4.814211062870289437e-01,-6.476871044993066651e-01,5.287344702940084407e-01,2.287610665339223637e+00,-4.593847369458375351e-01,7.123393606049315263e-01,-1.223297812151933339e+00,-7.184741936124163786e-01,0.000000000000000000e+00
-2.470616444417288171e-01,3.149418899211311462e-01,1.174008038920169583e-01,8.519166677150916689e-01,-3.062679598830322369e-01,-8.995512342896226921e-01,-1.056521845754684330e-01,3.853106018496140761e-01,-1.289344327243592492e+00,-9.564975184213037052e-01,-2.746672000690187354e-01,-2.061290952458005421e+00,1.056568765691526135e+00,-3.838274101345310330e-01,1.639455203650327153e+00,9.960892087983819199e-01,1.217854233273366837e+00,-5.764383508495194430e-01,-4.832167066071172551e-02,1.306859779838769553e+00,1.000000000000000000e+00
-4.074172841452032845e-01,9.600656613812013074e-01,1.703415450098076489e+00,8.827904789494781523e-01,1.952864254772790076e-01,3.587810056441982365e-01,6.354365695304203809e-01,-1.562807169619132130e+00,1.220330169223370342e-01,1.616595204212710968e+00,-5.495610639942307696e-01,5.285936742862964444e-01,7.329592918448337713e-01,-4.364957572980173173e-01,5.231984847967542374e-01,-7.619225584313019661e-01,-7.702624476684379884e-01,-5.420087289620080240e-01,-1.187815683485622165e+00,-1.732382203958148459e+00,0.000000000000000000e+00
2.739407951850810208e-01,-1.986064775056933573e+00,-4.964082851629387783e-01,-4.737126526496110435e-01,5.616837640841794155e-01,1.156406179020564862e+00,1.223581200075682496e+00,1.232337641346018975e+00,-3.935187684450038859e-01,8.492240714372298882e-01,6.950826510730974128e-01,-1.275911683435395849e+00,-9.876170292539179774e-02,4.511800457791875774e-02,2.301036299602575941e+00,1.138552369287908705e+00,8.103350125725684583e-01,-1.177581509766052248e+00,6.051155485176298310e-01,3.303569578771520243e-01,1.000000000000000000e+00
2.967239420351312496e-01,1.470714090761484405e+00,1.781300263237538317e+00,3.408013646663953233e-01,5.834363305761188778e-01,-1.460797140077793266e+00,-5.402301979691525036e-01,1.860361136117985870e-01,-7.619040327206406671e-01,-9.197939398528147681e-01,-1.803914556842753925e+00,9.920228054681033969e-01,-8.273903840610817850e-01,1.652877495352260917e+00,-6.464697137257548187e-02,8.771556339713373895e-02,7.613593960795637106e-01,-3.260811874080969397e-01,-6.115916973191035666e-01,-6.042478695022400759e-01,0.000000000000000000e+00
1.473526018936340831e+00,8.764500725942202530e-01,-1.674680282818381993e+00,1.029455377135550576e+00,6.101501870038890107e-01,1.039016939098903247e+00,5.186143685417235472e-02,-8.917156939492189016e-01,-2.910067970318589436e-01,-2.207713864329782893e+00,7.911373413273661281e-01,2.105019635742315376e-02,2.140072515709213474e-01,-1.067919976179765751e+00,-2.081903154773001863e-01,6.280946975873084037e-01,-2.564731467203139048e-01,2.113047617456350835e+00,-9.203694591096497346e-01,-1.149907936274010334e+00,1.000000000000000000e+00
-3.954252941440788427e-01,1.371998940433130310e+00,2.362826215623990755e+00,1.060433122909202774e+00,1.254588125346625116e+00,-5.361632579154420597e-01,9.325538890240420153e-01,-1.140134208805909655e+00,5.593334780805959694e-01,1.414762260138983541e+00,7.852445867269945978e-01,-3.112497748628307304e-01,-1.268164742016768320e+00,-1.122125519801222326e+00,2.862893869720865681e+00,-6.167943213849573780e-01,1.271263245543854600e-02,-9.246627615742575301e-01,-6.335199219272114046e-01,1.769682915434419357e+00,0.000000000000000000e+00
1.073295388747976586e+00,-6.455345409134767287e-01,-1.383913328840997992e-01,-4.467143137046171442e-02,-6.168434374721788738e-02,5.844204498822608285e-01,-4.010397380755637009e-01,1.378753536296429272e-01,-1.011085431707660742e+00,-8.248337178007374149e-02,1.090162981954423266e-01,1.663101620007753079e+00,-1.023812990004118850e+00,4.177036051906908853e-01,-1.824090239228367105e+00,3.455866482812947060e-01,-8.798681298526345174e-01,-8.004712057272521664e-01,-7.579448322437789543e-01,-8.298019699018477358e-01,1.000000000000000000e+00
1.640123317152308191e+00,-9.841605711357689912e-02,1.527401281716663117e+00,-1.597152151442854606e+00,1.925165211015012756e-01,-4.866680186309678136e-01,3.558372436670091954e-01,2.340458746928701927e+00,6.781788427241354222e-01,-1.555665025964140025e+00,-8.909164078617620719e-01,2.131446996606120692e+00,-1.173625686960761971e+00,6.294439313927721602e-02,-3.730813810682745424e-01,7.873212951936933157e-01,-1.689516457837900720e+00,-1.448265719092466375e+00,-3.988999683976446331e-01,-1.327084347853099588e+00,1.000000000000000000e+00
6.131914785631079612e-01,1.518482694093143404e-01,-6.105956345696857968e-01,-9.252496764088995462e-01,1.517083535654644155e+00,-2.413303227313667310e-01,-3.884230114972710979e-01,7.422302445258827097e-01,8.096162477871327035e-02,1.536286025809181721e+00,2.711371811987190461e-01,1.281524737887453469e+00,5.784276868667461713e-01,3.221252347394942261e-01,-1.303347605456228075e+00,-6.266309648632684137e-01,-9.079824156467922736e-01,-5.434575459313211176e-01,-9.473365482808193683e-01,2.732393942326113989e-01,1.000000000000000000e+00
-8.554679841376712224e-01,1.521879611290670953e+00,-2.652141836861601765e-01,-2.589869303513973597e-01,5.684499114537144848e-01,2.026588081595952051e+00,4.674453563195979933e-01,-9.482441541612163238e-01,-1.091248358876860114e-01,-1.107558321790256484e+00,-1.553236483999944850e+00,4.989882267050602810e-02,-1.063763098836563614e+00,3.240080276785869962e-01,-3.372376520004967126e-01,1.838376966060058626e+00,-1.062958168474896992e+00,3.679521836064897911e-01,6.677649993742111600e-02,5.035709627397295662e-01,0.000000000000000000e+00
-4.046196017732425210e-01,4.096859092075323949e-01,5.635618044003357641e-01,7.786313232234638448e-01,1.261027274520249764e+00,3.477340188953720324e-01,9.579345422642254748e-01,4.631628495367776654e-01,1.724737776434880354e+00,7.970378625451532417e-02,1.351270715618984597e-01,2.285751614374210927e+00,9.754719184187249370e-01,8.364770491814544906e-01,9.630549308167062339e-01,8.476737263888844964e-01,1.795337582025955392e+00,-1.538480631843323510e+00,-1.329018999751971686e+00,-5.785412496456914244e-01,1.000000000000000000e+00
3.857738466268821886e-01,4.986497807477777156e-02,-1.461802518316431598e+00,-1.443239990251836469e+00,-1.055879634822091573e+00,-3.577050222934484158e-01,3.911546173667331816e-01,2.184294084444297068e-01,2.222954104418830429e-02,-5.447217280947664886e-01,1.413233582184592718e+00,-1.399529085010714213e-01,-5.380615327912018769e-02,1.454975423339140761e+00,1.166321197605662968e-01,7.467757733034162682e-01,-7.867613578769835359e-01,-4.985636619731860231e-01,-7.926469910108089323e-01,-1.018192523031832941e+00,1.000000000000000000e+00
1.025517549795477712e-01,7.560452825590806558e-01,-7.457283846383949699e-01,1.553452519242759733e+00,-1.849866871035233951e+00,1.048753621779074940e+00,-1.589394597570224776e-01,-1.034041962107010937e+00,-2.324351578956636022e-01,1.764924674894213119e+00,-4.897145992699414307e-01,-1.660239160263909108e-01,-1.497473407618919450e-01,1.322021710322780486e+00,-1.413016459200935326e-01,1.089119235962111798e+00,-2.902751684916471397e-01,1.357726877729014126e-01,-6.648919374979942454e-01,2.216378597157991626e-01,1.000000000000000000e+00
6.460860636918450695e-01,5.546124872107522918e-01,1.736327411187360115e+00,-2.129449424024248694e-01,-3.582286063846353841e-01,4.710133147852265112e-01,6.199577560176330326e-01,1.845115220722866933e+00,-6.903702236095049516e-01,5.465428944163828184e-01,1.336572790783390863e+00,-1.247561949172031476e-01,-1.117971901371819010e+00,2.749214389292795602e-01,-3.372776497862716161e-01,5.952522076541143931e-02,9.654903412062965096e-01,-1.157699577868992025e+00,-8.903441718895027668e-01,1.217963647064794097e+00,0.000000000000000000e+00
-1.588397059854622428e+00,1.741138311093990421e+00,7.296694710220327229e-01,9.425204437235394916e-01,-2.013569332419977265e+00,1.518024301287714373e+00,-7.447811497406954251e-01,-1.160126994420441093e+00,9.011920033430799171e-01,-1.138402579202212772e+00,-1.526801091749366290e-01,-6.841644392799876018e-01,4.097474694170332721e-01,-7.646970343689850624e-01,1.292098843062255087e+00,1.074065207681186296e+00,6.991366801163390043e-01,1.582757739993279289e+00,-4.886631410958016120e-01,1.406548327596191639e+00,0.000000000000000000e+00
-1.239856489746164803e+00,1.071609926457442352e+00,-4.714494283498992244e-01,1.499545176661442270e+00,1.683169273777657959e-01,1.960610675694606786e-01,-3.525444021148309293e-02,-1.109309968910615174e+00,2.013620109826700644e-01,1.410073426841800481e+00,-1.937617487920717252e-01,-4.290308048867819135e-01,-2.550417705667119561e-01,-9.591577400908855022e-01,7.905344568580348341e-02,2.548374530167958896e-01,-1.682533832510470617e+00,-9.826118614866781176e-01,-1.324199106952956562e-01,1.557107033471304691e-01,0.000000000000000000e+00
-1.476940749007481957e+00,-3.380374870899214845e-01,8.674904494929551457e-02,5.174658418126685255e-01,-1.093237820570509111e+00,8.402300264137521069e-01,-1.683402499635937355e+00,7.328935620587201383e-01,-1.837798133985411253e+00,2.778554927638588953e-02,6.149318596198132258e-01,-1.570416445191680443e+00,-7.029174141433935930e-01,-5.069772551194384053e-02,1.423281279741268612e+00,-9.195839872878439070e-02,9.239937091649736978e-01,7.333994207137789489e-01,-5.657613654763429256e-01,7.465262771582860113e-01,0.000000000000000000e+00
3.392482956595742616e-01,-1.106460080022021231e+00,1.029329422362648128e+00,4.807334872919701296e-01,1.241096912017208398e+00,5.270204121676970166e-01,-4.862920232741362314e-01,-2.192145647452219404e+00,2.839110005005298087e-01,2.164066552597825391e-02,1.372594495404346082e+00,4.361636724255730235e-01,-1.028387160616975660e+00,-7.175381067643631372e-01,-5.445614331630793670e-01,1.016226986649241271e+00,-1.426887383265422304e+00,-1.887755086791514048e+00,-9.134788030461872543e-02,1.850865630104340465e+00,1.000000000000000000e+00
-7.117137176695358391e-01,7.834996757419426805e-01,-1.386809985977699222e+00,-5.262560593972511747e-01,5.220523096414808606e-01,-2.151884456994968442e+00,4.211895846083770767e-01,8.877456679230301406e-02,-9.214048179145502004e-01,-1.197040657314013323e+00,4.919357359018547982e-01,1.795201803359948833e+00,1.994967693979279533e+00,-3.288121149584071201e-01,-2.103703231013358266e-01,-1.051781781678505778e+00,-8.704561705696574059e-01,-1.092704562867433005e+00,-3.020924568816719946e-02,2.128849709425768288e-01,0.000000000000000000e+00
-3.015343252287771558e-01,-1.807512401901381294e+00,8.834334403512681400e-01,-2.694993105222855401e-01,3.742403059932172121e-02,-3.784370652844130933e-02,-1.177890918582381152e+00,-4.740931463073058127e-01,6.216466263400752812e-01,-7.924080215878868128e-01,-2.453039791735994513e+00,-2.261402696081179220e-01,-5.117086569876782010e-01,-1.668766448696608340e-01,-1.052614640010232971e+00,-7.164551432229629979e-01,-7.529166578264684384e-01,3.504870534712536401e-01,-2.080644996890022025e-01,-1.002630892767720633e-01,1.000000000000000000e+00
4.804060283719633340e-01,-1.511070203887860508e+00,5.439734248271108630e-01,-1.433368836276277314e+00,1.352065958608394514e+00,1.035985438256265434e+00,4.769649436716851265e-01,-1.564278028252596542e+00,1.603883920896291393e+00,9.474571097696534716e-01,-1.462022594086726246e-01,9.514885564303526833e-01,8.272956247408062014e-01,4.808934257124053424e-01,7.744513974149516145e-01,-1.264046613848694767e+00,-1.099190532167536372e+00,-2.279222719814641973e+00,-6.423459121188037635e-01,-2.413017699077364409e-01,1.000000000000000000e+00
2.883547378645544002e-01,1.295885876437966377e+00,-4.489652833002351073e-01,1.374679750854475468e+00,8.003359274161923054e-01,-1.590272205716662945e+00,1.558126978965839404e+00,9.060771512146208462e-01,-6.906052496924639517e-01,-4.319854694091193048e-01,-8.618924692425296297e-02,1.508450127862742907e+00,-6.414192894856868277e-01,1.839224697242785700e+00,3.134079087818987530e-02,-1.748028356870419131e+00,-8.460818047405087583e-01,3.742025215323523391e-01,-1.760962413342868293e+00,2.560493938157553662e-01,0.000000000000000000e+00
-2.466909299127832966e+00,-3.238372998284339555e-01,4.944423083757744086e-01,-1.713797594535497737e+00,-7.850720698266461239e-01,1.046224925797108352e+00,3.527758351545745574e-01,-7.378512898503516437e-01,-2.905111200034519170e-01,1.033880281968921344e-01,-9.016253998720934471e-01,5.708314145961502772e-01,6.475763266315160971e-01,6.038576441184572152e-01,9.938496755529482307e-01,-2.378215318191440053e-01,1.894490294996537816e-01,1.486011468736793351e+00,-1.463228965369979484e+00,9.193962300277260802e-01,0.000000000000000000e+00
7.793467348622382662e-01,-1.097316124366902290e+00,1.443615703248882109e+00,5.643571510260510238e-02,-9.277937376638543954e-02,1.130807618960527394e+00,3.904544353107092854e-03,-1.251592975396909058e-01,-2.079584155694678416e-01,1.776136660818053992e+00,-2.022137671087917532e+00,-5.923754724947002948e-02,-3.444801237116220660e-01,-7.693311017886240999e-02,-4.540179317363288725e-01,4.801104635675670362e-01,9.468277989466067357e-01,4.314410323742446374e-01,-1.145238983280384426e+00,-1.224818590365078341e+00,1.000000000000000000e+00
-1.040354345619732612e+00,9.988524698576290994e-01,1.105753945157736062e+00,4.040038986047699288e-01,-2.085445068686407610e-01,3.046348046337435389e-01,9.057023455155719383e-01,1.390056123482255046e+00,-1.455824381087600816e+00,-6.312192205565804182e-01,-2.765009294414984709e-03,1.330515627585453275e+00,3.093988894393659983e-01,-2.485829115216925955e-01,9.130532521354960407e-01,1.532519482355592544e+00,2.526302052646195451e-01,1.818004181452319012e-01,2.251594520833258006e-01,1.106793481641549004e+00,0.000000000000000000e+00
1.377870235099992735e-01,1.596034892157440765e+00,1.284294621811143067e+00,8.838798372247477220e-01,4.214957135631086649e-01,1.498060167085490946e+00,6.997346382836011625e-02,-2.238426613672039323e-01,1.499226755158485691e+00,-7.358903466505053448e-01,-1.504270969692958149e+00,1.156833564996797126e+00,-1.334588252905327121e-01,6.457398301530657969e-01,-1.811895043517770976e+00,-1.889977307812610086e+00,1.326771610353798758e+00,-9.568078992223080226e-01,1.087910087613624260e-02,-4.211631962384854155e-01,0.000000000000000000e+00
7.433267912855516801e-01,-9.008111312362991896e-01,-3.506675523789737903e-01,-1.401303618708866994e+00,-1.239890834526774510e+00,-6.550682921781660895e-01,-9.236857724779161671e-01,2.491537930750432395e+00,-7.528424288808929221e-01,-1.242205078904804610e-02,-5.473238199610042098e-01,-3.990601691076606228e-01,-1.882751845756829079e+00,5.976594717687965241e-01,2.104828375533210671e+00,1.870359556206146134e+00,1.148609803313706879e+00,1.257635114140129406e+00,-1.112961732715526675e-01,-1.132124764645896731e+00,1.000000000000000000e+00
-1.819282446790126961e+00,6.402422584266430350e-02,-8.035038531448566168e-01,-1.386488407898954778e+00,-1.808391843699962975e-01,1.058954037313374119e+00,-1.706049258179437977e+00,2.182425915209448564e-01,1.169166085006572819e+00,5.004052644868083322e-01,1.623235463583582616e+00,1.838541190521493007e+00,3.960437293796059133e-01,-3.405713305869543985e-03,-1.454292497057741440e-01,-1.633454463678250465e-02,-9.444720384433590299e-01,-1.242514567697022398e+00,-1.038833089478460536e+00,6.266067117887196281e-01,0.000000000000000000e+00
-7.327910884532924662e-02,-2.079627844985237617e-01,9.400520383341293487e-03,3.347313822014336138e-01,6.041292820302840427e-01,-5.280124220534612167e-01,2.121034551904414922e+00,-1.013006109644849939e+00,-8.546992959769487974e-02,-6.148424293670639029e-01,-3.135554700949986229e-01,1.431459304056340032e-02,4.564019115032961205e-01,-7.937863937017729243e-02,7.467846993786475540e-01,3.029037276370761811e-01,9.429297963026017637e-02,-1.544907074908532518e+00,-1.404187478783303966e+00,8.277183557309623907e-02,0.000000000000000000e+00
-7.188784161660858318e-01,1.838903805006455672e+00,1.029365461931040837e+00,8.555390508632042257e-02,1.147542828334795484e+00,-1.206180304762695110e+00,1.499146878406149463e+00,4.463933835717373011e-01,-8.750304586576280741e-01,1.381797901179139809e-01,-4.864442314274135537e-01,-1.315559140150319939e+00,-1.326106512825138695e-01,7.548447525803289593e-02,-5.188110777011911701e-01,-3.516540480242764666e-01,-1.064412176719437664e+00,6.631587690061684359e-01,1.479912055896761780e+00,-1.223536536671260139e-01,1.000000000000000000e+00
-1.440044050237282436e+00,-2.234687003123176086e-01,3.617994926970669600e-01,-5.818213142158595863e-01,-3.856082317971378653e-02,-5.127403541664871112e-01,3.470641750276031168e-01,-2.199754069918263832e-02,1.940664896179261590e-03,1.493401920762218449e+00,6.232834149608172947e-01,8.502894646669603151e-01,5.130323847503485135e-01,-8.378214502736273106e-01,1.351868718735232955e+00,2.768412739216030150e-01,-1.506453172002372998e-01,8.959623479579741367e-01,-5.414311029365106442e-01,-8.523431281470188470e-01,0.000000000000000000e+00
1.446746965443904465e+00,-1.111644817014692199e+00,1.275423856317833726e+00,-3.067372473628209306e-01,-5.983090383102505072e-01,1.838999049153007714e+00,-9.528408009395155087e-01,-3.909973189462954690e-01,2.794854538500712304e-01,5.305385475361302783e-01,4.481591754820109935e-02,-5.515154790404381835e-01,-1.002359540200486870e-01,-1.022322522158355840e+00,-2.316568986931647478e-01,1.039151199563042693e+00,2.602523979195902615e-01,4.664999911863301763e-01,-3.337920417729199896e-01,-8.376008209078900091e-01,1.000000000000000000e+00
1.032050123424188337e+00,1.529286883001449160e-01,-1.235482508046306549e+00,1.077110717570789689e+00,-5.306775057909218773e-01,-3.942471815554801085e-01,-2.702782316541972318e-01,8.314854521904946338e-01,1.190736615450150859e-01,-1.083685537169221558e+00,-2.097903848817302963e-01,1.340171296572810977e+00,5.836907981892197617e-01,-8.990948763116178855e-01,1.243331899840447230e+00,-4.809748395987607505e-01,1.090772594816949326e+00,-8.519964578732225347e-01,-1.246032657295001567e+00,-8.913864196515547400e-01,1.000000000000000000e+00
-1.049979419650332924e+00,1.107034970057857670e+00,1.353429712897811443e+00,-9.013900129374213810e-01,1.099309072214258859e-01,-1.341052574203306591e+00,3.749220131586353255e-01,7.147797071814095959e-01,2.352298960791830762e+00,-2.360918471860248502e+00,4.442568142749928062e-02,5.172276006166363072e-01,1.305639967316734873e-01,2.714237692851990680e-01,-2.531252698831757408e-01,-8.190580911994320701e-01,8.336953584964434949e-01,7.040554093149041792e-01,9.963421632307262188e-01,-3.734487438454365260e-01,0.000000000000000000e+00
8.451106767415648147e-01,2.812350825550388733e-01,9.325134866723518157e-02,2.077567764457649346e+00,5.747642315515150320e-03,-7.694793656148202210e-01,-1.205618192375810249e+00,8.265695982777546691e-01,-4.396969512487339804e-01,-4.864761963737215811e-01,-8.660444325837438617e-01,-1.274688886716700775e+00,6.755738067084622323e-01,-1.795577042239562493e+00,2.224603697849086181e+00,-6.071322362247520976e-01,8.073899145212040107e-01,-2.349848121240653287e-01,7.429944657737559410e-01,7.118560137205250937e-01,1.000000000000000000e+00
8.189334296515365930e-02,1.185094522606473799e-01,1.104626023045435890e+00,9.923583761825246485e-01,-2.504960619602029648e-01,7.109474040984921084e-01,6.757103637370041882e-02,5.553772016539950673e-01,-3.960107334840654025e-01,1.127908984897621897e-01,7.539138621896972481e-01,-5.186935705959369036e-01,8.103047865448808063e-01,-6.897762057125086943e-02,-1.329201208969939429e+00,1.698162952192773245e-01,-2.519142566764538849e+00,1.328278525717818459e+00,-7.350557869058753635e-01,3.386916672436733333e-01,0.000000000000000000e+00
-2.043630013465270512e+00,5.866743760764109306e-01,8.668639729551550488e-01,-6.357848262440043419e-01,-1.004152665200114036e+00,-5.128671725953330984e-01,1.147399148039563777e+00,1.201566541744131245e+00,-4.280850745357591691e-01,2.545437953629273720e-01,-3.235166068146005935e-01,-5.283484294336073805e-01,-1.093516297655781622e-01,-1.892541972788727600e+00,-3.889839573242946935e-01,1.021317266849431915e+00,-1.814509715918200206e+00,1.611138603797080293e+00,-3.783995701226433028e-01,-2.424785373490588314e-01,0.000000000000000000e+00
1.005525208577227270e+00,-1.864010820131260515e-01,-6.520278634617080460e-01,-3.548865314455982856e-01,5.692945456073558175e-01,-5.892007402712288178e-01,-4.641982327418454624e-01,-1.584529818425399528e+00,1.419035388639561468e+00,-1.971241168309953995e+00,-1.123750764637550192e+00,-1.212806805090998807e+00,-1.321809839361166583e+00,-8.572026850044642821e-01,-1.986957553141308896e-01,-7.991506622072157562e-01,-1.373046566172816951e-01,-1.255686030157780353e+00,-5.116908827131027432e-02,-5.396849606104832109e-01,1.000000000000000000e+00
4.879629386768268851e-01,-1.443801086887946949e+00,5.068104240760995527e-01,-1.266328126022810752e+00,-2.788115254550373456e-01,3.346666362648588189e-01,-3.828851220248319920e-01,1.834289850067842564e-01,1.060890165443361538e-01,5.115239734177239317e-01,3.141833620756902534e-01,9.297539995871220708e-02,-1.192092792794901657e+00,-1.032030325575099772e+00,1.547643660505148289e-01,1.171605506267290320e+00,-5.060215029977469525e-01,8.399086630824148525e-01,8.105856035913558966e-01,-1.693061642861630745e-01,1.000000000000000000e+00
8.043471707669357373e-01,-1.037667342907436563e+00,-1.036429339906959957e+00,-2.227775190514212633e-01,5.706291682076281013e-01,4.088880634329328245e-01,-7.115463487441291424e-01,5.377908863221435298e-02,5.035355890963640890e-01,1.471039572402045081e+00,-8.196484580799916486e-01,-4.854432257792337668e-01,2.495346463785319824e-01,-2.792883165590819283e-01,-1.077097384424351878e+00,-3.676821549728533922e-01,1.632973987488311574e+00,6.685514110573481661e-01,-7.940134693360128004e-01,1.262619775642534581e+00,1.000000000000000000e+00
2.518857297888933353e-02,-3.707191725635099466e-01,5.524246016596527642e-02,-1.262012051059884676e+00,-7.726911993013145796e-01,-9.317682064520255159e-01,-1.302346174987463634e+00,6.350657064866478407e-01,1.719564757741787631e+00,2.556732367833652875e-01,-7.643475047663389477e-01,-4.984788297483787045e-01,-6.081641561742131552e-01,-1.333955641349243049e+00,-3.113076508891456928e-01,9.778983408572243796e-01,-3.501288416455974883e-01,-8.117526493808026045e-01,-9.313970046791970880e-02,-6.604543013078835179e-01,1.000000000000000000e+00
-1.275992605506596489e-01,9.955923533811812665e-02,3.376492731350698162e-01,-9.437133756634971116e-01,1.992217539686148842e-01,-2.695692908006117050e-01,-7.523839199111661546e-01,-4.578612851165622111e-01,-2.031129139273343542e-01,-1.918934868314269737e+00,1.516855753516356542e-01,-8.541268286035015589e-02,-4.518328377251897288e-01,-4.503873179114311065e-01,-1.993983380093011792e-01,-4.393575352583402316e-02,3.523159036020698243e-01,1.617691268969471130e+00,1.205886480600776745e+00,-4.235220118104940368e-01,1.000000000000000000e+00
1.451723620444639096e+00,2.722013298978726570e-01,-9.240913500013331339e-02,3.453506704546534939e-02,-7.434092578425082198e-01,-2.895977015440055480e-01,1.043864270968767050e-01,-1.729526016037003400e+00,1.547064867539651223e+00,-2.948969404680314432e-01,2.326507966658827975e+00,4.320658470622782965e-01,-2.637636712161404717e-01,-8.589329552197962070e-02,1.838256784777802411e+00,1.245483367064651459e+00,9.001896775809082457e-03,1.944594568467711060e+00,-4.307750570291148939e-01,-1.526844853108925149e+00,1.000000000000000000e+00
2.814185687076885545e-01,3.986725895399791386e-01,-7.041241409612771784e-01,-7.036936855093460785e-01,2.584544143352668355e-01,1.322322074371236278e+00,-3.400012814126314176e-01,-7.276332588022417225e-01,5.880531730819882341e-01,1.091973786701970761e+00,-7.142449600235744045e-01,1.108684488347427693e-01,1.738751652557862126e+00,-1.248269023457891924e+00,1.382246579907864703e+00,2.612128017558121851e-01,-2.537305012583315755e-01,4.823177213756474346e-02,-5.406621625842005230e-01,9.935351401233234458e-01,0.000000000000000000e+00
6.829423442080717610e-01,-2.735333911290271369e-01,-1.568798712303833387e+00,8.979496907619345381e-01,-7.550480201167636407e-01,-1.055392474794166313e+00,8.166713896197921319e-01,-8.741915079014761503e-01,1.179661417604118023e+00,1.162758799024025125e-01,-1.795904315912733473e+00,-3.110799965026839198e-01,-3.183643091193001373e-01,1.949909131236540638e+00,-1.793022598300014092e+00,2.444768905142532811e-01,7.316989545351219038e-01,9.532220538329451154e-01,2.638166725805053847e+00,7.531394395694814836e-01,0.000000000000000000e+00
-3.433642584293767341e-01,3.824958508073309504e-01,1.023166658488287029e+00,-2.977746804803956815e-01,5.382177366216249759e-01,-3.061037482616587035e-01,-2.357651698872919310e-01,7.956786388057919268e-01,-1.100642765606688389e+00,7.435867248247611805e-01,-7.029816666101846856e-01,-1.293928456799148030e+00,5.821929244690602356e-01,3.785834716070453354e-02,6.168976174691327419e-01,9.421138555427149841e-01,1.015031780924309679e+00,1.223477201371154788e+00,6.796467278195124362e-02,-3.876166342605133486e-01,0.000000000000000000e+00
-1.768127872607023532e+00,9.502664055220569894e-01,9.775609243847910301e-01,-2.877656843178203694e+00,1.399494637605936065e+00,-1.004216066474422214e-01,-7.423903622671764735e-01,4.779835706209004664e-01,1.523956965465746549e+00,7.606191076810426832e-01,-5.302679842224476969e-01,-6.106911075746374040e-01,1.121851108191753932e+00,3.882997437379505645e-01,-6.100057174658377601e-01,-1.851476827318478735e+00,8.073330729044152221e-02,-1.996586401135683309e+00,4.908267278624933727e-01,9.859759820845844791e-01,0.000000000000000000e+00
4.224464413049780487e-01,-1.524619792750572689e+00,1.793933295400366307e-02,1.355313482228563293e+00,-8.766834044705645868e-01,2.436913654504123450e+00,-9.208406004559017699e-01,1.386854913927037858e+00,-3.871379440001897487e-01,1.442168360500154067e+00,-7.884183481594164711e-01,-1.814238657829537471e-01,4.633941479819591591e-01,5.077685469032710008e-01,7.314225087628313249e-01,1.866745213363866007e+00,1.264494276191722610e+00,-3.211560601726541453e+00,8.313227733473608216e-01,-2.030245452131839157e-01,1.000000000000000000e+00
-3.541815957304170204e-01,-7.836716594588504226e-01,2.287705230427916070e-01,-1.873010264538187197e+00,1.340800148097057720e+00,-2.179427199132532689e+00,-1.788517910754513496e-01,6.426042014522442836e-01,-1.718878351495645829e+00,-1.373211979997374543e+00,-1.297640995482320925e+00,-1.410450204525684148e+00,2.387756799624599857e+00,-8.894084768840095911e-01,7.449001645269397454e-01,-4.011248623994013163e-01,-4.710987366765332918e-01,-1.664536404929484181e-01,7.274893707807887910e-01,-1.019007963873045375e+00,1.000000000000000000e+00
1.064342483672723882e-01,-1.191656859593777096e+00,-3.078500922102196946e-01,1.277218645844915290e+00,1.242064303906176281e+00,-1.870451194996249011e+00,1.431963042511771311e-01,4.120548395659452967e-01,9.659825233770364533e-03,1.685860262405526999e+00,9.190529609191724347e-01,8.195616245803979405e-01,9.657376036774509287e-02,1.187909907562947065e-01,-7.318760973866871022e-02,-9.255209510905406667e-01,8.862867764762062395e-01,1.840096037885747604e+00,-2.681494432113659343e+00,5.098022900084782094e-01,1.000000000000000000e+00
-4.054528990794114551e-01,3.127333710668261935e-02,-1.541814347282268183e-01,1.694821251592862010e+00,9.033146206612677753e-01,-6.904309714158916034e-01,2.718081408129256471e-01,-1.160560414403596807e+00,-1.384644389290320687e-01,-1.630266998821509494e+00,-1.024163506328757522e+00,-2.094667746347949888e-01,-1.518526605250952066e+00,-1.757935884560732243e+00,-2.439923826528503259e+00,8.186932317263840853e-01,4.553279316633317420e-01,5.253212292537308148e-01,2.985193235683339386e-01,-2.305712662867808183e-01,1.000000000000000000e+00
8.403953704765475541e-01,-3.370236575049594396e-01,2.654481625742029505e-01,2.913131584423553910e-01,4.445479168351353927e-01,1.246915481716038165e+00,3.878800055689801685e-01,4.608126735790813583e-02,2.038700853072746622e+00,1.564282596961271699e-01,5.396758530581054550e-03,-1.337301293890230225e+00,-2.988929040195971720e-01,1.336459515081608096e+00,-5.463865013155472239e-01,-5.422898299757223928e-01,2.346135063248703245e-01,5.603340810707139186e-01,1.505002843053690753e-01,7.805264733397899723e-01,1.000000000000000000e+00
1.301702761486164484e+00,-1.002081086148930655e+00,-3.238752589460598963e-01,-7.917570454122945245e-01,1.802035047622723152e+00,-7.636026350774183236e-01,-2.373875039089397843e-01,6.083652359079048111e-01,6.294766549995554072e-01,-3.447079131650358070e-04,1.319193490752794684e+00,-3.862108889716645010e-01,-1.133492575295251603e+00,-8.920193186539586705e-01,-9.782854465963131130e-02,1.854773806745142251e+00,1.092214273403933067e+00,-2.472473813100211915e-01,-7.203501836478310993e-01,-2.308568397216193890e+00,1.000000000000000000e+00
4.751050405015278533e-01,4.108067320865056993e-01,-7.086601309632972745e-01,-5.638202897456489060e-01,5.574239171942640958e-01,4.425046256030086278e-01,1.064742887116784553e+00,3.208957764620152808e-01,-5.888622591333009249e-01,-7.025957100174546888e-01,-7.597515960431642235e-01,8.610757755765264809e-01,-1.523099513776545511e+00,-7.760537668314222426e-01,1.402513783076055676e+00,-1.735037556194960473e+00,-5.547115746856597918e-01,-9.055960442177742875e-01,4.392283828133907164e-01,2.583200000655601070e-01,0.000000000000000000e+00
-4.949026490258349176e-01,1.929353814433154124e+00,-1.227368199877182153e+00,-1.078397098193717207e+00,-7.346683967046276076e-02,9.568007366792705692e-01,-2.836560173281800767e-01,-7.022502623492803409e-01,-3.053679501705953703e-01,9.785922704582684650e-01,2.144174565232294327e+00,4.269521249917246353e-01,2.835195173008285829e-01,-1.396677150858538496e-02,-1.182415717490701068e+00,-1.010473090524662165e+00,-1.620891357951001199e-01,-1.315256098944350693e+00,-5.070871558278953195e-01,4.423484324808555496e-02,0.000000000000000000e+00
3.220180723519215360e-01,-1.866610991843135059e+00,-1.239986498864640962e+00,-9.109936436572357854e-01,2.096823549402535014e-01,-1.218353047433739400e+00,-5.589122704688538334e-01,1.178937324192775415e+00,1.237496047510224573e+00,-1.480667556507255567e+00,1.481720911995296208e-01,-9.668831717417534222e-01,-2.019689601106595261e-02,-1.469898404572561601e+00,-6.301766985354263495e-01,-7.273838214061335572e-01,-4.726403880899134879e-01,-8.511170327066056585e-01,2.247462142936019980e+00,-3.052332442281403546e-01,1.000000000000000000e+00
4.587362022487770918e-01,6.684538470618543726e-02,3.626808479198958407e-02,5.871534226418050340e-01,8.287372167907962606e-01,5.170396703281243678e-01,-1.195588977895956528e+00,4.340367176293984941e-01,-1.764975375973387495e+00,-1.053518409300352898e+00,4.388039185312980206e-01,-4.203056401603013081e-01,-8.652185525885528472e-01,-1.593070064730552071e-02,2.511436095059746965e+00,-1.129113365603458874e+00,2.585076741300757597e+00,-1.100014987180920611e+00,-2.418728646468204790e-01,3.249514203871491369e-01,0.000000000000000000e+00
-6.973093580022649007e-01,9.000705147776770776e-01,5.853061958213738869e-01,5.782320944517100880e-01,-2.853988514393968057e-01,5.183125450721224325e-01,-1.146112585436498632e+00,1.405764184138826867e+00,2.655459420471052989e-01,-9.003015683275756853e-01,1.802902387228579872e+00,2.401817233942808438e-01,1.472770861857871871e+00,9.953083496809472797e-02,-7.617842013710472981e-01,1.873178984841859407e+00,6.013861521319419090e-02,-1.749626903626850360e+00,-1.143585481970902817e+00,4.806881106635323975e-01,0.000000000000000000e+00
-2.551104036965889388e-01,1.186452693092666433e+00,6.220868946702824420e-01,-5.418398822114618429e-01,-1.629537968309578977e+00,1.276876880545410486e+00,-6.157109234600068870e-01,2.067017068783536526e+00,1.121027403657837568e-01,-7.001995407531206306e-01,5.267538779234864910e-01,7.257949453916641147e-01,-1.223894141042646710e+00,-1.466031328775205811e+00,-1.392144726736204596e+00,-3.052445086260801022e-01,-9.295478347412586828e-01,4.902696461522838556e-01,1.587109247294791858e+00,1.062099665075665555e+00,0.000000000000000000e+00
1.442927961598001296e+00,-1.152967968480182570e+00,-1.328448746490261900e+00,-4.058887007931641366e-02,4.948300744799942752e-01,-5.449249388239904013e-01,-1.480504137922603825e+00,2.725837798469424644e+00,-2.532716670191376807e+00,7.504548205596807131e-01,2.638371907032712294e+00,-7.783546113688401269e-02,1.867057395722231172e+00,7.733823423090600002e-01,-8.819872289986137037e-01,-1.039107660134005684e+00,1.473287544239724411e+00,8.020415224831596301e-01,-1.645131737812632056e-01,-1.305114969462605856e+00,1.000000000000000000e+00
-7.705304687541075781e-01,1.396800993794557355e+00,-1.502190941077252428e-01,2.901214822528058068e+00,-7.764489926857474078e-01,-1.267595370747359729e+00,9.959720890977672436e-01,2.004843477572741062e+00,3.785696599452699762e-01,5.458980859636356486e-01,2.337105443800440996e-01,-6.662121550555171190e-01,-5.492872251965782437e-01,7.844488644677614086e-01,1.081259188520524717e+00,1.754162434449923758e-01,1.103570657979275227e+00,-9.372783410959204531e-01,2.968797198248776179e-02,7.205664498434726228e-01,0.000000000000000000e+00
-1.456870621279020783e+00,1.138203770744572241e+00,-2.841198618011616106e-01,-1.925012584618322808e+00,8.565263539470707732e-02,1.071797876402493799e+00,-2.582009138089075839e-01,-1.180770668704051340e+00,5.924033522984726297e-01,6.583573524966944701e-01,-6.522289412028917654e-01,-3.392372002678070153e-01,2.541089940124219848e-01,-1.152360354629252015e+00,-6.739664730765876355e-01,6.948368579767650877e-01,-1.908944976970571306e-01,-1.356720416472295687e+00,3.666939424303599648e-01,-9.944063336498279448e-02,0.000000000000000000e+00
2.040935974598872882e+00,-1.032287365578784755e+00,-1.737506771638777092e+00,8.402937322865552394e-01,-1.761585184013044314e+00,-3.943832498559413091e-01,-9.793300898745858074e-01,-2.549509149724698415e-02,-3.380228009163468439e-01,-6.906799916802285333e-01,8.901835338943058229e-01,3.700351092492208394e-01,8.703149121318207726e-01,-1.054286334210176701e+00,1.219624507405681069e+00,2.609535518740669913e-01,-9.118868092502013800e-01,2.774966890779326789e-01,1.903662995382111589e-01,-3.692333138812007309e-01,1.000000000000000000e+00
5.268348022706210720e-01,-1.163454009995371852e+00,7.234832695423569771e-01,1.573099773977375548e-01,-2.200882357406805101e-01,-8.632330079971957115e-01,-5.088067789964277887e-01,-9.546470082173242888e-01,-1.127486881336929425e+00,8.408754624834474667e-01,-3.634335036902369871e-03,-7.629190364146092307e-01,-1.241401245801061703e+00,-2.127715883287448762e+00,3.261486983863851052e-01,-3.609811389984117214e-01,-2.749476583970044685e-01,1.188278840220654692e-01,1.157199202406985761e-01,1.914313350640757805e-01,1.000000000000000000e+00
4.945125598072795947e-01,-7.349851634907899056e-01,-8.876434907977923672e-01,-2.786816140735384195e+00,2.605403598212959970e+00,-7.522117059336915768e-01,9.802074317930429270e-01,2.167902506205816593e-01,-8.273362122520546702e-01,-3.328461499971305804e-01,1.143409204793867318e+00,-1.778506676715663481e-01,7.769419986263998990e-01,9.000636620088757756e-01,-2.834245787760887314e+00,-3.912993983226015771e-01,1.356287600703810270e+00,9.744999757702055287e-01,-8.940000320566000858e-02,1.017727409048353682e+00,1.000000000000000000e+00
1.536411115915691461e+00,3.969410404779069035e-01,3.557504869380379020e-01,1.853579666700318901e-02,8.496747614585025143e-01,-3.666517942970333455e-02,3.762142600303967077e-01,-3.268413349514127653e-01,1.154209686176781657e+00,6.492808031922693290e-01,-2.216913341379932456e-01,4.118163719252836974e-01,-8.184160552736304828e-01,6.632003001639685813e-01,-1.236252795290272211e+00,-2.431380966700290025e-01,2.486842263576837797e-01,-1.162749258272538500e+00,2.123603257453651749e-01,8.489223176750265720e-02,1.000000000000000000e+00
-6.906811369542874557e-01,6.219314548661324382e-01,3.553923433909305651e-01,-3.130335218518283114e-01,-1.357602406885144219e+00,8.189012028082652828e-01,8.114310372728457121e-01,1.183833789351559362e-01,1.002174232803217518e-01,-1.195730769915796188e+00,5.142019409118728235e-02,9.322516271296499291e-02,-7.480171593214735015e-01,-5.018223214777706165e-01,6.106938578542389084e-01,1.009530605244294943e+00,6.753149415727294214e-01,-4.993784214783195674e-01,-6.879793128275309144e-02,8.948943117447891171e-02,0.000000000000000000e+00
3.787400651569623050e-02,1.562904494364486085e+00,1.393727056997913660e+00,5.343299985339111657e-01,5.193691127757785742e-01,-8.641926132246825487e-01,1.170456716914785256e+00,-1.009763962828765793e+00,4.420418430263935439e-01,-2.125712883867456882e-01,-1.420837317666278965e+00,-6.263988749462067185e-01,-2.443187844313804646e+00,1.207147057154264180e+00,3.237958383725734191e-01,-5.100148121813569135e-01,-1.122834373385083406e+00,-1.266853118358735486e+00,1.599671014939175295e+00,3.021398587150179726e-01,0.000000000000000000e+00
3.560288205942969131e-01,1.113430216329934996e+00,1.459118591672978971e+00,3.525381209309270680e-01,-1.297366118050655714e+00,4.300464311629438874e-01,1.083601989696129975e+00,2.058395452236971401e+00,3.993181895436885842e-01,1.520936896084189360e+00,5.237184609330193252e-01,-3.625906477187423316e-01,6.347978568315681969e-01,1.380064603291352165e+00,2.689556812579969036e-01,1.298112876036846552e+00,1.130779500219509570e+00,4.137204842380707293e-01,4.740060611153869008e-01,1.089045184323027549e+00,1.000000000000000000e+00
5.167422806786194922e-01,-3.815240159819897614e-01,1.128906022631593759e-01,-4.923147450170977102e-01,-4.440061587429184886e-01,7.100272794742650273e-01,1.763967339195554596e-02,4.188648037509484223e-01,4.478409575152682287e-02,1.008107918122240099e+00,-9.926261015895296302e-02,1.056189955330710362e+00,7.838980502657523219e-01,9.969867223111573973e-02,1.608975752471108134e+00,-1.458563056011229042e+00,1.023527662913042535e+00,-1.636958643567728577e+00,7.917234372955811450e-01,-3.093345295340650392e+00,0.000000000000000000e+00
1.175634453929817136e+00,-1.366479628679936109e+00,-4.171238897849297578e-01,-7.682654449591917734e-02,-9.062441702189946158e-01,1.706251085318183369e-01,-3.427928801164484840e-01,-4.451453489816302456e-02,-2.244678281655577035e+00,7.457133968993966411e-01,-8.197327893140384791e-01,4.266116962137019852e-01,-4.948774980026705017e-01,-1.282566217694269373e+00,1.268052842667676705e+00,-1.513077230783142602e+00,-9.048411662908701913e-01,6.113919417561145542e-01,-3.550274383195113903e-01,1.374223933468004422e+00,1.000000000000000000e+00
-4.767385640895209220e-01,1.938059785533093216e+00,2.730306581327541227e-01,-1.243779440278346658e-02,-2.788911490993156495e+00,-2.192531882249460828e+00,-8.679393086098511345e-01,-1.035801858800790010e+00,-6.808380747774659403e-01,1.147044085925480905e+00,3.564028707885976560e-02,9.064879544160638070e-02,1.915176148237933251e+00,-2.347409131200322782e-02,7.111908750710105309e-01,-3.504597371701719255e-01,-5.110613570623763480e-03,1.794126347319270343e+00,1.016959557326934105e+00,2.539771725047723638e-01,0.000000000000000000e+00
-2.930253370857286987e-01,-1.587812935350092769e-01,1.224526866736270536e+00,1.508079797399556991e-02,1.696926307751459362e+00,-1.769975203408767017e+00,3.149450718512213365e-01,-2.981926006534133533e-01,7.425624477882333263e-01,-1.619434518409180068e+00,-5.451000828672926124e-01,1.469699060023491877e-01,5.669580546381755015e-01,1.586841352040911701e+00,-7.764053056190374225e-01,4.072366389433175193e-01,-4.025757020130556196e-02,-9.606762182498260194e-02,-1.009572715942546495e+00,5.695035350757690074e-01,1.000000000000000000e+00
6.194022612779289533e-02,1.485022756421644274e+00,-1.301354191382666281e+00,1.270940414127444962e+00,-1.580463475338272472e+00,-3.397019384891760696e-01,-1.523862462532422413e+00,-6.022944723325736049e-01,8.227804325445473577e-01,-1.680548261191345816e+00,1.240541947058259487e+00,-8.149495019060389867e-01,3.903429049598096112e-01,-1.083385024613336745e+00,2.441224415203995690e+00,-1.497322356872720750e+00,-1.095673224316734196e+00,2.245409808842132315e-01,5.967537135340362786e-01,1.018094737243402381e+00,0.000000000000000000e+00
2.413292717712127999e-01,-9.196664454136451727e-01,-5.889680215502126615e-01,1.717688164426633746e+00,-9.815454946286480409e-01,4.175857705845835710e-01,-1.740214847055568503e+00,-4.069860608586110540e-01,1.837429451858097806e+00,1.243812240729931906e+00,-1.601620629255836814e+00,7.563000190349380425e-01,-1.657920231221148288e-01,1.200682987564963833e+00,-1.883176659665651620e+00,-8.331510280726968087e-01,-4.829681138148626818e-02,-8.456688103392997480e-01,1.231493015204119246e+00,1.357671007619135339e-01,1.000000000000000000e+00
1.636965104052569675e+00,-1.805451218336144636e+00,-2.731497778503183191e-02,-1.039559770930729848e-01,-1.229940935482039199e+00,-3.361351819415000497e-01,8.344764078560233944e-01,-1.542765215020466041e+00,1.786463336862633700e-01,-1.068231495004121623e+00,6.043650666382101022e-01,4.688659407452314132e-01,1.861361498331383091e-01,1.120831873407099888e+00,6.005354325046432518e-01,-1.350627718001653710e+00,-1.727851203810432668e-01,1.054414043948190605e+00,7.133637953024366540e-01,1.450454146285060197e+00,1.000000000000000000e+00
-1.237713759411428693e+00,1.254233962279206249e+00,2.353413091338133756e-01,9.120318441091755934e-01,-1.455594197659438316e-01,8.979295169883658723e-01,1.520035153925935134e+00,8.504422733055976291e-01,6.457094273279361252e-01,-1.048786207160189946e-03,1.066243830463253106e+00,5.854722903536896395e-01,3.688085191656187423e-01,1.154563223376626757e+00,-9.644544470087937915e-01,1.367810847291961451e+00,1.872189488923096112e+00,-2.170633962272159601e-01,-7.224231445330061563e-01,1.002220492646246908e-01,0.000000000000000000e+00
4.748504399832677580e-01,6.034098967790778589e-01,-4.582235521288332003e-01,-2.409319941210130267e+00,1.375312169172034249e+00,-1.015310138458809658e-01,7.624533395514160317e-01,8.844644561638815849e-01,-1.575116534833646886e+00,5.948585694951978864e-01,6.575733717502257880e-01,2.973095696208558070e-01,-2.649764844466838909e+00,-4.863311549583025917e-01,-5.958190334459825266e-01,-3.147947993813685619e-01,-1.555626954999956846e+00,2.821536409519076471e-01,1.514284218782327329e+00,-4.366524790094707953e-01,0.000000000000000000e+00
-3.835635747427200704e-01,-1.130891633534462981e+00,8.867461759019719114e-01,-2.572976317144452518e-01,8.529194444583929613e-01,1.906740940292811493e+00,-1.602918537803363630e-01,-1.467247433818625879e+00,9.787600800946221272e-03,-2.332035111547622996e+00,-5.537422917041319170e-01,-8.742901780588279159e-01,-6.217738692527244870e-01,-3.374614375527569266e-01,8.418570903543857176e-01,4.449384898637056551e-01,8.717939389483179147e-01,-5.755615305347389077e-01,-1.850104032399373100e-02,-9.125373738361597376e-02,1.000000000000000000e+00
-1.521543024892856089e+00,4.614026611494163599e-01,6.187304362597970675e-01,4.633385596453868382e-01,3.177123388554311395e-02,7.578970643152730391e-01,9.142964468836431990e-01,9.146494373893883090e-01,2.126602941348333164e+00,-2.607276874748008788e-02,1.227236060884102642e+00,-1.938690436003406292e-01,-1.312619386938721266e+00,-1.857785222404981784e+00,1.880754486008298920e-01,-2.376451517726966278e-01,-2.057461524888407889e-01,1.954326719413450597e+00,-4.855393459217897112e-01,-4.048259013027163955e-01,0.000000000000000000e+00
-8.090639322285209101e-01,8.703082635098567943e-01,1.150041004129225941e+00,1.405619314475671677e+00,1.385582330734588252e+00,5.091041342488749066e-01,-1.243743150295907540e+00,-9.398977686890490624e-01,-1.516208252149568114e+00,-9.799016813236128831e-01,4.632527323012706755e-01,1.808893437191307463e+00,8.752563887104375384e-01,2.038936191563966993e-01,3.832811763196034560e-01,2.937093600868264098e-01,6.210979138110089837e-01,1.235770832826867727e+00,7.114896330348330356e-02,1.108190251864629605e+00,0.000000000000000000e+00
-1.168100782832567491e-01,-1.304559671455783332e-01,-2.203179419779957016e+00,1.001557251656569836e+00,-1.977266442389567391e+00,-1.384802266456024666e+00,-4.203460856090684428e-01,-1.681737121843271288e+00,8.358333119234112596e-01,1.287183907736998645e+00,4.666906097622534610e-01,-2.745075759601489640e+00,-1.629850064425940159e+00,-1.227384991319893093e+00,6.352689641343417515e-01,1.254622896923315079e+00,-4.759509198989011480e-01,8.978702400120300853e-01,-5.588277689102004731e-01,1.740738437580126918e+00,1.000000000000000000e+00
1.034610980758852827e+00,-4.744643833152704104e-01,9.229851082929642070e-01,-1.555696737549866204e-01,-1.523733505982933112e+00,-1.093652424160208358e+00,1.362900874542757879e-01,9.807993678587183517e-01,2.533619637372013789e-01,1.193739429279656042e-04,-2.940079618075889245e-01,-1.684018606081219227e+00,-2.469777103869183754e-01,2.153671219915246626e-01,1.798688330675697999e+00,1.502268851396507898e+00,-1.991286022624878527e-01,8.745832545848890582e-01,-8.847985943230528560e-01,-9.989013984224717202e-01,1.000000000000000000e+00
-2.800108417870710298e-01,1.300508495576580437e+00,-4.804234983895274147e-01,1.651969680352440628e+00,-5.034547640569827509e-01,3.523675186531288750e-01,-2.866677932690893660e-01,-1.998673953081411547e-01,-2.391025081096610494e-01,2.876105270047338291e-01,-4.871312971572249184e-01,2.451907749911124701e-01,6.278389955314851445e-01,4.215294992237487715e-01,-2.001027927268251627e+00,9.386486227872370414e-01,-6.829526978440504381e-01,-1.753930358541530454e+00,-2.949365050108501141e-01,1.053098354443062767e+00,0.000000000000000000e+00
4.652608502146396985e-01,-1.695738659143619653e-01,-6.140316226686364232e-01,-1.017535948737175122e+00,-7.459483030746087984e-01,-1.345679074265538233e+00,5.622299794086660363e-01,5.042747439966618339e-01,-1.168262585117904040e+00,-1.277518087538833669e-01,-5.604159414805075755e-04,3.213568773460256378e-01,6.788239513768368205e-01,-6.187335184413728095e-01,2.210240916665912270e+00,3.138150474921204136e-01,5.262478371926173626e-01,-2.405750141250715846e+00,-1.715719123288661274e+00,-6.187636909057214751e-02,1.000000000000000000e+00
-1.199525634103347116e+00,2.791081395364703788e+00,-1.554897945251577207e+00,-4.860109790727568102e-01,-1.451027319437063090e+00,5.399247338242053607e-01,-7.585582265549251080e-01,8.810892186687073468e-02,-4.264193445019291984e-01,-3.166618076816889449e-01,-1.241948602213643893e+00,5.569069140783822203e-01,-8.830286826258417765e-01,9.751685653878071625e-01,1.023993625411258712e+00,-7.979346142833484423e-01,5.141471839401622335e-01,-1.377639607181964321e+00,-6.585780366807351127e-01,1.042626338278635156e+00,0.000000000000000000e+00
-1.369323548824108228e+00,-6.148379287780399993e-01,5.182241701536930423e-01,5.317978566141343677e-01,-2.981304201240719820e-01,-1.336446343605832254e+00,-8.554937220094313566e-02,1.731547840993011567e-01,1.337167519188425580e+00,4.229937793640968224e-01,-4.728701112515444963e-03,-1.811212385531376368e-01,4.152864996614597515e-01,4.638035606542589839e-01,4.882576467687355648e-01,-5.773256159027468915e-01,5.067289390670275395e-01,-1.275591041740677278e+00,8.727278149471565660e-01,3.141397653427129288e-01,0.000000000000000000e+00
6.043356263505704762e-01,-8.424936576124780752e-01,1.426657404670656826e+00,3.650556127529218098e-01,-6.512693416960131376e-01,-1.047091221607916900e+00,-4.082922202446664373e-01,-9.965050628710079295e-01,-8.855261611486618667e-02,1.689911359822319215e+00,-1.863022255664229243e-01,-1.066871509611457602e+00,-1.008153992934321064e+00,-9.704317539634645939e-01,-1.886457738364981651e-01,1.356632651945119672e-01,-5.285779381599094995e-01,1.038323535208710124e+00,9.609951058290108206e-01,-2.445900036611754036e+00,1.000000000000000000e+00
5.408349779357788378e-01,-5.865049777602290293e-01,-3.386774586127019315e-01,-1.531760752177110163e+00,7.135353652440387107e-01,4.829190430088118879e-01,-5.714875767960576614e-01,-1.452110111254353297e+00,-5.275838024267793802e-01,2.180653499460984690e-01,-2.158597689032476230e-01,-2.346806213220589080e-03,2.125911169252854560e-01,-2.206309310608229046e-01,-1.366410823342592451e+00,-1.015587352535644028e+00,1.109957796681774633e+00,-1.537440688878728645e+00,2.379391470048708435e+00,-1.042314799050676477e+00,1.000000000000000000e+00
-1.482575388752975121e+00,1.220257267838148696e+00,-5.224537342477379998e-01,1.045039010181246647e-01,1.975087611520904396e+00,4.872757735119201405e-02,2.482858421188100795e-01,2.394234419248112145e-01,-6.730847844917117184e-01,9.376142234094791972e-01,-1.473255438629838543e-01,-1.617540396459463459e+00,-6.761260155693353813e-01,-4.185877813301271400e-01,8.308962207767967012e-01,7.914649038677270543e-01,9.784853552916755737e-01,2.277207363505681925e-01,-3.904865178187263974e-01,8.075032303987988991e-01,0.000000000000000000e+00
-1.000775482840006836e+00,4.133588777971358152e-01,5.862301770673199464e-01,1.654834537713296028e+00,7.229207247105883249e-01,-6.234432607354596367e-01,-1.840319923730247886e+00,1.135026537843814021e+00,-1.591662703464849227e-01,-1.520861991584941730e+00,5.574798317216161925e-01,-2.428819563219569044e+00,2.189120912783444062e-01,1.017331931596564765e+00,3.490386050802850026e-01,9.522493283545898635e-01,6.721979564299254140e-01,-1.374078905870855238e-01,6.256084159036099379e-01,-2.152028104802018726e-01,1.000000000000000000e+00
1.411023402491597745e+00,-1.377053311450364914e+00,6.200281203407465025e-01,1.140443450137244463e+00,3.425653259438721926e-02,1.579830736350419929e-01,-2.164728753996911337e+00,-2.672992183837158420e-01,-5.720330329474551112e-01,-8.611576269556170393e-02,-1.165032152939139420e+00,4.493267988461532303e-01,-1.372736152099043594e-01,-1.544319918264243086e+00,1.565624602812685895e+00,5.162049653595299215e-02,-6.519236576128004668e-01,-1.344279856225056857e+00,-1.393042736222145084e-01,1.468709235631912025e+00,1.000000000000000000e+00
-1.456267840848064488e+00,-3.258333371816871538e-03,-1.039977382730762345e+00,8.939998985431660827e-01,-9.728581707432498726e-01,-5.339276378298835057e-01,2.835260328755122017e-01,2.938604961936002180e-01,1.551470854973740154e+00,-1.433489298603257689e+00,9.179138429928648257e-01,7.578421892118972769e-01,4.031395147793104816e-01,1.315988660037351599e-01,4.908692948821241075e-01,-1.823392606417559014e-01,-4.588911779422112369e-01,3.438949151049952579e-01,-1.705707049282016330e+00,-1.826629006288737145e+00,0.000000000000000000e+00
5.720804925455574841e-01,-1.760447305219636494e-01,-4.271528472437032264e-01,5.974644284230781199e-01,1.002719811723926657e+00,2.067229476894967277e-01,-2.119965162652845514e+00,-9.711640617753403149e-01,1.587487381296197375e+00,-6.941701220725442489e-01,-8.800758118628763116e-01,2.221803425786689434e+00,7.504557151430050199e-01,1.084670723126256453e-01,-7.195542210209897593e-01,2.355880816555546708e-01,-1.818887381443119011e+00,8.868655957248777755e-01,-9.988709790852945414e-01,-5.049519943313702797e-01,0.000000000000000000e+00
-5.948804862741839949e-01,5.411501255109093522e-01,-7.935533278544605329e-01,-1.180712671476354808e-01,-9.047725610822040521e-01,-1.335283787686457169e+00,-9.867115574031569691e-01,-3.957533710299897534e-01,-1.664907917045182595e+00,1.372510968211181792e+00,7.819745426556481416e-01,-5.172457153340742630e-01,-7.444668718784323500e-03,-1.792751916534038870e+00,2.817573372098517992e-01,5.067692919311990174e-01,5.877165538536557321e-01,-8.408156507792956535e-01,4.757084605869533189e-01,-3.214825836849189433e-01,0.000000000000000000e+00
1.491106164068422002e+00,3.757058075839083133e-01,1.405847239449841579e+00,-4.306188709765980671e-01,-1.037274897151703401e+00,-1.017842419314350932e+00,7.921674559150306827e-01,1.406416745667782853e-01,-2.374915237517674638e-01,-7.243802512835225693e-01,2.111182281611922174e-01,-5.384903485036641735e-01,1.145076301694027521e+00,-1.565592957754544212e+00,1.375513990486068872e-01,-5.497063788425560205e-02,-3.969709492118889127e-01,-7.391678537826477935e-02,-3.423547367881978887e-01,-5.209511958703375578e-01,1.000000000000000000e+00
1.041569407205534148e+00,-6.213248949529036613e-01,3.427659686546475903e-01,1.183665915796956875e-01,1.755104836417927805e+00,-2.921027215730995774e-01,7.284282729166950965e-01,1.228038650130184983e+00,9.397823887340220339e-02,2.090915993574453235e+00,6.444053536613041366e-01,-6.229466872088513796e-01,1.276365983718459551e+00,1.083509227294910726e+00,6.130204228235156538e-01,-7.770069771694328165e-02,-3.535193550821102426e-01,-1.288250133486851245e+00,1.085741932153812955e-01,-1.405059678616910057e+00,1.000000000000000000e+00
-9.422203009942516916e-01,-8.467085794302298130e-01,-4.368829983983095744e-01,2.478344649985711357e+00,1.613159004468395441e+00,3.747364574101398893e-01,-3.848104743532886340e-01,-1.676390166317013319e+00,1.348994363250443751e+00,-7.144334340595624999e-01,5.545825354493681969e-01,4.430000655311159830e-01,3.908907523128228867e-01,1.197825965070476026e-03,1.446484476184984880e+00,-7.601717047542868588e-01,7.205494223047108626e-01,-7.431777022134056221e-01,-1.808859492808916336e-01,2.791775414226229657e-01,1.000000000000000000e+00
-5.798563286359359470e-01,9.117993713105597697e-01,-2.979276464601001706e-01,8.727957346179064935e-01,7.963254472016046970e-01,1.800005809766356046e+00,6.461368060832765881e-02,7.458596210988758246e-01,1.090306855517452628e-01,1.617989292452953309e+00,1.818194021263722093e-01,-4.767620314122131275e-01,-2.466303346654575623e+00,2.260551441480289359e-01,-3.924965014344808378e-02,-1.342551931449443181e+00,2.473564858269936106e+00,-5.768502527152531423e-01,-7.984246655881939159e-01,-1.375676633135256344e+00,0.000000000000000000e+00
5.951016526599137851e-02,-9.692864671937749810e-01,-1.458614265436438906e+00,-1.211889552844129803e+00,-1.991390289341916420e+00,7.800415726874613265e-01,9.885996514615504882e-01,-2.102010347606569352e-01,6.332189929402541884e-01,4.006697068251219296e-01,-1.161489518922823871e-01,8.185538600694526254e-03,-6.343640317177732246e-01,-2.191229972169960405e+00,1.650269940951438752e+00,-1.852183613958684250e+00,-4.955962101780197471e-01,1.019477555078964759e+00,8.723824478643676938e-01,-1.725381012808389736e+00,1.000000000000000000e+00
-7.823667113482325464e-01,-7.870955175506901824e-01,-2.139754894718933986e+00,1.474194318992272157e+00,5.523816543263294632e-01,1.287431121214154484e+00,-1.366443879699324127e+00,-1.437157135481198278e+00,-1.562231295013318144e+00,-7.685656990140054927e-03,-5.774231626343665491e-01,-1.404010421403282471e+00,1.003184555031383374e+00,1.448425697534336809e+00,6.025434700068129645e-01,1.846131928254331755e-01,9.504137569795199081e-01,2.033742197661525808e-01,1.379996799706874722e+00,-8.849287850568077207e-02,1.000000000000000000e+00
1.089066246570642882e+00,-5.478257236840765147e-03,-9.483075933806485169e-01,2.203488054775913252e+00,-1.044755982517294957e+00,-3.924916179830565399e-01,1.058278250236646345e+00,4.160171755756457701e-01,8.909430106150394435e-01,1.485398389190585533e+00,-7.887987895689720919e-01,-2.200100119469479698e-01,6.002123426263652473e-01,-4.860617473468218930e-01,-5.136881311343194367e-01,-8.970812235791122413e-01,-2.679449266247248218e+00,-1.638204828119077083e+00,-3.568616938436439123e-02,3.675173933294907935e-01,1.000000000000000000e+00
1.407914706700747198e-01,-4.955885518972590331e-01,3.949341903986940405e-01,5.045065413399489884e-01,5.025802537711491214e-01,1.028635937238572273e+00,3.464212736484802990e-01,2.070445637741373357e+00,-1.149750916168433390e+00,1.808620738286266905e+00,2.005957902424292949e-01,1.046902311412715836e+00,-1.498410663637410156e+00,8.569335713127547161e-01,-2.857908329827312244e-01,3.267398456038864141e-01,1.696554716430649923e-01,-1.418682966949453284e-01,3.780132734826127106e-01,2.015770475630447756e+00,1.000000000000000000e+00
-1.172664830032251304e+00,9.870580496594730802e-01,1.183783013012116969e+00,3.182620523142884461e-01,-1.554115515296300654e+00,7.182900450400114822e-01,-4.309581470834068506e-01,-1.540201929977133899e+00,-4.202557906374323332e-02,-1.070412852892982158e+00,-2.928890468198709351e-01,-1.102963889795117725e+00,-1.569074725100751300e+00,-5.260469328669888922e-01,-1.303314659603619849e-02,4.958239441048948315e-01,-1.192372207200082856e+00,2.456276196242916376e-01,-3.254661115309798181e-02,1.936159349834599031e+00,0.000000000000000000e+00
8.229433349760443273e-01,-7.877161282931656183e-01,-7.192084366602097267e-01,1.627273034668873242e-01,2.507671277567521395e-01,9.011111872587607152e-01,6.109766358091203164e-01,4.840594937570008582e-01,-6.827973174906573073e-01,7.853949260757405737e-01,3.597895054439258500e-01,-8.298734164779920652e-01,4.746055961539277779e-02,-1.267443702200857336e+00,1.877539079427830382e+00,-8.471584689226374643e-01,-2.835691337232520426e-01,-2.968262786327951486e-01,5.776881989060270728e-01,1.194618918180633260e-01,1.000000000000000000e+00
3.013084551214813556e-01,-3.750947340517881701e-01,-5.270973753994356858e-01,-7.591395074652764752e-01,6.482220710060359048e-01,4.688568836052400823e-01,5.544000824134754923e-01,7.644468596547516759e-01,7.926257247631310343e-02,-2.915647770092478219e-01,-2.345672435380955212e-01,1.024233558387257909e-01,-4.126283943542313204e-01,-2.853716090555982743e-01,3.700422807480892584e-01,-1.027139213799518780e+00,1.262114477298778015e-01,-4.291365647212454504e-01,7.739811271620261612e-01,-6.079491240481247338e-01,1.000000000000000000e+00
-9.647798825896546082e-02,-1.576512662894055339e+00,-6.529423790294913710e-01,3.304007702484854092e-01,-1.814611263321222578e+00,-9.266454231233588468e-01,-2.263362615747214424e+00,6.123587994723385108e-01,3.956978081534484049e-01,-8.655302077565080188e-01,2.268657183765510621e-01,-1.035156939449068503e+00,9.272976845671979662e-01,-1.500982963406794379e+00,-3.834594934189657911e-01,2.559387006650228891e-01,-5.729935555958481919e-01,7.007652362812045732e-01,-5.712518893340426951e-01,-3.292826991777240697e-01,1.000000000000000000e+00
1.761712414315646180e+00,-1.222510555215726991e-01,1.591561476329350855e+00,2.310191213638765340e-01,7.755377037587561917e-01,3.129052186987174577e-01,-5.337933823814213774e-01,-7.520840467074454416e-01,-2.533305118547002910e-01,-1.044525120049878630e+00,-1.234884780796310144e+00,-1.928643517072574420e+00,-2.661310465176861539e-01,-4.629644767417809281e-02,4.257102220867593767e-02,-7.486921605804108815e-01,7.688273931853050192e-01,5.899958788890603545e-01,3.151812372582959987e-01,1.523257906078616220e+00,1.000000000000000000e+00
1.602912581426839234e+00,-9.572917716914644548e-02,1.907401635011430618e-01,1.436484343337374181e+00,7.455112958323236727e-01,9.033768269653765781e-01,-1.382524134025959334e-02,-1.089347240949572138e+00,1.275646040767924205e+00,-2.820251403358957354e-02,1.352488655816312280e+00,-1.416976301006271699e+00,5.808372382894191333e-01,-4.841116747414689891e-01,-1.195435735447993197e+00,-8.303882700423550478e-01,4.902526004370685864e-01,-6.874552674931091456e-01,-1.004966958139563049e+00,-2.829766072991918846e-01,1.000000000000000000e+00
-1.468350988836053306e+00,-5.155132179893789912e-02,-1.080815427868036416e+00,-1.809542236334114526e-02,-6.670842155416272234e-01,1.581111561258351506e-01,6.525235283485559812e-01,3.195000981634598780e+00,1.220267406546020839e+00,1.800366000552946932e+00,-1.589295649413151157e+00,-5.710500432322776487e-02,3.247288912206101053e-01,-7.827243792428862923e-01,2.231321362538687958e-01,-6.329119981726923083e-02,-2.766747200203373058e+00,-2.734678547236732982e-01,1.531899058201171282e-01,8.534453621219980635e-01,0.000000000000000000e+00
-1.651157141480916746e+00,9.522448917329363605e-01,-8.009677088130801037e-01,-4.048087370849334232e-01,3.195900692035407720e-01,-6.219431669787271050e-02,8.527337354995085938e-01,3.841023641923780874e-01,-6.900776553506268174e-01,-2.030357933665482562e-01,-2.070038061571896737e+00,1.307802426031507981e-01,-9.893441007277469640e-03,-1.848714879170203051e+00,9.240195428567592462e-01,-1.175410821442981257e+00,4.875266851101837107e-01,-4.635304161268912621e-02,1.150537774556154996e-01,-9.250451017312335544e-01,0.000000000000000000e+00
-6.240747586009086634e-01,1.435896407427234678e+00,5.385091133679287267e-01,-1.410518610878411572e+00,7.001034919564934622e-01,2.222489553317741784e+00,-5.166655449346798656e-01,1.383613453611063138e+00,9.320478034370464071e-01,-6.533347862745801926e-01,-4.337221072396517108e-01,-1.814951330859810863e+00,1.215613723054407735e+00,-5.282964366679258894e-02,9.255127981501168888e-01,7.910729009630251829e-01,7.196123041214984306e-02,-1.429046063766876262e+00,-2.959015352537550658e-01,1.096293858116682562e+00,0.000000000000000000e+00
1.979994081030051756e-01,-4.831811775912410456e-02,-4.675685048970674995e-02,-1.705637047349923385e+00,2.939204442904755910e-01,9.902316618796317416e-01,-1.623338343235364745e+00,-5.414975478345909199e-01,6.219670336026196233e-01,1.524059157733588910e+00,-5.961769113368875495e-01,5.835656735199998835e-01,8.743884445489283896e-01,1.192100797313282445e+00,6.696788498156618363e-01,-1.007469342846324167e+00,-1.725229719520540161e+00,-2.309718806715363448e-02,6.094962094649195583e-01,-1.681368834044240090e+00,0.000000000000000000e+00
-7.019086759993280467e-01,6.277135341228448073e-01,-1.548428880503193716e-01,-6.428325945489379301e-01,6.276300121204038129e-01,-4.384898032245165833e-01,6.390107772912713147e-01,1.264495575460675703e+00,-1.147147055680226124e+00,4.301666701141750315e-01,-1.165299934416291094e+00,-1.544367851325152419e+00,1.220329068843255094e+00,5.452823754456549432e-01,-4.069276090234257848e-01,-8.718038292697689595e-01,-1.788220203019375232e+00,-3.379445626691303106e-01,6.509833020366667666e-01,-1.788514845639663120e+00,1.000000000000000000e+00
4.032257722884662332e-01,4.025020581790643148e-01,1.319367051319253914e+00,-8.567672417321124945e-01,-2.090170450606344765e+00,6.626778156070062265e-01,7.733722748858788965e-01,1.180887971076918896e+00,-1.817996629523768393e+00,3.390917157450691333e-01,3.640209181190933729e-01,-1.347148525861445068e+00,-1.130110920171849331e+00,-1.585365893439989016e+00,-4.169788473889525227e-01,1.448661266403227454e+00,-6.292553222639259980e-01,-6.979847726565889809e-01,7.692945002183844139e-01,-7.947861575318507787e-01,0.000000000000000000e+00
1.575598474516430592e-01,5.081672698583121761e-01,1.224922317290582541e+00,1.174116847024075927e+00,9.165381832788213057e-01,-7.592235653928285366e-01,3.047568955863036444e-01,2.366526679757255669e-01,1.861690768316709779e-02,1.471193910992000808e-01,-1.048972881787615608e+00,-5.520563911709041038e-01,1.591563817393622848e+00,6.391971603041737282e-01,-2.627858431638486092e+00,-1.087844853832537817e+00,4.342847758346028986e-01,-2.812506288724149761e-01,3.453401184383284028e-01,-1.144477027430955474e+00,0.000000000000000000e+00
7.055380896509515498e-01,1.336700442915632170e+00,-1.334009866399923361e+00,-4.623152133036205758e-01,5.637158369741613884e-01,-7.606814696211542381e-01,1.273407183595923475e-01,3.038194650941337116e-01,1.687972723881694836e+00,1.314161735409508092e-01,1.190621080157139300e+00,-1.207469782160895955e-01,6.335347090378572465e-01,9.519389072345718628e-02,1.050977837713208185e+00,-3.083258521133800389e-01,1.311529807513753143e+00,2.499540151176569691e-01,1.618529010680970881e+00,-3.352710230655236295e-02,0.000000000000000000e+00
1.452038773129805671e-01,9.612106166726481771e-01,6.964142925464504863e-01,8.254286514850349699e-01,1.124383790266098471e+00,2.018801349657153854e-01,2.347541860381417766e+00,-1.039452399576864972e+00,-1.099108927092874000e+00,-7.216370020171515298e-01,-8.896741727773773700e-01,-1.468723251294981491e+00,9.415682812905676879e-01,1.522737284276889924e-01,-1.806108655386339912e+00,-9.056665444267020249e-01,-5.537392778401524218e-01,1.351806834099481769e+00,6.201329498817116370e-01,-1.075119300202071262e-02,0.000000000000000000e+00
-2.343846039596922046e-02,-3.967347931437693043e-01,8.241394084426779953e-02,1.040876918069154611e+00,1.550339478172064522e+00,-3.139099860809439480e-01,1.224690396300640027e-02,-7.450332396195527007e-01,7.462806732281584976e-01,5.081146644773940624e-01,-2.271986335965210102e-01,-4.367054496142330766e-01,1.473517584787148171e-01,1.305437876453668267e+00,-7.854482158852092999e-01,7.222913614709551844e-01,-7.374073249315291623e-01,7.831645733363337136e-01,4.652661918037072630e-01,-1.639133802582320165e-01,0.000000000000000000e+00
-6.890306916385791070e-01,-7.200224231695814270e-01,-2.008567146244631951e-01,-7.509223603732207986e-01,6.298804931692495446e-01,-8.930268672768079119e-01,-7.708373539632246141e-01,-1.549204787971845354e+00,8.214092271164016301e-01,2.407331197427213521e-01,-2.635424454653965132e-01,8.637965468627878396e-01,-9.110038985666654154e-01,-1.022908890443415290e-03,-5.487447415545171348e-01,1.502138809096832839e+00,5.182014190849232316e-01,1.609474634689398442e+00,-3.485931149708627608e-01,1.064278008819949717e+00,1.000000000000000000e+00
4.048598746439631690e-01,-6.033627087200083006e-01,-4.480307603548792095e-01,-1.756625929832164035e+00,-1.139291645697620536e+00,-8.777649705488289877e-02,-8.602563529720915758e-01,1.078801111222540410e+00,-9.010023028240196075e-01,-2.616311573843160820e-01,7.622256356552818968e-01,2.878205073688875348e-01,-9.333704824627011565e-01,-1.542828449348299769e+00,2.705226452150462091e-01,1.892683566684915109e+00,-1.331037068649764787e+00,-1.050291463823597726e-01,-3.376082547812480628e-01,-2.766135602698936435e-01,1.000000000000000000e+00
-5.825727116855559246e-04,-9.505715839336144057e-01,2.895068935011995137e-01,-9.140572148807335484e-01,-5.309199574622042173e-01,1.348035216245981438e+00,-3.083627808549019855e-01,-4.528551972013326599e-01,6.219334291292666350e-01,-1.116952236932565734e-01,-8.665046470452694161e-01,2.393291482439229290e-01,6.863191409299789214e-01,-1.356621746772814108e+00,2.590000756565643547e-01,-5.985060555926431380e-01,-2.394574765203107414e-01,1.380932123363417752e+00,1.982064376240317838e+00,1.198647385757060313e+00,0.000000000000000000e+00
8.127514046239592282e-01,-6.957458980056754339e-01,2.770896997492251490e+00,-1.186748581292446536e+00,-1.018326161190117762e+00,-3.808704206035286588e-01,7.098330054052252036e-01,6.197316931823853015e-01,-2.175012617981121610e-01,-4.597915903744039245e-01,1.296223175389268345e+00,4.264690287014057946e-01,1.338886193419353443e+00,-2.714837505577090693e-01,1.119420588440213526e+00,-8.790247905067665180e-01,2.129997402521007999e+00,-3.578637005012321737e-01,-3.106911804296958457e-01,4.312324652734021435e-01,1.000000000000000000e+00
-4.434010694809746855e-01,4.882302911894876307e-01,-1.169027898042434899e+00,-2.037914719867588709e-01,2.625512767974762518e-01,8.139757550575261735e-01,6.488038491034675559e-01,2.444188270539438435e+00,-5.350130411194012892e-01,1.015565525429870247e-01,1.016282414091330466e+00,2.496772953065346801e-01,-1.367422816885916284e-02,-1.067603075377726807e+00,4.412128687892297174e-01,-1.094470911492230192e+00,-1.892654037197698536e+00,1.238540016091567789e-02,-1.168270524123798282e+00,-1.574805824529227349e+00,0.000000000000000000e+00
-2.112301075797543559e-01,1.449531920477066527e-01,-1.418682076401009073e+00,5.401031274517258396e-01,6.791071339621986003e-02,1.083379296865343511e+00,7.074497840517803837e-01,1.286878382341189786e+00,-4.620145295306437028e-01,3.040676139800881028e+00,6.761033913706568921e-01,7.070349804540230210e-01,-1.224636658821350865e+00,1.845844412928900224e+00,-4.543270436683084085e-02,-1.905773574803069914e-01,3.637419345482879041e-01,-7.604268543677942249e-01,-1.482862189888979110e+00,-1.098961757985815302e+00,1.000000000000000000e+00
8.291069826143852017e-01,6.805550399041975229e-01,-9.691237509480586931e-01,-4.358363428086857450e-02,-2.102874221173090061e-03,-6.095519866778711382e-01,-4.615111028416848948e-01,7.774802162114320403e-01,-1.239757860771614650e+00,1.850006251042728644e+00,5.247492348304879650e-01,-2.472837481848400298e-01,-3.050744241495429443e-01,-4.403645328218876998e-01,-6.028079313341253576e-01,-2.324829967259638863e+00,9.008427145134829672e-01,-3.651719198808272421e-02,-2.556312657930562629e-02,1.201924277942844205e-01,0.000000000000000000e+00
2.023259938208690656e+00,-1.318678515978343402e+00,1.141131950370652071e+00,-1.408703147716049209e+00,2.142494541696795096e+00,-1.067118730854609066e+00,5.347986158047568495e-01,2.433466343077446137e-01,3.170695622925896046e-02,-3.264946743970428833e-01,2.338811052903492449e+00,-6.135855829018320717e-01,9.095071337122580257e-02,2.063928468925538606e+00,4.481022905130808698e-01,-3.954040969549601492e-01,3.523263184657614566e-01,-1.368655007395128242e+00,4.690389247587037902e-01,5.249488757856166643e-01,1.000000000000000000e+00
5.191353603786398319e-01,9.466797656746105405e-01,6.701877013506690739e-01,-8.935895736409139589e-01,-6.950381338747211313e-01,8.875221191396708287e-01,4.838056371585241489e-01,-1.137291381969113946e+00,-2.422173414111098211e+00,6.008485294337430060e-01,8.950032031348054140e-01,1.292731963987568733e+00,1.627809855074972445e+00,1.603544243085795573e+00,-5.694742419326940253e-01,6.399302604318705123e-01,1.048059994985559795e+00,2.094034502195702557e-02,8.535444806561292008e-01,7.122474412545508615e-01,0.000000000000000000e+00
-1.108481922187076529e+00,2.316274151208744803e-01,1.779595528686610528e+00,1.557244634001047290e+00,-1.797362016072577173e+00,-1.295047915649362724e-01,8.558265055081321071e-01,-4.961523024398298287e-01,-4.251504095202077171e-02,5.057857514579876534e-01,-1.676953902890617298e+00,-3.911224865943929707e-01,1.992606842741318218e-01,1.417283163951145730e-01,-1.067473160761268858e+00,-4.311323386953643810e-01,-1.632553458871345842e-01,-2.822728742355098408e-01,7.394079045053749688e-01,-1.005474554681708987e+00,0.000000000000000000e+00
4.240695102543245998e-01,9.379228907686933958e-01,1.508265768128817630e+00,-7.974109413338362762e-01,5.684728119557832526e-01,-1.016949901546475993e-01,-2.248068309602473835e+00,2.408686664130457733e-02,1.711689098983492918e-01,3.360870036284307472e-01,1.808325896550546430e+00,1.693609821670068794e+00,4.123347464675374274e-01,-8.327533656010622787e-01,1.427693697809160112e+00,-2.432598310235996597e-01,1.187017214335280624e+00,1.096882550357242581e+00,-4.852658801508076269e-01,-4.118679228909492007e-01,0.000000000000000000e+00
1.062509990700413409e+00,-8.033693642900060494e-01,4.296296493417920970e-01,-2.951044282782853689e-01,6.192659973635139536e-01,1.681942009982476671e+00,-3.717649191572410805e-01,-1.303026976561747208e-01,5.938458972835600758e-01,-6.476718853412134491e-01,-2.074374880023341916e-01,6.959417630885114114e-01,-6.602917993489976212e-01,-8.074910915909221387e-01,1.337963970249212320e+00,4.308488243560681941e-01,-5.944962717733209834e-01,-1.488690397831210044e+00,1.665387322801041292e-01,1.397238864641778378e+00,1.000000000000000000e+00
1.291593015235409370e+00,-6.764561685426138116e-01,8.300720749923359287e-01,7.859199713819040589e-01,2.912290258380237917e-01,7.941442909491918112e-01,7.601017920119370608e-01,-4.350475387490967960e-01,1.094795700573601760e+00,1.313242377238057479e+00,7.313566325041954697e-01,-2.800250348418129587e-01,6.758403847456132679e-03,2.545141653359297984e-01,-5.439210800519758138e-01,-6.236726014369193827e-01,1.238778504137719283e+00,-3.512165705402409133e-01,-1.743887388813184502e+00,1.110581391143594110e-01,1.000000000000000000e+00
1.051961839504688134e+00,-1.227480845862949588e+00,-1.038862101477562305e+00,-8.248508335252986712e-02,-3.328944996039303605e-01,1.244910063485803908e+00,-1.159526766096871775e+00,-9.465461940770815430e-02,-3.528122930863205053e-01,7.524786774174176962e-01,-3.144017351238008740e-01,5.058524488663879159e-01,-4.484399097984704263e-01,2.116567197956415569e+00,2.081526249136504081e+00,7.462512245124577337e-01,6.516774960876078326e-01,-1.747811102979888842e+00,1.353975033880476575e+00,-4.666645097512979179e-01,1.000000000000000000e+00
-2.801393966950281311e-01,1.316571095776349898e-01,-7.022096881645264466e-01,4.647845359821867750e-01,-1.594549860381060946e-01,-1.544254849299905752e+00,-1.175945940039235388e-01,-1.368011106968900048e+00,-1.883863145060035021e-02,1.078338697819122061e+00,-1.641234438009666619e-01,2.421950654663657332e+00,-1.617778214224064204e+00,-1.170022679465442028e+00,-1.243387222406531656e+00,7.561393915951869493e-01,1.058041102126073385e+00,-3.566040001071376087e-01,-2.062551020876864372e-01,-2.659822522974162884e-01,1.000000000000000000e+00
2.510862613322742964e-01,6.257148451569810588e-01,1.490306986417267776e+00,-1.782603643039094798e+00,5.457271712353199689e-02,1.293858344630527402e+00,-1.402185781055585112e+00,-3.086406193231892026e-01,-3.914006900241776554e-01,-3.063620198476324497e-01,1.859011740726286721e+00,9.574877752260501085e-01,1.498016330015951469e+00,1.183960563075505679e-01,-1.550412186825722793e+00,3.615597204098879858e-01,3.298464326891947795e-01,-2.349184804757895872e-01,9.973524586920978763e-01,4.037296385779831076e-01,0.000000000000000000e+00
-2.151085656352003994e+00,-4.583248315334574885e-01,3.950364210571919756e-03,8.658530429203286083e-01,5.546250290850553988e-01,-5.027795873444365071e-01,-9.529646551879530358e-01,-7.616886874245131223e-01,1.562441929691454678e+00,3.780106410218799784e-01,6.634891086006038385e-01,-1.583538150992442883e+00,-2.032634972750678504e+00,2.573169606419327127e-01,3.918000875340329481e-01,-9.619589145516660444e-01,-9.382495409072809656e-01,-6.916146247030369176e-01,-4.606847546051557885e-01,3.459139676945706399e-02,0.000000000000000000e+00
6.806921776048062700e-01,-1.288139140683357109e+00,-5.892108622146136065e-01,-3.861800171923321368e-01,-2.033838904044266704e-01,-5.972308749712003095e-01,-2.527225864898538510e-01,-4.941089429912411957e-01,-1.636560120436267196e+00,1.160564319942892775e+00,2.497523186263549133e-02,-7.029425455594471295e-01,-9.585513182969972457e-01,7.586398210438782819e-01,1.465869754504964151e+00,1.692067603033008405e+00,7.295262070269695753e-01,-5.168943568899369012e-01,-1.453136661335989288e+00,1.162378638981550028e+00,1.000000000000000000e+00
-3.357765273863007049e-01,-5.339036044206904030e-01,6.364246020463462661e-02,3.214555593935690403e-02,-9.791048406996483155e-01,5.259087661367433109e-01,1.217734485517905224e-01,-6.406251913447817969e-01,2.071443785879907296e+00,-5.681082394748538933e-01,4.318585151934406507e-01,-2.391390245294745753e+00,5.474903822561765221e-01,-1.193254014348513747e+00,-5.557114505440959862e-01,8.662508056906373932e-01,8.144216474271603889e-01,3.268258968007814236e+00,-1.024413785546634204e+00,-1.071665810810007446e+00,1.000000000000000000e+00
-8.725165837780916034e-01,-9.456266792105487706e-01,1.599318515929066820e-01,-3.804748779922289548e-01,4.604022718693607241e-01,-1.327144790458346657e+00,-1.444573165592322461e-01,1.949621440702249409e-01,1.011552283828032195e+00,-1.714595421062776182e-01,3.121198273653525979e-01,6.532182175558131076e-01,-3.469356102947821485e-01,1.133007139557953430e-01,1.798827405812650992e+00,7.089422368911531269e-03,-4.673025151320102655e-01,1.151592372533499331e+00,-2.139376995111281321e+00,-1.171661127491396615e+00,1.000000000000000000e+00
1.995608393332721775e+00,-6.739263170168338091e-01,2.818593720037734784e-01,4.947060670216937850e-01,3.394454615573696543e-01,1.205141678857493820e-01,6.556462677194311306e-01,-1.019585739668707580e+00,-8.364297389181073461e-01,-2.792463112033095607e-01,1.228258525595727679e+00,9.635143469959885909e-01,-3.934048156862355872e-01,-2.772120701778266194e-01,-3.965944429210323530e-01,-8.568184516281912577e-03,1.250387213158720701e-01,2.055905981634095880e+00,1.327838330346619300e-01,-9.597904488781666688e-02,1.000000000000000000e+00
-1.020958386725840494e+00,8.122525777054399043e-01,8.155297392060830708e-01,8.893678173058626735e-01,1.519972313413424425e+00,-1.097430246752432392e+00,-3.582027767609202717e-01,1.137184083175509647e-01,1.212756231824583919e+00,1.172527278508259441e+00,9.984528132417753998e-02,-8.608968276594677338e-01,8.716590319851730273e-01,-5.892122533899076670e-02,9.121742046533978243e-01,1.001371556373234828e+00,-1.264395367848694329e+00,-1.555403913477783062e+00,3.808311503722389690e-01,3.412520018860500381e-01,1.000000000000000000e+00
1.665102849144552533e+00,-2.168834695623129694e+00,-1.817477841212997713e+00,-8.837839348179384880e-01,-1.254817427740651192e+00,-8.264710854795325190e-01,9.974169661859837444e-01,3.358600196648367509e-01,2.765906773981324229e-01,1.184574280483594366e+00,-1.630346576442383844e-01,-1.123401380678938910e+00,-4.452171228387728497e-01,1.377297773935981740e+00,1.355653056254578770e+00,2.421388160832557701e-01,-6.828054245108429177e-01,-7.693397373770015368e-02,-1.639035150975781008e+00,1.910446094280045193e+00,1.000000000000000000e+00
2.987726185784823629e-01,1.120374380094121269e+00,-3.014850889318135274e-01,5.428045754829303737e-01,7.310465337775495787e-01,-5.108095580648232964e-02,5.444565186404437540e-01,6.767671899312960315e-03,-1.390732331481717043e+00,3.889512555689437212e-01,1.392665289500440107e+00,-1.589152300272229923e-01,9.327591586004776447e-01,1.185813755485509297e-01,-1.307150764577368340e+00,2.737030233054438266e-01,-2.344239366431528360e-01,2.151281979232516350e-01,2.017044750909888773e+00,-1.430001232420675894e+00,0.000000000000000000e+00
5.974936870161156044e-01,3.845121097817422173e-01,-1.142213669415992117e+00,-1.693144319607972070e+00,6.212906081088249710e-01,5.913057426916823456e-01,-3.888870309328839037e-01,1.530513778797101931e+00,-4.126560971847112458e-01,-1.619495500172900282e-01,1.681382960504038682e+00,-9.091889270507433896e-01,1.564223758285148980e-01,-7.744107601528740226e-01,1.204026323072071358e+00,-3.132976684484453100e-01,7.507061604928049192e-01,8.003555985786359184e-01,6.909382277294450203e-01,5.746129216390770678e-01,0.000000000000000000e+00
-1.127923923067973622e+00,7.467750966810932090e-01,4.122030765685361642e-01,4.429756272823191510e-01,-6.819558320470735513e-01,6.645730389682067418e-01,-9.412587332028797826e-01,-7.001934191047679557e-01,5.315967813687151322e-01,-6.564688797290909594e-01,-5.657405516959987946e-01,5.569213852358843031e-01,-3.010756017571273313e-01,7.679931829038014746e-01,5.093613370240583915e-01,-7.988293382261378861e-01,-7.247571290508767472e-01,4.818173926749722003e-01,-3.698488658042880517e-01,3.424532054492641642e-01,0.000000000000000000e+00
8.373600254573551616e-03,-9.129425129324977850e-02,1.525709455323388253e-01,-4.060760830338169119e-02,-8.219353869416030633e-01,2.598861642811060163e-02,8.309867915500931956e-02,-2.270046096459056084e+00,-3.924747636986639088e-01,-2.006170682792050297e-01,-1.632684207696362133e-01,1.303125336159658865e+00,-1.268431380901863470e+00,6.337355910288231531e-01,-4.055355289698168164e-01,7.329667197910507692e-01,-1.124039853389364518e+00,2.261049759842244933e-01,9.689351811799904457e-01,1.416904766490140855e+00,0.000000000000000000e+00
-1.159682776654209269e+00,1.025262452678654901e+00,-6.415131374148005938e-02,2.354595002840569884e-01,-1.433051885600764019e-01,-1.536449828058013278e-01,-7.024305360677707277e-01,4.179920498313471899e-01,-2.143423683693081727e-01,3.099368845201888600e-02,-1.671309233583750498e+00,-9.964780883588111315e-01,-5.224385456026604535e-01,-1.444316582626729462e+00,3.541411684586737857e-02,1.416799309620456970e+00,-3.033517863072195397e-01,-3.753781078147294115e-01,-2.082829046216689850e+00,-1.145324944986643612e+00,0.000000000000000000e+00
4.623348558403454489e-01,-6.900176954446192168e-01,-2.758407576840370967e-01,7.392827827677421471e-02,-5.713868270404061089e-01,-9.429084380119425735e-01,-1.486172430499856256e+00,-9.585949778644305974e-01,7.919554158775876651e-01,-4.429338893294408885e-01,6.128523656095165029e-01,1.540272456194863526e+00,-1.134246789955032503e-01,5.074594034532987630e-01,-1.598030325292948639e+00,-1.321214450060306245e+00,3.788939442278777547e-01,-1.130315655917762951e+00,7.644794821091407400e-01,2.084843921749340578e-01,1.000000000000000000e+00
1.146861208101515928e+00,5.122289122397846554e-03,-3.873332081681017947e-01,-5.853916980819198201e-01,4.256931816670274649e-01,-5.654146564093042171e-01,-8.482276853387610283e-01,1.062909568327650600e+00,-1.735492141284589451e-01,-9.969326092158681263e-01,-3.594398739403273368e-01,-9.883678177756720640e-01,-1.890412614350431397e+00,6.890695548134372350e-01,-8.869383325546338348e-01,-2.381573309363910762e-01,-1.616462990360761909e+00,-5.836068750900448299e-01,1.857928831098873745e+00,-1.773035871854696577e+00,1.000000000000000000e+00
2.833966627670263250e-03,-8.916409684294311910e-01,-1.242319928261935269e+00,-1.100481608023964775e+00,-8.297339719413635573e-01,1.192468333046091677e+00,-2.601157527942381531e-01,2.752089846827333042e-01,2.664913222777711144e-01,-2.027549998937935971e+00,-3.142072897406550935e-01,1.252155727286364262e-01,1.058493024446946373e+00,1.288429383599903000e+00,-1.501214680338167629e-01,-6.255047762383539878e-01,5.712661211586085308e-01,-4.163398533306054694e-01,-5.847507117085540829e-01,3.975333361564851731e-01,1.000000000000000000e+00
-3.210199561681896241e-01,-6.166024990268580419e-01,-3.041954375636618524e-01,2.637017083883626267e-02,7.507312776370850260e-01,1.544249570902958668e+00,-5.444207219195973391e-01,-6.899766785897046839e-01,1.315411296280901254e+00,2.270150889657138737e+00,4.977806327509487483e-01,-9.629035493370418086e-01,-1.109081213199323734e+00,1.008679054425551724e+00,8.512913439513686287e-01,-4.372989522200001478e-01,-8.728668196201463392e-01,1.047978107193276331e+00,1.020594158101649329e+00,2.180055698504893003e-01,1.000000000000000000e+00
-1.208636053503936658e+00,1.550399670942560260e+00,-1.351619250192436672e+00,-7.818581562271089691e-01,5.448339901511084493e-01,5.233745467500210413e-01,-5.858323112063150429e-02,-1.295454347211520696e-01,2.219632913542627928e-01,-1.600177688261368747e+00,5.275243047933720897e-01,-8.845132849043185752e-01,1.704487481833844853e-01,1.689353548597748889e+00,6.025465096540005838e-01,-3.115110576931744979e-01,1.333895957063672366e+00,6.656641355247955305e-01,1.959440776222037273e-01,1.276152326185247210e+00,0.000000000000000000e+00
-6.645110805625309425e-01,1.442745450562380016e+00,7.533762912904905518e-01,6.166220731565915658e-01,-5.291247819858891921e-01,1.112403016918934506e+00,1.095627654242452120e+00,5.646095538565548688e-02,3.820772506151535186e-01,1.158620354780845130e+00,-8.786372933164219301e-01,1.011557168618041486e-01,-6.060673891030174953e-01,-3.896812751484457493e-02,8.094899291219317394e-01,4.334634006911818327e-01,-1.333047083558102308e+00,-2.050771072724963950e+00,-5.670973374407318746e-01,-1.710358809228032184e+00,0.000000000000000000e+00
-1.193476854543377375e+00,4.177140764139699591e-01,1.409365604819453388e+00,5.278132956142820298e-01,-2.285091838726863056e+00,-2.084858417905376626e+00,2.408388090507513901e+00,9.953222439737919869e-01,-9.407200196757332655e-01,-7.150319515056537956e-01,1.066112743094582704e+00,-1.502281485792841709e+00,1.662320512377498671e-01,-1.178826920663849531e+00,2.581539654241030712e-01,-1.950638330510981566e+00,2.062682097760989708e-01,-2.149049417912265891e+00,1.637694839959407345e+00,-6.150928970806601725e-01,0.000000000000000000e+00
-1.673715271163269236e+00,-6.755723202223029578e-01,7.157543097967306034e-01,-1.776959530013474675e-01,-1.008793115134768437e+00,-9.474530495098925087e-01,1.164091983489679460e+00,-3.094629113018467215e-01,7.748370962616580870e-01,-8.719455022031975533e-01,1.571006351897314135e-01,-8.812293408394449024e-02,-7.134766138933834601e-01,-4.105062061319021960e-01,-1.528751419182868831e+00,-3.885687959298919636e-01,-3.509094507938101404e-01,-9.063400083063004598e-01,7.025374862243097818e-01,2.260455567861777482e+00,0.000000000000000000e+00
-1.723573980595100696e+00,-2.502711127901970922e-01,-1.152839947095594120e-01,7.525927321501293399e-01,1.339280708279289689e+00,-1.278890440906076620e+00,-1.451337301619118614e-01,1.050476007246064630e-01,1.259770096282176066e+00,4.647322515553932165e-01,5.019519019169251806e-01,-5.091866015240112571e-03,1.024683880957629953e-02,-1.443216439135021290e+00,4.214165613123858067e-01,-4.302593810811133207e-02,1.095893192293522889e+00,1.469590493139442788e+00,6.163126991524442433e-01,5.802647606091827504e-01,0.000000000000000000e+00
1.972863955170468808e-01,6.938113258458562527e-01,5.670742044965774165e-01,-1.220164961135279391e+00,-9.707086641659410375e-01,1.559308884556709629e-01,-2.213283066891702511e+00,7.810895201105515495e-01,5.301984808114257319e-01,6.973194905224164852e-01,-3.618419609316581576e-01,2.150031166170062458e-01,-9.116593787699532880e-01,8.349466385948249580e-02,1.134652983085961075e+00,4.408700583248070237e-01,-1.277655511546675893e-01,4.644375659323900507e-01,-1.999709116480009596e-01,1.044200246984462899e+00,0.000000000000000000e+00
7.588261211416543750e-01,-7.248201017003390589e-01,-8.646838658596592286e-02,-2.905413403378300785e-01,8.628536652751838121e-01,-4.021284561526473206e-02,1.830074428681526477e+00,6.603235474161307794e-02,1.237608812126298918e+00,3.509729601841296565e-01,5.995464251736712935e-01,-5.933808423433284407e-01,1.434011442227676625e+00,2.609526911343443278e-01,-1.159519860091623000e+00,-1.548541099641057295e-01,1.091289819528298510e+00,-8.612028652542499940e-02,-8.825809832227856644e-01,4.490468462380535208e-01,0.000000000000000000e+00
-1.088374735789470887e-01,-3.259462222483684446e-01,-1.533150136055456247e+00,2.956560667844270185e-01,4.088559378808329647e-01,6.639180907825442679e-01,-5.170975939838087232e-01,1.762180161615932494e+00,-1.302715285437033410e+00,4.801603512532284235e-01,-1.183531512261008167e+00,-3.469704204265063874e-01,8.208293766985040874e-01,1.294736988516870690e+00,-6.118577513517774458e-01,6.207220225874033881e-01,1.582552959572374407e+00,6.096792714468898255e-01,1.112179270961714428e+00,-4.545888706441725824e-01,1.000000000000000000e+00
-1.478331102672776065e-01,-1.382215170552252292e+00,-8.518488517664778437e-01,-1.161821276697124317e+00,3.998687091851790276e-01,5.055397317566856508e-01,5.729124225564753425e-01,1.159484879822957115e+00,-1.007238761707238028e+00,9.797612565490007031e-01,-4.842894128579890434e-01,-2.458489622002938191e+00,-3.836521352569107757e-01,1.031170504055830772e+00,1.469694818891166488e+00,-5.331867267276120259e-01,1.539080821569800972e-01,-1.883113654496578526e+00,3.722322731220753522e-01,-1.214739596892914886e+00,1.000000000000000000e+00
-9.817642174193104143e-01,2.110722166767729391e+00,-1.349454555564203462e+00,-2.023406537976059627e-01,1.252054875315823823e+00,6.287361309394080555e-01,-8.517823748849088217e-01,-3.646165410659029521e-02,2.242515951736843427e-01,-3.723515921046833266e-01,6.183834391077648596e-02,-1.579237097140850032e+00,1.814596981480344762e-01,-2.357884542048672927e+00,-4.465389341591129851e-02,1.324615802519983232e+00,-1.106525626511392746e+00,6.895810621521294426e-01,9.698664628420200495e-01,8.886191475483400382e-01,0.000000000000000000e+00
4.847266908429807009e-01,-2.289411773547609830e+00,-1.300935309688952435e+00,3.735414823976184184e-01,4.521770758523776523e-01,9.918444750695902812e-01,-1.919615836504656448e-01,6.152369275538993598e-01,-1.036527437341664637e+00,-3.817195194377486639e-02,-2.403085886719852002e-02,-1.625884523699210604e-01,1.753636863404223645e+00,-1.462138595776213190e+00,-7.275796216561851715e-01,-3.510592243760560782e-01,-4.529598988274142757e-01,6.494723797652494079e-01,-8.301927961969206571e-01,-6.358752575838100274e-01,1.000000000000000000e+00
6.033019176075566925e-01,3.255335267241457609e-01,1.163538011444653408e+00,-1.215870436084759865e+00,1.828500512291386437e+00,-2.198397392585206556e-01,7.587040756682924547e-01,-2.346281413074920330e+00,-2.013724396432345909e+00,-2.436082909401231511e-01,-1.372380809572164351e+00,9.634337563539203675e-01,9.556131593932357671e-01,7.692934113070664104e-01,8.203279204284107395e-01,-1.840691155656038261e-02,-1.694500551581699932e-01,9.850101992156521380e-01,-1.381069325386852897e+00,-1.244882205096315086e+00,0.000000000000000000e+00
1.257397145043213316e+00,-1.032507964918020882e+00,4.223118693504576138e-01,1.093277316364986707e+00,-1.061437102755887096e+00,7.574608025220825880e-01,5.173311232803565751e-01,1.184193231802525004e+00,-3.445007440732066883e-01,-1.876456519769509113e+00,1.430396335600588875e+00,-4.138306970298682441e-01,2.046584404602791452e+00,4.139869190108191876e-01,1.926554702438309175e+00,1.465148240928317858e+00,2.708288812517786748e-01,8.827073460002056171e-01,-1.436800302512601712e+00,-5.205908490799755484e-01,1.000000000000000000e+00
8.998734968855652827e-01,-1.178703070735517056e+00,8.514568003459580536e-01,1.940240546702488300e-01,-1.216066843181417667e+00,-5.881034318485576229e-01,7.385939341052861762e-01,1.985700227762633718e-01,2.351851650154433759e+00,4.086945326654000676e-01,-2.618711212835739821e-01,3.075537972805464926e-01,-8.198626816940810524e-01,1.225378442468525231e+00,-1.775125177183762171e+00,1.437810764079315629e+00,-1.426139064637178766e+00,-5.679949770665297937e-01,-2.280150440265342471e-01,3.215373476989396462e+00,1.000000000000000000e+00
-3.976397236936095037e-01,6.095545903113925440e-02,2.500172621027696440e-01,-2.645411968662602309e+00,-1.321507300048141653e+00,-1.367000592792972036e+00,9.828787816019384227e-01,-2.199149491148874869e-01,1.982726354728218954e-01,8.982649222769628627e-01,-1.875238986490964932e-01,1.602294473678704145e+00,-7.722741391545553946e-02,-6.650199780034805608e-01,1.269621660956409048e+00,1.031033625786061947e+00,-2.752357203430109700e-01,-7.734802969400466077e-01,3.955488869665692575e-01,1.454513054605073519e+00,0.000000000000000000e+00
-1.583480153140815805e+00,1.449354965385282634e+00,4.795681337871346983e-01,9.330139478239743989e-01,-9.839730851046648574e-01,-1.228556816209464442e+00,-6.436324648231395162e-01,-2.190264211949479178e-01,1.011841645561754266e+00,-1.387353458070103018e-01,-8.788899376342659275e-01,1.654730768687900921e+00,-1.742864872046192337e+00,-9.131802540080813380e-01,4.552114346209412132e-01,-1.011078304482353474e-01,-4.458395698397277784e-01,-8.338113796744563155e-02,-1.634889774398796014e+00,-1.324796158962136428e+00,0.000000000000000000e+00
1.545326893509475275e+00,-8.077884634335101843e-01,1.886749460629669750e-01,7.453271627651026909e-01,-2.441228051588605619e-01,-9.204013561919883735e-01,-6.009670659528222325e-01,-1.039853771705750551e+00,-1.409445342632738851e-01,8.720633883918296192e-01,-9.815291119137721509e-02,-8.565921127183054873e-01,5.635538164482609691e-01,2.363867610733711544e+00,-1.850550062195308321e-01,-1.184054636860347287e+00,2.622397223422229806e-01,4.716333806898788672e-01,9.182867348017045295e-01,-2.500416685901733771e-02,1.000000000000000000e+00
5.652710584851138309e-01,6.762905588424116266e-01,6.495122847580813152e-01,9.820145097056989236e-01,-1.858862275573014422e-01,1.208028464583517758e+00,-4.534701426108674327e-01,1.504256828176366023e-01,4.525880188725962538e-01,1.613936481100503917e+00,-1.634687958559774001e-01,-3.090936579197705036e-01,-7.999527101491769876e-02,-7.204353311764636336e-01,1.552298413561851165e+00,1.321708891535078756e+00,-9.567133575891118014e-01,-1.542035671918154272e+00,-9.529859993002085528e-01,5.467672943933257201e-01,0.000000000000000000e+00
-8.156660771313520852e-01,2.100909237389598783e+00,-6.144292726656619408e-01,7.154261907505806706e-01,2.878376008607725911e-01,1.385226432389077056e+00,-3.027178065086012504e-01,-4.267234308937245535e-01,1.522414984489948830e+00,1.330069377114473594e+00,-2.149891390821390136e+00,-1.855452024974174163e+00,1.412596419195373043e+00,1.095018817624184848e+00,-6.411802737444621814e-01,1.051411889879859007e+00,1.859110801453455197e+00,5.193524302138819992e-01,1.874335861833682226e-01,-1.179891134997406388e+00,0.000000000000000000e+00
1.505567993081496247e+00,-1.475144762122714059e+00,-4.338232408301766485e-01,-6.363254967477577351e-01,-5.265130899103470652e-01,5.934602394092547417e-01,7.770867348562937593e-01,8.615495914366216867e-01,8.299200105657911219e-01,6.189850076970677267e-02,-7.997950002535597624e-01,-1.602457414326919904e-01,-1.017856965158553173e+00,-6.969418421342711278e-01,2.124637553589541483e-01,2.664727622473759716e+00,8.016904719349422781e-02,6.709322029196627124e-01,3.553787059606953180e-01,3.264595519475707031e-01,1.000000000000000000e+00
1.303126616085674261e+00,-1.335953109178327214e+00,-7.560791225986676078e-01,7.317948250528936160e-01,1.769951225754820889e+00,8.725474177299369360e-01,2.589762504509502961e+00,1.127644069287402795e+00,1.682338516413783291e-01,1.277845481200847955e+00,2.312751316811399172e-01,-2.037246335408272602e-01,3.897275763726236741e-01,6.213675091860437760e-01,6.402090828976729764e-01,2.096484963648415356e-01,-1.970798578819760172e+00,-3.531994513419590143e-01,2.018752441382814233e-01,7.925604551386760122e-01,1.000000000000000000e+00
1.752941676811860194e+00,-3.643395124898429760e-01,1.168106361916722236e+00,-1.662530018800973675e-01,3.198763870996817471e-01,-2.166222106676637393e-01,6.728977384014752650e-01,1.861010088298905574e-01,6.791639913605623802e-01,-1.021946266256551494e+00,-7.633536574288826149e-01,1.053137361007263628e+00,-2.798737077012313640e-02,-2.101941763890275094e+00,7.517022804128575819e-01,-1.915741927550326906e+00,-1.387026603220328447e+00,-9.717031778434194189e-01,1.216081743580996744e+00,-1.109066192407454521e+00,1.000000000000000000e+00
-4.510054188914557893e-01,1.359887722215412653e+00,-2.944550909473466205e-01,-2.891568531737682690e-01,-1.958695115943071274e-01,-1.213620204892918553e+00,-3.313113510275159102e-02,-9.309149258707338781e-02,-3.724321480173218291e-01,-2.133881987673952096e+00,7.382262279826066198e-01,4.150828303898949634e-01,1.353965547530702418e+00,9.360218096731155457e-01,8.448609446595990446e-01,-8.007251307411248353e-01,9.838327848707205669e-01,-1.887600892673544140e+00,-6.491741335301955962e-01,-6.146896916896845559e-02,0.000000000000000000e+00
1.438589289596077458e+00,3.450082583573483852e-01,-1.404914621788765139e+00,9.616508866112080112e-01,-1.764885285227225098e-01,1.347267191333834546e+00,8.386007291162194122e-01,-3.450820380771643658e-01,3.569611051312092664e-01,-1.049897410612013138e+00,-5.456604493663518296e-01,9.532159582096915162e-01,-7.749210570066173975e-01,8.858643938178291100e-01,2.038849270222189425e+00,-1.109219981175132430e+00,-1.075834473540606240e+00,-1.062100010300601527e+00,-9.086194356787492543e-01,1.865831075195824473e+00,1.000000000000000000e+00
-4.919873169459832440e-01,-1.111990111145841453e+00,-9.041023280845962573e-02,-2.247909154777219420e+00,-7.130018881755439963e-02,-2.270629235241638511e-01,-1.315363371176171858e+00,4.653750733516364146e-01,2.803533771817412479e-01,4.818537984710346000e-01,-1.411041890081691674e+00,1.311417022932162224e+00,8.202813789279647105e-01,-2.034425763756885441e+00,2.074864167773178725e+00,-2.592345948864076099e+00,1.234219577066357099e+00,-1.967428823161017082e+00,-5.660861347123070653e-01,-9.982862298255780475e-02,1.000000000000000000e+00
3.944894963182359882e-01,-5.083379608125784266e-01,-8.906131429434701596e-01,1.095896068217925068e+00,-3.204096847862348829e-01,2.922182521970037583e-01,-1.819804187979739973e+00,7.542232310119190153e-01,-1.929193096342323166e-01,1.415161674715592399e+00,-5.573952490245283053e-01,-1.860921409084545231e-01,-6.091661179181639962e-01,3.966871148824064330e-01,3.657207982265720525e-01,-1.855260040094827811e+00,-1.029523059049647138e+00,7.407232895323885291e-01,-6.423323741645616813e-01,-2.629555620352397871e-01,0.000000000000000000e+00
8.378942772341514689e-02,6.635003546695590337e-01,-1.260308224236708963e+00,2.205458516043529507e-02,-7.170295809585485181e-01,-1.096611992831119542e+00,5.354752865836056586e-01,-1.284792455212973472e+00,2.195270615319957486e+00,-2.719795580184008466e-01,-1.267581908757431819e+00,-7.836576893698984358e-01,-1.720624439816745843e+00,2.785449111341909423e-01,-3.795646712750332108e-02,-9.672123973691673093e-01,2.793680555805161392e-01,1.470240341836275055e+00,-1.152066163226089235e-01,-1.577955091217216665e+00,0.000000000000000000e+00
5.195366719702755320e-01,7.126566407529506819e-02,7.828057362171146616e-02,2.030637180018100008e-01,1.101017539885513985e+00,1.280722885749575601e+00,-1.923249389442866608e+00,1.634799255920916128e+00,-1.201532790585779331e+00,3.293353010409654780e-01,5.424315967896904400e-01,-1.580590442664665751e+00,4.509714951141764461e-01,-7.633383661142288945e-01,2.307696005272088513e-01,3.344420894353686613e+00,-2.181200394454646307e+00,-8.152318877877740011e-01,1.430743740907558736e+00,-3.217932601889481048e-02,1.000000000000000000e+00
-4.533306159206492159e-01,-5.449751767818864501e-01,-7.950967553934898957e-01,1.272852430015031233e+00,1.819863068110439075e+00,-9.158981108594972387e-01,2.341705514504894559e-01,-1.655262738556331437e+00,-4.731230803359800507e-01,-1.445995842715819935e+00,1.320487332907889000e+00,-1.208633940194983714e+00,2.517197920919609921e-01,1.183601854908921336e+00,6.523893950570470723e-01,-3.904072689002257013e-01,-3.136375465157177356e-01,2.902982040661255536e-01,1.643533847252079072e+00,9.776609137090456203e-01,1.000000000000000000e+00
5.482342874267369659e-01,3.119079455821358593e-01,-2.613313043634552635e+00,1.642520424454559702e+00,-4.214835952559816135e-01,1.272952751008459699e-02,1.662055141268348746e-01,1.160744228138463674e+00,9.165313180676397664e-01,-6.032091208563234996e-01,-1.281445648304927687e+00,-3.659044956444635899e-01,1.265020748713476806e+00,8.578615704450636148e-01,-1.297565010955022746e+00,1.433495653598272357e+00,-1.240885306081086270e+00,-6.325038140235653139e-02,1.177912086707359807e+00,8.476111869693936374e-01,0.000000000000000000e+00
-9.939868794840391875e-01,1.549207938906679294e+00,-1.191551697748854721e+00,8.726041413236917954e-01,6.942920104098334599e-01,-1.440301015819968056e+00,7.460356629600003453e-01,4.099406178975262272e-01,8.729784047444941741e-01,-9.719929560693264525e-01,-1.931502147218032039e+00,5.040164848729374869e-01,-4.838098974831008814e-01,5.300552559553577403e-01,-1.783148086156879142e+00,1.417592103431086492e-01,-3.069854908809890315e-01,-3.429222065303509995e-03,4.051782185111801882e-01,-1.585699630001695226e+00,0.000000000000000000e+00
8.280147880503678781e-01,3.010047974522545577e-01,1.235864761732129863e-01,2.945803961619813394e-01,-2.998032935306115809e-01,-1.264833645158435882e+00,5.379677915801285570e-02,-3.422220025213686401e-01,4.415086142791487811e-01,-8.655576844669119474e-01,-1.414606814641416743e-01,-1.619966480244525053e+00,-9.968450622739386535e-01,-5.971170748515709503e-01,3.829080837441143359e-01,-7.525050071845152955e-01,-1.137409057230670317e+00,1.004537031701241562e-01,7.582546118098032473e-01,-9.669162337784733552e-01,0.000000000000000000e+00
1.210712413144269917e+00,-3.875421485299906377e-01,2.779446190723259935e+00,-1.566938421281556248e+00,4.357423874761316429e-01,-9.416646207034946592e-01,5.434258299274954962e-02,-7.853489966693556479e-01,-2.718153499498706105e-01,1.202960485328592677e+00,-1.619059434163861999e+00,6.602976174869176207e-01,-2.388922927919803652e+00,1.482985028607156419e+00,1.722382114446914247e+00,7.417623646727883324e-02,-2.136194445816983756e-01,1.036909055211314018e-01,2.033938162523574622e+00,4.038542332499963639e-01,1.000000000000000000e+00
8.441887208076125360e-01,-1.235064292983448997e+00,-6.506093478833645527e-01,-3.126051244104337545e-01,-1.039828475972709887e+00,5.494092630025283475e-01,1.142913941012990486e+00,-2.218205333852841799e-01,-1.790126117876022382e+00,-4.881437010561279211e-02,-5.362528746678861813e-01,-5.049200171619245836e-01,5.761978598846447808e-01,2.648842911731643102e-01,-6.402890647300315541e-01,2.413413949827914351e+00,-4.266394487381404699e-01,1.946401959346582833e-01,6.548196802569274944e-01,6.276172173107004149e-01,1.000000000000000000e+00
1.033270751100737073e+00,-1.552356657321486644e+00,1.698380571387386073e+00,2.411904145755220941e-01,1.035278364230141496e-01,-3.528040987025183317e-01,4.175004396408537044e-01,-2.317375565049185626e-01,-1.857076696096152224e+00,1.501651916459600944e-01,-3.094476719318959290e-01,4.366076995556724127e-01,2.730342164697320828e-01,-3.287981541413274034e-01,-5.640490432289485545e-01,7.445715841777457156e-01,-5.406643739742197363e-01,-9.562874926331590419e-01,1.271116920639706604e+00,7.673021452744879234e-01,1.000000000000000000e+00
-1.032070117883555849e+00,-1.672315486965040773e-02,1.863746630116474234e+00,-1.199311169718400016e+00,-4.877351315606411053e-03,-1.069014089633258058e+00,2.754488702619168894e-01,1.245420029543860441e+00,-6.583895767647017783e-01,-2.521366566951491750e-01,-1.127107292146313666e+00,1.507978886626659021e+00,-9.266139123344726558e-01,-2.037658419049097613e+00,1.709437261745149650e+00,-1.531911537391819067e-01,-8.619374005240347802e-01,3.217513904057893726e-01,1.350663155678594407e+00,-6.475351537456930373e-01,1.000000000000000000e+00
-2.239538375237896117e-01,-1.184271797468520848e+00,-6.828418684056551946e-01,-1.344063192548443642e+00,-9.912645675808572365e-01,4.531727143946976399e-01,-1.245357624755896175e+00,-7.619060116727401910e-01,-7.207839781835477175e-03,-6.878533773526619433e-01,-8.448357197020991416e-01,-1.882088229977356697e+00,-4.412767266263254440e-01,-2.209154468147340733e-01,-6.405021115574365265e-01,-1.081760053141649774e-01,-1.453838377289490946e+00,3.339463019527097454e-01,2.931659421613527425e-02,8.508471307256137983e-01,1.000000000000000000e+00
1.447050835753016740e+00,-9.915052012845427809e-01,4.453540351052314161e-01,1.825413181388256256e-01,8.258890480432015124e-01,8.796723281002408745e-01,8.133857902505007287e-01,1.204284405384117740e+00,-5.012829559824792947e-01,-1.298613875064491774e+00,-1.540131205533844805e-01,-4.573250064929261782e-01,-2.920838272059154694e-01,1.316952733202298109e+00,2.952816959546463726e-01,-5.632802357457348252e-01,9.998967803945392196e-01,2.315228480607057993e+00,1.540020737668117645e+00,-1.399194106415467598e+00,1.000000000000000000e+00
-1.240267481896497603e+00,8.755762460469430630e-01,-1.958782772834840799e-02,-1.763098698166728040e+00,1.697541260177354017e-01,-9.805438435543679665e-01,1.047907192973421164e+00,-1.635508953182649994e-01,1.879807015112479274e+00,7.420208403445536227e-01,-7.867489302222943071e-01,1.449792445096708571e+00,-2.490237622043802279e+00,2.147873799061516653e+00,3.339521890257978187e-01,-1.674433856838350165e-01,-9.276247211254126102e-01,-5.976605087882722600e-01,-3.261216096478761206e-02,-1.068739973468408433e+00,0.000000000000000000e+00
-8.891376859923484366e-01,8.657114470310872667e-01,5.272881868192085680e-02,2.378699370610796171e-01,-8.613747143969567865e-01,-4.989957322511335280e-01,7.236031121701107516e-01,9.743925978923110298e-01,1.093453864182717394e+00,4.819742871827509267e-01,-1.807170829454444183e+00,-5.602429071361808566e-01,-9.975913531936426645e-03,-1.223931489892134961e+00,-2.867360265746211057e-01,-2.171671439070933796e-01,-4.602086408543528129e-01,-4.291836873879570913e-01,-4.859295210068287352e-01,3.644128505114378469e-01,1.000000000000000000e+00
1.310569058163393030e-01,-1.240888100871656130e+00,-7.985908516568989146e-01,1.500577880023988842e-01,5.010381769433055466e-01,-1.064079520522329680e+00,-1.073091816873755766e+00,1.596295335750005095e-01,2.272379211122584619e-01,1.853743441968589867e+00,5.946537235982475300e-01,3.844805613826680624e-01,-2.003372952079776614e-01,-1.606544495411186713e+00,-1.140946697947771149e+00,-9.019531821294441976e-01,2.040219050171973691e+00,-2.732211300832158574e-01,7.449144395727583801e-01,7.238381557275567202e-01,1.000000000000000000e+00
-8.997196794083308635e-01,1.317636770247245570e+00,1.969168050787068469e-01,-1.445437211857160675e-01,-9.196041339935681069e-01,9.795892822850445214e-02,4.321876454829284842e-02,1.585221762807823009e-01,-5.103994014520472078e-01,5.636136400793512191e-01,-1.556032758354951140e+00,-1.506906820304609429e+00,-6.019243860069841690e-01,1.015946989982488446e+00,8.889417894415008181e-01,-3.411271199444412816e-01,8.524030049700505041e-01,-2.579121742976477449e+00,9.686854624607910136e-01,1.277929415741803965e+00,0.000000000000000000e+00
-4.957996238455465998e-01,-4.280206306414152673e-01,1.109478195701706360e+00,5.294920154634611409e-01,1.238978968622322485e+00,2.222286678977972496e+00,-3.938132216511356365e-01,5.067001863595402278e-02,-6.275746118398591866e-01,6.328109183712901653e-02,-2.577841374581603118e-01,-1.158223493866560316e+00,8.242485576490625743e-01,1.196399619340478282e-01,1.180951526345898950e+00,1.802126009697988307e+00,1.259317646603615781e+00,-5.669532606692143650e-01,8.507622888588503018e-01,-3.917183923497166154e-01,1.000000000000000000e+00
1.699710635273521397e+00,-1.154070798211627391e+00,5.611670921562652570e-01,-1.371357056292503707e+00,2.725895318836593639e-01,-2.059708166119544437e+00,4.301172004822272354e-01,8.047238044129426671e-01,2.076513086148255471e+00,-2.250046485907339466e+00,5.557656450700405593e-01,-1.342468850555630588e+00,8.747569297880291028e-01,6.379401274985821990e-01,-1.689423487961517756e+00,-8.351430399799562032e-01,1.317825038927271430e+00,-1.220660121303140055e+00,-7.934826050489692806e-01,9.215761048329841332e-01,1.000000000000000000e+00
-2.010610825971445692e+00,1.631544353890130028e-01,-3.032702189022001171e+00,-8.966697682294148819e-02,-2.105412121755018795e+00,-8.397380591334906441e-01,-2.130727326086875983e+00,-2.142028751092548700e-01,5.463415706736789446e-01,-1.812351618124422581e+00,-5.659429062857120885e-01,-1.219538694666492784e+00,5.603281728454788668e-01,-8.686089693098087983e-01,-2.137976021854030850e-01,3.038013306574885442e-02,1.610287157600737595e+00,-1.085501708663951931e-01,3.240765265743382195e-01,8.167615719258175533e-01,0.000000000000000000e+00
-2.380525452551098819e-01,7.025617860295404471e-01,1.007496899307061877e+00,-4.879583253138693455e-01,-7.439441709573206829e-01,1.568422756728613088e+00,7.874947341461514538e-01,9.980964620194405779e-01,-9.288257888983582067e-01,7.490744267567518433e-01,-1.430462966698345495e+00,-2.217881684466449510e-01,-1.035979184290457544e+00,9.928547223509434083e-01,-2.026713915375427000e+00,2.175206337453521876e-01,1.341766918234901018e+00,8.561247839685772743e-01,-1.066066800388630220e+00,1.067850954043280343e+00,0.000000000000000000e+00
-2.012975026686302904e+00,2.734122840847427738e-01,1.972269271141731783e+00,8.763888325948484548e-01,-2.312946009075206033e-01,-2.032466349891975721e+00,1.116614883888047638e+00,-8.494487164617243735e-01,-2.054003849252851399e+00,4.960929266512136282e-01,-1.989806669784889293e-01,2.469715907078942896e-01,-1.214742321782680268e+00,-2.016089702633049097e+00,4.452970561254576132e-01,-3.467499761791540402e-01,-6.443863735705502860e-01,-7.162633837365123268e-01,-1.633126490532372577e+00,4.597004125417600978e-02,0.000000000000000000e+00
8.018391069854660103e-01,-1.118255724734307649e-01,1.131416842943534923e-01,-1.701377828044533302e+00,3.627039458954365858e-01,8.499682382395749025e-01,-4.315370853409753460e-01,-1.009404329427574964e+00,1.095174912803043465e+00,1.188258042935840475e+00,-8.222271072935853908e-01,9.207631881341047375e-01,-1.147993418274685151e+00,2.204830639977471973e-01,-1.143369231523317930e+00,1.009288587351381938e+00,6.787382565857383865e-01,1.118353326948733073e-01,8.427114053447441744e-02,5.139000900198079647e-01,0.000000000000000000e+00
-1.285591479438686013e+00,7.099210358184651071e-01,2.437990108739732875e+00,2.097042126633559267e+00,2.682899226984289398e-01,-2.150414615839881360e+00,5.028695804847662654e-01,-5.492836705637523798e-01,4.296570797032773781e-01,8.759656913985540416e-02,-8.063822521904120411e-01,-1.240215349359124586e+00,-1.336534631226343750e+00,-4.508814291618634118e-01,5.953861456080721259e-01,-9.098450025707265076e-02,-6.044388521213399645e-01,-1.387186512914475811e+00,-3.442670519297649223e-01,4.773760495926683278e-01,0.000000000000000000e+00
-5.570581838058360491e-01,9.250175624085341664e-01,5.530369968352208954e-01,7.824189245673110471e-02,-7.084061669747702128e-01,5.580419737383902623e-01,1.763196887069181207e+00,-1.282902535835942492e+00,1.363999148220115476e+00,-4.112650217705797195e-01,2.819175662950123562e-01,-4.164087470968520499e-01,-1.208691609416581603e+00,7.872168828593016920e-01,1.785808343731433601e+00,-2.890784801403826210e-01,-1.148809178463953418e-01,-6.990049040490347032e-01,-7.303882379314654560e-01,3.993020749685685655e-01,0.000000000000000000e+00
1.651862712935391775e+00,1.122760580446323375e-01,-8.102213807522081757e-01,6.721670783678336258e-01,2.288986560720689123e-01,-4.108427108438563735e-01,5.797125649606875708e-01,-3.785654530880207536e-01,6.315014121587950724e-01,-1.506601345342485354e-01,4.184647466457034337e-01,5.650531121889426078e-01,-2.592668553686098831e-01,8.173867917436229702e-02,4.853268070584861316e-01,4.343035803093813207e-01,1.105855098106802270e+00,-2.703754698856825622e-01,1.019031088303506749e+00,1.002401506189483982e+00,1.000000000000000000e+00
-1.554532695962606237e+00,9.338819898986469026e-01,-1.401762922291722946e+00,1.714924618473717133e-01,-2.964463078200896828e-01,-1.264664341924934599e+00,-1.118092155101770180e+00,4.064460308917207110e-01,-1.220548274960322477e+00,6.996006977525359716e-01,1.986840990446187283e-01,-1.326664411827017442e+00,1.559345593836086286e+00,2.328364716937319501e-01,5.918550190473046424e-01,-1.739700469976946176e-02,4.838448667086392985e-01,2.622746594215666915e-01,-5.205271001201642322e-01,6.845972109417604035e-01,0.000000000000000000e+00
-9.609336663649935550e-01,1.452203873590822480e+00,4.582697774940193702e-01,-1.839175403994815161e+00,-3.054130669495746520e-01,3.114164443351539746e-01,-8.542653100999723081e-01,1.066438499363279169e+00,-3.531841849635756203e-01,-4.571385697317817409e-01,-1.051035860003683986e+00,9.637462734903471384e-01,-2.856678805270339572e-01,1.576694976809822846e+00,-6.425661631735379853e-01,1.443142468761040575e-01,-6.250181034590772677e-01,1.808507474101042733e+00,2.838902452269332910e-01,-1.826916316599806467e-01,0.000000000000000000e+00
-2.442844004438459726e-01,-1.021832262743981978e+00,1.213302937080626087e+00,-4.899307945576050760e-01,-4.426795120640190095e-01,5.992141743547265698e-01,-1.314463241421180428e-01,1.161743087715709777e+00,6.418138440005175527e-01,-6.833399198602283509e-01,8.072280680569082767e-01,-2.518217048344819631e+00,8.347553834847355747e-02,6.709646110027588373e-01,-8.297782061351806071e-01,1.811754189645743418e-01,-1.330187941605388557e+00,9.450532457750101534e-01,-5.408284562092160325e-02,-5.351360850590440865e-01,1.000000000000000000e+00
3.005250831047062143e-01,-1.110645082511080739e+00,1.720606219272618476e-01,9.300378175907991762e-01,1.428944277332313106e+00,8.564735085320673846e-01,1.338783566270031811e+00,8.265471172158886382e-02,2.909755472972723744e-01,7.946694985277551471e-01,6.068526524025411595e-01,-1.307950707236981591e+00,-1.664884779202107978e+00,-8.899839390689573415e-01,9.860054940657948519e-01,8.688117529103484005e-01,-4.430229529595644533e-01,-1.855549680533966184e+00,-4.626559861264266105e-01,-7.715385328744226445e-01,1.000000000000000000e+00
-6.966038924307825508e-02,-1.321128255538716267e+00,3.743858599696897604e-01,-6.517742030384565677e-02,5.475545777814633253e-01,1.714090995496200698e+00,-7.793466110446324313e-01,6.802625665748325556e-02,1.101866529838956055e+00,3.275645204373544561e-01,-1.034134488646616612e+00,5.436377853660746551e-01,-2.088866133759398558e+00,1.813080332537631012e-01,-3.276510545424745624e-01,1.996963768613390922e-01,2.516727873078049571e-01,-6.482126233544818206e-01,1.014476070537548846e+00,4.616388407699990593e-01,1.000000000000000000e+00
1.218629604289975799e+00,-1.673666731341569180e+00,6.762642096650926804e-02,-1.749292658614984841e+00,1.846440713652787391e+00,-5.279719340425352847e-01,9.054385043205208650e-01,3.206531826914296723e-01,1.421710328566953896e+00,1.967797574748955669e-02,-1.720897172908461004e+00,9.574237478054238304e-01,-6.750420450473688661e-01,-9.568364735898723383e-01,-7.575060808958333780e-01,8.795631882775070132e-01,1.970349792950337464e-01,2.679716187451365306e-01,-1.025408590181233481e-01,-8.284015064607683776e-01,1.000000000000000000e+00
-1.829635314362199727e+00,-7.316901815434447842e-01,-6.388007106344955055e-01,5.953914799945666525e-01,8.479355288405765467e-01,8.250595351844706160e-01,7.662688838235700572e-01,-8.666131691963782080e-01,-1.475696788076832133e+00,-4.674174889197078020e-01,1.283293681148614418e+00,-4.966256837093023790e-01,4.555909760718293566e-01,1.427997918497033170e-01,-6.190561065638136018e-01,-2.006226024213858317e+00,-8.680221460521607701e-01,6.464959567169984433e-01,-6.593769014510999504e-01,1.804904896113838531e+00,0.000000000000000000e+00
7.991670227341488575e-01,-6.731752403332045276e-01,-1.184864328750254936e+00,4.294512663466596991e-01,-8.899349156869017508e-01,3.526236187417992607e-01,8.298017738338427929e-01,-5.124497317831032683e-01,4.027313987737027312e-01,1.436323688679461030e+00,1.982667379052143464e-01,3.003636721015152944e-02,-6.939356633800585206e-01,1.238546364879341111e+00,-1.124498702868460764e+00,-3.597648136849750378e-01,-5.149680946956718408e-01,-3.812333894009898305e-01,1.119995242322541884e+00,7.884943062838513095e-01,1.000000000000000000e+00
6.990578979495808420e-01,1.275638146328263556e+00,1.107317262177731854e+00,1.893408952552411428e-01,1.011133527843529833e+00,1.552546962683653831e-01,-1.942990333247192725e+00,4.929028276313288104e-02,2.188983487868269684e+00,7.602900682284299827e-02,-1.148473433689093798e-01,9.034278249579824616e-01,-6.705153815098756631e-01,-1.229311269465936052e+00,-5.600353621037252455e-02,1.356541690398299194e+00,9.923382782253163947e-01,-2.186942463192453057e-01,-7.218561159602458754e-02,3.040478036004130025e-01,0.000000000000000000e+00
1.158667294103357115e+00,-5.092905084397365140e-02,-1.487002222334690593e+00,1.157935141031186888e+00,1.728671842425577310e-01,-1.256051220551631431e+00,2.804099596314912901e-02,-9.701715097186420778e-01,-1.029819411811456087e+00,-1.416376680570172741e+00,-1.198188011355930449e+00,-2.563973260915815011e-01,-2.065038230106516437e+00,-3.385498301861815662e-01,-2.002877741935188416e-01,-8.708630578426488356e-01,-2.730495299234467765e-01,4.134310322602333665e-01,1.460457003773381890e-01,1.987796461811021764e+00,1.000000000000000000e+00
3.636700883725194622e-01,8.207880894229636626e-01,9.195157197736482380e-02,1.113109189017449596e+00,4.458369335030680225e-01,1.059815318153057295e-01,5.718322526053226662e-01,1.489115973323461350e+00,3.278757421698145214e-01,1.646184598411326305e-01,1.747193192902489978e+00,5.563351261401302539e-01,1.668925905368149817e-02,-2.350272267705898255e+00,-5.349109809857256481e-01,-1.870260517237781084e+00,-2.489055422440503040e+00,-1.020277064645814802e+00,-3.827796949436545471e-01,-2.722279954875364560e-01,0.000000000000000000e+00
-3.936123738227163826e-02,8.448545189081050344e-01,-7.112257584733622240e-01,7.664480572029440664e-01,7.458717592325361245e-01,4.963708443868343756e-01,3.507944182267774269e-01,-1.075984150699314246e-01,-1.154042627166768309e+00,-2.714928700416524218e-02,1.195892797153620180e+00,-2.492483329410299098e-01,1.145411133029916456e-01,-1.482799750540956030e+00,-4.974894262979676629e-01,1.839478080650307934e+00,4.794301955441342827e-02,-1.860086588657742027e-02,-7.828971211862489898e-01,1.241576023573946363e+00,0.000000000000000000e+00
-9.523532128611902348e-01,-1.713374289006363016e+00,1.192196644759412338e+00,-2.066715882988181985e+00,-8.328940620904125014e-01,9.946717973744826358e-01,-1.284008543335145136e+00,-1.107362771865974649e+00,-2.856312678348238779e-02,1.798777773150723291e+00,5.472949200417586563e-02,6.457908598784112275e-01,-7.924192558452249902e-01,-8.173305197989066961e-01,1.441320899022523472e+00,6.952748543647622181e-01,1.579108722152621880e+00,-2.133601252203974064e-01,-3.706864060256523374e-01,-5.420751806229793246e-01,1.000000000000000000e+00
5.909408518914376351e-01,-6.451718225470491896e-01,9.995975239654889544e-01,8.725495508883716056e-01,-1.755972382823961508e+00,-1.432196854280629039e-01,-1.789541720531318880e+00,-4.657337177199711298e-01,-1.007911433447207461e+00,-1.676559944495372712e-01,3.146249608250206720e-01,-6.095124640027677065e-01,1.259557489718107437e+00,-8.136919914591983494e-01,-9.168967727582966187e-01,-1.965604349943410822e+00,-9.102424347064129451e-02,6.366121205233884472e-01,3.549661073292975089e-01,-1.820168159193211177e-01,1.000000000000000000e+00
-1.984332595711088831e-01,1.412208385831509094e+00,1.366969459138743792e+00,1.615805343261051075e+00,-8.981812010170895366e-01,4.696931036716334162e-01,-2.697925710895084928e-01,-7.760824566224675536e-01,-5.781764254560030347e-02,-8.661138445979386091e-01,3.101650552520952842e-02,-6.357204963110997253e-01,-1.292490538084819951e+00,1.809867226097885640e+00,-8.460623706940171296e-01,-1.778465221486970727e+00,1.229778748779669639e+00,-1.058839926461477621e+00,4.902890480536327700e-01,-8.263083405296189898e-01,0.000000000000000000e+00
7.949408247899181212e-01,-9.520740691509551601e-01,5.890335582815496851e-01,-2.098919404658435184e+00,1.084154318920944382e+00,1.161682425463554491e+00,6.045692617330856722e-01,7.803277168172864098e-01,-7.668873295450103766e-01,-2.436779238548076876e+00,-8.474573505998415912e-02,-5.719318411526763679e-01,-9.512966057612376458e-01,-1.561345006763938947e+00,1.249446160150139207e+00,1.539298878160496376e+00,6.635180958574544707e-01,1.024582967981955584e+00,2.057613878528574247e+00,1.306427916273101841e+00,0.000000000000000000e+00
-1.291894076682220005e+00,-9.514802529282980759e-01,-6.872590744759611292e-01,6.975818329627549996e-01,-1.357073454219287489e+00,1.538145223771333336e-01,-2.185595673264769445e+00,-6.052390069054851551e-01,-1.450601159619989422e-01,-4.992281842273529335e-01,-1.282810514319079997e+00,8.480393772515613104e-01,-8.652994835646157235e-01,-4.711858258601672733e-01,7.555767197393763457e-01,6.735528025423761500e-01,-4.397689040485684986e-01,-6.519875930719563062e-01,1.918187185383169180e-01,2.375425746923836012e-01,1.000000000000000000e+00
-6.440466914152077615e-01,-8.086285908095600661e-01,-1.590578031465959274e-01,-4.616696244408284855e-01,-1.702875500460384883e-01,3.061905179868278370e-01,5.502692660541802505e-01,-1.467284612386957621e-01,8.035176032810510405e-01,-3.507156087861356131e-01,-5.458971632249067785e-01,8.697819312158480143e-01,-1.325982528786319170e-01,8.366234179917938496e-01,1.073323492795937861e+00,1.401092307471269727e-01,8.635945522384622652e-01,3.281781589274906374e-01,5.179997303473011794e-01,1.589052685196637338e+00,1.000000000000000000e+00
-1.447141386779414451e-01,-3.679578417445379390e-01,-1.233321375270196862e-01,1.188806519510544835e+00,-5.134480787345636621e-01,-1.753581334416625337e+00,9.261257648003569098e-01,1.034222464843410849e+00,1.653468169185992931e+00,6.173575380881345387e-01,1.231892309732849133e+00,-6.473101280530161317e-01,-4.991605396814972062e-01,-4.041415486931092538e-01,-1.315373317586654212e+00,-3.041332815224981889e-01,-2.257833923921048480e-01,3.757616339213097900e-01,-1.730017819975749216e+00,-6.172041638128717977e-01,1.000000000000000000e+00
4.213756931376009263e-01,7.241537839967822077e-01,2.106545040920455858e-02,7.634201170361383237e-01,-1.644315761875303761e-01,-1.074873041645899141e+00,-8.002270491056227009e-01,-6.049418762912109893e-01,2.960350655713166468e-01,9.393320089214787227e-01,-2.449332476655481816e+00,-1.339441174397450141e+00,1.895100977883788784e-01,-3.769850978928904750e-01,-4.000362004702653906e-01,-9.744616961856178428e-01,-2.329886695015067899e-01,-9.996777276738647577e-01,-8.161040570907674985e-01,-1.873276443742861508e+00,0.000000000000000000e+00
9.992847129105588699e-01,-7.600574561699082743e-01,-5.689292245115959087e-03,1.585369560898092223e-01,-2.551053572684073845e-01,-7.487220149155054960e-01,-9.952103611376980075e-01,4.274709369531024677e-02,2.501232441530503725e-01,1.539409264857435899e-02,5.476700392091834457e-01,-8.269606366432248334e-01,-1.153391798012183056e+00,1.297050814984896494e+00,-8.343773634582540843e-01,1.952335575064114426e-01,2.199485741607356104e+00,-1.884841438604229591e+00,-4.511545723252117224e-01,-1.444006083698505583e+00,1.000000000000000000e+00
1.717163138804245870e+00,-8.921015346859842432e-02,1.090521793432817743e+00,7.325204568039138664e-01,2.313224510142058765e+00,4.259569967091521581e-01,-3.215872554847897247e-01,-7.878772502449484794e-01,9.654674951132616867e-01,2.742193523027498525e-01,-5.006594122616625508e-01,9.766571160139728702e-01,-2.234619629898637327e-01,4.188493059317413558e-01,-1.267831535765599815e+00,5.666308985429773237e-01,2.082140694460989483e+00,6.559952899153645989e-01,6.719121245742980530e-01,-1.985643413340750785e+00,1.000000000000000000e+00
-6.009512029758106166e-01,-2.373703193254130539e-01,-2.007089501134066367e+00,2.173499765439916853e+00,5.453328866100262129e-01,5.807043199616814810e-01,5.321625529617612926e-02,1.043305742964979910e+00,2.300643735347950858e-01,3.879137567534966524e-01,2.617525545336344184e+00,1.111756403248728015e-01,2.620264836939729669e-01,-5.590463046448991280e-01,-6.435825572678109951e-01,1.550446596531581900e+00,-1.826986802937886900e-01,-5.860878764755375059e-01,2.256261565422240656e-01,-8.610078750345304677e-01,1.000000000000000000e+00
3.114479986276287304e-01,-4.220953365431192039e-01,-2.075707145161068023e+00,2.493034097153039308e-02,-3.896247300169267125e-01,1.633963302671628481e+00,-3.228105094781518192e-01,-5.144142860148100960e-01,-9.655803498771701188e-01,-9.045460697325394817e-01,-7.855543271221971935e-01,-3.791165879118524318e-01,-1.046381134132775337e+00,-5.279868370298235886e-02,-2.000266019194817391e-01,8.089161932420565471e-01,-8.654910212133145597e-01,-3.345460359828399399e-01,-1.438648821038783554e+00,-1.158272144488570188e+00,0.000000000000000000e+00
-1.119004261698760772e+00,4.100380422676067615e-01,-1.350206565516383739e+00,-1.025156216602637116e+00,-9.219666210766443992e-01,-7.860284022392427516e-01,-5.982455583612000805e-01,-2.502055706955125913e+00,1.264594926596316782e+00,1.154298391363125731e+00,8.440333279430183300e-01,-5.373167716214860556e-01,-7.968231504674029297e-01,1.031529719496992570e+00,-1.231553354606597983e+00,-1.246655502841060636e+00,-1.531699835632146733e+00,-5.557443416471520292e-01,-1.531006406581989499e+00,-1.479730057693770418e+00,0.000000000000000000e+00
2.284335429252206881e-02,1.568125648119305382e-01,5.460928591907786567e-01,-7.848206718217711764e-01,-5.387890696728534490e-01,-6.665739296125684499e-01,-1.452337526285420344e+00,9.015447609556973552e-01,-1.075283519433677171e+00,-8.520517671379269631e-01,-5.896178654750793280e-01,-1.959100509178080651e+00,-1.117203235633870417e-01,1.049475393048404870e+00,-1.193152142506487712e+00,4.811227010794594944e-02,-2.088043061402432343e+00,7.292662849127400371e-01,8.401830609788281112e-01,-7.227000707672073809e-02,1.000000000000000000e+00
-4.880367598547097341e-01,-1.050323390800432577e+00,-5.239022926819980608e-01,-9.767669227040173263e-01,1.706936112008989037e-01,-1.059127526343583536e+00,1.060598196574245311e-01,-9.176871733014247967e-01,-1.655240778945920865e-01,-4.853904563122956456e-02,-9.132126278449773649e-01,2.330336958555655258e+00,-1.803462949152614847e+00,-8.884531800508740362e-01,-6.931732696023498175e-01,1.173996568613408842e+00,2.772277167916888940e-01,2.054180254422654617e+00,-2.708745490630980537e-02,2.055748271782592215e-02,1.000000000000000000e+00
-2.192710770054651093e+00,2.664187679177614787e-01,1.581351061170843675e+00,7.525258400426474426e-01,-2.837773173621905842e-01,-9.589836943143366099e-01,7.591546535973724419e-01,4.506960505937927519e-01,6.878708814248314374e-01,-1.775597757972239288e+00,1.211780013718891658e-01,-1.188214110565218862e+00,2.296107225677436747e-01,7.688348051239829450e-01,2.521901332372820659e-01,1.155234328279487688e+00,3.550264959178295733e-04,1.546677794327392663e-01,2.286741856931359340e+00,1.120793898476235118e+00,0.000000000000000000e+00
-1.411956362284907174e+00,-3.933633522849591668e-02,-3.621536862165695148e-01,-7.319791369401709158e-01,-4.419425251011164235e-01,-9.525831835192388741e-01,-1.078048282619350928e+00,-1.546875926273124202e+00,-6.384212144284991119e-02,-7.461293324841780095e-01,2.953889941407980002e-01,9.643511360082082096e-01,-6.146339252209429560e-01,-3.243798852069477157e-01,1.576672376049624180e+00,4.408680615853401430e-01,-3.237808040952905309e-01,-6.614058267479906439e-01,5.729599857067897428e-01,6.442078196902512044e-01,0.000000000000000000e+00
1.494940289374825371e+00,-7.121679397727880279e-01,-1.196744478259071265e+00,1.597332267014869855e-01,1.235029730506535417e+00,1.371503923225746158e-01,-3.232310644000777056e-01,-9.950124707781859978e-01,7.874701635377314712e-01,8.382570840209636609e-01,-3.761930531724787530e-01,-1.230317383080902660e+00,-5.844963590558479583e-01,-3.213498744221952863e-02,-1.290248999062162616e+00,-3.519395783865844618e-01,-1.693340412677788176e-01,7.221326892019630517e-01,1.050490602990124422e+00,3.007707872343977074e-01,1.000000000000000000e+00
-2.460817173830709692e-01,-7.354912022289021856e-01,1.518121686285170746e+00,-2.922873835680798171e-01,3.896253498824102102e-01,-9.124687961180869555e-01,1.081536758821530109e+00,8.676634556963018774e-01,-2.180167793086896566e+00,-2.841098034951762275e-01,6.005138227455074640e-01,3.351012212523643008e-01,-1.072171436506887288e+00,-2.567034736671248152e-01,6.760390725997793560e-01,-5.861462981163110264e-01,-1.347608287753046252e-01,-5.395340097094105669e-01,1.208742125536450551e+00,-7.012041062237048816e-01,1.000000000000000000e+00
-1.655313024706377645e+00,-4.465459515052750961e-01,-8.908962754718039445e-01,2.379917435890658295e-01,2.955182010688653715e+00,-7.202111276819578300e-01,1.207857585354170871e+00,-2.518260772197180100e-02,-8.146977189591353419e-01,2.751650287690416419e-01,-2.386904819866675007e-02,-1.104615311651478082e+00,-1.464097993441033640e+00,5.813172411074191137e-01,-2.232929333869525246e-01,8.912110288123161750e-01,9.186234625710676394e-01,-7.076066310102943069e-01,-6.173407094685555707e-01,7.822120207255384844e-03,0.000000000000000000e+00
-1.764433864359714166e+00,3.306094618006849561e-01,-4.620124500278800506e-01,-8.474918603022326691e-01,-3.358792002199758597e-01,-1.445703241063299449e-01,-3.942008723486089550e-01,5.686156335947092355e-01,-1.108173121806014016e+00,4.633009271432152465e-01,-4.550195090664834185e-01,2.156193575705407373e-01,-4.244118832851668799e-01,-4.218582304429949748e-01,7.255335469972206131e-01,1.312302463673642894e+00,-7.058549645778082748e-01,-9.320375890285944598e-01,-6.995658747799341493e-01,-1.400898666065239384e+00,0.000000000000000000e+00
-5.003621774696400681e-01,5.137444404077071702e-01,3.897975482705321459e-01,-4.131379206252914771e-01,1.657213948894978417e+00,-6.111813127573516580e-01,5.660345970159739309e-02,5.098458688011078266e-01,2.863092603931383651e-01,1.023993735807830374e+00,-1.030000463961182854e-02,-2.073192793156531655e-01,-6.647212817621892499e-03,2.629487079417233350e-02,-7.116277105261479274e-01,-3.363102195526231908e-01,-8.720265783562586304e-01,7.563041115804328965e-04,-4.413160843587956572e-01,-1.027013524561298574e+00,0.000000000000000000e+00
1.967926955315918880e+00,6.506665871072575547e-02,-1.475582398210358637e+00,1.918934545396047131e+00,2.518912159697686559e-02,5.031706140113996195e-01,3.575753142510967875e-01,-6.398144502032957481e-01,-1.368909931393374357e+00,-2.537643771042804100e-02,-1.181137721102944571e+00,1.178735815438766821e+00,-2.268794855403462596e-01,-2.920933703335137466e+00,1.270887307652931009e+00,-4.312786650521168164e-01,-3.852047116166409380e-01,-2.598910308275336201e-01,1.626201010749251941e+00,-5.595956954027142549e-02,1.000000000000000000e+00
-1.483157341937458573e-01,1.283899246271621997e-01,-3.752987410914658817e-01,4.977455189219461840e-01,2.124416162157475793e-02,-6.813766532930359832e-01,7.363578968301992544e-01,2.685734892186791289e-01,3.497191331361810818e-01,-1.027048059079296305e+00,1.565037580213298751e+00,-5.343791716717923856e-01,-2.525264397654960469e-01,-3.799576925182965859e-01,-2.327391136457380938e+00,-1.889300862838366180e-01,-3.751290373354165299e-03,-7.508586323040882249e-01,-7.510240412658900633e-01,-1.239908932365020533e+00,1.000000000000000000e+00
1.327198559060007721e+00,-9.186633404171844486e-01,1.570644307060673039e+00,1.074970774908094118e+00,-5.191903426311801628e-02,-2.651816258802557891e-01,5.477745863724106101e-01,-1.359143728641408533e+00,-1.934600702817799833e+00,7.906381396293866715e-01,-3.961003655286897684e-01,1.211351023848787678e+00,-1.456611454212411783e+00,-4.527581579338538220e-01,8.661952193247808296e-01,4.960816690824003672e-01,1.397331328085093416e+00,1.154805683674955397e+00,5.635198789971216510e-02,6.749835716599735802e-01,1.000000000000000000e+00
1.233689100597091359e+00,1.945712681992300408e-01,3.458198413441045949e-01,1.573316779508069918e-01,-9.563613694195508552e-01,1.371676647250481329e+00,-3.107103949373284379e-01,-6.142375983332381412e-02,6.295637264290595558e-01,1.351388625611777305e+00,-1.759540839399866607e+00,-1.074646481128985087e+00,-8.125997386680818835e-01,-1.137251213593095445e+00,-4.325330918169233985e-01,-4.939561190458265777e-02,3.460082890127213484e-01,1.339544600453954404e+00,7.895699768360768811e-01,4.161130800277378916e-01,1.000000000000000000e+00
1.136420903563148066e+00,-1.166307127723314574e+00,9.207354578334808748e-01,-1.734900794449303563e+00,-1.076616252349909875e+00,-4.485161446700116072e-01,6.213141857619641772e-01,-4.220575201969281043e-01,3.971489374542135353e-01,9.135248725038553896e-01,-9.246710218434630590e-01,7.456772832147070540e-01,7.731993946879139878e-01,-1.572630908241937409e+00,-8.900819141530237344e-01,-4.386757076157617452e-01,-1.115625997707386796e-01,1.270972090438956092e+00,1.578574776036519633e+00,-4.575791666178553596e-01,1.000000000000000000e+00
-1.519834787110832197e+00,9.700833741494890861e-01,-8.458429347244592056e-02,-5.354386655492120450e-01,6.884359709225564838e-01,1.319306969067934876e+00,-9.617558067211804396e-01,6.772645490095545728e-01,-1.538811259905856543e+00,1.140459433282944995e-01,2.434674127813729050e-01,-1.229357799600885093e+00,-2.035968361835188700e-01,-1.263202293588814307e+00,-8.779749546905007973e-02,-9.101429859722046656e-01,2.586093706166627260e-01,-1.378397251113124833e+00,-1.913825747521651077e-01,8.629942302185219516e-01,0.000000000000000000e+00
-5.012246462332305974e-01,1.330158682909629020e+00,-1.020794859901516860e+00,-6.242321593706877669e-01,9.742182485389945246e-01,8.855359188733578080e-01,-1.090986710974517715e+00,-3.476334208093240785e-01,3.669243912568189159e-01,-1.504459357148978160e+00,-2.621987299678868455e-01,8.028171057806442468e-01,5.786807974311496405e-01,-4.180138179119585184e-01,-1.300914974831140603e+00,-1.652814682301436688e+00,5.203630394692995154e-01,1.625865565024564585e+00,4.514114062378071224e-01,-6.618970221146452948e-01,0.000000000000000000e+00
-1.013226418834878573e-01,1.259111296811325165e+00,-7.049165456980941435e-01,-3.288576793200149173e-01,1.164037654843312009e+00,-2.341105784991649175e-01,3.528642123130005248e-01,1.878105480435853458e+00,1.171852330935283071e+00,1.127180420771796809e+00,1.733243748192664913e-01,4.486326462527528980e-01,9.222406587968881020e-01,1.900117654043547155e-01,-9.392639543341780861e-01,-4.846364194657910018e-01,-3.935311770180020124e-02,1.389766014324788079e+00,-3.457290634625422854e-01,-2.163918954320865895e-01,0.000000000000000000e+00
5.501955738875689006e-01,-4.548066566465456262e-01,1.331451682886556132e+00,-6.513129859324858981e-03,-8.186818861272691927e-02,-6.264410116934944206e-01,8.763479608878913529e-01,1.877761710589513078e-01,-6.737029615769430935e-01,1.359774865067965299e-01,-1.187338712390930029e+00,1.888593209690383745e-01,-1.308634349542737163e-01,4.086595026400302033e-01,6.377473074913406759e-01,1.509153448439928547e-01,-2.921684212514078505e-01,2.805805271622677233e-01,-6.884206621416816274e-01,-4.231583747319481864e-02,1.000000000000000000e+00
-5.894187015113760975e-01,-4.193499814771212142e-01,-1.082114917850655056e+00,9.108951319826223969e-01,-8.053238486917942973e-01,1.237005707125444554e+00,4.476143306847933934e-01,-9.776168524887503264e-02,4.771999320984285364e-01,4.491306019804682803e-01,1.277045143872795441e+00,-7.143664261100377555e-01,-8.831988266278135713e-01,6.516410220757830052e-01,2.665558736030811282e+00,3.048144771017088916e-02,2.284907043309421792e-01,-9.834017693424350615e-01,-5.586920210625308941e-02,-4.329443878331942219e-01,1.000000000000000000e+00
1.173774281496657190e+00,9.738664096913938195e-01,-1.735915250231255591e+00,-9.075961241402413782e-01,-6.880720486447877704e-02,1.573383436459894424e+00,-1.058327893487585269e+00,8.155122496355641237e-01,8.531432704054006111e-01,5.401467973955271784e-01,7.292225099113495146e-01,1.684114823748103174e+00,-1.450575751934337632e+00,-8.431468695655217616e-01,2.085740048067015628e+00,1.664342944235511990e+00,-6.818599633281761108e-01,1.751876453341969064e+00,1.691598470118077291e+00,-7.340842118264006011e-01,1.000000000000000000e+00
4.442000184329784052e-01,-8.379204855929720530e-01,8.118948564436596904e-02,-3.036328439839279247e-01,3.546758561768323936e-01,-4.311836346533404196e-01,-8.082900896081519626e-01,4.530194864637374086e-01,1.383339986283643963e+00,-1.984078550830555177e+00,-1.129722168732371301e+00,2.805502588372568717e-01,-1.384026795135313348e+00,-7.231589777155900123e-01,-1.261026270105620739e+00,1.083138133579363727e+00,1.006231381621748078e+00,-4.021260274130670220e-01,5.048701562375529361e-01,3.752833553170424330e-01,1.000000000000000000e+00
6.367988912444279281e-02,-5.137510699660287061e-01,-1.111528477268926673e+00,-5.528211576445407616e-02,3.736366585253421690e-01,4.396445895941452631e-01,1.022855483986786052e+00,-7.436294950208882648e-01,-2.066564101694806366e-01,-1.896157745969321018e-01,-4.190604975373685148e-01,-1.398482914891620688e+00,-5.362050031824971974e-01,5.789142882739295448e-01,1.511870338607560038e+00,1.563824319882342051e+00,8.563066738373801279e-01,-1.187969105625197308e+00,-1.197666456902885951e-01,-1.202237243784486237e-01,1.000000000000000000e+00
1.505640336749013652e+00,8.909838081554008471e-02,-2.158836006975409116e+00,1.992046693191207862e-01,6.417915204427490083e-01,6.648104490665973643e-01,2.485539834897532441e-01,-9.257092466938422470e-01,8.425240894102806188e-02,-1.832063704763665646e-01,7.765201587881597201e-01,6.453006774701682824e-01,1.489117735594662206e-01,-1.115086996310197032e+00,1.432803218592042960e+00,-1.478653002193813126e+00,-1.182014062552416922e+00,-7.185600007887201768e-01,2.830210061991012341e-02,-5.850924714999697906e-01,1.000000000000000000e+00
2.397382124915966861e-01,5.547637286635452858e-01,2.844245354030000006e-01,1.382355911047265851e+00,-8.714066322067378634e-01,1.094580455866421609e+00,-4.372484992553031247e-01,1.708455379161689658e+00,3.765454987212931703e-01,5.244202568931508601e-01,-9.955514732428716318e-02,-4.928008815042093649e-01,2.078752618342888159e+00,4.037816352864032066e-01,1.328515633103819760e-01,-7.759792060540080527e-01,-1.924593233033918382e+00,-1.068342245978129323e+00,-8.386942987673326466e-02,1.676405918420748042e+00,0.000000000000000000e+00
1.216834710208660297e+00,-3.766786101725344560e-01,-4.285725840397474062e-01,-6.995688119720531173e-01,4.307415724615434316e-01,-1.318872734719812589e+00,-7.898108765938630649e-01,-1.489153944162887155e+00,1.302273733324412097e+00,-3.270343000383405530e-01,-6.644880434945157344e-01,1.343692253991793373e-01,7.072344393733656087e-01,6.513127397367206584e-01,4.168744079617461851e-01,4.394055806590643209e-01,-7.661114681146384831e-01,4.591287783236661646e-01,1.198029297778074431e+00,1.049144905427501495e+00,1.000000000000000000e+00
-1.169536820850975989e+00,-9.701444221995390860e-02,-1.048129238273696862e+00,-9.587505920061406561e-01,2.082298471278235252e-01,-5.072104338147687130e-01,-1.772414584112758373e-01,1.142272658222586612e+00,4.928143451777330375e-01,2.230974971120182337e-01,-5.090586871864694052e-01,-2.481733102612329600e-01,-2.874300715200930889e-01,1.224496163825766586e-02,-2.143115940509638662e-01,1.571700769308514156e-01,-6.612580458912736825e-01,1.391445657417276438e+00,4.360757395441225981e-01,2.989173447596668032e-01,1.000000000000000000e+00
-2.663170691834651493e-02,9.019073355319898733e-01,4.019873612570239452e-01,-8.703365725686922350e-01,-5.546894675934126943e-04,-5.428979911829285854e-01,-1.934273645693886046e+00,-1.594331883438006470e+00,-9.059288444820589037e-01,1.058003818576848803e-01,-5.279243650468570248e-01,3.113361684880373570e-01,1.396384652745985555e+00,1.748131248059218601e+00,6.966618199886194240e-01,6.517707924207504222e-01,9.259524793569047230e-01,-1.909945054752267168e+00,2.550957292073122495e+00,-1.290384864177258617e+00,0.000000000000000000e+00
1.515520722968173084e+00,5.880579904382403633e-01,1.694292549923431812e-01,-9.202712508509928169e-01,3.913523163180600006e-01,7.995853038397477963e-01,1.174223620841029936e+00,-1.907939725672110676e+00,4.723105219704202273e-01,5.609198267704988972e-01,-2.656181028229668839e-01,-8.205998009516487501e-01,3.401049480839897776e-01,1.075726470443508109e+00,5.307794218522381424e-01,3.186862370316285720e-01,1.029395872747271845e+00,6.114720912863218505e-01,8.623235633955579627e-02,1.234752736424052033e+00,1.000000000000000000e+00
1.211853406222519025e+00,-1.039732015625869366e+00,2.053755921603276136e+00,-1.514303209716422183e+00,-7.840983750473945468e-01,-1.353043395764593315e+00,4.970500495526946616e-01,-2.109276019905458988e+00,1.013352998471443112e+00,2.775235376379212582e-01,6.021949515821858334e-01,2.266446774676740550e-01,1.730569389701638316e+00,-4.280666889691591565e-02,-1.671409100568591599e+00,1.585942326446228900e+00,1.092900633060865101e-01,-6.963854714510192556e-01,6.372534683176749315e-01,-5.157118715874158266e-01,1.000000000000000000e+00
-1.528961655219956972e+00,-2.062617356683664471e-01,-1.776959294670553413e-02,-5.148314678957620627e-01,6.157267676274955637e-01,-1.616960790062644260e-01,1.893603012140179231e-01,1.490309051860997380e+00,1.018916426257332475e+00,-1.855351477433232033e+00,4.444259690030824550e-01,-3.563884830947013083e-02,-1.879949772545549125e-01,-2.060350424893055976e+00,-1.581534683966070165e-01,-2.563465433001007043e-01,-6.102692803367462115e-01,5.228585094275600698e-02,8.766313023947673588e-02,5.344147117522832779e-01,0.000000000000000000e+00
-7.089556158702825517e-01,1.928159436589893083e+00,6.700826605174549089e-01,1.244919110175792126e-01,-1.670651157525667285e+00,-1.505254697761523319e-01,4.534969816418356059e-01,1.248064338121446237e+00,-1.223400262463286259e+00,8.388360301159636379e-01,1.019791152002177848e+00,2.177438477280396190e-01,1.428731871912523876e-01,-2.767982228340526984e-01,1.002506048499253843e+00,-1.315146204637168248e+00,-9.516536340656852611e-01,2.130073794150673550e+00,1.233660072998707946e+00,1.600598244107874546e+00,0.000000000000000000e+00
-1.216536174061685793e+00,6.740333535787956798e-01,-5.546660783815751117e-01,5.555959127379438423e-01,4.991900290832852471e-01,9.194866808795013613e-01,1.948907772579026310e-01,1.460138652324618258e+00,1.467801516493511427e+00,-3.205378735880395902e-01,-3.549807275669655815e-01,-7.774089264044501402e-01,-3.145482570327700067e-01,5.636558168510155675e-02,6.554397758248097228e-01,-2.108902383775266842e-01,1.362881671729895716e+00,4.419929086023378084e-01,3.951863241293543383e-01,-1.231861350566687996e+00,0.000000000000000000e+00
1.047508231101678677e-01,-4.163803256719352253e-01,-6.214186129428036498e-01,-1.506264548175611173e+00,-9.011922125137749040e-01,-1.638304207144792857e+00,4.788541635952922038e-01,8.506399997998990159e-01,9.151630951388024793e-02,-4.219342929721998092e-01,1.210321386328925497e+00,1.423232445509208466e+00,1.764015505644654258e+00,-7.788133287320882225e-02,1.763046425895029801e+00,2.638036725869647992e+00,-3.383077658387170783e-02,3.749515454588128738e-01,-9.751065300235230993e-01,9.587236387531291593e-01,0.000000000000000000e+00
-1.201621972071953426e+00,-3.054553474849397987e-01,-4.333902153999594775e-01,4.247179036252771156e-01,-1.372619871487446019e+00,8.885675767587633000e-01,1.470787188231588161e-01,-3.436077712978399257e-01,-8.251270337810634459e-01,-3.762865108542620129e-01,4.247450088558692438e-01,-1.309255813654117473e+00,1.088898357816064699e+00,-1.560889498639358663e+00,4.095924791634415474e-01,1.801143986385818296e+00,-8.424724531356665436e-01,8.477496282722964960e-01,2.019164138884718129e-01,2.438957363589039140e+00,0.000000000000000000e+00
-1.280123949607316458e+00,1.564895823898868610e+00,7.004780723730994474e-01,-1.136917243702574298e+00,1.640899619967000830e-02,8.308046870074146106e-01,5.338280830735248061e-02,-1.365939580042468071e+00,6.910749133655486043e-01,3.021193285671925910e-01,1.423139348120398440e+00,4.366484211797418136e-02,7.881274857202926754e-01,1.324859096548727522e-01,2.559920822605673330e+00,-1.779405991768752762e-02,-2.065564285353207463e+00,7.574252543758166478e-01,-2.064880040301931619e+00,-7.034573688056497964e-01,0.000000000000000000e+00
-9.935853710778290437e-02,1.001823037848025510e+00,1.912029373934534204e+00,-1.729321213106770339e-01,-6.215733538465393337e-01,-2.140344586089584777e-01,1.004343542686953361e+00,1.026246379276398502e+00,-2.918346770953407776e-01,-9.404235582978722752e-01,-1.494765724465673795e+00,-1.904000449621549157e-02,-1.414903463355644764e+00,-1.603049662739266301e+00,-6.661697128803730772e-01,2.614363829007066986e-01,-4.516149290511389247e-01,5.907883217135703191e-01,1.472701581509036961e+00,3.286490541396442366e-01,0.000000000000000000e+00
-1.112405246707111051e+00,1.647416943773391429e+00,1.503655410650837299e+00,1.077474348670752063e-01,3.465628982596160035e-01,-1.454153774301559343e+00,-1.418828889679307981e+00,7.399434060889306108e-01,1.501357237705162939e+00,-1.943630497743780605e+00,-1.075434114594294721e+00,-6.587357543947089944e-01,-2.981344219127082806e-01,1.039225545650048987e+00,9.318206162643976054e-01,2.469233695504654824e-01,5.474389998852590145e-01,9.661619581211711161e-01,1.258616022383565181e-01,-1.294111093306780758e+00,0.000000000000000000e+00
-1.004225209155223952e+00,1.377830165526288397e-01,4.490135441181585252e-01,-4.401033983711958308e-01,-9.595284377196509895e-02,9.114044940795303917e-01,-1.336771645730799429e+00,5.659916107649912709e-01,-4.138974489354744213e-01,1.593914471987209147e+00,-1.454240393602318049e+00,-6.530895982571515157e-01,-1.852783550344603514e+00,2.427344833388761725e+00,1.668074748655106854e+00,6.877647121258227692e-02,7.031623818368315515e-01,7.110652729006435024e-02,-6.108476617428359318e-02,1.342024588401528495e+00,0.000000000000000000e+00
-3.263010692293433768e-01,-1.070278957578630452e+00,-7.574843446912314926e-01,-1.166244641852760999e+00,-2.804117284887855277e+00,4.897200148262129127e-02,-2.968861466834895046e-01,7.740128758960603816e-01,4.405442085253836182e-01,1.797411287575484129e-01,-7.881892513934010136e-01,7.205617209808251600e-01,9.136173472069250012e-01,-1.531122404647839552e+00,-5.624255281208462298e-01,-1.636978804642156560e-01,-2.937548634612814347e-01,-5.749563183439194702e-01,1.604955255110431800e+00,4.739647641081318197e-01,1.000000000000000000e+00
-1.526046190752814669e+00,6.774647374152779067e-01,7.380623465012944306e-01,-4.164069477700491073e-02,-1.760256729396499353e-01,-7.806267879484676264e-01,3.519272522946277348e-01,5.247209441981108557e-02,-5.163538022472766720e-01,8.297758277445275166e-01,-7.313916904423006793e-01,-1.750365495108932246e+00,2.983543012912122094e-01,-8.233532133844012613e-01,2.233091331427077553e-01,5.200708650402706690e-01,1.300907955617152389e-01,-9.301198370847407748e-02,1.005242204218323998e+00,2.489457321422040348e+00,0.000000000000000000e+00
-7.963551999742339849e-01,1.536539408336490969e-02,1.209437607795992964e+00,-1.094978808530629177e-02,1.380075919614257796e+00,8.470905118971451264e-01,-1.039330060925259369e+00,7.925515033795947906e-01,5.679163564029280353e-01,-2.603004417466182052e-01,-9.071648841761547066e-01,-6.715161356112716584e-01,-1.032807700589476879e-01,-1.278557854931429816e+00,-8.735965304876699977e-02,-2.264283109932783145e+00,-8.477043594666063830e-01,2.676734033533448298e-01,6.167217915303095932e-01,8.255685023074814666e-01,1.000000000000000000e+00
-1.579441195673945281e-02,-1.658894148526024459e+00,-7.386832534270693085e-02,8.411619878104621417e-01,9.983804508566316294e-01,-1.451231483074402195e+00,-1.806696622864655266e-01,4.475460994556087480e-01,8.904516182283620518e-01,2.263899233248661547e-01,5.905318544961331018e-01,-2.228497538410920242e+00,1.494154885407996014e+00,1.013167906185568956e+00,1.311715421719533703e-02,1.235789265257534186e-01,7.513372724606612874e-01,-1.099607827395052473e+00,3.918230176441254708e-01,6.573303665778402749e-01,1.000000000000000000e+00
-6.175097771293520665e-01,-8.339010494834666609e-01,9.622871851427400314e-01,-1.956688033798313908e-01,5.522826121693089618e-01,2.517674540549061368e-01,-9.162461617633882449e-02,7.602214152323567321e-03,-6.556621838909078015e-01,1.154280881681738036e+00,4.358974971607623150e-01,6.099005616850676770e-01,-1.839296035221678505e+00,-3.726628701153739676e-01,-4.984705675481710396e-01,1.244474330655802874e-01,-1.308307451081338835e+00,8.976655345579349632e-01,1.988134911238666758e-01,-1.710672281404132522e-01,1.000000000000000000e+00
-2.235469288953019440e+00,-6.888066046017600197e-01,-5.645096608198009180e-01,-1.041846148666351723e+00,7.567727024671095926e-01,1.603189931260260437e-01,1.589100795338190597e+00,-8.840523450397181904e-01,-4.436418643128185457e-01,5.702014324990648531e-01,1.283308714744426648e+00,2.158677736012104109e+00,-6.972115536242983191e-01,-1.151717757227220806e+00,-1.115499339939572732e+00,-9.019032091640791782e-01,7.496758124715831029e-01,-1.654114089979495050e+00,1.151866138533990336e+00,5.774079302323615881e-01,0.000000000000000000e+00
1.488118790948237402e+00,5.279855129148672971e-02,3.772717126871485416e-01,3.297471605575569287e-01,5.920641194458891032e-01,-6.882981934924605749e-01,2.379172194311269806e+00,-1.950966204646116031e+00,3.369518715854782354e-01,-1.254477977894100649e+00,7.681638973336717413e-01,-1.508642657150675581e-01,-5.013863687704196437e-01,2.500627993221810730e+00,-9.326095338728220829e-01,7.615654311105026775e-01,1.746243070574239331e+00,1.295650047815854800e+00,7.155559797705313141e-01,6.567703472085050231e-01,1.000000000000000000e+00
-2.907661513229435890e-01,8.801560927906496579e-01,1.268811653525278249e+00,-4.396743109692687890e-01,1.292824827360592899e+00,4.306451213117403753e-01,-1.347030308097997842e-01,2.522968274879211048e+00,1.204100789370925684e+00,5.859470924035841133e-01,1.301964885394089888e-01,1.621739988010617931e-02,-1.061748425879496915e+00,-6.446631681620977883e-01,4.453296257508100875e-01,-5.641453215559550510e-02,2.376492682315215710e+00,3.659504890743142669e-01,-2.261254007807421473e+00,6.465565129653241261e-01,0.000000000000000000e+00
6.061849472024026797e-01,4.592952371558102209e-01,8.514991205459717660e-01,-1.131434515651155603e+00,3.418522263436020170e-01,-7.185836509867381261e-02,1.793698109193375245e+00,1.690399636210328627e+00,-9.649808729505313654e-01,-2.070128960139882290e-01,4.701515026577573475e-01,-7.789894962511673127e-01,1.106168018076810311e+00,1.469129844845361126e-02,-1.231000048392114854e+00,-3.801342580220241629e-01,1.468039503819945357e-01,3.097153678051187686e-01,9.204955037865319989e-01,6.117039547440082936e-01,1.000000000000000000e+00
1.099634601008856016e+00,6.097150368457939784e-01,-1.857418472416327848e+00,1.849804516185845349e-01,-1.707858508762096772e+00,6.117730780220245190e-01,-4.205297751717378407e-01,-1.120075410851911757e+00,-5.256181737859643155e-01,7.370927826797276650e-01,1.083257783256866696e-01,5.454629167760051134e-01,2.133010010280332880e-01,-5.149452795190798682e-01,-2.444224053142631248e-01,-4.546294740083333674e-01,1.467667494067615985e+00,1.098066532357562686e+00,-7.206971292020183384e-01,-2.794530619044691022e+00,1.000000000000000000e+00
-1.932470800591292504e+00,9.894059947657932730e-01,-4.383264535923885874e-01,7.764934943721133465e-01,-9.156916198959909048e-01,-6.128935484801544264e-01,3.658985192962539434e-01,6.546468160302839623e-01,-5.686877237788779960e-01,-4.056970665031241485e-01,1.878449303980494367e+00,-2.695753148220980666e-01,5.342735296026616121e-01,-1.787501938935142975e+00,1.604016761503074928e+00,1.098450387496628933e+00,2.140085767384299897e-01,9.178881965860958836e-01,-1.240844268721742027e+00,-7.824611819821070124e-02,0.000000000000000000e+00
-1.326641240114081244e+00,7.743154056777107330e-01,1.801035237796676070e+00,1.047095917375300944e+00,-1.670712724404796790e+00,-2.642596650213416623e-02,-2.659333223724812956e-01,-5.447196977442525512e-01,8.600383957256869660e-01,-4.879090251709333054e-03,9.592439136414357415e-02,-1.309453766344859771e+00,5.337389131022610700e-01,-6.810969406268689852e-01,-2.613051564766142865e-01,2.150172549347055262e-01,1.933826052247098692e+00,-9.791250334987116055e-01,-1.106269108379891009e+00,-1.495301077188147199e+00,0.000000000000000000e+00
-1.478576886572999516e-01,1.811269171885281581e+00,9.372712073419855461e-01,-1.820483961610707802e+00,-1.191147417302666378e+00,5.148213017960635574e-01,-7.932058085455957475e-01,-7.486007846088302831e-01,1.216186124756570175e+00,5.172023693043618087e-01,1.417228313295765263e+00,3.312834491098646694e+00,-1.385122923272875228e+00,-8.451534451546299787e-01,-1.751105805110526603e+00,3.393822417758710630e-01,-4.135570786247569353e-02,-1.653281270034311135e+00,-5.027369154573867460e-01,1.402319048640468635e+00,0.000000000000000000e+00
4.869952180644117612e-01,1.471840518382711849e-01,-2.735580243990051175e-01,-4.637769983808752716e-01,-9.709837369842784227e-01,3.089424058394137362e-01,1.095718139255455803e+00,-1.636226130162793613e+00,-1.818101742849889402e-01,-1.397556741717292272e+00,6.761323517600162925e-01,-2.972329122068505525e-01,9.938111297748152273e-01,6.212793194738462921e-01,6.000262788886930876e-01,7.403596584987814921e-01,5.835404318648853422e-02,-4.046855140425728581e-01,-1.288784127881463570e+00,8.895691149901510109e-01,0.000000000000000000e+00
3.585779383328767111e-01,-1.027145825446455829e+00,-1.397261479901051318e-01,-7.049091150350436097e-01,-7.291691877279165013e-01,5.437931778275653660e-02,5.273535454468476491e-01,6.603181885796172157e-01,9.171924622291178775e-01,-1.176047010370482315e+00,-3.664288679269401411e-02,-4.183039432772490129e-01,-8.779147081382294715e-01,6.316729021149335432e-01,1.650210213394210701e+00,2.712269087210519292e-01,-1.366587304284115678e+00,3.799078878390130254e-01,1.442260390064215247e+00,-6.559877671192755333e-01,1.000000000000000000e+00
-8.731211466562219248e-02,-1.276667464947129460e+00,3.822396709549920057e-01,-1.082685516399479297e+00,1.244397906529447345e-01,-3.704212806542393488e-01,-5.120333132208868543e-01,8.825533135501610893e-01,-4.174247253365648835e-01,1.768644836024349798e-01,-1.039209048995492823e+00,1.845065161113730756e+00,2.579276937008354587e-01,-2.259605438984153281e-01,-1.778116084678105502e-01,-4.273629414206113752e-01,9.462251809575794592e-01,7.753481420365977428e-01,-1.893598834287949728e+00,1.334154310385005093e+00,1.000000000000000000e+00
-6.842701225670726473e-01,6.224074703368739359e-01,1.153118309693809129e+00,-1.258467201052788642e-01,-8.116137256807940403e-01,-1.166792316409810182e+00,-1.206586565097657937e+00,5.576421515973662979e-01,6.199599709745384768e-01,-8.838415143157597464e-01,-9.069901765089753987e-01,-7.888263575148970475e-01,1.848604037008325374e-01,-1.080035804473116423e+00,1.406350025086498812e-01,1.808738091445694085e-01,-1.784834226797795687e-01,-2.050672104933035644e+00,-1.094429077989905963e+00,-3.902474403441830719e-01,1.000000000000000000e+00
6.009795095275993759e-01,-7.244657063580151046e-01,4.681509740524686380e-02,-9.653376163724877168e-01,8.707176433828929252e-01,-2.373966423087285893e-01,6.100062942669556287e-01,1.427029837751455643e+00,-1.371085780164938761e+00,1.507017805401826838e-01,-7.655044528626122613e-01,-2.703666701699204200e+00,-3.927779973974160899e-01,-4.320281814311488500e-01,2.003748471244889279e-02,-3.834295292664574029e-01,-1.766116196136296113e+00,4.256892163066723356e-01,4.674745302030648419e-01,1.496580695965921581e+00,1.000000000000000000e+00
-1.614547857682784526e+00,-2.923387003524437894e-02,-1.008654170866581934e+00,6.671535340614095366e-01,1.773466536848543162e+00,-4.914274011772954975e-01,-3.137286416758058305e-01,1.044044600776127929e+00,3.014157398317046654e-01,1.022365131266196991e+00,-2.623176556421481509e-01,-1.195013369994033514e-01,2.210095841440161690e-01,-4.821485849728191497e-01,8.649073591226225100e-01,-1.261157988717514167e+00,1.085122472251696113e+00,1.395823491235589575e+00,-1.920216943756649641e+00,-1.846450016594846977e+00,0.000000000000000000e+00
1.417538062919474484e+00,-1.541620507436576082e+00,8.010485123513497729e-01,1.132774804961166115e+00,1.491783153003791162e-01,-9.464674273993267661e-01,8.950135264571912330e-01,-2.163839325656784218e-02,1.895215468019494434e-02,-1.744984478379012272e+00,2.731499583745469750e-01,2.920390178916549284e-01,1.104359830294375566e+00,8.588553177282947093e-01,5.810788734783822740e-01,-1.228466744724495546e-01,6.524753518786737816e-01,-7.563695431313235407e-01,-1.071547068284774307e+00,-6.726289145486222809e-01,1.000000000000000000e+00
-1.009964358792718592e-01,1.470578177701452827e+00,8.034475354422806470e-01,1.563829040176098140e+00,-1.112647557936532472e+00,6.773174935965253773e-01,5.340695091660672134e-01,-8.833190997080202500e-01,9.478414988756340698e-01,-1.273278537150769774e+00,2.009905395589050237e+00,1.555822095042932673e+00,3.810185906493478991e-01,1.192784618782934070e+00,-4.689010569782637305e-01,1.543050827453103624e+00,-1.299425749661221874e-01,1.245005066554790485e+00,-5.503774855014159639e-01,-1.288671692509986977e-01,1.000000000000000000e+00
2.769596608578203112e-01,1.793505936349832908e+00,4.476004285093350687e-01,5.054849025099557025e-01,7.047034138885821530e-01,-1.929086740748100715e+00,8.390463084098428448e-01,-1.314187076145641120e+00,3.931600453041131371e-01,-8.584662527895050577e-01,-5.299184290315115398e-01,-5.109521883200032200e-01,-1.140259463699323073e+00,-1.177887216031648032e+00,1.358159959357415181e+00,4.725709762384559531e-01,8.772342654338820545e-01,9.613267492410604298e-01,2.480028696315150771e-01,-7.780107519329355625e-01,0.000000000000000000e+00
2.115106463657001168e+00,1.002852655573509777e+00,1.530942224042752153e+00,-5.885460820661323478e-01,-1.491198906261340218e+00,3.043255077485805815e-01,6.726844219779728462e-01,-5.754749745027198937e-01,2.470464121650647188e-02,-1.946445430932614684e+00,-1.377519807746494962e+00,1.232391292683453932e+00,1.475733069353110938e-01,4.657888839961700778e-01,1.986862909966683244e+00,2.698075007613828902e+00,-6.549712314599628327e-01,-5.186793167475263200e-01,1.098397530503270186e-01,1.451160528073345279e+00,1.000000000000000000e+00
1.892568694434066501e+00,-5.804302574775804802e-01,1.035322013998238200e+00,-1.212233075410787286e+00,-1.348337262155848482e+00,-2.368148038703711544e-01,-1.614757152355250636e+00,-1.572335696689913243e-01,-2.476496418019871637e+00,-5.720974040371730185e-01,1.886846183026795742e+00,1.830718702952620069e-01,1.058694565823527389e+00,-2.821765135539585079e-01,1.880590086526327531e-01,1.517922857492222333e+00,2.757367071087258648e+00,-4.177648307020487284e-01,1.132619325434172763e+00,1.210458581051347265e-01,1.000000000000000000e+00
2.342097619623392107e-02,-2.711780637892521884e-01,5.467806228909340982e-01,1.206260317915356817e+00,-3.024496316574476831e-02,-1.471053706702941388e-01,8.074326762037401517e-01,-1.223080104174595117e+00,-8.586370163709554637e-01,1.279361191529685415e-01,-9.495586833841037633e-01,-1.552878802028719862e+00,-2.245625779170989489e+00,-7.483336264680152672e-01,1.055246369690464835e-02,-1.248006028535193268e+00,-6.379353008614823128e-01,1.556262576673026476e-01,-1.265535961760935468e-01,4.607514349855515445e-01,1.000000000000000000e+00
-3.018483279059070434e-01,-4.268762965220992966e-01,-4.258172183115028764e-01,1.312665219482388179e-01,-7.514928908504704685e-02,-8.352363192901297584e-01,-6.717151414725368586e-01,1.103948227589817976e-01,1.008678275023199733e+00,1.050514297187242985e+00,2.351934030795213459e+00,-1.530932773911081624e+00,-8.923866761120633484e-01,-5.004591112661419539e-01,7.680860480699630566e-01,-8.284179084037367469e-01,-1.614466528112418753e-01,1.681385824453896838e+00,-6.210322269609785950e-01,-1.388011995914655516e+00,1.000000000000000000e+00
5.567055072145465910e-01,-1.287036249850637581e+00,2.119955775013794841e-01,1.184076882367073091e+00,-3.289752922808701352e-01,-6.749795950609600581e-01,7.814490969539548137e-01,-7.514056434971339016e-01,-2.678261487504780547e-01,7.220577860846666418e-01,1.782174975198785205e+00,-1.357910809161749333e+00,-3.203643753058902921e-01,1.258694411746478226e-01,-7.938254250364105147e-01,2.077682463201214746e-01,3.211825277716905645e-03,5.464124514429674617e-01,1.133185716119394559e+00,-4.837519922916930226e-02,1.000000000000000000e+00
-5.908178888250800176e-01,-1.820624517499859762e-01,7.487094573390569163e-01,3.765564674504204290e-01,-1.036618903911445677e-01,-1.766355297801460722e+00,3.773339777418511232e-01,2.590536582482403372e+00,2.892489942094153554e-01,-5.846137632248150050e-03,1.683509419958097331e+00,-1.348664710522000432e+00,2.904614999000804110e-01,-1.747078120952145319e+00,-8.429001232186933423e-01,-1.092833540961438921e+00,1.831708974713724736e+00,3.182995256998791822e-01,-7.991710576703501268e-01,-3.890841963593730801e-01,0.000000000000000000e+00
-5.393075762335395318e-01,-1.813937618833787457e+00,-2.124483261784871069e-01,-3.729214755121160185e-01,5.692736077186594246e-01,-2.172936711525793818e+00,-9.076916509364340024e-01,-1.494706975248929703e+00,-5.136123884203237511e-01,-2.328806877599249869e-01,-9.474579428222564825e-01,-1.276182494401835177e-01,1.347908611669223822e+00,4.633437727702091058e-01,8.600002240937441034e-01,2.434431681906906064e+00,-1.028886893506644890e-01,-8.937638959963490892e-01,1.439611543492356649e+00,-5.493661359751390583e-01,1.000000000000000000e+00
3.895744592832784403e-01,-7.541480119989445452e-01,1.908010708745568329e-01,-3.466273137939599458e-01,1.380053972811186025e+00,-2.823744310354707188e-01,8.782933409791443546e-03,4.349326746536311683e-01,1.026237756245508059e+00,-8.538013578902026168e-01,-2.235783141968799903e+00,-5.897222752724808892e-01,-2.555650105663357596e+00,-1.236943664004209298e+00,7.605457360422841484e-01,1.097721153606971978e+00,-5.664494169881667540e-01,-9.447007127836886120e-01,-3.902602570348419619e-01,-5.510605184804983070e-01,1.000000000000000000e+00
-1.440227056722497290e+00,2.690678350404346331e-01,-1.234530775988041729e+00,3.612466744249562822e-01,3.900928667409426231e-01,1.529178923775763810e+00,-1.735141192081598893e+00,1.169825099008714231e+00,1.293089770267396021e+00,1.633663465729323860e+00,-7.209550663390608127e-01,-2.200851368922706275e+00,9.820171982210424977e-01,8.873685058146776328e-01,8.357902567608969102e-01,4.404808701192538534e-01,-2.999909928431412909e-01,-9.113045782198714306e-02,-4.480207060771408956e-01,-1.891052649795415264e-01,0.000000000000000000e+00
4.035559386103937940e-01,-1.381065378331716387e+00,-1.948736164769400148e+00,-1.452756570216345411e+00,1.968192773396839346e-01,2.713219360411088243e-01,2.360407901568435940e-01,1.485383678780357375e+00,-6.771572579631195410e-01,-1.495257792860493762e-01,3.259305380021812470e-02,1.193636648719450521e+00,-5.270659381314118930e-01,-5.528366579196739572e-01,-2.225540178617110953e+00,5.493911729893837803e-01,5.040470079010408444e-01,-8.459279390372378415e-01,1.227191555721130811e+00,2.541313834483496792e-01,1.000000000000000000e+00
5.176210940971707197e-01,-5.739829519573642624e-01,1.806292871381926401e+00,2.194430217327443533e-01,-9.743013459105763774e-01,1.393189057754581073e-01,7.794532952301354012e-01,-4.325222170022204327e-01,-1.205529478520819930e+00,-4.210370461601005143e-01,-1.990063706242409247e-01,8.966240024949071463e-01,1.613236375668711253e-01,2.144547189009643251e+00,1.224034072583539912e+00,-2.442144364287412994e+00,5.783963515234643582e-01,8.331848545952357243e-01,-5.086046567045152678e-01,-1.206585804393687233e+00,1.000000000000000000e+00
-1.263864031066660010e+00,-2.249599845228396067e-01,-1.440900837294088355e+00,6.331525669215075369e-02,1.427677255127998701e-01,1.482481018060158195e+00,6.486070356975541795e-01,-1.002126480710647805e+00,6.936729752682633254e-01,5.425964535563938540e-01,-1.298326020444490414e+00,6.514194088999434307e-01,-6.609774465059409243e-01,5.388449416038877393e-01,5.900259794139701280e-02,1.445403325845991738e+00,-1.966982501417554319e-01,1.557446331263242056e+00,-1.991123652854768000e+00,4.202288340560470653e-02,0.000000000000000000e+00
-5.230616846567511802e-01,1.301107836756599800e+00,1.090217020272022497e+00,-3.811374948654638883e-01,1.416109260135809400e+00,1.224181426465101197e+00,4.429904924911532427e-01,1.132772069379512470e+00,-1.328529269187701756e+00,7.675622994913683383e-02,1.281560868405628995e+00,2.869496598550421718e-01,-1.968204364393149330e-01,1.703075908632575519e+00,-6.631107577634564043e-01,5.919978271167271044e-01,1.541013720142176968e-01,1.211664511221586943e-01,-2.028141110422377213e+00,-3.659749472829791905e-01,0.000000000000000000e+00
-6.649538696458050513e-01,-7.114132147229987879e-01,-9.948687145242278707e-01,-1.286700378959146351e-01,-3.646357257857695822e-01,-1.751042924426089220e+00,1.557440550930247469e-02,-4.033693841236972166e-01,3.276143740939293503e-01,9.899002775491920481e-02,-1.415018926803490507e+00,6.861229449143455561e-01,1.162169433894054249e+00,9.555193656877839503e-01,-7.022886207493197475e-01,2.289561487374391913e+00,-1.772615141722164722e+00,7.722314910214229666e-01,-3.311520383549185209e-01,-1.191713568211360430e+00,1.000000000000000000e+00
1.683738044214406093e+00,-7.062796722597339816e-01,-1.475963552796145661e+00,-7.077795195535163675e-01,-6.739610171095380964e-02,2.314313024603808611e+00,1.025069635117616951e+00,-6.344243743691319048e-01,1.146676561535831196e+00,8.173129217749680597e-01,-4.261082612336358766e-01,-1.051478791138520830e+00,-5.735351327784093955e-01,-6.796646018149132829e-01,6.664539611068001079e-01,-1.367006428905727988e+00,-2.461322839972127863e+00,-1.035056902473113355e-01,-2.125320414401179914e+00,1.717906055650692820e-01,1.000000000000000000e+00
9.189403169275249528e-02,-1.083621897053666849e+00,5.094783392549920853e-01,1.289912514153056966e+00,-3.866817283926447524e-01,-3.793902215554025847e-01,-6.042166938366126949e-01,1.599332679634879739e-01,3.375350813747448608e-01,5.972069220264892841e-01,-2.218667277598276033e-01,7.518746443005435154e-01,-9.091357702486460579e-02,-2.242340143676100073e-01,-2.403148705282945607e-01,1.906450161155832879e+00,-8.857453337473669697e-02,-2.735381249786137392e-01,-9.390122191328936774e-01,1.168974419341141990e+00,1.000000000000000000e+00
7.599696175302296242e-01,-3.894601944973211105e-01,-1.436832251491975576e+00,6.394529127293769877e-01,-2.352259113833434778e-01,2.271043977099989064e+00,1.569231301397666201e+00,-6.415867237937373790e-01,1.922889398094830213e-02,3.205769148698671689e-01,-4.013929163545806866e-01,-1.005468385753213179e+00,-1.213882395345233567e+00,3.489960295049896466e-01,5.298817902887523745e-01,1.148248107370834381e+00,-6.262194795256158519e-01,1.649916420913284831e+00,8.577161293177304469e-01,-1.832240238698853219e+00,1.000000000000000000e+00
-2.261711036999064228e-01,-6.211597956562131539e-01,1.493681516595753989e+00,-5.820832047763080386e-01,-3.185896853713764409e-01,-1.141873906273498385e+00,-1.780186667795810029e-01,1.416123077797588170e+00,4.880234330787679431e-01,-1.661111207645557863e+00,4.073799109238650518e-01,-2.171703358195972378e+00,-1.926366592354882501e+00,9.519459713348304986e-01,5.934537245187279653e-02,5.210928458662218432e-01,1.466471375330777649e+00,1.204870977325848358e+00,7.208602229348044510e-01,-1.320801377113115394e-03,1.000000000000000000e+00
4.434489103537674337e-01,1.804160616718029631e-01,1.300707764888082485e+00,1.248732816480864621e-01,-1.489393656180789116e-01,-8.180963041694127025e-01,2.796686567333855344e-01,1.245875583303770462e+00,-6.918251651694656834e-01,-8.721375927148257157e-01,2.087576658579683109e+00,2.845013478665984197e-01,-1.104734609922752631e+00,-1.044527900072724114e+00,8.514165737327465955e-01,4.840278169210772696e-01,-3.203060993068156392e-01,1.643940385953012173e-01,1.266846896169347980e+00,-1.641861289167295679e-01,1.000000000000000000e+00
-1.331465541230667959e+00,2.828675895757701286e-01,-1.291011060969756263e+00,2.622348943467446292e-01,9.254757312345573972e-01,-3.792183389955217088e-02,1.692384972460587500e+00,6.796347855197228949e-01,-2.941858689530859050e-01,4.259483128185116430e-01,1.903364042493043418e-01,1.385403767389496721e-01,-1.018428218613719904e+00,-1.160577827231325410e+00,-3.741671020590027763e-01,-1.401104891699709531e+00,-6.838961808810054555e-01,-1.173448678537634571e+00,-4.010516823628280658e-01,-4.495825617814983022e-01,0.000000000000000000e+00
-1.775732640448095756e+00,1.479342536047074663e-01,-1.038033970434552034e+00,7.760298360416141294e-01,1.889659928516380094e-01,-3.682563774083093544e-01,2.525297734305619990e+00,6.827329676005399195e-01,-8.500553187534144461e-01,-1.450475409933969229e-01,-2.210379099769923805e-01,-6.181754249340625229e-01,-2.107151532460178889e-01,-7.780777065229923517e-01,3.382363956414345396e-01,1.865154117311623172e-01,1.643307452699269033e+00,-5.194465017066216550e-01,1.262585222328705736e+00,9.317611508652590135e-01,0.000000000000000000e+00
-4.494228163116418262e-01,1.246082575120619040e+00,2.168800490583663587e-01,8.525931793455853169e-01,6.334457980237807873e-02,7.275116223126045778e-01,1.131223342048190306e+00,3.035553514184814450e-01,3.555089145318904853e-01,6.309816143871666005e-01,-6.962369097505388682e-01,1.181165758040579439e+00,4.746156285697165633e-01,1.158951847373886679e+00,-5.289816941895529867e-01,4.615875860092874539e-01,-8.098784218766327259e-01,1.935314936397097563e-01,1.680893944143955654e+00,6.736486026400206883e-01,0.000000000000000000e+00
-2.043754056490485749e-01,1.607681120234491612e+00,1.340445260050505960e-01,-2.420731143617992354e-01,8.268341691554141615e-02,1.697955190924818059e+00,1.561308125012596804e-01,8.677238147662594825e-01,-1.184986885052192296e+00,7.714602844243090285e-01,-2.912042610175531454e-01,-1.428066651241013674e-01,-9.963036441791091047e-01,5.612370278503018284e-01,-4.144573840862374181e-02,-2.419060096163031248e-01,-1.124473898916916070e+00,8.175297137966608396e-01,-4.905103581585490979e-01,-3.825075270701939756e-01,0.000000000000000000e+00
-9.026174330627649844e-01,1.462926141377874023e+00,-4.752777822476471625e-01,-3.047126524392242963e-01,1.087729544469863419e-01,1.843180635094054720e+00,1.693661696829317498e-01,1.092526697241987366e+00,1.739910322950890764e+00,-4.127700759143390630e-01,-6.320651776889455453e-01,1.801434252136491887e+00,-1.968012581436452968e-01,7.722380305589537919e-01,1.305408080263790405e+00,7.049173353644757611e-01,-4.801108063603442555e-01,-1.136602498286032326e+00,6.116917223446021179e-01,-1.109068872659593641e+00,0.000000000000000000e+00
8.744318363506828895e-01,-1.354627570011519344e+00,-7.098453255271042206e-01,9.896946274076767747e-01,1.420367423657317385e+00,8.878824789332090406e-02,-1.539431063036981406e+00,-4.303233225502498538e-01,-2.275264695908051638e-01,-5.369344272721583433e-01,2.032189985839982338e+00,-2.325213512088822876e-01,5.102931924757192483e-01,3.512391478339423889e-01,-4.058086649105070026e-02,-6.797474915740595591e-01,-1.583363728308058993e-01,3.096120551747892358e-01,2.688059424466090475e-01,-8.318157363118161562e-02,1.000000000000000000e+00
-4.725135775817619344e-01,4.561790320845937052e-01,-9.548048710544211337e-01,4.998084257672125719e-01,2.413405749856902816e-01,3.247052861031463622e-01,-8.292791466138459411e-01,1.857700381162047665e-01,9.237219928020803383e-01,3.687040416811918631e-01,1.713327149276226313e+00,-3.853444528932192803e-01,1.700203378526641940e+00,-2.284008179116768567e+00,-1.040878624688767351e+00,1.099648231930256737e+00,8.310448484901522548e-01,1.081955595170101647e+00,1.008697220048008214e+00,8.996422867010911428e-01,0.000000000000000000e+00
1.510451661924031797e+00,-1.178775227632732792e+00,3.934537424717201026e-01,1.784897074070482148e+00,1.962485794048678622e+00,9.576893006149897469e-02,-4.868498103194230930e-01,-1.483890531322327733e-01,3.192835108155964163e-01,1.415073307664294289e+00,1.233243326117766658e+00,-1.282413038463827260e+00,-5.346283169590130280e-01,-4.701781557092703512e-01,-9.208554995748957639e-01,-3.141086613648966797e-01,1.056305866047071218e+00,-2.869897293284077167e-01,-1.018002533075648142e+00,5.970803517680978167e-01,1.000000000000000000e+00
-2.000328369587902166e+00,9.847891692212712433e-02,1.320785490023353326e+00,-1.487521205766302035e-01,2.416644774453190703e+00,4.215592930796233095e-01,1.395807463206258259e+00,-2.003491640631732906e+00,-1.275294066427371309e+00,5.258541520992365825e-01,4.222695462341833350e-01,-1.071455242400631613e+00,4.735288531956552971e-01,3.465066314314919627e+00,-3.216519335679605684e-01,8.659589781152243759e-01,-9.701113791316492430e-01,1.118256633531262700e+00,-3.775324336841808237e-01,1.395731903008467778e-01,0.000000000000000000e+00
-1.513691973207965447e+00,8.664479796877618822e-01,-3.042079775326764768e-01,6.955567273978403575e-01,-9.398148157465140429e-01,1.000734515877579112e+00,1.084750905363539436e-01,-3.228500410873073601e-01,-2.228833636476118540e-01,-1.141109800601464608e+00,-1.771083223478640001e+00,6.394387240090236846e-01,1.530022233295268430e+00,1.141850155357240881e+00,5.465156757637056328e-01,1.535177315039902401e+00,1.874965632344246791e-01,-6.715366395072693839e-01,-1.502982728208118290e+00,1.743424091726299419e-01,0.000000000000000000e+00
-2.301941032393504671e-01,1.235860140142891250e+00,2.044105191625288143e+00,-7.882873369513064832e-01,1.512531880511148952e+00,-8.373549327821444566e-01,-6.854953904613109161e-01,2.066514628000672982e-01,7.033408270614273372e-02,-1.651109120809528541e-01,1.341835453244329068e+00,2.660419491630274358e+00,1.017591965737452142e+00,1.161831284892352462e-01,-1.221806113357832180e+00,-1.219382842195710637e-01,2.192383868428357530e-02,2.473259377591963126e+00,-3.591639527693124112e+00,-6.931719573030228343e-01,0.000000000000000000e+00
1.097341687654102893e+00,-7.008519714921913613e-01,1.818026009157114764e+00,-2.175512790077094027e-01,-1.236388804879748227e+00,3.826248500055731694e-01,-2.901956548429220420e-02,-6.730944727283564299e-01,2.020780670042527483e+00,-2.020023438088332235e-01,1.653734956203094075e+00,4.059658658369494910e-01,4.500333159265019756e-01,1.465123907578730789e+00,1.833817336257143271e+00,-1.447549977708614932e+00,1.707870211987607689e-01,-9.248488081562721008e-02,4.395658958603931854e-02,3.650040845909096610e-01,1.000000000000000000e+00
1.874767595785906127e-01,-1.713677551412169653e-01,7.558565424325377480e-01,-2.110050091708308428e-01,-1.968110670568507803e-01,1.185337246207229800e+00,-2.727289586519990663e-02,6.369664651380378684e-02,-1.410207625328401715e+00,-9.279887117968148580e-01,4.037237946465422334e-01,1.606431474161582829e+00,7.023207756689334724e-01,-1.585541525274831443e-01,7.186123899306303686e-01,5.635371797489925338e-01,-1.177432426373823948e-01,8.153587408278410997e-01,-1.200388629036375915e-01,-4.407103693038185166e-01,1.000000000000000000e+00
-1.678246255011529020e-01,-1.626464516896437784e+00,9.655760305875612515e-01,2.129967005222974941e-01,-7.400460204751758697e-01,-2.588408901554489550e+00,1.685144978854752063e-01,-5.279510447693915726e-02,-5.993073055065989418e-01,-1.363734586488800637e+00,-9.852007092262280441e-01,-4.576538367127318541e-01,1.382621176508267213e+00,1.235008507015819434e+00,-6.665914732095674644e-01,-2.021635331877688291e+00,-1.677329147200851356e+00,-9.843376095556564120e-01,-4.868288768971302249e-01,3.837499434343175642e-01,1.000000000000000000e+00
4.345568042428932243e-01,-7.384407424113710317e-01,9.513764714976948866e-01,1.179813172827173517e-01,1.749890330482477274e-02,2.995664113664806560e-01,1.111811550172964180e+00,-4.427285259521213101e-01,-2.021804435786731080e+00,7.484769296312506759e-01,-2.185016881370720476e-01,-1.568795341223732986e+00,-3.541584651084271673e+00,-1.424417419943123653e-01,-3.840756587657631616e-01,-1.746100245071712687e+00,2.527216241219679693e-01,8.222037729760222485e-03,2.086555682160151193e+00,-1.052522099926505250e+00,0.000000000000000000e+00
-1.300325551570467031e+00,1.286194917150599526e+00,-9.287897370172192024e-02,-1.700085392130932238e+00,5.692924843459599288e-02,-8.043881211601442427e-01,2.128260013604521994e+00,-1.713578788858725610e-01,1.391773820925816807e+00,9.268132338149325244e-01,1.515949876888321057e+00,-1.613035726181909491e-01,-4.939628944048125581e-01,7.579521616657955430e-02,4.520649686284587965e-01,9.690662408027282959e-01,1.331061399171549642e+00,4.609244956982064823e-01,-4.316160064845827593e-01,-7.342726753045954180e-02,0.000000000000000000e+00
1.286439281943403123e-01,1.794208067228366232e+00,-9.852512972694957849e-01,-1.528673691144674551e+00,7.945953575207811460e-04,3.653615110442977598e-01,1.247218262311830861e+00,3.987263436478303280e-01,-1.124120688836006243e+00,-4.866830940669589038e-03,-4.226700672748260335e-01,-9.246344590839651600e-02,8.269924058577550197e-01,-1.016598557369998046e+00,-1.133798804806347205e+00,-1.893831592075338743e-01,-5.314716790096976062e-01,-1.220650996177612135e-01,-1.230275909015576402e-01,8.225288637365218980e-02,0.000000000000000000e+00
-9.232840793521244205e-01,7.140389784327597633e-01,-2.396952683862946520e-01,-2.596519644604570742e-01,4.309996674145760154e-01,8.505397615286574009e-01,-1.346675918022021579e+00,1.063970326638295827e+00,-7.334013973387998320e-01,-1.122767892350895913e+00,-4.300878896749512625e-01,-1.989577152576213370e+00,-1.773461630591748550e+00,-1.006188482683999519e+00,6.872251877794584018e-01,-8.263856225705924485e-01,2.520022521004787741e-01,-1.163655441597770956e-01,-1.564858209300094893e+00,-8.674723276041998998e-01,0.000000000000000000e+00
1.354944418763484315e-01,2.657027070995808815e-01,-1.097775776883229831e-01,-9.035876838615133910e-02,3.106123585809821286e-01,3.748767836931357067e-01,1.002390610646002767e+00,-1.924489119333130382e-01,1.256645611493888870e+00,-1.390403254132942301e+00,3.454435483570769128e-01,-2.519197255175758876e+00,-8.239787857764739876e-01,-5.081463221789864898e-02,-1.650783656036869163e+00,-1.050030553402987232e+00,7.802866208800617043e-02,-1.164703744943588415e+00,-1.282464514889702922e+00,-7.689557026088034153e-01,1.000000000000000000e+00
-2.093635277875869616e-01,1.546110719481147866e+00,1.307403990572329366e+00,1.600719569432005329e+00,1.523837003822266167e+00,-1.378931275915225019e+00,7.351977896972895499e-01,1.878839732324911749e-01,-8.202776988141666781e-01,7.656687320469345304e-01,-4.833170530855283586e-01,-7.434692898296028085e-01,-7.777161641317079654e-01,6.737171506800878618e-01,-8.669235802875794317e-01,-2.004202906692541253e-01,1.441634403130740871e+00,2.968342047401817951e-01,5.715806667805392038e-01,-1.368853923455403687e-01,0.000000000000000000e+00
-4.471071117590561528e-01,6.868833776554024162e-01,7.713604578110710985e-01,-3.412401328797761701e-01,-1.035955030362009088e+00,-9.252045740235336213e-01,1.060129844730226090e+00,-5.681755847597018683e-01,-4.923030871231072192e-01,-3.876685326404345489e-01,5.296491865969772395e-01,-2.291860458626443497e-02,2.148311114759036689e-01,1.360147908995955390e+00,1.895111454166712372e-03,5.878600434098972816e-01,-3.934412299956514536e-01,-9.931505838151636345e-01,-3.117452775108078833e-01,-6.424119458718203779e-01,1.000000000000000000e+00
7.801018279272750600e-02,7.263664856895843958e-01,-2.585572530753879938e+00,-6.517780247330742238e-01,-9.658675850862465939e-01,-2.127353398728517586e+00,1.104880776325119607e+00,1.040115300350299005e-01,-1.400092546956960504e+00,-6.018444819473258711e-01,-1.829475626057728288e+00,1.761755348760246864e+00,-1.396918883759756369e+00,2.564255741266011079e-01,8.514317214206931217e-01,-1.857723639905188850e+00,1.131979411896534948e+00,-3.273793810074707711e-01,1.080305553563918775e+00,-1.070354882184626266e+00,0.000000000000000000e+00
1.015326242329156248e+00,1.941469513755156029e-01,4.179890247982052109e-01,9.687345688144146649e-01,3.421613974789132484e-02,-1.273713561085283441e+00,-8.900695662204595113e-03,-2.805344559104399615e-01,-2.089710053518592403e+00,1.377260258478123056e+00,-2.065213560896882183e-01,-1.258947470464233664e-01,1.230227738776947383e-01,-7.362952178058796981e-01,8.032295394862802862e-01,1.151520635798715109e+00,-1.210088572578285948e+00,1.069689277623618873e+00,-8.572564348944262669e-01,-2.432263847887957964e-01,1.000000000000000000e+00
2.188313387517160178e-03,1.602516652009730036e+00,-7.316957174109889328e-01,7.722686449515453466e-01,6.182322686972262921e-02,1.476993316508472320e+00,1.207637521927357849e+00,-6.473880684083802572e-01,2.265635269158229603e-01,3.071010419129733826e-01,7.958492627315353340e-01,1.366969661769910305e+00,-1.345709368225986580e-01,-1.199679553070857718e+00,-1.025321112572677107e+00,-1.023174182023172563e+00,2.197690738084385753e+00,6.068790746585054352e-01,1.467455657544945113e+00,5.694120046241180066e-01,0.000000000000000000e+00
-2.914391746028739960e-01,-2.935673430472930390e-01,-1.538324256287601777e-01,1.760212463491433732e-01,-1.087340972314138898e-01,1.228947442880552465e+00,1.607393243688441276e+00,-1.796193909995672966e+00,-1.737466614150479982e+00,-5.905056756134255957e-01,-7.600006115790447492e-01,-1.901396690756001207e-01,-8.823381695283670778e-01,2.057009828130980031e-02,-1.660341081366061511e+00,1.224409170322159346e+00,-2.424113829569155776e+00,8.572560371650231881e-01,3.991350414512847000e-01,5.037505289650526796e-01,1.000000000000000000e+00
2.082474631691533240e+00,-6.370353173377184541e-01,-6.495189564842270835e-01,1.018301240614104763e+00,-8.656462612630059228e-01,-1.433116629556789645e+00,4.781036483483767641e-01,1.167468508622400369e+00,-1.316426943572452712e+00,-5.267270870272504624e-01,2.571746075441191381e-01,-3.665650989948407434e-01,-2.454117089175146926e+00,-9.745688884173714372e-01,-5.918121936776875591e-01,1.333734234774568650e+00,3.926443969642989806e-01,7.780335113922282053e-01,3.518098212755068621e-01,-1.797256120098394749e+00,1.000000000000000000e+00
1.823464098240530573e+00,-3.987976852855996124e-01,7.566627682630542306e-01,-4.663319434480953096e-01,1.536566708142348969e-01,1.978549190859915097e-01,1.005212562888698091e+00,-4.726325541503161309e-01,1.743137788352232542e+00,1.499131839263257326e+00,6.081384054540358575e-01,-6.616540793174920942e-01,2.068787155447454340e-01,-1.118197272613291160e+00,1.129163407952167852e-01,7.413159244013913796e-01,1.397872371109515566e+00,-1.086364763299795255e+00,-1.278324030995887650e+00,-2.075637291192804934e+00,1.000000000000000000e+00
1.276021229984819927e+00,-1.176646645838387739e+00,1.046512210549050526e+00,-1.936417954089206250e-02,1.173973756881289354e+00,8.706360827364125754e-01,-6.110395220334965405e-01,-1.676401841943635229e-01,-1.711932624114572921e+00,7.642947973812926898e-01,1.464319990288068363e+00,-1.302203132395994611e+00,-2.475374265464027890e-01,-7.712998492594757005e-01,-8.001573721798280747e-01,1.643581196045468706e+00,-1.424616727782798797e+00,-2.047223002728455032e+00,-6.683967915981541275e-01,1.072471330589672034e+00,1.000000000000000000e+00
3.997671000398761998e-01,-1.166792839211510668e-01,-1.029964895236814337e+00,2.171725769963812613e+00,-1.183458544989856032e+00,8.679217879092724353e-01,2.220242823157734247e+00,-7.989778233310413924e-01,4.295436984210800890e-01,6.592378982633680939e-01,1.157069342667138567e+00,4.708781730523499132e-01,7.999839756094038190e-01,-2.298158255126962202e-01,8.926341462791330672e-01,-5.459422782787863859e-01,-3.596239406607996125e-01,4.445075503540989459e-01,-2.450807502971011687e+00,-1.490241685874187594e+00,0.000000000000000000e+00
7.347833282026171586e-01,-7.546140198317634606e-01,-6.300123545157932936e-01,1.122840892077047625e+00,1.900934278463347393e+00,-8.980049499140514424e-01,-3.069409521162540511e-01,1.758763853755122897e+00,4.953315304841589550e-01,1.338243340581233509e+00,-1.446991230731830003e+00,1.204815497412697223e+00,7.900602951403435936e-01,1.170535377957330869e+00,-8.860956955302854432e-01,1.723705411611036631e+00,8.151919348413342314e-01,-9.940294065733760176e-01,1.397011812471894536e-02,-5.245429149729856633e-01,1.000000000000000000e+00
-4.760952393094343149e-01,1.470297403604158948e+00,-4.526833352439192382e-01,-5.791605389954859184e-01,1.543104295002564047e-02,4.874298661406710476e-02,-4.013040165774113266e-01,7.809382359078144153e-01,5.953163141497783833e-02,1.570856171539572466e-02,-1.941360345564439038e+00,-1.479808214926636722e+00,-6.881435798637941526e-01,3.353317176735162719e-01,-8.626998279414580528e-01,1.581496336419891735e+00,1.524589520274942100e-01,3.186560160751091830e-01,1.697197475850969195e-01,4.877286570831156354e-01,0.000000000000000000e+00
1.720695179512917450e-01,5.477150408276512117e-01,1.381342530401186597e+00,1.225152431893832272e+00,1.248929154749230053e+00,2.071980422311677117e+00,-1.152480097748641644e-02,-1.952299529170209991e-01,-2.406106474225872649e+00,-7.361227633684831462e-01,1.264610137618805419e-01,-2.592439614394475567e-01,-3.400073549690893482e-01,2.292423014083308230e-01,-6.430169252371628064e-01,9.891343601535161623e-02,7.993374241796972202e-01,5.294412543470018440e-01,1.337149171658186031e+00,1.343035998967749611e+00,0.000000000000000000e+00
5.566396052998320298e-01,3.734165090719579472e-01,-8.700079782498226777e-01,-4.416450532990022215e-01,1.560141718155535706e+00,-2.093188358730215803e-01,4.240586351042935354e-01,5.575656573679742545e-01,1.206318635790545768e+00,1.761676136500176959e+00,7.344960031295294511e-01,6.610067736293994134e-01,-8.311451530619849981e-01,1.437040237783421937e+00,7.083944297722550854e-01,5.463620222145862959e-01,-3.973271043185543361e-01,3.137541984357773983e-01,-1.271097049726963857e-01,5.357537133563536891e-01,0.000000000000000000e+00
6.693254819429065305e-01,8.555970299265714951e-01,-6.356616521719917756e-01,4.264950636684045615e-01,-2.626776805685240301e-01,1.330310189318013314e-01,-8.763630652958936951e-01,-3.090300091441362529e-01,5.908810639934622411e-02,-2.329211295832561979e-01,1.887659807533343059e+00,5.174742166654111575e-01,2.720062946710846696e-01,-3.303923827764751464e-01,-5.897933919504234623e-01,2.074218040871331326e+00,-4.406917658211554484e-02,1.509094846302230786e-01,-6.477894626431085490e-01,-4.840824795490727417e-01,0.000000000000000000e+00
3.836924904292529637e-01,2.449100853827479440e-01,-3.927212406535964817e-01,-1.555937658460299633e-01,8.549271047295962100e-01,-7.646790178397649962e-01,-1.643828904599263563e+00,6.119256285388885441e-01,-1.280341211308647420e+00,-5.999889067541259724e-01,-3.208121012362660229e-01,-5.443202894433769590e-01,4.677903196450814982e-01,-2.456353831995877202e-01,-3.964549893450422524e-01,-5.240036496172291169e-01,9.589612196154240209e-02,1.304767993400091086e+00,1.578195334191349275e+00,2.490966020516737212e-01,0.000000000000000000e+00
-4.503131985433036499e-01,-2.291033857063509427e-01,-1.198239043484054855e+00,2.855086752250807769e-01,-1.964147071425349084e-02,-1.320543316071047801e+00,4.038778551335229783e-01,-1.499824384891997653e+00,5.021800419417050965e-02,-9.830850643243890796e-02,8.050197727274461812e-01,8.845676453651691862e-01,1.091233647339654222e+00,4.951162332836520075e-01,1.808255434090302538e+00,-1.104054609322021152e+00,1.514389404107128634e+00,7.293222017224619824e-01,7.911571417411792373e-01,1.512438522855247096e-02,1.000000000000000000e+00
1.557968163915514070e+00,-8.410243965117190079e-01,3.204944047952992259e-01,-1.844666000264962857e-01,-7.542844551291554289e-01,1.036002605798977738e+00,7.278300131738748568e-01,-5.399917981354965812e-01,1.169577304309999510e+00,-7.298746398302765614e-01,4.960361552196024815e-01,-8.445894670481925992e-01,2.330354358339355170e-01,1.674671099534374707e-01,-2.419734056369066355e+00,-4.684421004452237608e-02,5.003730129757866414e-03,1.362663936193399650e+00,6.656126237046244842e-01,-4.034143241544943526e-01,1.000000000000000000e+00
3.126201324419478067e-01,1.931248939978682966e+00,4.962793578064963462e-01,7.044996079268929234e-01,-1.125144440225002374e+00,1.032963051868867499e+00,-9.763039503028039245e-01,5.334625385913949192e-01,-4.280513703192042052e-01,1.634838216935309285e+00,-7.262042094041212259e-01,8.247703227235858581e-01,-7.689540030840550378e-01,6.890126892435218808e-01,1.152471824323033189e+00,-2.764968312913920201e+00,1.579600101739520923e+00,7.645137262180734528e-01,-4.514377261186003354e-01,-1.190850478060643702e+00,0.000000000000000000e+00
-6.148096010126128386e-01,1.632293288899538952e+00,5.010926439565833723e-01,1.208484516588692603e+00,2.518974010558233112e-01,-3.433393409230467430e-02,-4.183339364187250303e-02,-1.802152452370815006e+00,2.790930732293656069e-01,-2.617590219758910153e-01,1.330189834027926565e+00,-5.806031822801125397e-01,2.509217231236338552e+00,-1.851046291558264001e-01,-3.125952124561757750e-01,4.479976724713967684e-01,-1.350507795542146505e+00,1.526391317207993259e+00,1.302840392585816742e+00,-1.957256057072848110e-01,0.000000000000000000e+00
7.333765372422398343e-01,5.595572513609967796e-02,6.949130757262617086e-01,-7.643736530995575151e-01,-1.937789181857204390e+00,-2.723220837239346825e-01,7.638966255224645119e-01,1.318839669357169564e+00,-1.031052373872689554e+00,-1.949766542007112413e+00,6.995355975373508395e-01,-1.292462377955160280e+00,2.270054562501628848e+00,6.615047593930929726e-02,-1.232498101043180361e+00,-4.828326565302201168e-01,9.055729926235972505e-01,-8.368451081937358094e-01,1.524148960805204345e+00,6.729502810095783216e-01,0.000000000000000000e+00
-1.026398789082099361e+00,1.211654160760990750e+00,3.505132373240650856e-01,2.435895198445530985e-01,-1.520726414143040439e-01,5.374285584476536926e-01,1.487689536771781507e+00,-9.800041523736157112e-01,-9.179784784391926689e-01,7.103150481629106894e-01,4.774459690148139535e-01,1.148136494340223690e+00,-2.010539176290086605e+00,4.198343002924635470e-01,6.058331519319197778e-01,5.816178799338355132e-01,6.173947232045968736e-01,6.491061419255308440e-01,-1.167225201685274522e-01,2.638969953031091276e+00,0.000000000000000000e+00
-3.985009490460729165e-01,-1.192688764102827204e+00,-6.575220222334349218e-01,-1.573136090893624273e+00,1.132732368778900156e+00,-1.805338568495379326e-01,-7.156289440193428497e-01,3.821922981465225577e-01,1.684213064051410580e+00,2.112993828024922749e-01,-1.216912956947779012e+00,6.448204123580187908e-01,1.559237124843058986e+00,8.160775715324796176e-01,-9.299679406040557428e-01,3.776234311318296122e-01,5.696827401885994763e-02,1.387164034332418971e+00,9.325962049382683361e-01,8.897086451519650163e-01,1.000000000000000000e+00
1.380106056353368027e+00,-1.271929123050255406e+00,5.060354651316796293e-01,-1.830571309557995907e-01,4.751712482874211052e-02,-9.545055226516231395e-01,2.679190740890148970e+00,4.971148913373091283e-01,-6.337159971156485216e-01,-2.467652298347988715e+00,1.391687371282106955e+00,2.555146308181166503e-01,1.947232496861335260e+00,4.428945343778807331e-01,8.540097000528579230e-01,-1.651151548484208753e+00,6.257517958797587099e-01,7.536983784463613389e-01,-8.269609461717150056e-01,1.171780913213530173e+00,1.000000000000000000e+00
6.894078314949634301e-01,1.002750393311899746e-01,5.176542591563236539e-02,-2.027691267378654294e-01,-7.485262965967852677e-01,-6.136959483926899273e-01,-6.028522414570234300e-01,1.219828484680893110e+00,-6.586988816159108362e-01,-5.354895665023899631e-02,-1.048613795517965075e+00,3.630894222949624522e-02,1.522908696367607229e-01,-7.589475736533827233e-01,1.942329812065160255e-01,5.721003455965083528e-01,7.457746121823607410e-01,-1.076786896539728700e+00,-9.298108737413679492e-01,3.794749207437675409e-02,0.000000000000000000e+00
3.221566311421265594e-01,5.435344242180877306e-01,4.181339995344385829e-01,2.360370128328220518e-01,-1.138203874324625442e+00,-8.800770758889289169e-01,1.329433628978875515e+00,-8.830464955649878211e-01,6.591990094975824777e-01,-1.455168493608756775e+00,-3.548495200012768414e-01,5.633978334216006578e-01,-6.898347745894145566e-01,1.170552279253948003e+00,-1.856816429195256690e+00,4.403690143280369340e-01,1.223176837008805862e-01,-6.925497101858297810e-01,5.162244170772103402e-01,1.533895380008598874e-01,0.000000000000000000e+00
1.011158071021029725e+00,-2.234485848172858002e+00,2.261034921269033937e-01,6.716522397852668913e-01,1.552201962787271405e+00,1.271884622095920125e+00,9.911552150974313191e-01,1.627073871581409925e+00,-1.345040718859119300e-01,2.470134455617193359e-01,1.166626101922490014e-02,1.626993146195540696e+00,6.700527985153577060e-01,1.196776248946086474e+00,-1.616941591016835433e+00,-1.047503117417758034e+00,6.939488724903515315e-01,1.118736378067045484e-01,-9.380888999590402122e-01,1.831942236957901926e-01,1.000000000000000000e+00
-4.147325613874712769e-01,1.603456082587403575e+00,-8.693680354237278696e-01,4.924268186197017227e-01,8.349961701739239128e-01,-1.097400279865237360e+00,-5.455243209764761847e-01,-1.332458398931303023e+00,-1.169031114896409429e+00,-1.903838292994584902e-01,-1.992547678781093207e-02,1.975480289978780446e+00,4.555399500361988485e-01,6.649704311149809977e-01,-1.283631804471814797e-01,-6.130061287915110624e-01,2.265481340392686338e+00,-1.410289761228259164e-01,1.273663671800696617e-01,1.482442389511869907e-01,0.000000000000000000e+00
1.690852873597735728e+00,-1.050766277511326008e+00,6.833812491737502048e-01,-3.831055076805078841e-01,1.404408359517638649e+00,-5.910539017562880248e-01,3.020230089069282364e-01,1.112082583315280537e+00,-3.428733020885673111e-01,4.590027803609544321e-01,-6.216030470975183464e-01,-7.571313630327556332e-01,5.580132074094997785e-01,-1.628366807598856658e+00,3.652363108179094708e-01,1.031993637546624043e-01,-7.473625191525713474e-01,1.354816906435054591e+00,-1.303437986601417409e+00,2.736892475927422130e-01,1.000000000000000000e+00
-1.311953711308176063e+00,-2.980490340433673557e-01,7.613726759347877460e-01,2.115113202935069159e-01,4.316293653439131628e-01,6.354410878344839420e-01,1.720153337970518059e+00,5.522171753028577434e-01,-4.639904427365060813e-01,-1.234657901947245229e+00,-1.079807393589253595e+00,-1.872920558762723564e+00,-2.385511721933267493e-01,8.442224269180534924e-01,3.473217822826952239e-01,1.310501230968030562e-01,-8.822993645574960242e-01,9.666262634898225015e-01,5.461683193168155315e-01,1.139705702549141941e+00,0.000000000000000000e+00
3.332298379428894619e-01,-6.289042842047868342e-01,-1.418465955514975896e+00,-1.133941862777122278e+00,-8.074068829834576411e-01,5.524727303909441334e-01,8.805350542477154985e-01,1.489950018249789121e+00,-3.691564282296694744e-03,-3.371668759285751382e-01,1.265591486768266494e+00,2.337553259663839311e-01,-9.514763224092361860e-01,-7.359563945286793363e-01,1.589187215685163024e-01,7.373547642613732522e-01,4.631076822392046211e-01,-1.091004264381938427e+00,-1.729873333356463316e+00,-1.003337241804454605e+00,0.000000000000000000e+00
-2.134297932905115935e-01,1.806714741250429156e-03,8.705401514196936530e-01,-2.986724512340536153e-01,-8.481345296641971954e-02,-7.071961251357220535e-01,-4.309578940448480222e-01,7.953436347569832476e-02,-2.031262971744186852e-01,-2.403998112530305875e-01,-7.319283268730053527e-02,7.852081685984348969e-01,8.774782322920136046e-01,-1.122329972832065481e+00,1.222720516361740284e+00,-2.307485442510486262e+00,7.892376728608562209e-01,4.355930773935442479e-01,-1.117836866858379352e-02,-2.443351558573571558e-01,0.000000000000000000e+00
4.422294131662626165e-02,-1.946609061810100849e+00,-5.787530249061926257e-01,2.824040090558381788e-01,5.523530117327075661e-01,4.296148687166828628e-01,-6.182518622629862293e-01,-4.145077544927042723e-01,-1.183324011699737471e-01,1.062511345689940212e+00,1.231182596978415422e-01,-1.814970527206648088e+00,-1.655373085763179042e-01,8.130357432723848143e-01,-7.106105194871670250e-01,-2.019932490928153079e+00,1.165279260835570874e+00,-7.903418498064740394e-02,6.710842179045121147e-01,9.241336206235913897e-01,1.000000000000000000e+00
-1.480954357161972545e+00,1.237113659531463128e+00,1.176615680788246410e+00,1.511595006680288789e+00,4.045781923301877137e-01,-1.627559537685986601e+00,1.156796309205843531e+00,-2.297367771213306986e-01,7.613893416162299532e-01,2.540216637304011371e+00,1.070673842436886014e+00,-1.224605022503353791e+00,-2.232726394269713754e+00,8.396510305495067383e-01,-4.669704295190471588e-01,-7.920745449628115165e-02,-1.855144789647072079e+00,1.931654823881104210e+00,1.595812987508501701e-01,4.393716911105399192e-01,0.000000000000000000e+00
4.595001576131495513e-01,-9.319142482730767840e-01,-1.176230158233508849e+00,5.829592407953183564e-01,6.789104251030081416e-02,-8.506486415199107087e-01,-1.330937571501204175e+00,-3.019663111531637606e-02,-7.883153200310171194e-01,-9.220086038264705408e-01,-5.751215876607129740e-01,-4.245846067747509056e-01,-1.250069381977896299e-01,2.704862846599125903e-01,5.624837781118299240e-01,-8.064880563397500701e-01,-3.106769706309519541e-01,-7.513266316309925585e-01,-1.010538075305256855e+00,-9.114478903941890531e-01,1.000000000000000000e+00
8.553530840379018618e-02,3.690030949720522480e-01,-5.051363253556109267e-01,-8.901539376473913689e-01,8.181585592123036266e-01,-2.183061385457742976e-01,2.131570601073558446e+00,-9.224479794698347002e-01,-1.125338326009959200e+00,-1.632685110375456938e+00,4.492436189173657501e-01,-9.548037472026575656e-02,6.453907116144987910e-01,-1.295623638547245493e+00,3.352536779093127084e-01,-5.359503621917148797e-01,-4.758277760489046937e-01,-4.248578665660106002e-01,-8.180757936793776608e-01,7.768353642936763892e-01,0.000000000000000000e+00
-2.148287640133945686e+00,5.380004090706730357e-02,1.707139646122062482e+00,-9.530967629731483814e-01,1.669771023737703919e+00,2.635511301590324762e-01,2.540849793416188329e-01,1.790775821900157105e-01,1.404368522942444075e+00,1.000582974171051909e+00,-1.578790906758768542e-01,6.385836765882028088e-01,4.927790456461647595e-01,-4.329059172461683508e-02,-1.548114636676032330e+00,2.185379249446816052e-01,9.543784905214987013e-01,-1.549150140743514426e+00,-1.221543792836111031e+00,6.849029726178795796e-01,0.000000000000000000e+00
2.146750103460267345e-01,-7.106547553323968591e-01,6.180849159343730914e-01,-6.566293992627499909e-01,1.439034754839407126e+00,1.148458581111927446e+00,6.605157368695875331e-01,-1.020863449397976241e+00,4.188799790940651580e-01,1.067988470537753365e+00,-1.429036945134537717e+00,-8.671541242504159364e-01,1.220284035480420304e+00,-1.085177077161404657e+00,-1.124908035568078724e+00,1.718457537903094745e-01,-5.520419479813503116e-01,1.550218240582374785e+00,-1.779803830012724741e-01,4.267453547581361861e-01,0.000000000000000000e+00
8.135182842218229293e-01,-1.087664663923701314e+00,-9.290904589352949605e-02,9.879823977897683740e-01,2.766186040722771189e-01,7.690117633792681318e-01,-7.876203947896810442e-01,-5.606984292029784100e-01,-1.871366902533057597e-01,-3.180836010556059024e-01,7.722507334522842326e-01,2.305307958685158531e-01,1.315633588690348299e+00,1.298720838611487238e+00,-1.330554858350483594e+00,-5.616123348788338854e-01,-7.520675169125322634e-01,4.617920911912911652e-01,-4.170145513731722819e-01,1.013430588144833000e-01,0.000000000000000000e+00
6.632740753521191301e-01,-8.429586004217086703e-01,4.559058951165843032e-01,2.703802694015110600e-02,3.963895143184474890e-01,1.705410862952921880e+00,-1.400377314317329258e+00,2.224441267583697757e-01,-1.011399096781258056e-01,-9.360236906678957025e-01,-1.129958631460311835e+00,5.099199644139791321e-01,-8.515431055229868429e-01,8.426419107483589244e-01,-1.692019484400312912e+00,-2.633477894283352549e-01,-1.100328883206130315e-01,-7.633173129305950155e-01,6.190691266948831206e-01,-5.544573680077432565e-01,1.000000000000000000e+00
9.662719005485228552e-01,-1.920543481643737005e+00,-1.373643723281394280e+00,4.521129619398238098e-01,6.920316599707155847e-01,-2.147604555297515372e+00,4.834498851789140184e-01,2.571428791890949528e-01,2.009522829125103549e-01,1.185084387687159041e-01,2.615460476059131567e-01,-1.557543457151715272e+00,1.701068695993604440e-01,2.160367941707027839e+00,2.252678363408510132e-01,-2.548035686323997795e-01,1.608804671401929731e+00,-2.194485653204183151e-01,9.648381602365979637e-01,-5.436508351554630164e-02,1.000000000000000000e+00
-2.113853612011755256e+00,4.931293847343160702e-02,-7.367704485672348369e-01,-8.154093444210216424e-01,5.297840829721439659e-01,9.060301919141831029e-01,7.728654512919159725e-01,3.210151207955227459e-01,-2.007098431983810105e+00,-7.081617510629486523e-01,-4.398583448785032268e-01,-5.603267663911876140e-01,-5.824436589794544927e-01,1.165681456113896397e+00,-2.392714622523275242e-02,4.841367624449804397e-01,1.083963036412372238e+00,-8.750462905585122408e-01,1.299576918259214731e+00,-3.695610616514508173e+00,0.000000000000000000e+00
-9.280761637829176847e-01,7.660599044886577946e-01,-1.191090667762294553e+00,6.933182362272455324e-01,6.747270887942151685e-01,-1.900050483158425563e-01,-1.904235066537470766e+00,-4.099571187032671066e-02,1.015603039946479935e+00,-1.022740450679651136e+00,1.252879782496356231e+00,9.768431509402393242e-01,1.226412944007367750e-01,-1.699970640885929862e+00,-4.406685760242959327e-01,1.075940589252054380e+00,-1.145975057016110243e+00,-1.429631436535381717e+00,-1.498264545021264826e+00,1.121627086023012421e+00,0.000000000000000000e+00
-2.191774230179288629e-01,5.330882906443358271e-01,2.246272850420839295e-01,-6.006721117322014747e-01,1.758306374109056824e-01,6.053063850224225106e-01,8.301659564270320590e-01,-1.425306454235790998e-01,-7.578767298438049416e-01,-4.777901426136312857e-01,-1.123643005772550829e+00,-2.032815369439676390e-01,-5.539094638747472654e-01,-5.000709961423021044e-01,-2.829679481201862745e-01,-1.319467234488582275e+00,5.080110163484763408e-02,3.801417991061419727e-02,-8.517188035993843442e-01,4.187542346427578499e-01,0.000000000000000000e+00
-3.380539510946959370e-01,-1.490942329722095394e+00,-1.935549270308431213e-01,1.188187772503953354e+00,7.611137877670375853e-04,-3.064240212789942630e-01,-5.087744958067789147e-01,-8.793994066857444558e-01,4.115419124890968422e-02,-1.888472798091527904e+00,1.603453532563131889e-01,9.701007008461446368e-01,-2.217257320485409855e-01,8.492521011652480745e-01,1.879468357544014090e+00,-1.534011985928937394e+00,-3.526009301830868026e-01,-3.391113066576587065e-01,1.108872188453066565e+00,7.553688068830918811e-02,1.000000000000000000e+00
1.466440269548327846e+00,-1.035641569536296158e+00,2.136914195326268917e+00,-2.185717867092821010e+00,7.262779952215585588e-01,7.946150399650682150e-01,5.992491807073173637e-01,-1.094293613243084939e+00,-1.135095484049948755e+00,1.144418462439733331e+00,-1.007559943431119154e-01,2.052772674936236719e+00,-5.890258968916888271e-01,6.259570097059184990e-01,8.145294112333663072e-01,-8.169261878034012048e-01,1.245053610293433755e+00,4.194533244126003591e-01,1.198412053096614471e+00,-4.161115975828919011e-01,1.000000000000000000e+00
1.448218248740073655e+00,-1.293740414468071309e+00,7.535046770239086644e-01,3.033745758057740383e-01,1.163705977567984107e+00,1.189561637904569702e+00,2.987525810589554687e-01,-1.049610271522354032e-02,1.386492736951978388e+00,-7.925630324796623105e-01,-1.122708975093680062e+00,-1.391755165744100742e+00,-1.749860989355345176e+00,2.873060681861232535e-01,-3.350693684198065014e-01,-7.565997716959291797e-01,7.358862048178033133e-01,1.871233324424298738e-01,-8.424909459788079702e-02,3.980439511336789637e-01,1.000000000000000000e+00
5.670248186292949910e-01,-6.455256538167005731e-01,9.705326165772548697e-02,3.263165935677036500e-01,7.602426535755966164e-01,-1.137002794075203882e+00,-3.294697163399057382e-01,-1.482744904846239331e-01,-1.158350256859638355e-01,1.527429918755082161e+00,3.331170633665885700e-02,9.924866035917196960e-01,6.194059040874920485e-02,-2.355144152784448552e-01,5.070672046707648262e-01,7.911598537713468993e-01,4.902356545966124468e-01,-1.633091310539766638e+00,1.515214763420005939e+00,-6.031505188173448273e-01,1.000000000000000000e+00
1.421330444693442496e+00,-1.122899418860314746e+00,-2.764010716345461360e-01,-1.339761418648072855e+00,-2.336915529604817188e-01,1.054275340722335086e+00,8.468135864413869340e-01,4.219738130572646684e-01,2.356623275624869507e-01,-2.538412629679234200e+00,2.408171206137944831e-01,-6.351898289591040303e-01,-1.111011994244569534e+00,-9.457752784672550650e-01,-8.492738115919237218e-01,4.689596399943639637e-01,8.219130733029650360e-01,-8.625895305073029151e-01,5.393727037983351291e-01,5.311472044672954640e-01,1.000000000000000000e+00
-3.599254506255634145e-01,1.460166571926900803e+00,6.515531076136762967e-02,1.150001489060343607e+00,-7.287107334145431770e-01,-9.122193106441273125e-01,-7.357075273613814526e-01,-7.065124243433921203e-01,-1.384031975928455838e+00,-7.398698187305885465e-01,2.652903684131450168e-01,2.439252286193997143e+00,-8.755933099041469658e-01,2.143325867188132783e-01,-7.535854178699283867e-01,-2.956107745054550762e+00,1.598368438995477536e+00,-1.175468105270173202e+00,-1.373171235829202974e+00,-2.624272920308334811e-01,0.000000000000000000e+00
-1.627114229381267707e+00,-3.032063187939310622e-01,-1.660678133804700085e+00,-1.905969205393159491e-02,6.420966947283797133e-01,1.258224686730513020e-01,8.124871419238000048e-01,7.462325379516766555e-01,-1.183681485024645319e+00,3.965237160001843231e-01,1.822561927387079894e+00,2.626710432131153516e-01,1.391106876824239613e-01,-8.948162955882110747e-01,9.399420074673285885e-01,-1.433362407771880509e+00,-5.023776726688597982e-01,1.926844210134756041e+00,-1.005370324461609455e+00,-1.601014969109499364e-01,0.000000000000000000e+00
3.281972285195700612e-01,9.925876621898974683e-01,-1.638096116251764323e-01,5.768361934673237323e-01,-6.587282679448055837e-03,1.200003228141824918e+00,1.486659208159010204e+00,-1.482774246985402833e+00,-3.320198461182357619e-01,-1.035263085422291951e+00,8.803192930731017496e-01,1.208209262987677723e+00,-1.813468624124421114e+00,-9.127054107577151632e-01,-7.059851501605689528e-01,5.701996821803455573e-01,-5.158054716527856742e-01,7.366662719482102162e-01,-5.814934136191796110e-01,-1.472085963371512873e+00,0.000000000000000000e+00
-2.942134930502853241e-01,-5.372608207280827886e-01,1.844142104796800963e-01,1.681027791552904549e-01,5.301029339375780136e-01,-5.659900538575250023e-02,-7.253240004764517357e-01,-2.087635527259853740e-01,5.052265429174333800e-02,-9.745767508771263632e-01,3.065017477463741757e-01,-1.418347626081466029e+00,5.170168978621971778e-01,-6.608694059283010125e-01,-2.378430811523400301e+00,3.056876595896051291e-02,-1.822241891610753284e-01,-1.445811872859699587e+00,1.140877159036139732e+00,9.526549014966751994e-01,1.000000000000000000e+00
-9.380331038498682661e-01,8.990877258334360744e-02,1.278505461711734847e+00,9.684322432515064527e-01,-1.521707019815925932e+00,9.510082646915803128e-02,-1.539483867502449144e+00,-1.592423445592967335e+00,6.741686758252402045e-01,2.234571927234684230e-01,2.157667836771629544e-01,9.946618965106108767e-01,-9.632956782314792132e-01,-1.162057160092868413e+00,-8.331374815182674975e-01,8.358815031090885417e-02,-3.600061513450069639e-01,1.133923166019542850e-01,-1.291833603166094718e-02,5.602693720174908298e-01,0.000000000000000000e+00
-1.443699461493054281e+00,4.629313244607619060e-02,1.061023196475625374e+00,-9.768033236165660563e-03,-8.783037326498940311e-01,-1.971640473429785656e+00,-3.660457520248011076e-01,1.342116218372749747e+00,6.796333125546558662e-01,-4.886300151709463413e-01,-5.716049055516793098e-01,-8.767646979174753552e-02,1.400429070060627668e+00,3.225692704912628272e-01,1.366933610600800320e+00,1.785701273299083347e+00,-4.804258795139984550e-01,-8.095607359083086818e-01,4.031349556017294611e-01,-2.180953877429800958e-01,0.000000000000000000e+00
3.828912186624320868e-01,-7.126861330535586569e-01,1.657899291404853148e+00,-6.562811635437356683e-01,1.007757597403998950e+00,1.011927659563896409e+00,5.078199005529048238e-01,-1.217321808073756895e+00,8.490870940323800298e-01,-1.454154017091525253e+00,-1.317445805353914534e-02,9.456203079677590884e-01,1.837091500335751526e+00,1.071342633488434892e-01,-9.368694032441869934e-01,9.851857743376382093e-01,8.448038483121050879e-01,-9.856512750009523982e-01,-3.674201880854213731e-01,1.722719014562272832e-01,1.000000000000000000e+00
5.287229522226013501e-01,-8.013238992892046664e-01,-2.395682561762253471e-01,8.912906997084119043e-01,3.150371880005930492e-01,2.068146153161342926e-01,-4.988098792932312286e-01,-1.708886941139480808e-01,1.664746879539484026e-01,-3.566049000032060490e-01,-1.188515749976655878e+00,9.358926159428323510e-01,6.650748812219649253e-02,2.788309407678752905e-01,2.231724416710969758e-02,2.106372119922699793e-01,2.778561264384009077e-01,-1.637475536867934567e+00,7.010173286469347786e-01,1.122630835920845449e+00,1.000000000000000000e+00
-1.150925063903648037e-02,1.023485854220221647e+00,9.477488322155107336e-02,-5.308970782075055350e-01,-7.656756342052026820e-01,-8.571668404109392680e-01,9.853689514034666974e-01,-3.842953515910101370e-01,3.849275908557094339e-01,-4.160937180564746596e-01,1.734342938782528654e+00,-2.122277218609906757e-01,-1.051882837454318098e+00,1.358337796706310829e+00,1.169487499462710467e+00,-2.876444404207757488e-01,2.161486143626093703e+00,3.064589076724034133e-01,1.187695471695935590e+00,-1.456341988927790931e-01,0.000000000000000000e+00
5.288589931362325247e-01,-1.237675117552543835e-01,-3.143528119426787226e-01,-7.904626908042089450e-01,3.677823118592813412e-01,-3.409808430182190708e-01,1.936290857102142215e+00,2.137371304896535928e+00,-7.129100776115212534e-01,7.752322954521304599e-01,7.041250223781440054e-01,2.055364693067937676e+00,-1.542687788415424699e-01,-3.583307421808026166e-02,-1.063502476094528637e+00,-1.332237028671308332e+00,4.517781368490605409e-01,-2.341042304136907726e-01,9.625868577256158076e-01,-1.088005174708553735e+00,0.000000000000000000e+00
-2.535876742362630054e+00,-1.330322009603908395e-01,-1.537520027169420711e+00,1.781308794925697270e-01,-7.036388067684101744e-01,4.404292171603833572e-01,5.767962650289664150e-01,7.516194154246544912e-01,2.517906582300054597e-01,-2.214451195801456329e+00,4.037955576147382875e-01,1.634661080144746537e+00,-6.534649431000876252e-01,-2.346083029353520644e-01,1.762128472953641140e-02,1.002213294263760712e+00,3.158814472849701405e-01,-6.352123309399956286e-01,-1.581428004724051428e-01,1.330210955481260449e+00,0.000000000000000000e+00
1.386708027973097668e+00,7.720969262916014264e-01,1.265131578264355516e+00,-1.725904129287871180e+00,-3.400678542831628987e-02,-1.288405242474368884e-01,5.191561323535345274e-01,-7.361110229993829135e-01,1.477014105902731078e+00,8.776631266854462154e-01,1.248947086637170134e+00,3.301986979912238107e-01,-8.464612711821069002e-01,-3.197206114215657147e-01,-7.939072629737256026e-01,2.989331576575361971e-01,-1.252020643467183669e+00,-2.589614000638640334e+00,-1.738893071418322167e+00,-5.818041114146621506e-01,1.000000000000000000e+00
-1.899854540685953275e+00,8.481697882177561265e-01,-6.386433581128453385e-01,-2.975062484375236571e-01,-1.439876410816661068e+00,-5.657628785128526738e-01,1.131870008161242058e+00,1.399267465884801664e+00,1.142014789624775650e+00,-1.809724544839696359e+00,-3.200691308005477187e-01,5.150420081496361879e-01,9.392763717895538100e-01,1.078124018914152354e-01,-7.414028339143937663e-01,-1.153499139733893175e+00,-1.947165283958541604e+00,2.768454765845603238e-01,-9.788474818274257583e-01,1.036271285413328025e+00,0.000000000000000000e+00
8.740136278104318132e-03,-1.097271469659326648e+00,-8.873608352760754825e-02,8.295205319438598845e-01,8.193856902218142890e-01,2.846969145044557226e-01,-4.740970975295524803e-01,-8.417294278144303865e-01,5.040540706903624546e-01,-1.388000697066927414e+00,2.567093159045864548e-01,2.675240309673495576e-01,1.898389510977842032e-01,-1.852819983919530067e+00,1.054304540299138004e+00,-7.321437092483036313e-01,-1.274724491849864583e-01,-8.278314236788946179e-01,7.229614008327460706e-01,-7.305845256966537749e-01,1.000000000000000000e+00
5.624518781615325258e-01,-7.557126957293139879e-01,-6.842588988912747805e-01,1.001481838010650272e+00,-1.135452819833455251e+00,-1.329338273352600686e+00,-9.580909928507251594e-02,1.904640738114241061e-01,-1.052773473968874773e+00,3.268377155075631868e-01,1.271086970154211793e+00,-1.704200977905358849e+00,-7.903258596275813952e-01,-1.731895861979051987e-01,7.411817496872341593e-01,1.650519780438341744e-01,-2.337810079351850534e-01,2.994422660280146031e-01,1.350358087125530515e+00,2.120365132619754234e-01,1.000000000000000000e+00
1.408409469921455326e+00,-6.513985743402923856e-02,-2.325381818482721297e-01,2.023348087768692238e+00,-1.144960271085853964e+00,-4.388846717299391686e-01,-1.143917621556588049e+00,-5.397327436884674645e-01,2.755959048839448755e+00,1.383523840234477387e+00,6.866411739706439477e-01,-1.559226076794921978e+00,5.272360245171013871e-01,-4.551361409895850474e-01,6.125259510990344047e-02,-5.437274429955318844e-01,-3.375253590797365755e-01,6.373820013183217892e-01,5.959223765710044418e-01,-5.387668063504529314e-01,1.000000000000000000e+00
-6.447245791446242213e-01,4.151435806171641096e-01,-1.262219166526177050e+00,-1.084269461965581050e+00,-1.562616007184483014e-01,2.666050943834042952e-01,4.096121866849810611e-01,8.769674297101016647e-01,8.175373991061213319e-01,-8.380739657987806845e-01,6.880684467577481422e-01,5.862865760886252220e-01,7.427510541135151634e-01,-1.369034971999276040e+00,-8.814014207424820668e-01,1.395736764803136465e+00,1.401387157726658450e-01,1.951472358467468027e+00,-8.753172717925947754e-01,-6.037126331068370932e-01,0.000000000000000000e+00
1.813378042325915818e+00,-1.925100787997934049e+00,-8.089877458627237061e-01,7.307113091027769292e-01,3.693064186117323566e-01,1.200720291504942194e+00,3.911582150636455091e-01,3.667125742011462797e-01,3.454434520830586552e-01,-6.316944111148394825e-01,-4.728033801997907348e-01,-5.219068334231692363e-01,1.899440809073713876e-01,-9.856256223507411374e-01,-4.247910759469102904e-01,2.660421329806767488e-01,-8.073864736514142770e-02,-2.351411623094683545e-01,-1.589879158231992939e-01,-1.261442087612504759e+00,1.000000000000000000e+00
1.916711502963421632e+00,2.385139328245481638e-01,-8.759490148649967667e-01,-1.346283653525721657e+00,6.523107942762188527e-01,-1.166821694522342634e+00,-1.827663202473178705e+00,7.810631903684813748e-01,4.150620164841960502e-01,-1.363077762113457325e+00,-4.464550434538846480e-01,-1.373979764534454917e+00,5.435999676391756186e-01,-1.536895035761197681e+00,1.395056697848512106e-01,8.378440800723454540e-01,5.650967399999773377e-01,-4.898334349052471670e-01,-1.121498972640415870e+00,-2.293541339840853510e+00,1.000000000000000000e+00
3.473818996611089949e-01,-7.277742844392937061e-01,9.020564010046334680e-01,4.078530044046208003e-01,2.190823991909764068e+00,-2.615518221202071114e+00,-2.121437398957740361e-01,8.668704685002650567e-01,-1.267943176159220531e-01,2.159028807617976997e-01,-1.587614218517640952e+00,2.585635027805316954e-01,1.863619734052308852e+00,6.257460593555668193e-01,5.021893878774357223e-01,-2.187769880734528882e-01,1.265473883538031474e+00,1.963356893040683504e+00,-2.953742846621774110e+00,-8.968211160849168806e-01,0.000000000000000000e+00
8.770143567357272518e-01,-2.956320957640349301e-01,1.031970650259596223e+00,-7.756232625772966349e-01,-1.523943935901628244e+00,1.926542784787632190e+00,1.678211453271059306e-01,-9.570875601719008863e-01,1.614718350884360332e+00,5.858213679268399199e-01,5.776050528276153173e-01,3.955488562165596078e-01,1.376742084242499775e+00,-6.640332593343165613e-01,3.405524048514383534e-02,-1.133814525591232414e+00,8.665816591298811655e-01,4.452994599766491590e-01,-5.897289954911513199e-01,-7.807846621495327932e-01,0.000000000000000000e+00
3.166060221273045427e-02,-9.192017124135117845e-01,7.949835096114366007e-01,-4.216563082317117406e-01,1.737865078238536753e+00,4.441580068216088306e-01,1.050907559484880904e+00,1.328293657786867032e-01,-7.948327328589712693e-01,-6.579480740631197255e-01,1.170613657961825815e+00,-6.133444856210003016e-01,-1.164921725313384337e+00,-1.827088638354256611e+00,-3.458128083511473050e-01,8.736854876830327798e-01,-9.299453680243570108e-01,1.476665981062002642e+00,-9.233784889590195277e-01,1.912854420135934763e+00,1.000000000000000000e+00
-6.449981291204368583e-01,4.149840322630360401e-01,1.727282005105502005e+00,6.324233743183127476e-01,-3.897389521570750137e+00,6.687402046874036943e-01,1.642334393893954414e-01,-6.759164816746321414e-02,-2.008059041404928191e+00,1.246821308903144770e-01,-8.307025527947369259e-01,9.981045484215926578e-02,1.498772735418699709e+00,-9.120683196100777268e-01,-5.247881212803926498e-01,1.060903872511703150e-01,-6.124045213893054562e-01,1.859693199509208306e+00,2.908660487611638631e-02,-3.512227500358848509e-02,1.000000000000000000e+00
-1.199274834556063457e-01,-9.596020265029843177e-01,-1.481434813875013745e+00,-4.543902985444560616e-01,1.602639255792885353e-01,-1.597300041957812944e+00,7.551301266141654533e-01,-3.932328064053048911e-01,6.757879786227910524e-01,9.328240264162406259e-01,1.606855718437670166e+00,2.323198411227592519e+00,-9.105286965029640855e-01,-2.256649446948283622e+00,3.700250186619378212e-01,-6.246346764461994105e-01,-1.618742657159171650e+00,-6.271787838099472934e-01,6.364973969465137493e-01,-1.909884341594258794e+00,1.000000000000000000e+00
-3.382851904086971451e-01,1.564306742378508863e+00,-9.457806697868538504e-02,-9.198178471924430832e-01,9.908082655253340754e-01,8.230251685476194234e-01,2.208904770559711461e-01,4.412005183101971872e-01,2.264910490322161518e+00,9.976148179414324746e-01,1.182563803934684604e-01,-1.148428916249025766e-01,-1.323420739569950211e+00,9.701033474843339111e-01,-2.664835331507564020e-01,-1.759179592296359618e-01,3.209138879519687904e-01,1.028435277043679097e+00,-1.014232120518696600e+00,1.910099206499256352e+00,0.000000000000000000e+00
-5.844163780890732074e-02,1.010619911696956086e+00,-8.238675607075468532e-01,7.874512868018099798e-01,-1.866909282229364697e+00,-1.075655085213863327e+00,6.109746379113482062e-01,-3.286922119189631952e-01,3.282422472058857954e-01,-1.565624298142550108e+00,1.765172218400124171e+00,-3.754764961069385898e-02,-4.240638660782565239e-01,4.941577400739085579e-01,8.306105198822310021e-01,3.658077266308843445e-01,-8.894671089383543450e-02,-1.264970800666082029e+00,2.841405042350451937e-02,-4.068465298480902770e-01,0.000000000000000000e+00
1.087067343234951800e+00,-3.934793207332089038e-01,-5.357894955274598858e-02,1.025011258594312968e+00,-6.999370878617163783e-01,-1.227093972777891784e+00,-1.262099447248980488e-01,1.304009746814434934e+00,1.495606816444130294e+00,4.356274571788303351e-01,5.922428560682512222e-01,-5.933955422725644135e-01,-6.056943058635827493e-01,1.998546456285867912e+00,-3.242043349366277027e-01,-1.546468433681877030e+00,-7.906127131217026704e-01,5.437881500012790859e-02,-8.123543062478166821e-01,-5.489807678771919663e-01,1.000000000000000000e+00
7.787199571527683162e-01,-1.889694006009890459e-01,1.723513047061996595e+00,3.204262639586108463e-01,-4.451123204578841808e-01,-3.877276010671264483e-01,-3.749650841137599361e-02,-4.371017099961407859e-01,-6.617725727495900045e-01,-5.110343118445715566e-02,-6.785502226146123972e-01,-6.646154453330185841e-02,-3.130712306936721534e-01,4.492505239530771854e-01,1.560765136199189773e-01,-6.341170644502229781e-01,-9.702743739347342578e-01,-5.661970449945507022e-01,-4.429591477747517048e-01,-2.495967683559370109e-03,0.000000000000000000e+00
1.528747430203614976e-01,4.592537411088358223e-01,7.082338973919848346e-01,2.793224370153810643e+00,-5.606081327417099525e-01,1.521295651126439441e-01,8.380431828922785265e-01,3.795095508137090734e-01,-5.028038429270544757e-02,-7.942057274428303559e-01,4.407936002844511370e-01,-1.322782446190619687e+00,-5.924466541479506132e-01,8.652247619673105739e-01,3.158729988254547760e-01,1.274791152433403907e+00,6.769121673495233082e-01,-4.422427387269574073e-01,-2.054888072547991218e-01,-9.379164397279505794e-01,0.000000000000000000e+00
5.497270833076750574e-01,-7.118403901458755234e-01,1.126841699040642020e+00,-2.681071904204443079e+00,6.991553685153869546e-01,1.388673352338393840e+00,-5.768244672802709250e-01,-1.054009282588859397e+00,-7.736475721222358937e-01,1.871970060054518825e+00,1.712155258001907487e+00,-3.118326571011802439e+00,-3.914584181815317088e-01,9.564714842079059531e-01,2.134462138495311218e-02,-1.122112724620139224e+00,4.298070280142886057e-01,7.659763851275710467e-01,-5.459086577284025799e-01,-3.992982268711026822e-02,0.000000000000000000e+00
4.596473281897602847e-01,-1.712895879162222856e-01,-4.449331712966065888e-01,-5.019679823119450601e-01,-6.993709815962030341e-01,1.218681556886856532e+00,-8.332581599959687502e-01,-2.001517426712868808e+00,5.449859414777776800e-01,2.964673906731349895e-01,-5.715440560656087632e-01,-1.628528011713252122e+00,5.635304438265530402e-01,-1.624309491706452446e+00,-1.359423295789233377e+00,-1.059710898963206915e+00,-2.183370836058004527e-01,-6.038628808838002460e-01,-2.894163152994380650e-01,2.330444770314471281e+00,0.000000000000000000e+00
-3.037596083019885596e-01,1.647159803224727881e+00,-3.099921343523699413e-01,-7.745863010193548837e-01,1.456139083457882011e+00,-5.991782909345920727e-01,-3.107610023096306073e-01,1.632266213609062877e+00,-1.774843550728216979e+00,-5.552998727628817299e-01,4.336419400356949505e-01,5.167882290840620785e-01,-1.066152219663072387e+00,1.251429335547223687e+00,-1.680257948844560700e-01,5.054187106628051929e-01,6.164433622156128001e-01,-1.361165777072460281e-01,-4.857073085262746948e-01,3.268377462726441141e-01,0.000000000000000000e+00
-2.379854647146177338e-01,2.066119247314468499e+00,9.813863168440416507e-01,3.562895792637841286e-01,8.770113845568297539e-02,2.593351723208956017e+00,-9.523694292791197169e-01,5.314820706314051790e-01,2.947210075052095313e+00,2.355040183521596386e+00,-7.139468616645984200e-01,-2.668650320363218920e-01,3.975557473346903459e-01,8.078983730143052266e-01,7.311503719711146161e-03,3.861365605958039238e-01,7.349624837654658016e-01,8.054294983207279657e-01,-1.071935673004161677e-01,3.836389561114872948e-01,0.000000000000000000e+00
-8.441362935116130117e-01,8.477350255306913551e-01,4.667103302238033713e-01,9.285508182605599625e-01,-6.039642133896936382e-01,3.746564518394808196e-01,9.017177925705081032e-01,6.355343058734157502e-01,-1.486348838591071475e+00,3.674291468466137633e-01,1.668205011946614913e-01,9.776166087604192256e-01,-3.215090565135363954e-01,-8.311766557757181983e-01,-1.723861143300564391e+00,1.047363812118040194e+00,-1.793932276993034813e+00,6.578963964790608410e-01,-1.519590998072368748e-01,1.708061429998467828e-01,0.000000000000000000e+00
-3.026447171501534528e-01,1.768515979190432352e+00,1.542615553219486846e-01,5.311592301488848866e-01,-1.136893008316717690e+00,-1.461796855718352717e+00,-8.705230147635113491e-01,9.525194924646943617e-01,2.167130189840247856e-01,1.499398935604090877e+00,1.714918458935743351e+00,9.268940580330660151e-01,-1.312374931932162869e-01,-1.508962570692415350e-01,-5.252932286789664396e-01,8.651361398314522111e-01,2.508278449664772536e-01,-8.161124721553073003e-02,-1.669027140404777176e+00,1.703598759861366385e-01,0.000000000000000000e+00
9.779942972890569575e-01,7.681005245815007987e-01,-1.758774511094498116e+00,-5.225590043882012425e-01,4.968021998763169633e-02,2.111046328163896924e+00,9.600505200595095268e-01,-3.072239907614638943e-01,1.204786285411844293e+00,-3.406394256722320435e-01,5.945643580168983311e-01,1.250586853627444206e-01,5.914554421253006566e-01,-5.920367701506603630e-01,-7.682564822921865710e-01,1.422704509948656826e+00,1.528735730160580841e-01,6.955103217959174300e-01,-3.610728802157987527e-01,-3.443102234869546696e-01,0.000000000000000000e+00
2.157729824437792099e-01,1.318506673767599224e+00,-1.837826592737919373e+00,-5.578290983631776223e-01,1.301618283266320342e+00,-5.628973872088846031e-01,9.164334244946876762e-01,5.150746316191725516e-01,-3.608493955236918155e-02,3.495258008842968556e-01,-3.227590216922923694e-01,-7.989012500596183453e-02,-6.437923089827718437e-01,-5.203784921973735322e-01,3.881480467664302214e-01,5.423731603511822152e-01,-1.259639134940721439e+00,1.969296056989596977e+00,3.175555204979690904e-01,2.463271667303149753e-02,0.000000000000000000e+00
1.855437224366370152e+00,-4.729569461282872034e-01,9.074566722713128808e-01,-1.592757243054488514e+00,-1.260587932000374778e+00,7.213712699595884459e-01,6.035193081884210331e-01,1.552831112063025376e+00,5.511997721113749416e-01,-1.208401520226403125e+00,-1.415234462464351806e+00,1.753596955011454961e-01,1.398489021969105517e+00,8.725849255884331468e-01,-1.452957410191242582e+00,-7.224525371465935208e-01,-9.413976230989327121e-01,-1.040789827629944986e+00,1.633293240458874696e+00,-6.863293380907644625e-01,1.000000000000000000e+00
-1.870020630723295829e+00,1.663571603874855476e-01,-9.123573681392556090e-01,8.850087190233136836e-01,3.991589918764644751e-01,-1.455224169019278868e+00,4.601518890113920901e-01,-4.239908510845539352e-02,-8.354498305412898507e-01,1.060088110694169750e+00,-1.991039046276124047e+00,2.454615757065675474e+00,-9.756812179345478175e-02,1.119269874340425686e+00,-8.887517057655801578e-01,-1.261606252205605516e+00,-6.205535909453451238e-01,1.138612422452757844e+00,-2.000747667280476705e+00,-2.800465916263091826e-01,0.000000000000000000e+00
1.239960307170707265e+00,-1.846589608091394386e+00,-8.432890653168998440e-01,-3.862926890985731165e-01,-1.193959509774566774e+00,-1.715046673467271132e+00,-8.183008228287323993e-01,7.438573494277769260e-01,3.926337833480387784e-01,7.477604918201918860e-01,-4.735727626509752541e-01,-1.828410918161189336e-01,-1.539204000403874006e-01,6.152835784767015648e-01,6.478122708216632608e-01,-9.631900419453577333e-01,-1.081506669244078900e+00,-8.876560576971477268e-01,-3.944884848583984915e-01,-1.327824628970835086e-01,1.000000000000000000e+00
3.083112009411211885e-01,2.829722518983099899e-01,1.051015237982767941e-01,-3.073889713215721464e+00,2.246079802873941489e+00,8.052581589154828023e-01,2.022527508008261851e-02,1.867834443489066576e+00,6.288824876100005401e-01,9.090215646131823979e-01,-1.905925637235344805e+00,-6.321183670225293261e-01,2.096107783381237766e-01,5.767265565067091204e-01,-1.041414218521398566e-01,1.423335019608187313e-01,9.180671077701454408e-01,8.799372487165409984e-01,4.366753798139993981e-02,-5.163178408667382646e-01,0.000000000000000000e+00
-1.260803238049691688e-01,-3.220661878261941169e-01,-3.306738948657190341e-02,-8.110215547127941349e-01,-2.089592120543581552e-02,-1.115876130672863953e+00,7.007562016642274738e-01,1.278272660820197082e+00,5.542929844731876027e-02,-2.617356697700250895e-02,1.047997063356011838e+00,-1.118468879218310619e-01,-2.444248362383358852e-01,-8.547830605851983732e-01,-1.007934722071961220e+00,-4.115293194978835584e-02,6.882333167377339134e-01,-1.819017624637721542e-01,-7.271742562828820144e-01,-6.862530058551529200e-01,1.000000000000000000e+00
-1.539589397084184963e+00,1.365659744285060873e+00,-6.832215722532813951e-01,-1.102505275367050785e+00,6.762595359924539196e-02,-2.655357747608478869e-01,-1.080166795525455414e-01,1.871278584144584756e-01,-7.348797383570905284e-01,-1.269552202416287523e+00,9.309283796554501667e-01,-1.142126776678646483e+00,-6.960306494413008860e-01,9.786479147970424952e-01,1.510404904918539959e+00,-4.580817411295071140e-02,-3.114251933558251362e-01,-1.350868799195921843e+00,6.940698738554718084e-01,2.017130100960656536e-01,0.000000000000000000e+00
1.045743540655794224e+00,-1.341956632506552172e+00,1.413981327301700786e+00,-1.107312787799438647e+00,-7.754811244140901172e-01,-1.509902003097973178e-01,-2.933234559643324232e-02,-4.896975190776540199e-01,4.165090347666582371e-01,-3.582970657437671846e-01,4.513737542896473776e-01,2.255364488757823638e-01,1.445702181738525383e+00,7.438411733739556109e-01,-3.486660350505896289e-01,1.331111957160613146e+00,-2.835157967521469841e-02,2.598249711329257416e-01,1.376019253880494120e-01,-8.085344183745851732e-01,1.000000000000000000e+00
2.097881864320795042e+00,1.022773191585489183e+00,-7.815072815147120489e-01,4.096833612604015018e-01,-4.654972366429884212e-01,-1.824992355906228658e+00,8.092771796368159257e-03,-1.197740581462127807e+00,6.360410748776216261e-01,-9.495345319512016324e-01,1.771278841545806393e-02,1.010169926550201908e-01,-1.125579654046871658e+00,-3.391960612650092854e-01,1.532849513731014301e+00,9.156910415343024745e-01,-2.425011851448209410e-01,-4.551526600035912806e-01,8.146131202390565207e-01,1.864433557577892975e+00,1.000000000000000000e+00
1.327795227383215648e+00,1.490800275508138983e-01,-1.389171733049053614e+00,1.282805929307187509e-01,6.799372925770741372e-01,5.600383632491505725e-01,5.212601853543684660e-01,-9.549869054878744323e-02,-1.024014836749179702e-01,-1.777085040230498014e-01,-1.145693813332441247e+00,-2.683454336238958238e+00,-5.684846713961883014e-01,-5.837483335063071710e-01,5.813697072563376311e-01,-6.046559324658015711e-02,1.356137932197812312e-01,2.276907454552193677e+00,-4.368239525675339796e-01,-7.979051821682718870e-01,1.000000000000000000e+00
1.325125444627018201e+00,-1.214746564087127556e+00,-3.851545409125120556e-01,-3.571620102104225425e-01,-4.965710168530741986e-01,-4.326009598297724246e-01,5.974129546574439287e-01,-1.087319396726389720e-02,-7.867314271182688223e-01,4.789045942589962856e-01,-1.260192935869182795e+00,-1.192758764051781828e+00,4.787095488660599862e-01,9.276361008766672578e-01,-4.609085461706573517e-01,2.739449507055033428e-01,-2.095333775036768015e-02,-1.369883939843625775e-01,-1.192271471092597457e+00,-3.999627093902803909e-01,1.000000000000000000e+00
-2.111124689069368565e-01,1.020852385531173523e-01,1.400599035823659078e+00,-1.336728478199986414e+00,-1.767985782285623086e+00,-3.256888398954039809e-01,1.521826048769064910e-01,-9.535212076362206135e-01,1.694609409495239083e-01,-1.540096902446618676e+00,5.103297990095292391e-01,-8.967827308196874014e-01,1.282966757627071464e-01,-1.157099071927816025e+00,-2.254987604215325181e+00,7.148957416529093667e-01,-6.788935984821231617e-01,-8.978875523944553905e-01,4.696984048853474758e-01,1.001207647379301680e+00,0.000000000000000000e+00
-7.806406480740542275e-02,1.328724984493700578e+00,-1.413093645712767188e+00,-1.210958208956015136e+00,-6.508072563198946670e-01,9.579381339304943177e-01,-5.101263332707631770e-01,8.463580353163448200e-02,3.128033841805174520e-01,-5.030915289091222181e-02,-1.345650437185438975e+00,1.284497763611105181e-01,-6.197312187532911798e-01,1.227907850615160612e+00,1.737995264222506886e-01,-7.284351176651117088e-01,-2.781858175855391746e-01,-1.697223618641550413e-01,-1.653741930053528320e+00,5.671354949273043067e-01,0.000000000000000000e+00
1.824044986391250678e+00,-1.974312506295924086e-01,4.158900337683816284e-01,-3.892682588831620771e-01,2.659083307044413647e-01,-3.808132214479854061e-01,5.657214139072978126e-02,1.194689992969648840e+00,-1.232425985164034232e+00,1.514746574606491425e+00,-2.729311859497111636e-01,-1.730266261454967536e+00,1.492152051806502788e+00,6.787141113323844621e-01,3.517609257266847145e-01,2.801858974289816451e-01,-1.109394884273405824e+00,7.722985686811110195e-01,1.224724345110242307e+00,-1.779584121022702137e+00,1.000000000000000000e+00
8.612163331571801583e-01,-1.140652970660860799e+00,-2.235964120614002681e-01,-6.035490949723102405e-01,4.670056924431928991e-01,1.908320053773126190e+00,-1.869788438924795404e-01,8.963640047815198963e-01,-1.189288183994331005e+00,6.224185506320034644e-01,-1.781424524153008004e+00,1.877291235426794547e+00,-1.584057601688127759e-01,-5.683064295495444951e-02,-1.094249764745633069e+00,1.144952826064951079e+00,1.465738250685719446e-01,3.089706590401135600e-01,9.413506453287457942e-01,-7.070836912854432388e-01,1.000000000000000000e+00
8.859898247989930198e-01,-1.066874036712899043e+00,1.561702996641470831e-01,-3.531825211597643122e-02,-7.916344883508560359e-01,-1.501521334651739759e+00,1.514526106789680471e+00,-1.849922047896438715e-01,8.423138951137519870e-01,-1.850014225104682775e-01,-7.373825689278142859e-01,5.719991503012007428e-01,6.744037944184235744e-01,3.854938369763864087e-02,-9.423836779649296114e-01,-8.085846098494703371e-01,1.843245675570065689e+00,2.682754235554196121e-01,1.222572254039125283e+00,-3.588997076993546420e-01,1.000000000000000000e+00
-2.844108106076471687e-01,2.225770921470562047e-01,-9.725227046097725259e-01,-1.050451604265427719e+00,3.585678424402121145e-01,2.659421927760523552e-01,1.804059795393395005e+00,-2.047987570400518820e+00,-8.779843882732209226e-02,7.878714559592748801e-01,9.182002264285007431e-01,3.495951543855268517e-01,1.613419995924230133e-01,9.264086565735469847e-01,-1.424223926858659173e+00,3.963588906461328332e-01,3.925208992543057218e-01,1.294162164017365058e+00,9.882746658348001700e-01,-2.282084309063362251e-02,1.000000000000000000e+00
5.630164386804157317e-01,1.230537122965183139e+00,6.922402187829201914e-01,6.227077907365319298e-01,7.920323517490893694e-01,-1.308518976302633710e-02,2.665895029315278997e+00,-1.402361120593356825e+00,-6.151294054535213496e-01,-9.528358026791602375e-01,1.593599174377542116e-01,-2.051456765993600495e+00,-2.583026477012566602e-01,-1.321602242217662981e+00,2.258077253740638779e-01,2.318911146489771868e-01,1.961987199415956340e+00,6.017860512251623772e-01,-2.283321928789385780e-01,-4.722794735875399108e-01,0.000000000000000000e+00
2.338344375591079771e+00,-3.918722661801387619e-01,-1.661808708660084122e+00,-5.149579998828514027e-01,-9.120676870832474803e-01,4.985186910177485942e-01,-1.219978628675835619e+00,-3.126198983630842365e-01,5.050538829694399823e-01,-2.132405072756596187e+00,1.046881060115859352e+00,1.078945884946498124e+00,2.283256699635943132e+00,2.705155506849550306e-01,3.279810584663743755e-01,4.141260742949637308e-02,-1.192968552280464500e+00,-4.104032530104967935e-01,-8.256748949497341172e-01,1.592666909239445650e+00,1.000000000000000000e+00
5.321191643922185133e-01,-1.522286958846578164e+00,-8.931818906853707940e-01,1.104271970540491310e+00,3.622660408315790392e-01,-9.165576891983985564e-02,1.651809979057954347e+00,-3.743167027582660067e-01,-5.513060630327440426e-02,-1.302541657425080546e+00,3.674293044249408169e-01,4.575801329180742560e-01,6.821754672751502158e-01,8.475684388483054610e-01,-1.829825273096279625e+00,1.685349400222464933e+00,1.383556610926219399e+00,1.281891764147549351e+00,1.122509390219438741e+00,3.267241628239733048e-02,1.000000000000000000e+00
-1.374679727044695543e+00,1.181985639000382005e+00,5.877455754770564145e-01,6.665081895373502485e-01,-1.451182832615490526e+00,-1.498956426541753206e+00,-3.820421375456807267e-01,-1.242904269280662000e+00,4.052662915910237307e-01,5.168503720760124764e-01,-2.805637012347680370e-01,-9.809192393579237168e-02,-6.610709936703932366e-01,-7.186765042824859451e-02,-8.632243548593209193e-01,1.367109332800058308e+00,-9.714100895698919436e-01,-1.916423748906584401e-01,7.698279459947056091e-01,-1.450547547768627210e-01,0.000000000000000000e+00
3.858618967996489402e-01,-1.030358557024774857e+00,3.065183742554071222e-01,-4.185504102719722064e-01,5.796801222599450298e-01,8.193010650773256687e-02,-7.516836101500087297e-01,-6.050625826664692702e-02,-9.656220602896221639e-01,-1.534587448866878423e-01,-4.715385782807547943e-01,-1.282543245234927021e+00,4.254904145596597465e-01,-9.533317327180226286e-01,1.092407687600998045e+00,1.178761086781534351e+00,5.029963618291943828e-01,-1.824966316587925685e-01,6.205989880158708782e-01,-1.254371836265666840e+00,1.000000000000000000e+00
-2.197781483141228176e-01,6.840775963135919957e-02,-8.750568829278947136e-02,3.412208030922364022e-01,1.152118280668314121e+00,4.459627554276706096e-01,-7.806135081759172367e-01,1.423151656137444210e+00,3.507529613830754345e-01,2.190259551230390456e-02,-2.111907756830761596e+00,-1.562203979697549761e+00,-7.133786547533098599e-01,-5.652113832956049411e-01,2.465275933360111874e-02,1.235302678385964137e-01,1.988134077388711285e-01,-4.227941490940966274e-01,8.022389044011912773e-02,1.837914362569838811e-01,1.000000000000000000e+00
5.137330447581436310e-01,9.431692957109643061e-01,8.845886704206525897e-01,8.384461518667857272e-02,1.058134781106691902e+00,1.725699107941913446e-01,-1.021829055831146249e+00,-1.370918597768727154e-01,7.146180214463695446e-01,1.529630532603309723e+00,-2.905868613792411126e-01,-2.847380402740855576e-01,-4.692671683016874096e-01,3.670855156289569710e-01,1.938724718224626997e-01,-7.764338331780492597e-01,-7.565029567511037945e-01,4.500097517179410533e-01,-1.294956502473930460e+00,-8.325386933767098263e-01,0.000000000000000000e+00
-8.725402166015742145e-01,-3.906882610976329384e-01,1.103849965799760469e+00,-1.157234576059118725e+00,-1.480292522697997715e+00,-3.331463637750626261e-01,2.102632701596642839e-01,1.321255483991786273e+00,-5.423497110755731709e-01,7.673175714993515362e-01,-8.546222141814341366e-01,-8.305529163348085442e-01,-1.339151831718950358e+00,-1.327832900544614059e-01,-1.817503692560328066e+00,1.551845264405231073e-01,-2.356917993600619710e+00,-1.733952790081979112e+00,1.994512068887250411e+00,-1.016578506976964391e+00,1.000000000000000000e+00
1.631927409234275039e+00,-6.294220489583775280e-02,-5.755141036095118290e-01,5.926801491775839370e-01,-8.531093726057746851e-01,2.642932047352264391e-01,-7.457065449432224158e-01,-7.506884400565931870e-01,-5.987820712511982696e-02,-5.505018044146248180e-01,8.887307006655752462e-01,1.819010504180593291e+00,-9.466551604754688265e-01,-1.046685781355638223e-01,-1.022651081645450377e+00,6.470359897447151010e-01,1.410247846341286859e+00,9.938767639546330912e-02,-4.272589102547147966e-01,8.701878018530434522e-01,1.000000000000000000e+00
-1.442842109046393873e+00,1.550173041489068648e+00,1.037749441621454771e+00,-1.997631993055436483e-01,-7.858265862068509744e-01,-3.686846434940851958e-01,5.523690335860417244e-01,4.552697580555164492e-01,7.609432911478348771e-01,-1.438219242292325672e+00,5.207561570517476035e-01,-8.088836054745006665e-01,-8.024962056727336090e-01,2.281272110553404620e+00,-1.163309481894417186e+00,-5.309896281652645156e-01,7.398455134428929547e-01,-4.194604107175924357e-01,-1.126955314339043390e+00,-6.423331518099391069e-01,0.000000000000000000e+00
-1.144543278255093360e-01,-1.611867425238207696e+00,-7.992339624252112751e-01,-1.287212417018533117e-01,-3.156162403484297774e-01,1.425136638978743708e-01,-1.916032878462415212e+00,-1.067140019000623052e+00,-2.253064594115259667e-01,-1.266924591061531880e+00,2.166034029602403876e-01,5.376616886478465807e-01,8.226161438873769161e-01,2.330700139439997320e-01,-2.183183789262910679e+00,3.953117645618021703e-01,-1.097804723684771222e+00,-3.602381713635426919e-01,2.818467876429299190e-01,-4.162950396293738642e-01,1.000000000000000000e+00
-1.427835634957351774e-01,3.139694020419830367e-01,6.974561875560119084e-01,-1.075899604577262997e-01,5.460227923074730816e-01,3.542097830421521154e-01,7.335188313980428587e-01,4.138906766146944749e-01,3.300047489969416131e-02,7.196610587896300482e-01,1.043565481790516003e+00,1.661840352948518174e+00,-1.174757560880681923e-01,6.164920062448409066e-01,-3.147788755468520216e-01,3.815462282066842126e-01,8.192425226120472193e-01,-1.564914470396809310e-01,-8.363522862097931831e-01,1.201226144568115495e-01,1.000000000000000000e+00
-7.387284421959560143e-01,7.479877815450501621e-02,1.896393260352028931e-01,-7.965713223805290233e-02,6.242059206571713981e-01,5.256809155278475698e-01,3.284547970619732665e-02,4.342638244296265770e-01,3.112533011341922506e-01,-1.860772141755260511e+00,-1.271603140399383269e+00,2.753545850861435773e-01,7.694062980154766640e-01,6.381061892092879106e-02,-3.002369646730111419e-01,1.979970476296835091e-01,4.729898330677157481e-01,2.343819006418056405e-01,-1.942669959560511028e+00,3.141516781533527647e-01,0.000000000000000000e+00
-8.139479112459997445e-01,6.724714259936648286e-01,1.708938801287764875e-01,-1.072718867782565866e+00,-9.579783212610363252e-01,1.800126245405345937e+00,9.640262476149638049e-01,1.123360392446905776e+00,4.709810499073439627e-01,-3.198300757583404375e-01,3.151918994660359852e-01,-9.119587645250396557e-01,-9.712429748343937019e-02,1.951008686642077716e+00,1.016107519950525173e+00,1.183470308058050868e+00,-1.207320818034461229e+00,-1.143240203102875441e+00,5.933973433004404718e-01,1.245036137718384728e+00,0.000000000000000000e+00
9.402216133745233684e-01,-2.410407252475787132e+00,-5.063824239264506089e-01,-1.077132610473775065e+00,-7.872754530587066091e-01,1.222850225589751094e+00,1.377775444140652561e-01,-1.229179159341291738e+00,-2.579286161267140276e-01,-2.970703162458086521e-01,-8.984929826799641361e-01,-1.101591578036465346e+00,9.565101851831711022e-01,-4.083214659282866088e-01,-6.889358856493941197e-01,8.941233920885993669e-01,1.932698533929231743e+00,2.581349560580485925e-01,-1.979061168540393156e+00,1.046302337166991281e+00,1.000000000000000000e+00
-3.195375394300795091e-01,-5.829365644430160864e-02,-9.124587042377968471e-01,-6.650101271982145068e-01,3.186978837961308986e-01,9.885916694918580605e-01,4.671914589193563727e-01,-1.191551270146032238e+00,-1.234690691993613365e+00,-1.106774499415722479e+00,1.352224956332233274e+00,-1.208849744102496793e+00,-1.807721403914312186e-01,-5.574094386848249538e-02,8.113922958126859597e-02,2.150159381145347604e-01,-2.966758232353483571e-01,1.680297149835875692e-01,-6.746090286232694355e-01,-1.024963621823289373e-01,1.000000000000000000e+00
1.153696694980183984e-01,-9.546718586551514729e-01,1.319773034340625539e+00,3.474293183054943945e-01,-3.621274959256349790e-01,-9.106592909241820744e-01,-3.193098094723376690e-01,1.609501795788384371e+00,-1.550666724886007874e-01,-1.470753291799338669e+00,1.208862054577299450e+00,1.645245558027128130e+00,1.235194156308270452e+00,5.463331159147268856e-01,-4.450674272475781956e-01,1.940161118296451548e+00,-1.493790241990269996e+00,-8.234905784021600006e-01,7.336214144549557670e-01,5.515435817213293346e-01,1.000000000000000000e+00
7.974451941397829868e-01,-1.169637065855910985e+00,-8.155014294170236377e-01,5.740737889466046573e-02,-1.051690185581016124e+00,-1.847589699355687010e-01,-3.145630997033824205e-01,-8.424079161987938491e-01,1.856116533703187299e+00,-5.120119071032871449e-01,-1.472517403191777596e+00,-1.470941293433555008e-01,-5.081089023707028307e-01,-3.506195234502661462e-01,2.269477869249016955e-01,1.658619712311688366e+00,2.028253957294480880e+00,5.667820056903161152e-01,8.329872369480421090e-01,-1.206244471799369888e+00,1.000000000000000000e+00
-1.397255288295224940e+00,-8.584222198626771938e-01,6.728186580781467807e-01,9.538927105543210105e-01,2.280003664187211676e+00,1.470565939022276725e+00,1.395974443726242520e-01,6.535266704280991990e-01,6.580443632847592372e-01,6.022613709427969697e-01,3.358547025591617219e-01,6.174882882385072103e-01,4.661997743066490507e-01,9.676491279435301962e-01,1.219976442825488450e+00,1.864559558716001986e+00,-2.326554378364391162e+00,-2.764312730607109692e-01,-1.412386533651740050e+00,1.192104297738844076e+00,0.000000000000000000e+00
1.408427605037914088e+00,-6.754866014368469118e-01,-4.076944842558118398e-01,1.592082454606273290e+00,-1.160362197407125429e+00,4.573519046238849195e-01,7.258196008554046452e-02,1.272803521561157725e+00,2.796708419372957999e-01,4.302122098751596235e-01,-1.349869845348137032e+00,1.482033319094860246e+00,-1.093461503269800517e+00,-1.362881822291142520e+00,1.186653614771035897e-01,1.053606128297908562e+00,-4.932459406261912593e-01,7.970586969891456652e-01,-1.649005473096493146e+00,-8.492939133817457575e-01,1.000000000000000000e+00
-1.972090274307174984e-01,1.935271138707367611e-01,-1.909731398242735967e+00,-2.509094370249798645e-01,-3.504264835185389448e-01,-2.805839732476443249e+00,4.436341007956244309e-01,-7.766331789119447215e-01,-2.297589888525898516e+00,1.018049401350759053e+00,-7.297745317296054912e-01,-1.265050108568538910e-02,-7.856125378430590667e-01,-1.815019392403276255e+00,-1.238999135597662615e+00,-1.443637273566463985e+00,-2.328809486470353907e+00,-5.805710657658307294e-01,1.365708570296189361e-01,-7.864729254607859543e-01,1.000000000000000000e+00
6.032059398039668618e-01,-9.211259607097828095e-01,4.873148794000093376e-01,3.098006420660435190e-01,-1.238605317621659818e+00,6.691883696192293396e-01,1.598328030228450547e-02,-6.238712070009779787e-01,-5.136213084863772149e-01,-1.425759053377872565e+00,-5.319189194882762983e-01,8.087571035992613400e-02,4.318963022502407823e-01,-4.730138725579577930e-01,2.431583320918621061e-01,-7.348348965037166947e-01,-4.925556396031541828e-01,1.475215523472021006e+00,6.705158641654850316e-01,4.984957108502556244e-01,1.000000000000000000e+00
-3.544406735670661002e-01,1.141558006818502502e+00,-5.737108195503379804e-01,-9.364905078243729308e-01,1.594338107473604882e-01,-2.531335409947951254e-01,-9.067538758569316289e-04,-1.498537534450928854e+00,-7.482326718793599341e-01,5.643382189087287060e-01,7.361103980759935439e-01,4.405544467377782158e-01,9.235549821556861272e-02,-1.344478515549764497e+00,7.027258871366356408e-01,5.546859340468496269e-01,-2.145620141286493365e-01,6.143888367603299594e-01,5.792444997171091181e-01,5.797504934139531552e-02,1.000000000000000000e+00
-6.715321085435940196e-01,8.774940638309624008e-01,-2.178028744314492560e+00,9.456345849838448947e-01,-2.073981206160474766e+00,-6.526383319170974140e-01,1.224152349068527545e+00,-7.959322020606121040e-01,8.160442415141105910e-02,-1.559302367521781640e+00,-2.647907401655745230e-01,-3.513204431413320394e-01,-4.617101738797460553e-01,2.415934719080077564e-01,8.143847208428068862e-01,-3.663523445339646467e-01,-1.338814510663887569e+00,2.364739044208370888e+00,9.003296459865586243e-01,7.516286375516983975e-01,1.000000000000000000e+00
-1.407524757258066028e+00,8.815528976357289714e-01,1.563587135515222826e-01,-1.410434157553922097e+00,1.919954926688768104e+00,-1.182164441838643443e+00,9.297948537005134018e-01,-5.381228747917025101e-01,-1.567180981269087781e+00,7.633116650376614576e-01,1.909082511459661680e+00,-4.009786544720008172e-01,1.589028618928063130e+00,1.296829749840943957e-01,1.771867509880292291e+00,-3.922779709506818424e-01,-2.045103325627841973e-01,8.838655427427031253e-01,-4.104663732794252562e-01,-4.505896058598586329e-01,0.000000000000000000e+00
-4.623277683800713911e-01,1.208342824434442742e+00,-7.701849505672250240e-01,-3.192546673436481575e-01,6.911911331288930205e-01,-7.390489487009557212e-01,2.489961277216241886e-01,7.999235976869900622e-01,-6.664754468630618156e-01,-7.453873104385816406e-01,-9.103219075966594021e-02,1.021842292574221434e+00,-7.646405576467361909e-02,1.513388130237844242e+00,-7.291631433990055644e-01,-1.124354213265231078e-01,4.916339083232593721e-01,-7.584670662579970912e-01,5.936217119172819690e-01,1.055283120292485277e+00,0.000000000000000000e+00
-3.513619490493120057e-01,3.768504426673119356e-01,4.791147675479546786e-01,-2.153184030143392713e-01,-1.713276243290282330e-01,-1.851566738657060451e+00,-1.618649399742831507e+00,-1.583637690092897454e+00,1.126425079886799852e+00,4.326295908487297059e-01,-1.815750072401985049e+00,-2.876903081468604739e-01,5.777056344247958296e-03,-1.028565250957164556e+00,3.897381975084043826e-01,7.382233284580835830e-01,7.246525041918011611e-01,-1.341007992007464455e+00,-1.306890479500955493e+00,6.682598889051747371e-01,0.000000000000000000e+00
9.438508488313840372e-01,-3.531343270042564680e-02,4.277157616569881027e-01,1.401499999509203009e+00,9.305812966403314013e-01,7.660817294650328346e-01,-1.504007206328439761e+00,-4.867531475020762111e-01,2.304373184732108726e+00,3.312332689159292354e+00,6.651596471040998049e-01,-1.550752435802959184e+00,6.910690036208864129e-01,7.105715690719129896e-01,-5.597651056492313204e-01,2.365197660430006010e+00,-6.551384417251490122e-01,-1.541926371814113239e-01,6.516377908312389611e-01,-1.237774852121219959e+00,1.000000000000000000e+00
-7.710129180709705821e-02,1.407319473519677899e+00,-1.211470998239188024e+00,-1.217814601545333497e+00,-1.406897921212195479e+00,1.410930168895295989e+00,-2.144230813350149756e+00,7.985476486122392581e-01,-2.147591735428790560e+00,8.642228633993963294e-02,-1.438206272662472918e+00,-1.420707289673996510e+00,-4.863831538039459917e-02,1.621658311535583374e+00,-3.298269847073542205e-01,1.341863750822733126e+00,-1.570677327913622134e-01,4.129356828802571155e-01,1.197206216892851893e+00,2.817626495843236212e-01,0.000000000000000000e+00
1.012534197706647515e-01,1.199799758603483202e+00,-8.337004071042667386e-01,7.332146448008023398e-01,1.037103136710016527e+00,1.327756036184909727e-01,2.655853697957663573e-01,2.325424972805980872e-01,-3.239862659553639501e-01,4.406737681238605542e-01,3.343761125387719746e-01,-1.659039877124301343e+00,7.702485899693990445e-01,-1.034833181710818062e+00,-7.901088994627790685e-01,-1.310398677338567186e+00,-1.908700309347972357e-01,-7.714693146995826867e-02,-1.643475413818535014e+00,2.601341302940949340e-01,0.000000000000000000e+00
1.266083508707589234e+00,-1.113639665639053034e+00,8.346199693035787348e-01,-6.400846748007803511e-01,-2.759963241017921454e-01,1.011893001162347039e+00,-7.696410919202287815e-01,6.057800656407232864e-01,9.132541948116540409e-01,2.405268893094314187e-01,-1.275207244838715503e+00,-8.375877804078511735e-02,-2.371812538244075785e-01,-1.467473121091519284e+00,-1.090613916953691920e+00,6.369693191670956489e-01,5.062246677060338040e-01,2.721581347596684908e-01,8.105390487812412781e-01,-2.472483679683241675e+00,1.000000000000000000e+00
1.542127703264867478e+00,4.153128260763225832e-01,-1.733330451078737497e-02,-4.207420988281214691e-01,-1.250627810836534293e+00,4.027051295583215090e-02,8.587374181958938868e-01,8.715964226488992495e-01,2.027028782310691835e+00,3.031544514972327187e-02,-1.184254706233978549e+00,1.100597026373418830e+00,-2.242457703805502134e-01,-1.552811630736244952e+00,-1.603115479095529317e-01,-1.843588600837119840e+00,-9.467412214616064414e-01,-5.417583729930475211e-01,5.039713953340213548e-01,-9.046963047944295289e-01,1.000000000000000000e+00
1.175624413587535555e+00,-1.497641920028971896e+00,-7.871947304942452650e-01,-3.113881336373061637e-01,5.348075427335781118e-01,-5.470663265133862696e-01,-5.525078046204272564e-01,1.643507006786642632e+00,3.696980676250655184e-01,-1.393849449350063885e-01,4.728019576851315020e-01,-7.196883852465142395e-01,1.340417276576701289e+00,-2.618579560402770845e+00,1.002942651723801148e+00,6.362995565941184095e-01,3.708920862917683969e-01,-2.157231694545786116e+00,-1.344180794108651211e+00,-4.731083840409906066e-02,1.000000000000000000e+00
-9.666188002680056734e-02,1.221452768113219012e+00,-1.432514386510565840e+00,-3.931790943080347711e-01,-1.752138885883808284e-01,-4.672613127287909007e-01,-1.611990993193556321e+00,2.141666219331868959e+00,-1.074290284454804567e+00,-6.766761168157431339e-01,1.662218316471985591e-01,1.331912549685863700e+00,-2.525757293097907197e-01,5.196871671919462976e-01,5.959331134371211869e-01,9.446574812611860938e-01,-9.708266997588907987e-01,-1.615251234719389251e+00,-8.024240446827110018e-01,1.245593942593789638e+00,0.000000000000000000e+00
2.803107443124532860e-01,7.862075711891487462e-01,8.246033469615845490e-01,-1.399548746960685763e+00,-1.610504685334566699e-01,5.660518223531016968e-01,-7.922852431336203927e-02,8.442349377373209451e-01,-5.785859432619541165e-01,1.548840933502615647e+00,2.051191592009382891e-01,-4.950398249827966946e-01,1.621831826233951723e+00,2.734061971213757047e-01,1.130937761954204257e+00,2.481669072616345950e-01,1.881159654793324587e-01,-2.421683863421864868e-01,-2.794175384109505722e-01,1.727641351868623443e-01,0.000000000000000000e+00
-9.753440329902947070e-01,9.385492802385302369e-01,4.308016731272968913e-01,2.048070712386704351e+00,-1.077952505196053012e+00,5.507322759360049752e-02,-6.377592197356163339e-01,2.240971914433473322e-01,-4.875514796335143064e-01,-9.563883184558740203e-01,-1.498199428395046162e-01,-3.528985230122660965e-01,5.693075232290241428e-02,1.326007676531152368e-01,-8.722461341861817985e-01,-9.519852119179696981e-01,-1.625417685167227067e+00,-1.901483705905863686e-01,-1.075795490284795902e-01,4.680086203680287049e-01,0.000000000000000000e+00
1.333401229597222626e+00,1.073942457847735898e+00,5.304922434949937982e-01,2.887172705373970416e-01,4.126233994706309249e-01,-5.914571374344169685e-01,-1.578657940376514635e+00,4.515053218491356102e-01,9.385691670020609445e-01,-5.792683027100467008e-01,5.729842746655582075e-02,-2.017783891770280835e+00,6.772242842014338793e-01,3.641237420201339781e-01,4.713223581040433263e-01,-1.217359628011289475e-02,7.631034645431450381e-02,-5.748273089855170381e-01,-1.276271314450919903e+00,-1.006049151071915393e+00,1.000000000000000000e+00
1.571283687839209353e+00,2.450095240171700495e-01,1.316146790728270233e+00,4.652545011902734506e-01,8.861654746069124178e-01,1.764236249756395702e+00,6.820170841726526101e-01,-4.727496561590529001e-01,1.730935919892859109e+00,3.082632691122485502e-01,-1.350766990760786934e-01,1.142259868928553468e+00,-5.537612343205391419e-01,-5.837235619221112226e-02,8.216921794465462670e-01,1.017268429641971839e+00,-5.914007733937686195e-01,1.619439645948372863e-01,2.048504763114495364e-01,-1.573925386088654010e-01,1.000000000000000000e+00
2.455166674216886946e+00,-6.851348711860223706e-03,-8.819205060706587496e-01,-1.050067853882853619e+00,-5.059193812319819905e-01,-8.751357129734437246e-01,1.493277219694167934e-01,-6.590113402847008750e-01,-2.219570425881004783e-01,-4.270634087101796705e-01,-1.531118209600959457e+00,1.642364575745534960e+00,1.153310142425535423e+00,-3.291255400413912735e-01,-9.336804671054302895e-01,-1.451978917946869840e+00,2.741074981426613322e-01,-3.126843080009811815e-01,2.180237853227504186e+00,2.275299040846178844e+00,1.000000000000000000e+00
-7.532515490586962903e-01,1.547942856475361451e+00,1.179065810549175586e+00,-1.611468624907316904e+00,8.649514973363596759e-01,1.827994925360027834e+00,5.000981231140944061e-01,1.367264158536404262e-01,3.440453580614813434e-01,-6.499564592231533988e-02,-1.494565852558299879e+00,-2.501011219484994830e-01,8.730113711761086082e-01,-1.896648883225025006e+00,4.294853846739238867e-01,1.760395503571930420e-01,7.353836399582155403e-01,-3.402240405180642635e-01,-1.484581195581580193e+00,-2.261888538984109243e-01,0.000000000000000000e+00
8.870293894028648263e-02,6.909332717551457392e-01,1.025134442237188193e+00,-1.194977892882916892e+00,-4.867570707036789068e-01,-1.669705515479666946e+00,-1.614837580586058197e+00,-9.680833930905571316e-01,3.731527806493148414e-01,3.990427936149645860e-01,-2.110351019883484891e-01,7.465683408127561371e-01,4.735317879261728008e-02,-8.423140037904282978e-04,9.530241076480021611e-01,1.764002258112022714e+00,-1.269231723564264502e+00,7.390829089457303658e-01,1.139558732681014375e+00,-7.620577361145236539e-01,1.000000000000000000e+00
-8.938024906627611843e-02,-5.817965240968070439e-02,-1.788181331264813378e+00,-1.869309201635915851e-01,-1.409530945180227646e-02,1.803301678615291781e+00,2.338534832475553382e-01,-1.563640667334569023e-01,-2.466051591023224354e+00,-1.846518966695489539e+00,5.430966306894320361e-01,9.540562652838919799e-01,-3.901986372793508906e-01,-1.831620067588635159e+00,1.599022059491155945e+00,4.966992176224720446e-01,3.726182957235149584e-02,-5.733968066435460864e-01,-1.775467456268302602e-01,1.332512516923276769e+00,0.000000000000000000e+00
-1.478219220905554021e+00,2.275218546456573510e+00,-5.959034525628584822e-01,1.121454474373992261e+00,-4.409052788054368399e-01,5.974932668777163114e-01,2.869134979328754054e-01,-8.698247798071706560e-01,-1.007396521590700145e+00,2.325675451561518337e+00,-3.596495484629866901e-01,-6.885697434275234174e-01,1.432279398176212304e+00,-3.596272706303378919e-01,-5.229440265610256766e-01,7.477210505897086135e-01,2.428270427443551538e-01,8.253224470042818117e-01,-9.003057420329065863e-01,-1.460685132761957439e-01,0.000000000000000000e+00
6.696452757089456087e-01,-1.018301809027039706e+00,6.877068555611761669e-01,4.801760492188446028e-01,-1.412377007902037240e+00,-3.671041830089938340e-01,-3.770474364022323721e-01,-4.966474277601816700e-01,8.235328125011531775e-01,4.889492475931367932e-01,2.197100158926197366e+00,2.845782904327722740e-01,1.615296060018754920e+00,-1.430393847263491391e+00,-1.064279805562276193e+00,1.294476685324468836e-02,5.712155275822933254e-01,-3.399129252246340660e-01,5.052216567345885201e-01,-8.465756018613618261e-01,1.000000000000000000e+00
-1.646205507459058692e+00,4.731458993357631204e-01,9.489899620496256016e-01,5.116238434500247623e-01,1.505733288826553329e+00,6.829801982608195710e-01,9.956395311012350424e-01,-9.440853052150269820e-01,-8.436983857804573050e-01,8.007289591304648235e-01,-7.423459710379654020e-02,8.155181764283045975e-01,-1.335681032494645260e-01,1.641720362472386618e+00,9.926005779182768274e-01,-3.841703334560309102e-02,-4.510016439245865261e-01,4.126003047778660227e-01,-2.495369017642824483e-01,-3.247230228865464752e-01,0.000000000000000000e+00
1.426161696932313344e-02,-1.342979381234262526e+00,1.039251554458507698e+00,-3.901901362434328502e-01,1.606316221580996184e-01,1.327977674837422573e+00,1.288188351342908433e+00,-9.066658400591584011e-01,4.184273183744578045e-02,-1.127751309169318983e+00,1.298098516824953252e+00,8.461885768321824042e-01,-3.489272732251930131e-01,2.072663487245537950e-01,3.217587660758310375e-01,1.813707459168723668e+00,-7.302986327593415927e-01,-3.190534094395592324e-01,2.438683690469596599e-01,-1.544781274103429469e-01,1.000000000000000000e+00
9.921148374986741292e-01,-2.496315205486917266e-01,-3.796883480428909219e-01,1.057272577162907234e+00,-1.182176739174870539e+00,3.845899128816667734e-01,-1.586382773994896134e+00,-1.331866859936659264e-01,-1.275966484627175435e+00,-2.189446045731030799e-01,2.844374674755988930e-01,-8.630454855123025071e-02,5.567842759951561193e-01,1.932939148144352970e+00,6.578518072559542684e-01,6.428368773067675290e-01,7.344650591447052235e-02,-8.792736963523934968e-01,2.069387529847536822e+00,2.508839733421726947e+00,1.000000000000000000e+00
-8.594021904042311588e-01,1.299670708975669386e+00,-3.378393587873281811e-01,-7.271682690946599248e-01,-6.013791265974847144e-01,3.993821026034688471e-01,1.093048524300797908e+00,7.697082807630021284e-01,-1.172651259159313675e+00,1.674104637114458283e-01,-5.798954518426080451e-01,1.179439066645925571e+00,1.083435957882765699e+00,1.589410160338017075e+00,2.269119832776731460e+00,-3.301669734039768489e+00,5.057464808141252099e-01,-1.041702432744699314e+00,-8.951853036210983827e-01,5.585470806212261552e-01,0.000000000000000000e+00
1.354184475985581226e+00,-1.469717671459959352e+00,-4.041717410882640915e-01,-1.216721306179893713e-01,1.422696383049541158e+00,-6.523178466422072663e-01,-1.022675014140165484e+00,-5.705313079983274083e-01,-2.599642043274721925e-01,5.938251549796828010e-01,5.117375228657889963e-01,-5.043635144627864886e-01,-8.706936351990964829e-01,-1.828042072948756092e+00,2.243329681540674692e+00,2.356785151724185567e-01,-5.836248925230853590e-01,2.786898063474600451e-01,-5.753092541934055060e-01,1.129340616181014667e+00,1.000000000000000000e+00
9.847488627922529325e-01,1.202448713441091055e+00,-1.029277627524697758e+00,-5.268189029718201022e-01,1.103944195704815723e+00,1.747839247548316877e+00,-8.384851623981963709e-01,-5.629472115729480253e-01,1.664845220712545482e+00,-2.776200712031639539e-01,5.352667031121304264e-01,1.435058976167899125e+00,-1.303296589347214818e+00,9.516698119822532026e-05,3.525104858729150581e-01,3.269131094167602725e-01,1.437308878317173688e+00,1.017032711780499893e-01,-5.948205202759994092e-01,4.821065291416355980e-01,0.000000000000000000e+00
-6.351379455076565372e-02,1.220757489437477999e-01,-2.650372026581191420e-01,1.782704639718725836e+00,-1.209177007490317646e+00,-8.497028359723716173e-01,-5.327311987352626454e-01,2.540061479483670670e-01,-5.319186264162889533e-01,-8.218398447944977869e-01,-2.126246176503976681e-01,-1.249302730279458151e+00,-2.596445279911102078e-01,-1.363145316223552062e+00,1.974023015956144489e+00,-2.312463143474438876e-01,1.268253681526087417e+00,-5.019705113942299901e-01,4.468039088534977998e-01,-1.184119968044209381e+00,1.000000000000000000e+00
-8.427378590887422138e-01,1.339793674895954467e+00,2.455882134542929918e-01,-1.458717384833051911e+00,4.873170164692136597e-01,4.746652521465147823e-01,9.140213062304787250e-01,6.322897424941560374e-01,4.812115345701187819e-01,-9.617468731595435472e-02,1.204884115404079914e+00,-9.228769746323303158e-01,-1.654267685393147502e+00,3.060314690747497623e-01,1.286422672781250442e+00,-2.449134642740456169e-01,-5.411991326641208966e-01,1.938566735220972337e-01,-7.176389166401386799e-01,-7.159456188155832734e-01,0.000000000000000000e+00
2.557326307656490272e+00,-1.001003841114966458e-01,3.312187591199934888e-01,-1.144052590544020864e+00,1.166061219848499309e-01,-1.016160058459026239e+00,-6.680383078676992437e-01,-2.407822366034438222e+00,2.727584218718323017e-01,-2.760032425999461303e-01,1.280486423467382062e+00,-6.797018768670008981e-01,-5.369038777666099715e-01,-3.002566584725913090e-01,-9.282969767157299712e-01,-1.384119137912488418e+00,1.082165936892160119e+00,8.619258303224200946e-01,-6.048814988751084476e-01,7.330488150825482663e-01,1.000000000000000000e+00
-3.472676787305847834e-02,-8.093983571894526330e-01,7.977873786884943641e-01,1.142516275557546312e-01,3.493987424327303914e-01,-9.605316790952194150e-01,-1.655034198402463685e+00,-1.059266385338553551e+00,6.471977348978793509e-01,-2.379189919315850277e-01,1.994691815904943155e-01,5.250372701159450317e-01,-3.306034632145818386e-02,-4.226232037592904389e-02,-8.924563862971274242e-01,1.001737165551154884e+00,1.060497479249586039e+00,-6.894075883851755737e-01,-1.115092619320881440e+00,1.619073736755910042e+00,1.000000000000000000e+00
-1.372789854521683672e+00,5.848644643588407632e-01,-8.174972731236589407e-01,-3.660476781320275430e-01,7.834820556995422125e-01,7.708984943716247207e-01,-1.184180444525350095e+00,-5.523117771451418329e-02,5.534380312977705829e-01,-7.658186258613476349e-01,-1.211642409111298724e+00,1.097352082408998397e+00,2.217078949967919155e-01,1.394139348761354313e-01,-9.455316628468151130e-01,1.303218834401072557e-01,2.072987728611975222e-01,7.208156910682896878e-01,9.058738529890485447e-01,5.135970801453006995e-01,0.000000000000000000e+00
-8.526443450212437547e-01,1.015929870100229726e+00,2.741640775203802588e-02,9.610326406290654599e-01,1.285694897213211174e+00,-3.561597235789352722e-01,8.302365723028217737e-01,1.574304103740808092e+00,-1.178306734509539710e+00,-8.458766691855102993e-01,1.012977811129221140e+00,-1.694102748343892240e-01,1.248011912983350458e+00,7.911298393076328095e-01,3.648422704585131404e-01,7.901113064960395560e-01,4.648700453051971548e-01,-1.081183188716248855e+00,3.062112224791002091e-01,1.195094663515069211e+00,0.000000000000000000e+00
1.195333463033013022e+00,-1.942809361815690083e+00,9.693658746337234788e-01,8.894052466308002280e-01,1.135342048089867939e+00,-1.168328919605883920e+00,-9.876518195767854114e-02,-1.762284688559671020e-01,-1.287803006937285666e+00,-5.672360986153380802e-01,-3.362354756916833831e-01,1.066834857853843355e+00,-7.638412695059977331e-01,4.769885638992264476e-01,-3.957568683821588995e-01,-9.441600527075626470e-01,-4.089204917282238116e-01,8.230713940861213995e-01,-1.252808259520139300e+00,-6.650320636881003056e-01,1.000000000000000000e+00
1.316288956381107766e+00,2.617605040329343824e-01,-1.273569964054920012e-01,1.057292403653823598e+00,-1.046684843478272287e+00,1.243630348678137931e+00,-2.151238595445745527e-01,-6.440001715318632858e-01,8.731652764954698220e-01,2.205041369986133343e-02,-8.755205173119641471e-02,9.571130868088089105e-01,1.979786201116237265e+00,-9.762219466019462777e-01,-1.292351604946807342e+00,-2.323071941495886417e-01,-7.873160071975796592e-01,-1.007649409068742230e+00,2.264573774906637471e-01,3.521306102307641406e-01,1.000000000000000000e+00
8.259128236257029521e-01,-5.677234211062315294e-01,7.656980541033731047e-01,6.163695560521564865e-01,2.270613927611359717e+00,8.270218382093591503e-01,1.097034721096764809e+00,1.302761369137733771e+00,-6.286066439434045972e-01,8.639508143490819414e-01,8.592158032337103846e-01,1.240170888728640008e+00,-1.948443185250338772e+00,-1.978279865500970569e+00,-1.742763873869647817e+00,-3.688129687209076302e-01,9.865926665063076140e-01,-4.754486192487088481e-01,-2.139681818436354743e-01,-3.688326245248353397e-01,0.000000000000000000e+00
1.842849821924375409e+00,-8.589971453713435290e-01,3.453899358492213967e-01,-7.224064723251466535e-01,-1.434474875509047731e+00,2.334480977036069438e-01,1.148194419555968127e+00,-1.053013923004477714e+00,-6.944024624222454312e-02,-9.514582762427484242e-02,-8.536673871504835143e-01,1.157611377819724563e+00,-1.104090449564368720e-01,1.629947251813971265e-01,1.763084492027076955e+00,-3.102159498966519657e-01,-6.449892575039777309e-01,-1.404437040928502745e+00,-1.192294276560618371e+00,2.374554499970094046e-02,1.000000000000000000e+00
-5.356179072466015628e-02,-1.406910529230188001e+00,-2.124463530393138899e-01,6.156853685914709384e-01,-8.716514717751022712e-01,-6.552876941421393875e-01,-2.179631078262556976e+00,-1.647739664595413656e+00,5.669741601767673833e-01,8.395936144243563160e-01,7.549703404462113632e-01,1.497073248143778249e-02,-5.049865032190294922e-01,-1.064243451889251624e+00,-8.671761179015108345e-01,4.844512643438059207e-01,-1.724592421839100664e+00,8.718734225441310270e-03,-1.120901134013946754e+00,2.093561389210904622e+00,1.000000000000000000e+00
-2.111089831433878850e+00,-4.990485840690568886e-01,-2.549865108772325639e-01,-4.453343037644583724e-01,-1.771292439731179114e-01,-1.012608699737677309e+00,-2.632085442341549175e+00,-4.426749576203281578e-02,-8.353739738280495652e-01,-1.521085448869352597e+00,8.836597412672924090e-01,-2.772387668652486759e-01,-6.667409563281957441e-01,-1.233035382740541808e+00,-1.222760498503674270e-01,-8.992527791575266605e-01,5.517262470249670869e-01,6.791118583012641929e-01,-1.981171044277476867e-01,-1.727667351271284790e+00,0.000000000000000000e+00
3.233828304904853290e-01,8.028095828006841517e-01,3.681145288906831903e-01,-1.244019816278814881e-02,1.943227607812082258e+00,1.638503968372288844e+00,-5.977616342676317363e-01,5.008855529561583309e-01,-7.839589363974092118e-01,-2.603352782656600528e-01,5.338054217624720738e-02,3.475732946490292519e-01,-4.612720222937376491e-01,1.586895632634434672e-01,6.575328072640983512e-01,5.967724659415512001e-01,5.559338462398218939e-01,-1.295048380830546630e+00,7.732705315021402848e-02,6.258308550270840209e-01,0.000000000000000000e+00
1.020646857273211916e+00,-5.328244298370456988e-01,-2.946088247842458818e-01,1.004710372926970186e+00,-5.836173203934784670e-01,-7.247701104905408531e-01,2.491311071977929115e-01,1.230088473365973378e+00,1.385738851411917605e-01,-1.104243620568156059e-01,2.293027896836362878e+00,9.209202206211758446e-01,9.656774775975459635e-01,-1.079128850223495473e+00,4.762183344848961580e-02,-1.269870362700237454e+00,-1.060120212637786663e+00,-3.146114186471345442e-01,7.924954893709617032e-01,7.863899959373510384e-01,1.000000000000000000e+00
6.970474237845089051e-03,-1.425819853270944571e-01,-1.095729784449830602e+00,1.400886074593500563e+00,-1.716357792634000123e+00,-1.192428977281944524e+00,3.118493881851087113e-01,-4.323573297960893180e-01,-1.829760347736973713e+00,3.936794826352780219e-01,-3.202790532420100589e-01,-8.875077605611286780e-01,-1.313795880056470411e+00,1.116920775072132388e+00,1.270084060895914302e+00,-8.465265129459971227e-01,-4.375784142054107151e-01,-1.930593859296994841e-01,-1.680264052705192857e+00,-9.787509610622840972e-01,1.000000000000000000e+00
1.968850779896806902e+00,-8.046687280754544203e-01,6.782367936386304308e-01,-1.731839954802274761e-01,-1.445199319174045871e-01,2.749321005523288619e-01,1.169282342780728623e+00,2.760514105094468706e-01,-2.451852015278765951e+00,-1.536390376102534594e+00,-5.986360111953146351e-02,-7.157257966758926448e-01,-2.479082018434836332e+00,7.235889624172607837e-01,8.848309162749121715e-01,7.799675907438233802e-01,-1.241935843452282411e-02,3.653444057035653003e-01,-2.373531585941422717e-02,1.794097406958128638e-01,1.000000000000000000e+00
-2.226103036276200875e+00,-1.584432515772647543e+00,1.685559220763760191e+00,-1.286788580205379562e+00,9.440478966123448945e-01,1.201501726365236111e+00,-4.665686003571059559e-01,8.538658339462672497e-01,-9.573321346322493097e-01,-1.203270010887163843e-01,4.451566702535127984e-01,3.161410598376069303e-01,1.191313662212724056e+00,-2.153710754190801158e+00,1.083634550594217982e+00,-7.686910135573670200e-01,9.463881614826066269e-01,9.189635794479452668e-01,-6.872991571972069114e-01,6.355278243680897443e-01,0.000000000000000000e+00
8.318659929485849869e-02,-9.235497766569230604e-01,-7.632555410197180423e-01,3.070622981906082072e-01,1.053518168492781459e+00,4.869878691018973971e-01,3.604142486674250523e-01,5.511170645983434202e-01,-1.626436897806937121e-01,-7.940101574542037799e-01,-1.818955378806634160e+00,-1.046886910359839051e+00,-4.499469204374394460e-01,-1.513326820920387061e-01,1.202634780962758346e-02,3.747543130971137670e-01,-2.360065709114904653e-01,9.964535230567070911e-01,-5.917871963680949587e-01,2.107130046964102443e-01,1.000000000000000000e+00
6.223996066170771613e-01,-8.550635429358394157e-01,-1.621848044543585110e-01,-6.169563142854016524e-01,-1.059741564454259377e+00,2.191751631485832075e-01,7.920751499685736441e-01,4.871276002305429675e-01,-9.976957707843453482e-01,1.267282480173966164e+00,1.229334212433493834e+00,3.737709828522909478e-02,8.064297656974107609e-01,2.425626924327599632e-01,-1.349273891400182279e+00,-1.066241758687445640e-01,-1.213551638549891232e+00,-1.509607125491236657e+00,3.641127827653324878e-01,6.548271381599106711e-01,1.000000000000000000e+00
-8.985623627275726166e-01,3.997860000837035188e-01,-4.016711545059292732e-01,-1.241268107396311660e+00,-1.119314913796254640e-01,-7.828153792071884665e-01,-5.241880885061174222e-01,1.067158363028233525e+00,3.474128600715242210e-01,-1.444510379750451934e+00,7.113606458853148906e-01,2.995101694230464795e-01,-2.291705678891997090e-03,1.492272781974934293e-01,-3.844553883793807025e-01,-2.361892235120557348e-01,1.273163391858624260e+00,7.758796967934485922e-01,-1.952395201780719569e+00,-1.513659324158348696e+00,0.000000000000000000e+00
-1.810041824320414161e+00,6.009800484599299442e-02,-4.642367307985839631e-01,-8.780451370050197379e-01,5.788914789585162257e-01,3.919332060022129305e-01,-1.071869208454206746e+00,-4.647451717917392977e-01,-1.007424770705604322e+00,-1.862988628038134920e+00,-1.598645290905468530e-01,-7.153540461161012054e-01,1.215142769389060184e+00,1.913383558029538190e+00,3.170673087989223649e-01,-1.688476618755880176e+00,-5.179922062191257837e-01,-2.274535911619425921e+00,-1.364756454805945707e-01,-1.156387559504977069e+00,0.000000000000000000e+00
-8.818302489591381965e-01,6.086150604526913144e-01,7.534268287522161156e-01,1.721996279456744217e-01,5.215446425741545600e-01,-1.649057689061321552e+00,6.385490815881796900e-01,-7.382626878665184966e-01,6.384344396430796653e-01,-2.829717597878985691e-01,-4.574245957483350500e-01,-5.623305482105951381e-01,2.867101724202548052e+00,4.094986697710303325e-01,-1.985369077696715445e+00,-1.800556862739071562e+00,-4.908058390503838853e-02,1.597905633551991222e+00,8.326850485214778441e-01,-1.525179845614844654e-01,0.000000000000000000e+00
-4.888542131956880588e-01,5.208923948076398247e-01,-5.663287559113733272e-01,-4.637157282703528449e-01,-4.046369347573231523e-01,-6.963448301890004435e-04,-4.200708295134981118e-01,6.631119371756467595e-01,-5.286175595485256284e-01,1.018985465217271624e+00,-4.673125532227722090e-01,1.440230423910980884e+00,7.050478741714010233e-01,1.439667235750095919e+00,-8.158722066733937739e-01,-1.229259159456308037e+00,-4.459784020848314157e-01,-4.511386754398817867e-01,-1.533278397489968636e+00,-1.003036085673142175e+00,0.000000000000000000e+00
-5.984467469599462630e-01,1.344010038156169706e+00,-8.344995554681688965e-02,3.481747166823776496e-01,1.713806392329846551e+00,2.126542345241887233e+00,9.659848096747468693e-01,-1.471494224805675044e+00,1.717458008090383681e-01,7.063921986321258784e-01,-1.434471542004433386e+00,-3.029503971752853242e-01,7.882851560780660405e-01,-2.223984742153318483e-01,7.949142017745052247e-01,5.131555540240427815e-01,-4.306677434408204275e-01,3.952548847803211696e-01,9.578207566696891329e-01,3.653162999967179969e-01,0.000000000000000000e+00
6.786433602749841754e-01,-7.621217786607129563e-01,-1.049729674768088289e-01,-8.243215992297698858e-01,1.289471877672410116e+00,-9.358379687858897622e-01,-1.147466921062619410e-01,-4.568677448957157022e-02,-1.793306151740633458e+00,1.318745076637276803e+00,-1.262409877557478799e+00,-6.225188894679063445e-01,-6.186990394448441677e-01,-7.652156825892844072e-01,-5.019035720676938706e-01,5.378118177524786603e-01,6.368988058847598888e-01,-8.324200658929560293e-01,-3.707133675551541607e-01,-1.070415194625536498e-01,1.000000000000000000e+00
6.074753285472307418e-01,1.325515153804383228e+00,1.722350239892374901e+00,1.678436911789888963e-01,-1.466327375095683117e+00,8.563144178919278315e-02,1.105224683086917237e-01,-1.927174118389092916e+00,-1.295413624895802140e+00,8.103018924661218314e-01,-6.682162366753366944e-01,-8.909573424197093916e-02,-8.423958012270541529e-01,2.099507275391494066e+00,-1.251813172140340491e+00,2.669215282030266700e-01,-4.577119139169031348e-01,-7.748944564624111742e-01,6.296548948244857780e-01,7.551680950761990863e-01,0.000000000000000000e+00
-1.475688949633114921e+00,6.069574194623803542e-01,-3.686624722086736528e-01,8.078159590270419521e-01,1.090930103467087076e+00,-6.847562943114050560e-01,2.629946327288418262e-01,-3.171770273417088837e-01,-9.419314608127227206e-01,1.866367851368773145e-01,1.425580416993886601e+00,9.300500476335644695e-01,-2.982328066209579132e-01,-8.705845799275679919e-02,-6.498451535262655954e-01,-1.204648146137861753e+00,3.665256481719772474e-01,-6.416438658912750892e-01,-6.026911159745739210e-01,8.184236048505056926e-01,0.000000000000000000e+00
1.131438346406278495e+00,7.821666862701127931e-02,1.399001437255281477e+00,-2.635875457698185209e-01,1.020083085934623934e+00,-1.340485098330367331e+00,1.721267086912790401e+00,1.716140658211255055e+00,-4.228175740386557746e-01,7.382574899644799016e-02,8.723911105863114690e-01,5.168228508919989750e-01,-7.007706536858449020e-01,6.422560819754655759e-01,1.060707900146879767e+00,1.033257193698502718e-01,-9.463750488467550515e-01,3.324705664658604565e-02,4.611228848447679884e-01,-1.017375766650644026e-01,0.000000000000000000e+00
3.620137236094309041e-01,5.362353646573955190e-01,3.730565769632154249e-01,1.401764496125036619e+00,1.943618603444872972e-01,3.060575902380614499e-01,-4.701018636240343329e-01,4.706219484482291882e-01,-1.528740275221945444e+00,-1.667317072769110009e+00,-3.467339709451069951e-01,-1.315025909652735470e+00,3.577397614013407834e-01,4.928539928993710406e-01,-4.978667943053083356e-01,-1.054563501332663744e-01,-8.119151037475987875e-01,-1.193729746568237549e-01,1.254663021582771432e+00,-1.246220195694996979e+00,0.000000000000000000e+00
-9.639889536691214067e-01,6.427321713632244693e-01,-1.523457877540328909e+00,5.386952066732281219e-01,-2.224614981964689320e-01,-5.261107191883649392e-01,1.325110981801040921e+00,3.419232386068479235e-01,-6.045727772704800884e-01,-3.403128351788825556e-01,5.281830703894697665e-01,1.150123693752308496e+00,-6.687801430629995991e-01,5.994083661144152808e-01,2.604018073154591439e-01,-5.896118631507096808e-01,-9.144909656187426295e-02,9.030058213893137342e-01,-8.248282508574434901e-01,3.831465615642611344e-01,0.000000000000000000e+00
-1.701146165204320049e+00,1.016893275306607114e+00,-8.568376901863472561e-02,-8.953339592104887779e-02,-2.153899213669761281e-01,9.882180499783174144e-01,-1.213068316590503182e+00,3.062962543201713794e-01,-1.956524895639275341e+00,2.089037468512076334e-01,-3.295191315143598115e-02,-1.231018612649462440e+00,1.067218215227642847e-01,-4.711433579936059601e-01,-1.834581519293902341e+00,2.667879126544393742e+00,6.759207780156183398e-01,-1.120260747697470194e+00,-3.213835987311092213e-01,6.922359038306132861e-01,0.000000000000000000e+00
1.254628538675747751e-01,8.909867060028278662e-02,-4.317834809093025195e-01,-1.304577562784358380e-01,-7.245213490375089771e-01,-2.446137431063371281e-01,2.952629564825796082e-01,1.212606209889842024e+00,2.342681772790879968e-01,9.898416788497438334e-01,-6.388020454432482564e-01,-8.606472312176903783e-01,9.746581071383643435e-02,-5.007687756997858397e-01,1.072756027031413151e+00,2.656273065697590807e-01,-2.115295521926052469e-01,-6.773576972341935898e-01,1.900622905851962474e-01,1.241325130978231522e-01,1.000000000000000000e+00
8.389596087390490675e-01,-1.071637759093728715e+00,8.476031832732430216e-01,6.232341861843994080e-01,-5.205811665995831866e-02,-7.139205731251370146e-01,8.940784421494112344e-01,3.393410322498073839e-01,1.438422567643165895e+00,-1.946075227892788639e+00,-2.459873549300622131e-01,7.206016892965341203e-01,4.887986588933392884e-01,6.952100331561931190e-01,1.116898669160028001e-01,6.542899889287596693e-01,-1.098916723878543694e-02,-8.255273091823656095e-01,-1.822302455997677928e+00,-5.100006465703984526e-01,1.000000000000000000e+00
8.514122490581366165e-02,2.128336215803410703e+00,5.020776885607323159e-01,-1.461579531317391600e+00,8.594213842396387637e-01,-4.674537922271000956e-01,1.178320746824466747e+00,2.176393882109374012e+00,-7.724480756320237784e-01,-1.383105042093930592e+00,1.635469267093943302e-01,1.333617944742237604e+00,1.344463158007171977e-01,-1.040716360443515232e+00,-1.588173507238228366e+00,2.899612472935535479e-01,-5.276839897725126016e-02,-1.368685545274536119e-01,-1.958080896266971294e-01,-7.381387606615764652e-01,0.000000000000000000e+00
4.322296719090674977e-02,-9.472957370577779201e-01,5.339612363558901009e-01,1.400308985229195669e+00,6.668944361082692618e-01,1.088039289116957131e-01,1.303993446588408878e+00,-5.286343899594900947e-02,1.539917947554730437e+00,1.201007517875347430e+00,-1.488507129934701023e+00,2.203721747741718140e+00,-2.780875853706926137e-01,-9.164303451105024756e-01,4.303928513429823854e-01,1.769313391827763704e+00,1.367257018036721894e-01,-1.347033028973755542e+00,1.155755329798118014e+00,2.850566254295353597e-01,1.000000000000000000e+00
1.111231864402244973e+00,-9.932638258288106758e-01,-6.575239654837503611e-01,4.894974206677752404e-01,9.101701174041002540e-01,1.009221605464434152e-01,6.527507626266972895e-01,3.458007429237002217e-01,1.284147540424751988e+00,4.387861850543584019e-02,-1.324668168128632972e+00,6.057032884709839804e-01,-1.257824521554933517e+00,6.301156854779422778e-01,-5.787091521055984789e-01,6.324830818991776793e-01,6.915962045346306653e-01,7.242798430811485666e-01,-1.011246917138707957e+00,2.318932927258177679e-01,1.000000000000000000e+00
1.819153524358451790e+00,-3.880665478330247442e-01,-1.023149209979820506e+00,-1.070833492951894117e+00,-9.469007634891001279e-01,-3.750950245770514058e-01,-3.609346297665839143e-01,-6.907004098984866891e-01,-2.071188681926602604e-01,-2.761542321924369547e-01,1.414209219065711176e+00,6.813838689703166640e-01,6.450492652983348396e-01,-1.309980049890381748e+00,1.012621213355421601e-01,5.356748201057311976e-01,-1.113252135235457851e+00,7.861052708130216171e-01,-5.663055828007163006e-01,1.298840168105162007e+00,1.000000000000000000e+00
1.272983244910983247e+00,-5.651178834427044162e-01,1.511165830256078868e+00,7.958732747509375538e-02,-2.012710260688366920e-02,2.365960518515617395e-01,-6.966668554153813975e-02,3.139531310954081222e-01,-1.278454460569417472e+00,-3.729667029477928830e-01,3.680037488927827560e-01,6.432452899460834317e-01,-2.358070480640262756e-01,1.353895846318724061e+00,-1.164782436451858638e+00,-5.556707095647817063e-01,2.563133236465444664e-01,-6.372000606065743034e-01,-1.755726453663025266e+00,6.001665129920630282e-01,1.000000000000000000e+00
7.682638174880568327e-02,6.685890621972138126e-01,1.095733728549639352e+00,-1.555603553435917163e+00,6.488320982634390166e-01,8.966364298791679177e-01,-1.293313129640569992e+00,1.104518911029053058e-01,-1.474027364127916906e+00,-1.709837618263985837e+00,1.043884922806374682e+00,-1.242761641643606474e+00,7.467695448781488388e-01,3.993142287174039629e-01,-9.001201983321381883e-01,-5.094682370572174435e-01,-6.963135627381196180e-01,-1.720192086348600047e-01,1.708181765653570494e+00,1.114496296672232489e+00,1.000000000000000000e+00
1.483666544675929622e+00,-3.828849071851402330e-01,-1.110362385445334832e+00,-1.810216652841049878e-02,-1.094578781297876446e+00,-3.433676169802690192e-01,-1.166686835682924750e+00,-1.456643523367405213e-01,1.257507232608724435e+00,2.033916522222474654e+00,-2.100963647487529062e+00,-1.099448992861411512e+00,9.022642466727942567e-02,3.685080046347999350e-02,-1.000753571521919794e+00,-5.127696806973185417e-01,-1.601968032595253888e+00,-9.573745176149094094e-02,-2.355890957242066375e-01,-4.456715996348418196e-01,1.000000000000000000e+00
-1.555389285009923572e+00,6.864113770424878913e-01,3.605970813124269370e+00,-3.983143043183326459e-01,1.786212983585056813e-01,-2.139419677480804527e+00,5.457073624044836979e-01,-4.724429076170425512e-01,1.542043301496304863e+00,-5.200470091645545967e-01,-6.311090111617154719e-01,-1.132534423150335229e-01,2.423723693175685590e+00,-1.710192505466411328e-01,-5.828621305687230469e-01,7.308161032154194547e-01,-1.039425450662851080e+00,2.970686631652614818e-01,3.399688807929576728e-01,2.784553766487707804e+00,0.000000000000000000e+00
1.421845537464103915e+00,-5.930691403321632915e-01,7.651055202446285231e-01,3.380804631870517607e-01,-7.537482565938516954e-01,-1.513944236170634283e-01,-1.954743366480237998e-01,3.300850664006935720e-01,1.579149956223353302e+00,-9.806478678427024698e-02,-6.276623739510509559e-01,-1.333550237981821818e+00,-1.260978210301234581e+00,3.958000898416629276e-01,-6.031796892688764400e-01,-8.069191983384146338e-01,1.719949073995247213e-02,-1.005050202232321555e+00,8.037267161467979149e-01,-9.093171145862902760e-01,1.000000000000000000e+00
-4.623843127861217983e-01,8.278887630366887906e-01,-2.059442037523623981e+00,-8.103389344501527036e-01,-1.138815168591491789e+00,1.903714504105322280e+00,-1.729093469017889961e-01,-5.400662462979119449e-02,3.007384250235753953e+00,-2.669684121268152133e-01,-8.603845251263277927e-01,9.529630832109853289e-01,-1.958855789000339298e+00,1.275653359930849495e-01,5.030626253732218833e-01,-1.843735535296360029e+00,7.012399798015217511e-02,4.873296624020523882e-01,5.145649432534529222e-01,1.656652099171154413e+00,0.000000000000000000e+00
-6.507525293372785624e-01,8.925044146556442293e-01,5.760906194644606071e-01,1.029026293290375316e+00,-1.404275764690639638e+00,-1.030347406768929552e+00,4.819629672230098527e-01,5.283525745288403241e-01,-1.710447653781729027e+00,8.438713461016866813e-01,2.198863573291554019e+00,-6.212179331823721729e-01,-3.245189005824546946e-01,3.233914470899730276e-01,-9.745987379536900919e-02,-7.758017959520584483e-01,5.338219714201468680e-01,1.013734674830127913e+00,1.353020764479801352e+00,4.541680480701256600e-02,0.000000000000000000e+00
-1.000604690443057887e+00,5.154663335456014517e-01,-6.454752403335529687e-01,1.388728705452418333e-01,6.666784707526284270e-01,1.781852114739926662e+00,3.647173966490057095e-01,-9.981212679774685570e-02,1.408298897241588410e+00,-6.481447394191683919e-01,9.603593118997927336e-02,-6.624272878754008387e-01,-7.791073670139002372e-02,-3.062071457208471958e+00,8.895958304244426518e-02,-4.834086053796965987e-01,-6.753347073249441612e-01,-3.638343502916720484e-01,2.358358841421411001e-01,1.592680070456036656e+00,1.000000000000000000e+00
2.887799717462555815e-01,3.388093488620819160e-01,1.862559088228233684e+00,-2.058721697158117370e-01,-3.487295168394353162e-01,-3.293209941212540959e-01,-9.015719113648522631e-01,3.017546350118820442e-01,7.591988943889302899e-01,-1.103339884248276004e+00,-2.947638729342710873e-01,4.619227726247411847e-01,1.429503914104922613e+00,1.824281454195757768e-01,2.217689404749566773e+00,1.852910884578243156e+00,4.905782948067065052e-01,-1.779191143293487598e-01,-6.000663996396220501e-01,-2.730194667178110102e+00,0.000000000000000000e+00
-1.472866575357881125e+00,1.062611501774668232e+00,-9.359522752558711023e-01,6.344121899788300878e-01,3.501291780124639041e-01,6.532318052676123754e-01,-8.290002184139938501e-01,-2.976917889784425064e-01,4.812316332802412666e-01,-8.109110793681737483e-01,-1.276234621644600775e+00,4.295950596008793303e-03,-5.653218962776676015e-01,3.152863623822860784e-01,-6.346988205279201212e-02,-1.166575755029438444e+00,-5.776155679398832232e-01,8.641818353997963165e-01,1.868716336173062320e+00,8.515634600916339725e-01,0.000000000000000000e+00
6.849788401707523899e-01,-4.869610353275667936e-01,-4.229658631512632494e-02,-1.038760162380347296e+00,-8.637886245325828716e-01,5.734114795089318983e-01,8.134978765237886877e-01,1.756487413101626982e-01,-1.350987097380211832e+00,2.932972695377799588e-01,-1.906487830931971272e+00,-9.560080442525584754e-01,-5.413718382904065818e-01,-1.106746885302960282e+00,7.739844377112596874e-01,9.104790743215535054e-01,-3.751437387432858261e-01,-1.646526133564107708e+00,-1.212403733382008131e-01,-9.493674967456339209e-01,0.000000000000000000e+00
1.776171664937362227e+00,4.648705378384735409e-01,-1.850979738116790285e-01,-6.359163425873916031e-01,4.736697412603269042e-01,-6.445636804744576676e-01,1.922326436076233547e+00,-7.247039159464131464e-01,8.538589066302161301e-01,-7.416291137547220691e-01,-1.718604336606522898e+00,-2.457348241801452282e+00,5.009870735935027103e-02,-1.477072613240528298e+00,1.333587951095524249e-01,-8.459841563283062582e-01,-8.836626991312072910e-02,2.695683734589305811e-02,1.838055704345771257e+00,-2.019670561491218319e-01,1.000000000000000000e+00
3.971962540878322123e-01,-2.120054672665616924e-01,-1.054271999674507132e+00,1.608055880080128119e+00,3.028554640689848365e-01,-1.032104194250391460e+00,1.636761018323972666e-02,-4.378377140008617441e-01,1.530638285363508933e-01,-2.351121190420949247e+00,4.696222067870319261e-01,1.809950152765088083e+00,-2.011487466695099924e-01,-6.345068660015179551e-01,-3.210532559074283365e-01,-1.850740954286720641e-01,-1.768064353263440747e-01,1.076271050470845703e+00,-4.848487383519690663e-01,5.555778673891234587e-02,1.000000000000000000e+00
7.791907947926363098e-01,3.541890792175174663e-01,3.452455358997841839e-01,-2.470210494853810612e-01,1.500440526677361053e+00,-1.127076888077086281e+00,3.249208596841061114e-01,-1.454774654050043470e+00,-1.729096167156672248e+00,-1.532131976516709904e-01,2.761001503978300908e-01,1.483023965583545989e+00,-7.954624238490757282e-01,-5.019148898485270571e-01,3.149768872274681941e-01,1.602162717924614288e+00,7.690841094487887997e-01,-6.580589780995562688e-01,2.953354388796910701e+00,1.166844475696563022e+00,1.000000000000000000e+00
1.180159125496638817e+00,9.865174668561130233e-02,6.680475143924921033e-01,1.011690668451526776e+00,6.535042169047684812e-02,-2.783692408920152572e-01,1.902205477937483347e-01,-7.560254389098856054e-01,-9.732195710077559125e-01,-1.588010422333037575e+00,1.340763994762023570e+00,-9.190898881957769717e-01,-1.111578997788161605e+00,1.417235855025576585e+00,-1.234151228684304602e+00,1.283778579541402953e+00,-9.125495194201239668e-01,-2.317710271419915202e-01,2.801572348969985637e-01,-3.792131074316605344e-01,1.000000000000000000e+00
-2.453084575172473913e-01,-2.156478070314220563e+00,-1.015717582665853991e+00,-1.329309209617273835e+00,3.218190966219295901e-01,8.481079573238089475e-01,-2.819908709145911629e+00,9.465582857159954289e-01,1.073829959507288656e+00,-1.648408519251194637e-01,-6.716868175603701863e-01,-1.526905986738135379e+00,6.028438609285108329e-02,1.550820537084867945e-01,-1.361063489452632724e-01,-5.112943735505278697e-01,5.915184873006914534e-01,6.558007059401728400e-02,-3.818477916614961831e-01,-2.772801321381456185e-01,1.000000000000000000e+00
1.718460505091910784e-01,1.618574545825681943e+00,-2.718247491083651823e-01,1.742366446403428859e-02,2.327141450372004761e-01,1.517720313073220029e-01,-2.215899893603686388e-01,6.303114911905489670e-01,8.094286167633598650e-01,1.904449196842201153e-01,9.356206518225007596e-01,-1.121419336254160681e+00,-5.352597871728208556e-01,-3.136817793307490887e-01,2.551316975952305222e-01,-2.619224133081358818e+00,1.000843073550952977e-01,3.366775827019873324e-01,1.415225046107266293e-01,3.585148864301272442e-01,0.000000000000000000e+00
-8.074342860792546039e-01,-7.700333972358383017e-01,4.601192540126975983e-01,-8.180161453021888018e-01,1.948234249676035423e+00,-2.367465734509806574e-01,8.571975154047778434e-01,2.303522389689997674e+00,-3.864494086271999529e-01,2.309820925296412752e-01,1.435996273727350447e-01,2.250495913478953516e-02,1.964286459092245973e+00,-6.931477079314934953e-01,1.558131518828431039e+00,-3.209785353553853415e-01,-3.409774097337674448e-01,-3.525150398431615151e-01,1.931277569814160433e+00,6.924564353449316201e-01,1.000000000000000000e+00
1.478611931673096791e+00,-4.913900730244403769e-01,-1.731506665827430069e+00,8.207963224119465551e-01,7.614635187111169490e-01,-4.259011403016664810e-01,4.451201196491606088e-02,-5.778576494204269443e-01,-4.403881487808856132e-01,1.130779668462233323e+00,8.265523333277026430e-02,4.543852423707478994e-01,-1.092893660914615817e+00,-1.346226022393993450e-02,-6.201136287436215255e-02,-3.327263204872409341e-01,5.153719962724283565e-01,1.619340990068652772e-02,1.525379615662904031e+00,1.261866161783117835e-01,1.000000000000000000e+00
1.034083461217951555e-01,1.495201875455968388e+00,-2.641635148224807383e-01,-1.491024317772726149e-01,6.867984152959314414e-01,5.381272946720834227e-01,5.824941413509295840e-01,6.787262215441783875e-01,-9.092045086602060233e-02,-1.292019429890359783e+00,4.022212991112782410e-01,1.443280491354010930e+00,-3.333188341352225859e+00,9.595268326920546320e-01,4.294434325307960321e-01,7.987056627416542209e-01,4.697337558994131301e-01,5.750789343345140692e-01,2.695531860377806677e-01,-4.663490597358444512e-01,0.000000000000000000e+00
1.343224186112876417e+00,-7.838900117069059759e-01,2.688030919463538781e-01,-5.383984578538651977e-01,6.767228882502603904e-01,-1.161572483148883173e+00,5.784311794356784553e-01,-7.128251757152156975e-02,-3.656811805707846363e-01,1.014770443525178312e+00,4.125957859188762455e-01,-2.019445622504333071e-01,-1.643505779541424738e+00,8.631234805767749041e-01,-2.571907942594240382e-01,-5.514769423702283735e-01,-1.006635081101400875e+00,6.116580831328918277e-01,-1.691926573283352608e+00,-3.776708416744039010e+00,1.000000000000000000e+00
2.304337935677030491e-01,-1.845365946999040441e+00,4.865296706068654164e-01,-6.864568304923263087e-01,-8.659627427019737089e-01,-6.746347396339835711e-01,-1.939157872453217246e+00,1.367004074237402778e+00,-3.067070275794973530e-02,5.074324087671461259e-01,9.567025515850433592e-01,1.591362127306282570e+00,-6.250758948078892485e-02,2.596317273512831925e+00,8.375031675840991507e-01,7.699806719522891418e-01,1.852652084316122050e+00,6.965414726657149780e-01,-2.307503629074948992e-01,4.567323244064765975e-01,1.000000000000000000e+00
1.109421190571158400e+00,-1.165893514202452019e+00,-7.403352401759272228e-01,-3.383566013621747137e-01,7.455808324997950098e-01,-1.137343902385212990e+00,-4.783958022139187527e-01,-1.635423424158634065e+00,2.331683720534440951e+00,-1.362340625273076089e+00,3.805213928985278216e-01,6.476646449940026695e-01,7.151868043822243726e-01,6.412832242526159132e-02,-4.136474384677174543e-01,-9.856184617106564794e-01,3.399898192203155978e-02,-4.686420644874876862e-01,-2.202267051518389973e+00,7.411815087689105352e-02,1.000000000000000000e+00
5.614856703850732433e-01,-6.144517328200970185e-01,1.098048216460487225e+00,7.132238374927210023e-01,1.420014669267851026e+00,-9.180819258569808961e-01,-1.244634105903172916e+00,-9.773226313393345022e-01,-5.136038298374712152e-01,1.167731257307721648e+00,-8.126213657659547840e-01,-1.461808894099546396e+00,1.550773415976893554e+00,-4.210027386424100571e-01,6.117407590757321101e-01,1.059264969742596874e+00,7.410939053329202997e-01,1.441567102176571469e+00,-9.570671912916820512e-01,-2.329642920357061220e-01,0.000000000000000000e+00
3.794701153069941491e-01,1.208930488520511659e+00,-1.203248509904431440e+00,-1.461711326554580914e+00,1.701240824133070095e-01,-8.231337499852798834e-01,4.293653937153140143e-01,2.738309873917711967e-01,-1.109690351515588258e+00,1.071801724696225255e+00,5.307263351948882102e-01,-1.042266907188847069e+00,9.405415741000493490e-01,7.893602082155398714e-01,-8.418686742931723588e-01,-7.105069035093749541e-01,3.906222113441809324e-03,-1.380988911587056167e+00,-6.643703284086898142e-01,-5.038992067913145023e-01,0.000000000000000000e+00
-1.143980019028079553e+00,3.531820866717017560e-01,1.075662983773186365e+00,-1.227538508698640340e+00,7.053659782452013083e-01,-7.998340862863301259e-01,6.408851936824740969e-01,-2.313408104810341648e+00,-9.411246424286547896e-01,-4.340582776091795325e-01,5.177407500753575809e-01,-9.107887530729462666e-01,1.247418847013235021e+00,-8.867691775239636698e-01,-1.398577295223753625e+00,-2.272323933871084112e+00,9.097108977943445529e-01,1.060853132178584346e+00,3.443781908338124365e-01,4.600660031212993051e-01,0.000000000000000000e+00
4.928495431076483912e-01,-5.261633038035513632e-01,-8.257804004920524799e-01,-4.442000411882925798e-02,2.113020098277495762e-01,9.756826203039080658e-01,4.582886263698893181e-01,-6.515990439301732051e-01,-3.341960126717412050e-01,-1.422008464769280722e-01,-1.653286575895853705e+00,6.395971623797477301e-01,-1.369958412900224687e+00,8.670617316630906402e-01,2.132645093811893044e+00,-3.700282128469883358e-01,-6.800548568203919342e-02,-7.106247116600920011e-01,6.100833537344648727e-01,1.501949900016774642e-01,1.000000000000000000e+00
-3.208044873395476948e-02,1.304740008739998514e+00,-2.503172009892141725e-01,-3.559509389058975737e-01,-1.783797001262598172e-02,-7.395485449060057448e-02,6.154416497820905940e-01,-1.921408896950584699e+00,8.985204973939742157e-01,-9.788326862995124777e-01,2.657779254853934736e-01,1.341951604521096630e+00,3.621207361674785297e-01,-2.100974178756540023e-01,1.684914391545394852e-01,-8.544721303994324835e-01,5.366070951229598984e-01,-6.284829445214059618e-01,-4.796890436905443256e-01,3.928045347395109355e-01,0.000000000000000000e+00
-9.552588305605753671e-01,-5.289657312438945658e-01,-1.729730100625753053e+00,1.000172112262935897e+00,2.303079377315833121e+00,-7.957647614449144813e-01,-5.137224788730377911e-01,8.212695074418201457e-01,-1.518648821904577728e+00,1.126489871075389004e+00,-9.755707365571943956e-01,-3.862276227410473273e-01,8.104595408499640219e-02,-1.595917650565090162e-01,1.664809605817537230e+00,1.989270025295557964e+00,-1.091216056123159639e+00,-7.979157556958398345e-01,-5.099477010768628249e-01,7.141273319668479669e-01,1.000000000000000000e+00
1.916905888407063885e-01,-1.301575974892471566e+00,-7.477862865494958600e-01,3.864383175371575718e-01,8.093096278356494144e-01,-3.610009906407191105e-01,-3.055789777223587578e-01,-1.936233665841227136e+00,-1.521082070822006527e+00,-4.238364466448459322e-01,1.376448384933705249e+00,-1.612620368816892524e+00,4.465480643322263243e-01,8.237889783181448489e-02,1.733986102373468730e-01,-2.349624222322087341e+00,-1.046703656430856499e+00,1.089976239156474014e+00,-1.124106007753724740e-01,-1.240709136393749468e+00,1.000000000000000000e+00
1.798084324758960184e+00,-9.676841096056825187e-01,-1.859630648265795161e+00,4.563440270330408888e-01,1.144589811934653589e+00,-7.410413207342584352e-01,8.554467555124769529e-01,-1.038755912678051230e+00,-8.246730646561252209e-01,3.243811865821692453e-01,5.515910686262704976e-01,7.788546490776143694e-01,6.803876507852024691e-01,1.642238488830138898e+00,-4.454873754696010990e-01,4.728178471837610197e-01,6.511561609148475149e-01,1.621251308424140003e+00,2.246521709393229649e-01,-8.778355875063590386e-01,1.000000000000000000e+00
-1.077737582100248837e+00,-4.464571002281209761e-02,-1.638706341854611281e+00,1.425452130414446072e+00,-5.143580807323538950e-01,-3.266011878501203780e-01,2.775022444284396261e-01,3.441860023675312741e-01,3.678181002249154563e-01,7.942847711074958461e-01,-4.279988506497288681e-01,1.717247542259677569e-03,2.654270031241782846e+00,1.486864480597319904e+00,-1.563143546934872008e+00,1.236855220845061720e-01,1.437057029382442730e+00,-2.170715929957463430e+00,9.216733756934982758e-01,2.878895892459852335e-01,0.000000000000000000e+00
-6.977730308168954565e-01,-7.542849112333224193e-01,1.326517138317061750e+00,-1.526906354397841836e+00,-5.401736466743006088e-02,-1.562480231436329803e-01,-1.751348565079294151e+00,2.205217538510872433e-01,-6.300613090928436355e-01,-9.430301746785514361e-01,-1.674991339613736696e-01,-1.330118801078908619e-01,6.689663881266949552e-01,1.165278914616468126e-01,-1.110186019659681333e+00,-3.608094636081596307e-01,1.109026487290785346e+00,9.304589694204372652e-01,1.302438651455451346e+00,9.960132898808612967e-02,1.000000000000000000e+00
3.810979288015412525e-01,1.481600460288307886e-01,9.298736148896461495e-01,8.976902331104270605e-01,-2.735181547232289900e-01,1.594247088192539019e+00,4.667145296289388345e-01,3.544054298127756186e-01,1.261692792833573495e+00,4.359696081090231878e-01,7.686358476168357878e-01,1.223511816345550285e+00,-1.067132264940988229e+00,8.919838511074871246e-01,-1.281943551316155061e-01,4.699054393442134159e-01,-1.660431175600320941e+00,9.356272747421890967e-01,-1.703402480793494211e+00,9.594874478627907211e-01,0.000000000000000000e+00
1.219166179576156139e+00,-7.053726718333841461e-01,-1.643680287933874329e+00,1.011768891800864711e+00,-1.473374602856621918e+00,9.403523250520486876e-01,9.097997841937763286e-02,-2.003058146769971959e+00,-7.771402795602656566e-01,1.091506713591462452e+00,-1.373749303985529524e+00,-9.532061035533445637e-02,1.627239134546126509e-01,5.263008076483409736e-01,-3.586080443096851811e-01,2.070621431670256751e-01,-1.956388764946588976e+00,-5.623366361531242225e-02,8.475728722053188502e-01,1.190211500167098480e-01,1.000000000000000000e+00
-3.498116523028086955e-01,-6.004892612656308470e-01,-1.045073027034612467e+00,1.344887345233638731e+00,4.596222092483638888e-01,-5.001974947543418731e-02,1.968248042338671400e-01,1.232870324136688123e-01,-4.398840990343017565e-01,-1.521789687067753860e+00,-1.481498292795711436e+00,-1.577075561360105294e+00,-3.767814356813802834e-01,-6.894172495262558889e-03,-2.718145624610522337e-01,1.250728680340273402e-01,-1.394829481931317394e+00,1.841678638330899176e+00,-8.363332619667428469e-01,4.977716451735776371e-01,1.000000000000000000e+00
-1.472134624755034649e+00,-3.841487069086267359e-01,8.062855553370669170e-01,-1.210265720069231055e+00,-1.941115221905594448e-02,-2.347436383544165839e-01,-9.354420030619551296e-01,-9.593545440602061491e-01,-2.320939527710089434e-01,3.296714844179448600e-01,1.509536881337746328e+00,-1.204594090828259079e+00,6.736126808586114789e-01,-7.636648153835298158e-01,-8.753672220957712247e-01,1.070675043079902133e+00,-2.398569033757599334e-01,4.138193580625820212e-01,-2.668498559973175310e-01,1.161556890836493716e-01,0.000000000000000000e+00
3.672482498145861474e-01,-1.886449624414372028e+00,1.956761188221056366e-02,-7.836061136317364895e-01,-2.133193919248278780e-02,-2.052698326074307855e-01,-1.219311729947580636e+00,1.486140251274518542e+00,3.950271329287716182e-01,-6.067507328073652451e-01,-3.682244000901707115e-01,2.381907621946241504e-01,2.888787702167524563e-01,8.153581949186690103e-01,3.027921319182970139e-01,4.670755616367536223e-01,1.472175255655323145e+00,1.244153516532827464e+00,-4.658745526593760511e-01,-1.500719145050098513e+00,1.000000000000000000e+00
7.707900195938416354e-01,-6.762210182202528230e-01,-1.290717691663921807e+00,2.656749114566201997e-01,-2.075723474041802144e-02,-3.572262628626126646e-01,1.238217889646250791e+00,-2.150164934390661031e+00,-1.679291616667330511e-01,-2.075065819502512343e-01,-4.244235961206184182e-01,-4.737039384066405456e-01,-3.746905606182966975e-01,-1.854550370757760414e+00,-1.693558725305651658e-01,5.021184730142981278e-01,-4.015857302088002845e-01,-9.957634084505129213e-01,6.496011591468753288e-02,-5.154399885667104719e-02,1.000000000000000000e+00
1.476814577155848074e+00,-7.906808480143172613e-01,-2.828326704336109887e-01,4.397659969875676866e-01,2.239476705726843875e+00,7.336866892244053862e-01,-8.686244235340394582e-01,-1.303769891571894268e+00,-8.077257776708085535e-01,9.950714194377464628e-01,2.016476539481814600e-01,-8.867181535233961687e-02,-8.111135321021898381e-01,-6.991529205719496654e-01,-4.337935530965219555e-01,-1.331678603150130202e+00,-8.887017452610549428e-01,-6.834486208121865088e-03,-1.282206653390034479e+00,-5.787756500841545471e-01,1.000000000000000000e+00
-9.011841443337609281e-01,-7.639543140283274747e-01,8.393896205153396073e-01,1.300756306436494869e+00,1.397229413662764708e-01,7.171352418653802463e-01,9.029977253972172324e-01,2.137169107116707045e-01,-1.180270230690936506e+00,9.118687574159637377e-01,2.827558202320619163e-01,-1.349378904015478886e+00,-2.661674993522665789e-01,-2.434958438105243577e-03,-1.454053260448544993e+00,-3.279679473007549029e-01,-6.886946542045261355e-01,-9.594852084701329664e-01,-9.664271224103020419e-01,1.026804712231246253e+00,0.000000000000000000e+00
1.003111729142622810e+00,-9.359751559436972901e-01,-1.071468636475790132e-01,1.356371835598709774e+00,-2.400828140255343857e-01,1.847769977707693911e+00,1.313064233876754860e+00,-1.530843528479677529e+00,7.787423699083512174e-01,5.215839887775252093e-01,4.772908189418351710e-01,5.943034644445224224e-01,1.278697664765905850e+00,2.196113909250765189e-02,-1.793173465707249836e-01,-1.180186324048859980e-01,-1.335372258434432968e+00,5.016839704386183429e-01,-9.957762081126818599e-01,7.609912163593522683e-02,1.000000000000000000e+00
-1.185393175384755304e+00,7.326577854181679506e-01,-1.199258241855971185e+00,1.114411234572353582e+00,7.832602098195866336e-02,3.911861352882799181e-02,-5.715348447775805418e-01,1.370204097014958489e+00,-1.143648354370776499e-01,8.675370229811172340e-01,5.926637534960083054e-01,-4.206091997115474768e-01,-3.044224900759046060e-01,1.060180218320381194e-02,1.499056489338990383e+00,1.498867716401230399e-01,2.016550708882315579e+00,-1.095493689232208911e+00,2.414931863120176381e+00,-9.573898242446552409e-01,0.000000000000000000e+00
9.142769456830689423e-01,-2.199147327725245571e+00,-2.383370095953538381e-01,-1.399669004121624871e+00,3.583547406223922538e-01,1.232215768526396249e-01,-2.316928158458348985e+00,-4.752089632979438205e-01,-9.514851584764549841e-01,6.229265654262842178e-01,1.367266690387000105e+00,-5.617742891592410887e-02,9.208275928093263840e-02,-2.315592993904896257e+00,1.603080791860418852e+00,-1.500725906749362792e+00,6.751559558457880250e-01,1.824545944765435246e-01,-1.611790013817597511e-02,-8.840381213756028922e-01,1.000000000000000000e+00
8.230153417892178691e-01,3.204779236754782493e-03,-9.058016355623606849e-04,2.046703882223173565e+00,4.095209597922682132e-01,-6.771497865885978129e-01,-9.936116365583920196e-01,4.164144124625716592e-01,-5.769225490165357656e-02,-5.723991911729879867e-01,3.468866121341433462e-01,-5.271308242348810014e-01,-2.292681688388171768e-01,7.996826846640622266e-01,-1.450292523730649208e+00,9.233305010647500088e-01,1.264921691085290956e+00,1.311799929551288046e-01,7.127728609531144288e-01,8.849470278499126097e-02,1.000000000000000000e+00
1.195149098620466699e+00,-1.053465095070208052e-01,1.187262875160539632e+00,-1.795696673087215922e-01,7.062785932944870559e-01,-5.474188921965266186e-01,-1.256746065499986242e+00,8.033400577043798840e-01,-8.366744190555626126e-01,6.488352409340231164e-01,7.511173772591890341e-01,7.152804169748495644e-01,8.558957448315541727e-01,1.178715811606599217e+00,5.916085038822448405e-01,8.404851801590114135e-01,4.331150122416760895e-01,5.480236110775744685e-01,-5.060955154114857857e-01,-4.546133192717035643e-01,0.000000000000000000e+00
-9.520161853379522920e-01,1.797188039953522276e+00,-2.600821506042764186e-01,-9.511194335012902457e-01,4.134654008766690536e-01,1.806734964006282695e-01,9.797665141112670284e-01,-6.755937207792059307e-02,1.007481154432309012e+00,7.568332490971607651e-01,-1.543292794936748091e-01,-1.040126870356502753e+00,1.368504425366716459e+00,1.327586623503384633e+00,-1.896210170173270759e+00,7.987298047111927035e-01,5.215669366658163275e-01,1.142479966930311841e+00,-9.281391640584026881e-01,-1.304117531227082738e+00,0.000000000000000000e+00
3.543996741814670615e-01,9.307986389550566841e-02,3.346063104384751075e-01,-1.125947563950257108e-01,3.823950314454103716e-01,-1.763159664237986535e+00,-7.065804807267866972e-01,-1.805886620152543198e+00,4.874030317583583627e-01,2.207519144185980109e-01,1.875334078623129397e+00,2.382134797530986170e-01,-1.514076320153832533e+00,-1.074896352659286736e+00,8.002774959703417013e-01,2.315868856209758686e+00,-8.566076981807966284e-01,-5.729890671050719142e-01,-1.604070810741395903e+00,2.312766366101038640e-01,1.000000000000000000e+00
-1.325968639323484410e+00,5.260405734849653570e-01,6.459201812950544630e-01,3.138226730747678550e-01,-1.250752777371038293e+00,8.276218946944803589e-02,-1.240343364433004858e+00,-4.586644747284969736e-01,1.347046955200354446e-01,-1.462705837424585376e+00,-5.718820845186887158e-01,5.235983198408564743e-01,-2.471162313204389449e-01,-1.048904822052889818e+00,-8.705555725177012150e-01,4.215342459310396639e-01,1.129008191996666355e+00,-7.109337025433054569e-01,-6.516117304684467815e-01,-1.125206675727462580e+00,0.000000000000000000e+00
-1.601427488478031291e+00,7.064551578268705168e-01,5.250145693196466290e-01,-4.648811095849063046e-01,-1.903451218617622231e+00,-2.517646585856339936e+00,-1.971927724151900096e-01,-1.374468779500152560e-01,3.879049815559358905e-01,1.354427992572495576e+00,-8.610114266081341228e-01,-1.056909834701079826e-01,6.288072830935920177e-01,3.366671973201632584e-01,-1.879820534840833668e+00,-6.566625152340437310e-01,-1.537634548558064251e+00,-8.483849801935723356e-01,9.136308360236660153e-01,1.152631810545138968e+00,0.000000000000000000e+00
3.447655746814548561e-01,-1.566747784454272097e+00,-1.442286635098976255e+00,2.453420920686278373e-01,-1.241937743621929213e+00,-2.252699609353702837e+00,8.868042348245714912e-01,2.319351780275497321e-01,-1.708915122587925994e+00,-1.256834411397178553e-01,-3.555223705059074590e-01,6.537593570754801631e-01,1.258943635953116313e+00,4.053838594512944038e-01,9.878517580466712467e-01,3.178586460985328155e-01,-4.923789322655266476e-01,-7.328504650614512395e-01,7.495211441787806850e-01,1.255575851518941688e+00,1.000000000000000000e+00
-1.571787890903053819e+00,-6.853609980551476077e-01,1.680269022741666951e-01,-2.290341708665153964e-01,5.591515558818090925e-01,-7.842876943997234562e-01,1.781965167357399515e+00,-1.595912294044226298e+00,1.021576022401477601e+00,8.110998627075369227e-02,-4.622669139518186809e-01,1.388354568940895151e+00,2.210323011697452600e+00,2.175484121320625075e+00,1.042341739203026085e+00,-1.856140092044189505e-01,-4.579635400336598550e-01,-3.128830393924699194e-01,-6.248348925056990133e-01,3.026436899915604384e-01,0.000000000000000000e+00
-8.667502507719330174e-01,-4.901604764378073020e-01,-6.399090962610323174e-01,6.017512798111323002e-01,-6.534333504994420672e-01,-6.105329813034393593e-01,-6.234091396318583445e-02,-1.811114727150993309e+00,1.654910240333387517e+00,8.294084508159563218e-02,4.582167104459027862e-01,-1.494127845158337853e-01,-6.998476146724181834e-01,2.506437110740791230e-01,-3.403818256675115728e-01,-1.616907323812080799e+00,1.519633972472616668e+00,1.022728699015120313e+00,3.537174151752447426e-01,-1.039804337926369948e+00,1.000000000000000000e+00
-1.765232468218977502e+00,6.754819108431406871e-01,-1.350406406642687962e-01,3.260853022447121607e-01,8.631229261229635963e-01,-9.059205616010324036e-01,-1.460091872713396244e+00,8.194725734644713322e-01,9.345160931950823313e-01,-2.381132719251387586e-01,-4.856293200546070166e-01,-1.459352630152481289e+00,-7.966928927383160053e-01,5.984077274649051148e-01,-6.481961840777863415e-01,-8.221780935469066298e-01,-8.766512625114882828e-01,7.465385293543864986e-02,-1.008271731761436196e-01,-1.793439768021679370e+00,0.000000000000000000e+00
8.181176638737528428e-01,-2.086617368158163899e+00,-1.140405034845065391e+00,2.076184594492261337e-01,-2.599117453990691384e+00,-1.513261166532312574e-01,-3.529407274543322481e-01,9.569659622761621243e-02,-5.426694399556831749e-01,-1.069503746077052675e+00,-1.634757796982216460e+00,-3.319919862116148535e-01,6.213677927422635028e-01,1.400077593938120701e+00,-5.359755415420863062e-02,-8.260600710514285350e-01,-3.589910593690796015e-01,-1.281816508803907517e+00,-7.537773350334079359e-01,5.488917694497839062e-01,1.000000000000000000e+00
-2.125109764091356102e+00,2.423188036420801106e-01,3.120288657422711984e-02,5.875142535094389773e-01,-3.654029374031982913e-01,-1.656543442742192118e+00,-1.132522801344127528e+00,-1.392329231859776306e-02,-4.842058793599956362e-02,-3.718836256464350676e-01,-4.535734115603357597e-01,1.409969245388583259e+00,-4.713236639523819826e-02,-4.848926363919902061e-01,-5.601224972404517111e-01,2.203095348877608939e-01,2.307394242138999241e-01,-5.450170318355815890e-01,-4.566446358452858623e-01,-1.284862011243160240e-01,0.000000000000000000e+00
4.870415818431178545e-01,-1.573579515422862674e+00,1.099194507405393706e+00,-1.411879190377002935e+00,-5.110665088104159315e-01,1.506972546560598314e+00,4.331958788771381741e-01,7.789325976969641019e-01,2.367115327600213814e-01,1.964086300830528500e-02,-5.517766665809639703e-02,-9.461153382478124652e-01,-2.157851519036757981e+00,6.421507671380182192e-01,-1.147720200692293080e+00,1.560796397699599325e+00,-1.631634220120655732e+00,-8.786181039056319975e-01,1.791514930862730504e+00,5.299587907941334386e-01,1.000000000000000000e+00
-1.476646837866970152e+00,4.727612167770813278e-01,-9.565589899897011250e-01,-9.271839434172270966e-01,1.704776813722247708e-01,-6.925992993023903921e-01,1.072331347927740763e+00,1.142483891920763606e+00,1.065130704327500677e+00,3.464957245785725837e-01,-1.783019475971241663e+00,6.992546128179329967e-01,-8.613457626376428422e-01,1.133256437866743571e+00,1.991651044853501307e-01,1.203102599591437949e+00,1.145997722643848638e-01,-6.038688197163889493e-01,6.171814851509777045e-02,1.237135263455898526e+00,0.000000000000000000e+00
-3.280243772149463860e-02,1.367003172385335752e+00,-1.339008673879603206e+00,1.965143580879434859e+00,-3.747243271257352237e-01,-2.300620840033369974e-01,-2.038286084674831855e+00,4.210173065659916225e-01,1.671679234648783430e+00,4.412498901581404787e-01,1.479443368498933042e-01,5.557507191554862391e-01,-5.060352025047843982e-01,-3.417584188984841287e-01,1.410481313153517879e+00,-3.204475457139154271e-01,-7.571191445580990331e-01,-8.100949006975670663e-01,4.650837182259002778e-01,7.350345928971294684e-01,0.000000000000000000e+00
-1.591062212668748366e+00,3.012443405799372087e+00,6.170100193187093573e-01,-4.196764063540863732e-01,-1.064797726340867889e+00,1.436178490575108047e+00,-1.816766070270998679e-01,1.364543746838296420e-02,1.191686846368586350e+00,-9.450984892517692026e-01,8.871904750325615430e-02,-5.456167784965533230e-01,-2.194150758625193487e-01,3.348198396355844819e-01,1.560812703721322359e-01,-6.467792691691169882e-01,5.648776366990635456e-01,5.963240708694002024e-01,-4.687513728377696309e-01,-2.537604731669177438e-01,0.000000000000000000e+00
1.328814563530791304e+00,-4.276209499758742982e-01,1.084581578180835670e+00,2.222119670239162126e-01,2.117929343408815335e-01,-1.516138562870237572e-01,1.761798673052244579e+00,5.454738220243816604e-01,1.283797140307813278e-01,1.094012532505646840e-01,-5.428337316097524567e-01,9.102849930183360971e-01,-1.170166783993080994e-01,-1.104163510226175843e-01,8.442203594744648876e-02,-9.710599346380086039e-02,-4.002069822455461279e-01,-4.405839509047799196e-01,-7.903229700422251813e-01,5.387899399241394827e-01,1.000000000000000000e+00
1.360943763495744641e+00,-8.823343271628821816e-01,-8.632784017826182765e-01,2.352138117083528990e-01,1.325458385343243339e+00,1.350089760400940142e-01,-1.072243258868894600e+00,1.801731184851491641e+00,1.093518428454298974e-01,6.435682088377708832e-01,-4.401560596382941837e-01,-2.997875853245987043e-01,6.237226814526344310e-01,-6.701383245012119128e-01,-9.833149778690751797e-01,3.515128238358269375e-01,-6.439893083910726013e-01,-5.047000811725878278e-02,9.005341804578267939e-02,-3.134622512574211650e-01,1.000000000000000000e+00
5.263912787774129853e-01,1.226034289396179311e+00,1.547558226146995008e-01,2.328131969494678932e-02,5.105321816467991436e-01,8.611358809254138214e-01,2.606915564133438057e+00,-7.806080756783982944e-01,-7.975681171590885687e-02,1.696583422102630578e+00,1.434293059432520043e-02,-4.886130665561304598e-01,-3.884247355010002067e-01,-2.273635598105873790e+00,-8.635010803836372650e-01,-8.443690490076297683e-01,-1.766420304222432680e+00,-1.258332522891023375e+00,7.946219216670827312e-02,1.208880226145048198e+00,0.000000000000000000e+00
1.043066737050714288e+00,-1.241537178243624862e+00,7.415915570273692303e-01,-1.669788793143874850e+00,-4.350388095497855767e-01,5.002815839931606945e-02,-6.688111507229087538e-01,-1.140007679571066052e-01,-1.087890770760248094e+00,-1.215770512633719685e-01,-2.889599482094694860e+00,1.796125354420708531e+00,1.091650474414976868e+00,5.056247401944580222e-01,-6.290584342185924493e-02,-1.374278740884643746e+00,-6.526712322005178146e-01,2.892520929568587640e+00,-4.259044503369176504e-01,3.395021548351846996e-01,1.000000000000000000e+00
-1.923416350610352099e+00,8.522444672643703090e-01,-1.430688683541609496e+00,1.445495733513106673e+00,1.877880007476074309e-01,5.556683377095854581e-01,4.473238623718476387e-02,1.482517732175941738e+00,1.224884377131378183e-01,1.170757946768696600e+00,8.795172039972647127e-02,-2.139080648418673292e+00,-9.717219723614780591e-01,-5.031847190295593020e-01,1.376518127550751536e-01,1.178830976004950015e+00,7.812405268987554496e-02,-5.025007033994988159e-01,-8.513343034877247639e-01,-1.426702111687283114e+00,0.000000000000000000e+00
4.650389992798358296e-01,-1.397957590662155969e+00,4.644726829740341012e-01,4.354722632622718415e-01,7.855707013334402022e-01,1.093846068482930090e+00,6.380668197504714145e-01,-1.786057104033648812e+00,1.709813533553858900e+00,1.404718120885516619e+00,2.109440791054205455e+00,1.007668179569062739e+00,-2.272394827542662532e-01,2.006300279589070534e-01,3.311775123261510856e-02,1.133340799204178184e+00,-5.785252936311797711e-01,1.617869035969826674e+00,-1.053515209241741024e+00,5.060438775114287635e-01,1.000000000000000000e+00
2.132912698421762510e-01,-1.300765805314608725e-01,-4.157308274563426553e-01,1.230830383755949792e-03,4.114110197282750958e-01,-1.284494408194692072e+00,-1.967774995682287642e+00,6.851122087186860554e-01,-9.279492340272309514e-01,-8.727976869100350088e-01,-2.329503044784298482e-01,1.621768123119884830e+00,-5.155287545780296021e-01,-4.222499150497124321e-01,-9.127607010606220150e-01,-5.406748545127421091e-01,5.578327020776838729e-01,-5.904388502003637962e-01,4.411459711416859664e-01,5.049135305015723940e-01,1.000000000000000000e+00
1.909292632881503526e-01,1.714692409110371296e-01,-1.843801357524570639e+00,-1.850326884749765588e+00,-1.945285061847882746e+00,-1.198761854658124681e+00,-1.393352314373173861e+00,-6.408862656568087290e-01,-2.514802945950196933e-01,7.513667609252222546e-01,5.247312402920879526e-01,3.972054410524228918e-01,-2.282823610227178612e+00,8.235686937418346121e-01,1.906307629188695119e+00,9.126891132796587369e-01,-1.452950991088072463e+00,5.901758013270809178e-01,1.594532964978769285e-01,7.988660670647088624e-01,0.000000000000000000e+00
-6.815052226779166888e-01,5.797606024364095889e-01,-1.296975353814826093e+00,1.503343334958154198e+00,-3.735387211740592850e-01,-7.287795813379833731e-01,7.503311072534415427e-01,1.290013298250309637e+00,2.329925127108338323e+00,-4.235778873325871663e-01,6.570667874922564433e-01,7.385782517670438363e-01,1.128853658503699009e+00,2.901123501569534913e+00,3.078292512076701362e-02,-1.280860578889852830e+00,-1.338574845112973755e+00,9.837716014439815693e-01,-1.022207744083434983e-01,-1.429807840575734845e+00,0.000000000000000000e+00
7.865995427464510525e-01,-2.399597044647489852e-01,2.103825394026387130e+00,5.881096434857479016e-01,-6.185590697994672871e-01,9.759853489284589512e-02,3.846270282733964957e-02,2.169008510164589232e-01,-2.941112144638542425e-01,1.006667604504274394e+00,-3.208878082729392789e-01,2.397901455935251835e+00,-5.526352611652474156e-01,3.739098502496117082e-01,-1.899055454141532540e+00,-5.456601024806655431e-01,8.994856090080585176e-01,8.552265529643655884e-02,-1.028096314162211700e+00,1.642678225623038113e+00,0.000000000000000000e+00
5.187040791766422271e-02,1.538550835426615526e+00,-2.019327489065069425e+00,-1.929392357192828700e-01,-3.091076008619920046e+00,1.302447347243601783e+00,-8.692285774602941384e-01,1.764108072562077911e+00,2.530176921858066641e-01,6.303651949697371970e-01,-3.861951616444853075e-01,-3.798877468594037965e-01,4.494105936439988375e-02,2.629032713684093525e-01,5.820230929371764672e-01,7.945184596223102413e-02,9.912148145285575307e-01,1.895509554424008147e+00,-1.936657556288669868e+00,-1.183767082579526564e+00,0.000000000000000000e+00
3.123034051179833237e-01,-8.905148571207172070e-01,-1.628036866759279278e+00,6.645921218994051971e-01,8.823647116543615887e-01,-1.156516403427084061e+00,2.705810007732207256e-01,8.397477459321803783e-01,2.716667129288319882e-01,-6.315788903422118183e-01,-2.434040788816183021e-01,-3.518548361597464424e-01,1.005399635611651465e+00,-4.856218843899207105e-01,1.608481865623294024e-02,3.167799105184460062e-01,1.406229605784156567e+00,1.750145601510604554e-01,-2.659270179740313433e-01,5.213871196114420181e-01,1.000000000000000000e+00
-2.563708806587228772e-01,1.506276361293030552e+00,-1.871017284102096445e+00,-8.226035608955482026e-01,-1.586434617098930522e+00,2.090468541526838919e+00,7.483068731571087540e-01,2.655190402878021896e-02,9.496949599645650997e-01,1.153486102404584379e+00,-8.070537887376383335e-01,-6.048544730700211591e-01,1.768163504596800495e+00,4.879803692659554493e-01,-1.613641034914881534e+00,1.591110295689300402e+00,-8.414237773378367979e-01,5.597889930867886443e-01,-1.746591663248690418e+00,1.133630313877532991e+00,0.000000000000000000e+00
1.125930312329778138e+00,-1.416821590191402302e+00,-4.946389998706249846e-01,2.226890230132229087e-01,-1.695014121420242992e+00,1.133277006754595390e-01,4.408541192377837814e-01,-8.858493198641177735e-02,-1.186904427179884980e+00,-2.501900877311261429e+00,1.518882909358850508e+00,1.181927217361716798e+00,6.707906745127248938e-01,-2.351085460379856718e-01,-2.370570095836101454e-01,1.389158775452869587e+00,-1.873621643964844985e+00,-3.498452943553427286e-01,1.755077424931416941e+00,6.343964887654063300e-01,1.000000000000000000e+00
9.629955635738874919e-01,-9.031807211754037112e-01,-2.329867667407246046e+00,-9.664131687872881127e-01,4.299464132414202444e-01,-2.209944284508143841e+00,5.613251356572067641e-01,2.306079424213375306e-01,2.192269872194223812e-01,-1.337531855050679841e+00,-9.536157540358524143e-01,-7.645046223611974556e-02,-5.683812358039951745e-02,-2.800959828166225130e+00,-1.432793361617849426e+00,-6.259822143555545670e-01,9.284626849783316205e-01,1.544263950302628974e+00,1.584056770434020267e+00,6.025436843596789771e-01,1.000000000000000000e+00
8.548504784205308571e-01,-1.971109187279257435e-01,-1.008904401308074128e+00,-5.378610507563517107e-01,-6.061793173456300754e-02,-3.424584632542064799e-01,-1.464942453750461393e+00,-1.089539956569048673e+00,9.214292778632288128e-01,-8.674832236713216904e-01,-2.877786299538151460e-01,-1.558618945713979020e-01,-1.329188974715739713e+00,1.687381164501113195e+00,5.144183673933929585e-02,-9.145238892003434428e-01,-1.579974280435776812e+00,-1.288713763996320871e+00,-2.250525750249601220e+00,9.026064290116414535e-01,1.000000000000000000e+00
-6.836618725083746240e-01,1.111386837855798726e+00,1.011015574169611630e+00,-7.427397799547982293e-01,-5.422105852134703197e-01,2.342873312776794226e+00,-2.153382150210840854e-02,1.396433328779304706e+00,6.769725293270183464e-01,-5.199861703563396498e-01,-6.143083708059757786e-01,-8.467918210175481852e-02,5.024245895013723651e-01,4.770938949359669334e-01,-7.641925785032156471e-01,-7.949389846491009548e-01,-3.241517711017340431e-01,-3.625633989483249553e-01,9.373051538467487287e-01,1.844312565105754587e+00,0.000000000000000000e+00
5.865342332907721445e-01,-7.264884220968258477e-01,-6.398883519635069073e-01,-5.817949306105292262e-01,1.686282262829433165e+00,1.389341061656431453e+00,1.199149845827520433e-01,1.277948662769628374e+00,-9.488740606065974026e-01,1.861797886701531013e+00,-9.001095405206980260e-01,-2.619479852383492166e-02,1.783592246792444769e+00,-8.103351168289923967e-01,-5.349564170722971301e-01,-6.983280050441775799e-01,1.910567877168694029e+00,-1.677587832871337170e+00,-2.552507135775713976e-02,1.204562206523770884e+00,1.000000000000000000e+00
-2.490227933881349054e-01,6.817033390445073060e-01,-7.695475887631758605e-02,6.363827236721895098e-01,-4.099702984974339104e-02,8.975200825638651736e-02,-1.921688445736774997e-01,-7.252879386266469774e-01,-1.234484171119150098e+00,1.649893429957146163e+00,-3.168789592539909550e-01,-2.870354834706010383e+00,-8.032753456589931673e-01,-2.600551922935233073e-01,6.951862358364255257e-02,-8.204821089550468072e-01,-8.416873752845144274e-01,-6.034538154713751101e-01,-1.040373176655557508e+00,-7.275853607373292120e-02,0.000000000000000000e+00
5.483639229437935469e-01,-2.050446567102723883e+00,1.001707718472263142e+00,-8.253630811995213978e-01,9.250496516706476768e-01,2.094414817645615212e+00,-8.728445841054083276e-01,-1.060510426427912600e+00,4.594669405257630901e-01,1.060590272132995171e+00,4.765446370764566675e-01,5.386128743412554876e-01,-1.699639344338243374e+00,4.388759591559758810e-01,-3.612791417229022639e-01,7.926088506215425711e-02,-5.424649482790490085e-01,-3.955725705655417368e-01,2.067938833829219281e-01,-4.487951562852832144e-01,1.000000000000000000e+00
2.440789843523589742e-01,8.767464500335542255e-01,5.966829147467869743e-02,-2.770771033486877366e-01,-8.367862751044323755e-01,-1.117499082288852669e-01,1.225251971919834482e+00,1.486009923576063541e+00,4.239054812826302809e-01,-5.578574858683049698e-01,-7.895900307279205554e-01,1.935324551402096027e+00,3.732269026311884064e-01,-9.562159667228736781e-01,6.123486776651547447e-02,-1.476022200878674973e+00,-1.122558029863801599e+00,3.315373698153599169e-01,3.406253705717197100e-01,1.438726910482294397e+00,0.000000000000000000e+00
-4.379704527522511048e-01,1.474926370608825144e+00,-7.020135592485355902e-01,2.210158790054857381e+00,8.195375225829778509e-01,-6.924121077243870770e-02,7.254267585825896481e-01,-7.446140625795742984e-01,-1.641482010321747120e+00,-3.895243648781901435e-01,-1.668627557236671111e+00,4.296374871096769743e-01,-3.194071524681436625e-01,1.408914812074560027e-02,5.031165776306134596e-01,-9.859068366276366735e-01,1.118019904100935047e-01,1.667757084952260216e-01,1.176711084965454068e+00,1.751234088325974048e+00,0.000000000000000000e+00
-1.262855029278154018e-01,-5.176448474653021492e-01,-3.109942392848052614e-02,-8.798905860617007857e-01,-9.953343687615965329e-01,1.091531724235965006e+00,-9.411104774679593943e-01,2.281432391810361837e-02,4.352842201098404695e-01,1.554243180522403511e+00,-3.139174444856130952e-01,-8.026324201601429120e-01,1.048420315891878341e+00,9.945413410710833846e-01,-7.235625258384652536e-01,8.877779305299827728e-01,1.098602305020428771e+00,1.055717527805045686e+00,-6.044775058778018018e-01,3.362329263791835610e-01,1.000000000000000000e+00
-6.639648185839310823e-01,-3.294434632585698242e-01,-2.250129404260014787e-01,-6.640990743173272870e-01,-7.335450548155710015e-02,-1.130371560758611116e+00,-1.780643229864234289e+00,-4.612215845821840410e-01,4.709432811773635597e-01,-1.891275187498200061e-01,-1.250273475314136018e+00,1.276615740756314787e+00,-4.066131455978440057e-01,-1.211152935392448393e+00,2.461132252503779039e-01,-1.699058757303239187e+00,-6.902180001964849376e-01,3.866451983824351069e-01,4.451009899479481668e-01,-5.518060884395019627e-01,1.000000000000000000e+00
2.092957209926860518e+00,-6.621809996425781497e-01,2.920622212250421068e-01,1.175495873301943828e+00,4.090484750168583150e-01,-8.912532038347675822e-01,-1.166890835883343192e+00,-6.033546525510758984e-01,2.895660173099112167e-01,8.631239215104485885e-01,-6.874791150648863758e-02,-8.544706695414624464e-01,4.120284945957267686e-01,6.052834734435654784e-01,-1.336178650998194994e+00,-1.480768779612764707e-01,2.764941077307544459e-01,1.526630233133462466e+00,-3.441967829222701836e-01,-6.446778973621860587e-01,1.000000000000000000e+00
8.536774781635372289e-01,-2.011223475479985368e+00,1.332031456281062454e+00,1.501120430761841762e+00,1.025548248237966753e+00,9.065093916166778731e-01,-4.689551410639333229e-01,-7.612341800845631168e-01,-3.693932094816980150e-01,5.513992773863781727e-01,-5.605348684497772904e-01,1.628287213360354757e+00,6.444988152249763180e-01,4.527182443341000173e-01,6.796519680300989741e-01,-2.683591349083647715e-01,2.295268637229646913e+00,8.388685512837120717e-01,1.896194008617637428e+00,8.745758600975366281e-01,1.000000000000000000e+00
1.494857024789648658e+00,6.822652774588918723e-01,-3.575168241011870696e-01,-3.367246322652089341e-01,-5.621978867126111723e-01,-2.154124032392899402e+00,7.436793382222640636e-01,-1.498428674214758560e+00,2.865708557261279488e-01,-3.102296199780275598e-01,-3.793054158194281156e-01,-1.890700245657255252e+00,-1.197550204013900332e+00,1.050966775415710375e+00,9.998094822506404800e-01,2.090150584765818831e+00,8.609861793077232262e-02,1.250233690628002603e-01,3.078003943872941184e-01,1.451565166151496555e+00,1.000000000000000000e+00
-2.319510893482659708e-01,-1.380473488715876940e+00,-6.675541363482023760e-01,7.675009519271257519e-01,1.151047767836014923e+00,3.533398039184781902e-01,1.037130017207803734e+00,-2.289959716829171654e+00,-3.821053188154261426e-01,4.233365252174408622e-01,7.600788942437483042e-01,-6.137297680897045860e-01,7.853060723894786932e-01,-1.786715586378633674e-02,-1.410899770812630016e-01,-2.532304913200005836e-01,-7.833300544698846846e-01,1.111493821373205959e+00,1.846154236417633654e-01,-1.141589349493843164e+00,1.000000000000000000e+00
1.018602319824950309e+00,-5.811625934302725449e-01,-1.352786430261753381e+00,-1.756436450861575127e-01,-2.777105676197175188e-01,-1.558148490511321038e-01,7.845470027583185679e-01,1.528205590754346810e+00,-4.354705960196532111e-01,1.514990548536761517e-01,8.959936110296189415e-01,1.205792769834353129e+00,1.089170460367218096e-01,5.480528627628585697e-02,-2.662246612039981919e+00,-5.964933693876213194e-01,1.077744793294309389e+00,8.372268572285838095e-01,-3.282138142169224726e-01,-1.677956416370285642e-01,1.000000000000000000e+00
1.421618024444286865e+00,-1.640273964303947951e-01,7.383127064544903195e-01,2.083053052592316323e+00,1.004403096159400599e+00,-5.962300521203733883e-01,1.348842177314954149e+00,-1.128342613541793771e+00,-4.600610303053409567e-02,5.577255034412597068e-01,5.922430457130228865e-01,-4.924382397932356437e-01,-2.586371492649114368e-01,-1.300192807383596938e-01,-3.599917005701803174e-01,-6.677607162738707913e-01,2.403925610038964156e-01,-1.524026441901947360e+00,-1.952699890002847161e+00,3.128150931586663394e-03,1.000000000000000000e+00
3.342387378730971026e-01,-1.176514598886336138e+00,-1.524506422848958875e+00,-7.481232365360608316e-01,-4.549023927682360746e-01,-1.117641813155859642e+00,3.958018403214155767e-01,1.317156365345047542e+00,-7.534568880406162794e-01,-3.535634619406717583e-02,5.374729163494033068e-01,-9.903027675055338097e-01,-8.786181037698130858e-01,6.492882740802404795e-01,-6.136239603221338434e-01,-1.928240041263623861e-01,-3.803438988554834477e-02,1.424561069290471160e-01,7.886545634250358150e-01,-7.955372688983876062e-01,1.000000000000000000e+00
-6.357960684470485013e-01,8.979259210145789094e-01,-1.384618621730315802e-01,3.110998741554092728e+00,-3.595187487820910577e-01,-1.107677645659699062e+00,1.706385742928898941e-01,-3.764966869721365628e-01,-8.244076153364112702e-01,-1.118395544757794680e+00,2.306166250609524918e-02,1.381050449252368750e+00,1.163138395279148529e+00,-1.079177060423087031e+00,-1.367412364074866105e+00,-1.110900697385894587e+00,-4.460056830894666424e-01,-5.699420040266846010e-01,1.197490843666517257e+00,-6.930134161456948938e-01,1.000000000000000000e+00
-1.193292896678294746e+00,3.290660877724695954e-01,8.977866241438279271e-01,-1.118182859195493650e+00,-1.401211021369417109e+00,4.896119504478568252e-01,1.298278099491301019e+00,1.698715996067318379e+00,1.353554311784581077e-01,9.641750786851166488e-02,1.054652834525963145e+00,-1.347322462960369949e+00,2.249286291104889424e-01,9.538807554061543015e-02,-2.342919310010413092e+00,1.346289554301861036e-01,1.171939010132996506e+00,-2.937487783064123281e-01,-6.915285016104058546e-02,-3.263008167727818321e-02,0.000000000000000000e+00
9.967415787584839038e-01,-1.177862066984044276e+00,-1.463205825805090843e+00,2.906244158778840680e-01,7.382708514035464242e-01,-1.664958123403859069e-01,-1.168663553827613333e+00,-3.795738140664037252e-01,-3.030956094897816477e-01,1.144846176253372594e+00,7.321174920152961896e-02,-1.905722653400661326e-01,1.085157076352988081e+00,1.516029005361035686e+00,4.153866654613634357e-01,-1.629933546203643280e+00,-6.808223882568581464e-01,-3.696967770912785167e-01,-1.469124196784846292e+00,-1.332193093850515764e+00,1.000000000000000000e+00
-1.428094163874790823e+00,2.487344284949513928e-01,1.391064732922069114e+00,-7.088508329297456001e-01,2.584587667491284879e-01,-5.524547803271199209e-01,6.036844642834555685e-01,8.827584590334643933e-01,1.939025552620148030e-01,-1.692845581129168053e+00,-8.358034935134659449e-01,2.703654150498145392e-01,6.738371848921886897e-01,-4.391254655993281353e-01,8.636895948378364718e-01,3.932451013807732876e-01,-5.144758574724966893e-02,-1.383068598305619457e+00,-1.114564921638305506e-01,1.910085763231982092e+00,0.000000000000000000e+00
-4.430326021979054119e-01,7.551396995061389061e-01,-1.136666587785640781e+00,-8.999877096846837787e-01,-6.247146312352467312e-01,9.072597376922719725e-01,-3.668569558114878615e-01,2.018669431699076089e-01,-1.360767756909011750e+00,5.438895690525833437e-01,-8.248699008532615895e-02,-3.036346381298754560e-01,3.540509809555080767e-01,1.331200337619698804e+00,-7.975923038101597751e-01,-2.193192687439883048e+00,-2.666422251906268026e-01,4.254513984531926307e-01,-9.881774136577277101e-01,1.193184634298100288e+00,0.000000000000000000e+00
1.726086217301206829e-02,3.270049042227982095e-01,-8.691213844498759666e-01,-2.011432776534840983e+00,2.959860866143507740e-01,8.189452608434705239e-01,1.038363168878090548e+00,-9.519745733562658963e-01,1.460073468045685052e+00,-5.531707132386329828e-01,1.312697401960114751e+00,1.385758135904859301e-01,1.878263204868656500e+00,2.650584945555087280e-01,-3.000027291174993116e-01,-1.034173589722153119e+00,-1.240278841337331128e+00,5.994762378386276902e-01,4.140087474405176327e-01,-1.324650546787053296e+00,0.000000000000000000e+00
3.480622224992497848e-01,-1.709415772796528454e+00,1.190341802180725050e+00,-1.598514999950669147e+00,1.416269746723693768e+00,4.331425627631956266e-01,-4.915493279309389174e-01,4.743018884526664092e-01,2.109401900811680441e-01,-9.156228010652236460e-01,-2.791588700651286836e-01,9.267029109246643914e-01,6.939127780640766963e-01,-1.935176455337813461e+00,-9.212384983319894527e-01,-7.434116320787014232e-01,2.299369440666967079e-01,2.887700687568963698e-01,-1.079247496439632803e+00,1.638700312927192204e+00,0.000000000000000000e+00
-1.856497992783044948e+00,-6.051138522324501778e-01,1.050723459193805276e+00,1.754357711724681357e+00,3.528455986468112537e-01,5.036584378196273803e-01,6.443909517830228584e-01,2.208945106162063798e-01,1.384342520550339239e+00,1.245917332279758538e+00,-1.951582538225225427e+00,-9.741559234966007050e-03,-1.973524290311858831e+00,7.886038567875514049e-01,7.562276306682362836e-01,-1.371052613800891606e-01,2.602403241867061290e+00,-6.284855776022888474e-01,8.731184600084894720e-01,-8.788532477399066400e-02,0.000000000000000000e+00
1.448550703171056275e+00,-9.271227049058340386e-01,-1.643429398632511695e+00,3.002262079531214933e-01,-1.320266687073671452e+00,4.289992262832266756e-01,-8.461886192607529500e-01,2.014488468380005060e+00,1.372068775552876818e-01,-1.268442704888097516e+00,4.504326142590932003e-01,-1.488194593717668379e+00,8.740320585037929524e-01,2.784638182057520006e-01,-3.298846897623244206e-02,-1.396105886701224597e+00,-2.339343915497462234e+00,7.689728247808358397e-01,-4.945862426938050782e-01,-2.819483054960832957e-01,1.000000000000000000e+00
1.060434755864209100e+00,-8.355259607679834666e-01,1.274109905229517059e+00,7.120479277094534654e-01,-7.726826383162322953e-01,1.733536845989413488e-01,-4.590720856970852137e-02,-8.685915118744944596e-01,-1.720500898957595171e+00,6.072760269505655950e-01,2.814526695005322154e-01,-5.755589530858281622e-01,3.116680561013176476e+00,3.969465011924392384e-01,-5.667649473792208958e-01,5.519171111814668018e-01,-1.533725157335030786e+00,-1.263217122894987332e+00,-6.098255096659036534e-01,9.038705051362018184e-01,1.000000000000000000e+00
2.830987502472685491e-01,-3.638755872325029339e-02,2.734816954911716280e-01,1.207696200004696019e+00,1.157347863988405362e-01,1.313472600253724920e+00,1.616737525722470759e+00,4.449855323476887836e-01,-2.217410453062722109e+00,-6.291089365924932286e-01,-7.933668628066798956e-01,3.171912403292476701e-01,3.333959693193441765e-01,1.262709824831507843e+00,-4.925371226466410124e-01,4.389010291653534512e-01,4.422545703743420709e-01,-6.947858221383507171e-01,-4.806022631127118139e-01,1.962513339375854704e+00,0.000000000000000000e+00
-1.595380216664979756e+00,-6.584804285981394889e-01,-1.284275572928741171e+00,1.201545831521197844e-01,-5.741148661224564353e-01,5.061235096114069520e-01,-3.339417140389661087e-01,-1.767402566499471153e-02,8.386769719248076127e-01,-2.660869726485124223e-02,-6.132288131180109181e-01,7.095568548457056868e-02,3.407486759640370177e-01,-3.357893936669294477e-01,-2.742895998480340491e+00,-2.507292643834400536e+00,1.542318925267673446e+00,5.236866896859112552e-01,6.033056541798005323e-01,3.051816314681607967e-01,0.000000000000000000e+00
7.990099515574772271e-01,-1.685012299621337251e+00,-1.004908881675006471e+00,-2.165049589925238660e+00,4.033379342746650636e-02,-7.084750712497939196e-01,2.445328052067984315e-01,1.041342699743346589e+00,-1.106239634195265165e+00,-2.197679872738518558e-01,-1.190031804854150499e+00,-3.765037444582323145e-01,1.051028418082226301e-01,-3.752850835193551338e-01,6.065989607946765255e-02,7.771024120612246566e-01,8.328498417929918185e-01,-1.857102262446352903e-01,1.684101540925877494e+00,-3.255975812029567873e-01,1.000000000000000000e+00
3.901006095444388699e-01,-5.779862943456586244e-01,-1.269883762894217005e+00,1.485050861702067460e+00,-1.442036743393311449e+00,-1.850469245773178839e+00,1.769034102919009976e+00,-1.231996887719641887e-01,8.249501499073509381e-01,5.975162471831002575e-02,-4.970813277580085621e-01,-1.054093479536277522e+00,-1.050141945779992092e+00,-7.151005367275303781e-01,7.405877629099059112e-01,5.313127848255103647e-01,-1.140073201448054796e+00,1.507788005811673715e+00,-1.385144401849219609e+00,2.002205878833752450e+00,1.000000000000000000e+00
1.914018841727873399e+00,-2.051770475158359031e-01,-5.044010431505732139e-01,-1.475620389530264642e+00,1.076740401964125127e+00,7.930138344969110964e-01,-1.431167450870914903e+00,-4.322183996192078825e-01,6.948077002915837852e-01,2.775513752384943800e-01,-1.448582269261512012e+00,8.628779914902844073e-02,-1.831170121523928218e+00,6.630482934711434684e-01,-4.276472752364118279e-01,-8.927638302791537361e-01,1.933533238759727324e-01,-8.134758610029356740e-01,-1.516301307915958851e+00,-1.414984148400880937e+00,1.000000000000000000e+00
-8.452889571653496859e-01,-8.224818301298347442e-03,-1.598292472958457999e+00,3.042587201267901165e-01,6.516769741298037433e-01,-6.854735070933288821e-01,9.022125728328517225e-01,-1.320444735258521574e+00,1.094133327563757974e-01,1.115361816243317788e-01,-3.683947835672823357e-01,-4.685958340953177981e-01,-1.417450336463114802e+00,1.459548971921742044e+00,7.765697845943604349e-01,-6.673564876727261508e-01,9.420484167190028568e-01,9.182880481062006828e-01,8.154924994119738813e-01,6.125796979999993397e-01,1.000000000000000000e+00
1.137012079316650492e+00,1.965995747083983114e-01,1.214043199806761897e-01,-9.387887459245849997e-02,-1.089494538551601055e+00,-4.555111219940811140e-01,1.171262427553683150e+00,1.115055147001990044e+00,-3.721032202562611357e-01,6.858537771891318746e-01,-1.716813031782022492e+00,9.755993248855373556e-01,-8.451487357039297876e-01,9.183085443954144278e-01,7.899857090127800907e-01,-9.996499405533650906e-01,-2.453752268147649129e+00,-1.972571835776692484e-01,9.481305084996208832e-01,-2.595212421160186800e-01,1.000000000000000000e+00
8.669287574595344048e-02,-8.226353655549057953e-01,-1.766586929087397451e+00,6.537867223928356397e-01,1.491050659078169582e+00,-2.624643280398116230e-01,5.494490880109161868e-01,1.559674343690308884e+00,-4.832756475260203133e-01,-4.361279453023027552e-01,-1.190374569012891515e+00,-1.236102340947920819e+00,-1.221708595685019327e+00,-6.925220849592003125e-01,4.790099446782726811e-01,2.019170611920598990e+00,-1.143302351653876225e-01,8.665195261958471562e-01,4.867708880746130506e-01,-2.470821773112750641e+00,1.000000000000000000e+00
1.834678026202738677e+00,-1.236706342416637322e-01,-5.503789464670819642e-01,-8.362622567285822317e-01,-4.097965574192314331e-01,7.136307626316878983e-02,-4.406786795926777023e-01,5.306359569170238100e-02,-7.318911465432565988e-01,-2.454426106908489391e+00,9.250871734405212710e-01,-6.243326239389884735e-01,-9.066518559693566015e-01,-5.461017299748790466e-01,1.233724905204119787e-01,1.848544946590092719e-01,-1.724347365281329036e+00,1.278929503556715197e+00,-1.925285305110265299e-01,-1.498422288214321219e+00,1.000000000000000000e+00
-1.613218369215328796e+00,1.610658782733016270e-01,-8.480437606116653093e-02,5.957657198622257066e-01,2.688176163331394419e-01,-7.786229217946225578e-01,6.736605775582420463e-01,3.556715999544433626e-01,2.113105180384549531e+00,-2.569808535682449602e+00,1.457440952345871343e+00,-5.660211496869470560e-01,2.158823332481611401e-01,-1.007334902004687338e+00,-2.047892956979199486e+00,1.083860720126041260e-01,9.668571928938628490e-01,-1.489890536463064352e+00,-1.801207014901791137e-01,1.953173460903577352e+00,0.000000000000000000e+00
-7.192380553365234075e-01,5.887316463588851967e-01,-2.359736616309016100e-01,4.779675051912103401e-01,-3.199554657517104661e-01,-1.439538483765851584e+00,9.411510940253883239e-01,-2.890150864489746119e-01,-1.516830908721937377e+00,-1.308381852954493052e+00,-2.001294589039499083e+00,7.509807471830129422e-02,-5.500317061956822018e-01,1.872436880219590538e+00,1.944069725619736344e+00,-6.136398396161371060e-01,-2.132051434581752059e+00,7.935678680192352896e-01,-9.193245824704406877e-01,-1.071283176143749127e+00,1.000000000000000000e+00
-1.078893847529135641e+00,-7.849945455606608391e-01,1.090191506280920875e+00,1.042497954295057427e+00,-4.674105966533061152e-02,-1.382564926116084392e+00,-2.622978425774723732e+00,1.809439947849723174e+00,-9.836477521050198680e-01,-3.071505410637916378e-01,2.124241682455027203e+00,3.534466405221076690e-01,1.001150599717218759e+00,-1.686472122206746027e+00,5.912625612651285500e-01,7.142646510849357533e-01,-1.322844194078026003e+00,7.504877144395727395e-01,2.513191177197201531e-01,1.030995188384097538e+00,1.000000000000000000e+00
6.811094756028638342e-01,1.043457074477066815e+00,6.545713918410549503e-01,6.277127347491135989e-01,6.452443677599820626e-01,-3.863290287172354565e-01,1.269973441501411449e+00,1.598407840596383078e-01,1.634091782980328089e+00,3.197172441403192122e-01,-1.161411536009936185e+00,8.389498260663383888e-01,-9.300392428523809318e-01,1.182939263909647876e+00,-7.258136572015898569e-01,4.536050492579070115e-01,7.614541578546433209e-01,1.356127066707586648e+00,1.324879735219325338e+00,3.702030871905835352e-01,0.000000000000000000e+00
1.644160080844402766e-02,-1.448812088598972370e+00,1.391248797531672743e+00,-1.046681719668281774e-01,8.388662030332548758e-01,-2.500823809531854014e+00,-1.545443797343319381e-01,2.496018400347088106e-01,8.884247428323271967e-01,-3.666688794684275221e-01,2.310945964270797237e+00,-1.175758081995532223e+00,3.080280471125212416e-01,1.206020192229111387e+00,-6.149014032679687158e-01,-5.356767861029616135e-02,3.178559663422302339e-01,1.384002659010983738e+00,4.929325029584232798e-01,-1.917105237592511488e-02,1.000000000000000000e+00
-7.109520347811016938e-01,1.304106425177195827e-01,1.089182213192859461e+00,-6.912954314853704263e-01,-2.139409915513026950e-01,7.244750737765133231e-01,4.838559230967913738e-01,7.345563896331703813e-01,1.685727107396560731e-01,-1.487968310014143203e+00,-8.895257301962347651e-02,-1.278003425697028961e+00,1.481830068432814063e+00,2.518290847772221563e-01,-5.927716405040590608e-01,1.375003894984204500e+00,-1.991589329304870870e-01,6.354417998883572505e-01,6.799457846865301081e-01,6.069485249934075677e-01,0.000000000000000000e+00
1.668276237251125504e+00,-1.883912331441861321e+00,-1.305476068719251259e+00,-8.007122728541722356e-01,-6.284529490968666643e-01,-1.166390762739642206e-01,2.314388984807167204e-01,7.942421956998718668e-01,-9.575456997287850047e-01,-3.389208345107972420e-01,-1.789794981529060136e+00,-5.134079883175085568e-01,-1.193800934317438278e+00,8.229086517659486288e-01,-9.928145189708988960e-01,-7.427067773858643251e-01,2.915561332195963362e-01,1.365423082397033028e+00,-1.642482150872417168e-01,4.194514947411709938e-01,1.000000000000000000e+00
-1.035116447766652570e+00,1.627413096147393823e+00,-1.343106190546620171e+00,2.288092664224894712e-01,-1.987848859391307510e+00,-2.754163302627380405e-01,9.309430598106067933e-02,-1.461435780116481231e+00,1.386563698020117696e+00,-3.089326197823401010e-01,-1.433405839697306505e-01,1.615663754740254587e+00,-6.229393505528035835e-01,-1.759789034921835915e+00,8.480577658564514287e-01,-5.962894018641277105e-01,5.756476068797621304e-01,6.703662713099756143e-01,6.376489780807710339e-01,-1.322995237162352344e+00,0.000000000000000000e+00
3.521013999200529598e-01,-1.046082836582163056e+00,-6.376720314787264199e-01,-4.975575222987762558e-01,4.160089568311608477e-01,-1.598616116142645538e+00,4.496054248129780807e-03,8.056903157030929075e-01,9.981826870290230191e-01,3.144688095272332035e-02,6.218014100358238566e-02,1.038035403470198625e+00,-2.270684031005499107e-02,-2.192406015117305818e-01,-1.208189506856493622e+00,2.111946159876695039e-01,-1.046936121625678728e+00,-1.079318978015321173e+00,-8.931508785952961826e-01,-1.059210366411290183e+00,1.000000000000000000e+00
-7.639994004149071039e-01,2.542354413736039875e-01,3.515969214040137042e-02,-8.917362831203938800e-01,6.224542163202199108e-01,-1.022033321144820039e+00,3.290020282414429231e-01,-2.575318717966844639e-01,-1.300461376622468190e+00,1.432836319498208000e-01,1.794030954076571316e+00,-4.517791681062255926e-01,1.788678181857233374e-01,-5.653125966566268090e-01,-2.398405630362340890e+00,1.351051275458791390e-01,1.386035801868872562e-02,5.589860326558055981e-01,2.541126054280860580e-01,2.887586473521639996e-01,0.000000000000000000e+00
-1.993037803982264100e-01,1.706116754992105911e+00,-2.603713659519986567e+00,5.997274482391977690e-01,2.063272530190312537e+00,3.771858347425607882e-02,2.022935147140261680e+00,3.697357838011763875e-01,1.163473054240491633e+00,1.059673493171949143e+00,3.192609255406623214e-01,6.302584324801012716e-01,4.369402197025679668e-01,9.275029847115368042e-01,-6.781410311257317636e-01,-5.044717577615086268e-02,-1.945566922360794759e+00,-2.412270811241166157e-01,-9.106815802029181173e-01,-1.089961934616153760e+00,0.000000000000000000e+00
-1.933060371663887500e-01,1.523917501155155563e+00,1.722808032163899217e+00,-3.667129723400937014e-01,2.573860911474070257e+00,1.496122175207279081e+00,1.312762116072673679e+00,-3.045941007618032881e+00,-1.526486566899300623e+00,-2.592423995964459604e-01,3.945680653044956743e-01,1.114564893882171948e+00,-1.768558857003787566e+00,2.756352110073619910e-01,-1.587775882812330952e+00,-1.544411218911148909e-01,3.413695160763560027e-02,8.091061831544963390e-01,1.449783638815893838e-01,2.150317651091075088e+00,0.000000000000000000e+00
2.023230526653956585e-01,-1.748520906213884007e+00,9.070051719599903084e-01,2.636350451781631854e+00,1.369457124226757694e+00,-6.310786553532889975e-01,-5.300354726473112121e-01,-2.745391504434336553e-03,9.562979154395787051e-02,6.894652369966787209e-01,5.798365618404688338e-01,1.226110746900729437e-01,-4.748001348540041855e-01,-1.536620606695893176e+00,1.096396398981768633e-01,1.560700156492096147e+00,5.906033963446957191e-01,-6.810814389013056802e-01,9.073929832125544881e-02,-1.634137043777417642e+00,1.000000000000000000e+00
-9.414630418773199949e-01,1.424637795754454483e+00,-8.298960507566649492e-01,2.646756031265975473e-01,2.561188492574088538e-01,-7.312340995930560750e-01,-1.126524570845921502e+00,-2.767231953529789013e-01,-9.224694597227832416e-02,1.859423902993841415e-01,5.853745674637453877e-01,-6.320694496718126665e-01,2.077333154035049950e-02,7.086612755496851657e-01,1.908708162996346713e+00,7.765442083892345471e-01,-1.479923085099065505e-01,-1.766618653488874369e+00,8.902596929062865927e-01,-3.215978070013322254e-01,0.000000000000000000e+00
2.042436496557103742e-01,1.442895460971418631e+00,-7.297751451866137939e-01,2.919972855669783485e-01,-8.432465227945682429e-01,-4.793237778454155495e-02,6.324907359379564609e-01,-1.214577545094166711e+00,3.088907582004640773e-01,-4.879818105994230930e-03,-6.553360871306428415e-01,-8.190864518949647621e-01,5.148927578534059357e-01,5.055131882826188749e-02,-3.560698935040642471e-02,1.178954865101392135e+00,-1.974152219020397503e-01,3.270379123145942812e-01,-1.188773212243301902e+00,-8.499916965274926239e-01,0.000000000000000000e+00
1.382272219896388266e-01,1.422111918026294441e+00,6.321478937461232350e-01,-2.685896182849924485e-01,1.393779818649622415e+00,6.041164650774502043e-01,1.817298496449415435e-01,1.673251124720811056e+00,1.431323003444071817e+00,-2.198336290771861101e+00,-4.466252438381289325e-02,7.287478204025176209e-01,-1.271954748883304287e+00,-2.991535920299507878e-01,8.314403825507811208e-01,3.212003267199345369e-01,1.180717224216931927e+00,-2.159781357781191957e+00,2.607145228748881660e+00,5.039192977029233189e-02,0.000000000000000000e+00
7.462545652572302179e-01,-1.084655025353621793e+00,-3.183472405802141303e-01,-8.224965826396987145e-01,1.043708581562444060e+00,2.718985564841823206e-03,-4.552190887583110745e-01,1.031945639071143006e+00,-2.678636152977147966e-01,8.314481704435184861e-01,-7.289317379818294196e-01,-4.040367059531576599e-01,-7.678700238394283728e-01,2.786578245206080551e-01,1.725398494474205957e-01,-1.754543495145729770e-01,2.019288359950611067e+00,3.815497288521225716e-01,-2.854324035431327067e-01,-6.240519859805518932e-01,1.000000000000000000e+00
-6.053085854786986048e-02,-2.252892859648688295e-01,-3.517773105274168977e-01,2.078051345859549315e+00,-1.786077448551553370e+00,1.419261988332463975e+00,-1.173323792238021079e+00,8.348094932281203973e-02,6.935727322274307660e-01,-7.305055984473585173e-01,1.086617382772364637e+00,2.067456059482095376e-01,-5.348056270183689127e-03,-1.043369998606440863e+00,9.336982858557493214e-01,1.360899320577177329e+00,-1.637208461953512106e+00,7.701914657099739880e-02,-2.863625389188071413e-01,1.201170819611414808e+00,0.000000000000000000e+00
-7.073107358597392480e-01,7.039073258450331272e-01,-6.837567999697408139e-01,6.496750807241860048e-01,-9.260453546360243315e-01,3.242092317320523498e-01,-1.510994640098686781e-02,-7.908955899668975720e-01,-7.379199380869262692e-02,-1.214144029321703622e+00,-1.580604987390569649e+00,8.029714301922159514e-01,1.480940580843304322e-01,8.897660836837164577e-01,1.384370210697819292e+00,3.505084801055415311e-01,-4.802775630715968580e-01,-9.143981788735192628e-01,-5.477649537982801631e-01,1.673183188526974619e-01,0.000000000000000000e+00
-1.554395582303922163e+00,4.327601496898175748e-01,-1.122178835610793568e+00,-1.934887866066114626e+00,-8.932363543323094957e-02,9.905474680502973639e-02,-8.612944258527743813e-02,-8.232032257358146143e-01,1.461698282923630021e+00,-5.977683664441918454e-01,1.448122031548928212e-01,7.863677534779806022e-01,1.397962528900704493e+00,1.377136135607584411e+00,2.222690900542161341e+00,6.414706146274151699e-02,9.798776173023561187e-01,1.803701265992125213e+00,-7.558728357001689435e-01,-7.185395692724162453e-01,0.000000000000000000e+00
-1.716600334452915488e+00,9.123849974779473238e-01,-4.344529727751010595e-02,1.608248565921204021e+00,-5.863645476817762603e-01,4.146221529701187847e-01,8.996119926909970088e-01,8.478561160741506786e-01,8.351177508911126202e-01,4.916817097196850561e-01,5.951312608413165117e-01,-3.101947636140021166e-03,7.377545691720275300e-01,3.721180927662811055e-01,-7.434779559296530449e-01,-1.005129985549811922e+00,-1.593660733208670244e-01,1.716896114024001330e+00,1.472602907317861198e-01,9.712057462636956018e-01,0.000000000000000000e+00
-4.993120545388745612e-01,2.873896428139849357e-01,-3.223861901965154320e-01,-1.548175754506913249e+00,1.166458860142122189e+00,-4.756237980031942647e-01,2.032182913959663217e+00,-7.711775378731815234e-02,-5.463597995559963394e-01,1.131493516681187778e-01,1.165814630864658641e+00,-1.566840869760085964e+00,-3.081821273254487514e-01,-7.910469003448871161e-01,3.755751381010886125e-01,5.094219710386085342e-01,-7.109243484913791988e-01,-1.299327543736835233e+00,-1.290952493168038506e+00,1.368860143814316366e-01,1.000000000000000000e+00
-1.581847672586156328e+00,-5.572667018528820737e-02,9.167786149224752545e-01,-1.762418381260765887e+00,-1.955836515938002229e+00,7.429555765787871913e-01,-3.059130090327265572e-01,1.350296315100363076e+00,-1.221244213652669330e+00,2.126189256180591070e+00,8.410903796673246946e-01,-1.361958273966699773e+00,-1.404374198617645286e-01,9.720666504364846583e-01,-1.160393543382911119e+00,5.879981737851884827e-01,-6.194154475694928497e-01,-1.871094900917423254e-01,-4.763499504735285717e-01,2.796959713947169690e-01,0.000000000000000000e+00
-3.426318861719979125e-01,-3.110151475547012212e-01,5.614554973332228638e-01,3.332976448485973631e-01,-1.304440907014618733e-01,1.739288609436946131e-01,-3.626539658954055056e+00,-8.116291109614385269e-01,-6.449926776595827915e-01,-1.548684023215859129e-01,1.973502098175099750e-01,1.323184086405681636e+00,-4.230082166337093552e-01,-9.448386703636540984e-01,2.975158669181359627e+00,5.402409631407683460e-02,1.226501139987042910e+00,2.664929676368402167e-01,4.191664344264064423e-01,3.714106547082081100e-01,1.000000000000000000e+00
-5.201495555737873921e-01,5.240662671487847923e-01,-1.086355476081839466e+00,1.406563797594251986e+00,-4.054345179255234299e-01,-1.546967826841123328e+00,-2.838768373070945650e+00,-4.783301840994235721e-01,5.419407033259500128e-01,-2.713811261640615702e-01,2.900978061108245853e-01,2.094730069011101037e+00,1.049683038779705591e+00,-1.586686102677560939e+00,-4.609815127787983968e-01,-1.629947826475738104e+00,4.444324643776623729e-01,-6.020823590483341814e-01,4.769824500488477614e-01,1.965970094979354321e-01,0.000000000000000000e+00
1.197669740627195889e+00,2.836775615011034035e-01,-8.228393200418147035e-01,4.908459889429832024e-01,-6.866459507607194923e-02,-2.899714380906023847e-01,-5.248440617124177088e-01,-5.247647283633168902e-01,3.047984332330138102e-01,-6.516337884694339833e-02,-7.430696964940239346e-02,-8.231588480953697107e-02,4.928029552289283077e-01,1.065760537240133310e+00,-8.380515859689685598e-02,-1.296705622762914567e+00,1.169350709925217169e+00,5.938768621551467897e-01,1.034479535434292607e+00,-1.437263820640552137e+00,1.000000000000000000e+00
1.906721898056641162e+00,2.009472662236989615e-01,1.093131337237228107e-01,1.196926275876558365e-01,-9.288644049052353913e-02,-9.734544367065568471e-01,1.050082641531649541e+00,-6.447133619945589755e-01,-1.336094381737119585e+00,2.112404633223871342e-01,6.379516861864522603e-01,2.667051411298928532e-01,-5.356018185644865204e-01,-1.495775442730444160e+00,8.625453907551740296e-03,1.144811766785852392e+00,8.284453158529649919e-01,2.291244179573149742e-01,8.076863027859541022e-01,-1.375950007583479628e+00,1.000000000000000000e+00
6.425223176017662574e-01,2.823655840861651889e-01,1.308406546039347917e+00,-1.348228798475598345e-01,-5.970794910024287416e-01,1.365724089625752979e+00,-2.114714237853669854e+00,3.645587391441552083e-01,-8.539638459342436816e-01,-9.756645057614838912e-01,4.066345191895485156e-01,2.995614421989944640e-02,8.103131061851184258e-01,-1.232470939042856983e+00,1.157291718006909220e-01,-1.696431028040777944e+00,-6.164230653613903543e-01,-1.060876805976694454e-01,-2.287106578524348954e+00,-2.468443682772471781e-01,0.000000000000000000e+00
-5.573962727193490507e-02,2.902743166169657191e-02,-1.088157395071946976e+00,1.331762836990313836e+00,7.213075405383252425e-01,1.980728597067797470e+00,-8.335908657128482391e-01,1.661756828308123213e+00,1.544126158209843780e+00,6.003214849677088738e-01,1.195005684817582514e+00,-1.169219198119095943e-01,-2.116495805897751492e-02,1.121173753847770627e+00,-8.638463705721138863e-01,1.006071301123693251e+00,-5.023657707096423897e-01,-1.318952379712796663e+00,-4.205772595892764421e-01,1.869364386307383885e+00,1.000000000000000000e+00
6.428611010714906371e-01,8.561398683367287266e-01,-9.775322278049662916e-01,-8.641019173019280977e-03,-3.671692484251031785e-01,-2.592728328286963424e-01,-7.108418582745873460e-01,-9.928844867061267232e-01,-7.290006611153075911e-01,-7.426492256988358465e-01,-7.233536534848511446e-01,1.156620370276368881e+00,1.180775175616860517e-01,8.520682442729942130e-01,5.782810706642445009e-01,4.677008428625710479e-02,-9.163594773439277530e-01,6.912007976810453924e-02,1.038554795544257336e+00,8.506174901115878262e-01,0.000000000000000000e+00
1.843770982162482142e+00,-1.666873485380145237e+00,5.601939509105018367e-01,-7.256953725844058622e-01,7.978756203415477977e-01,1.719660639464382745e+00,-1.661971892634193981e+00,1.919949178314947838e-02,-3.533696641643946923e-01,1.405792654492969973e+00,-5.164804140558951207e-02,8.591779208985163285e-02,-3.684602637913982348e-01,-6.713019918781407691e-01,2.626271606590028715e-02,1.007600889101842201e+00,-1.913377076653321740e-01,2.789426927125327471e-01,1.109005609122296621e+00,-9.094000388655296696e-01,1.000000000000000000e+00
-1.044963021338832093e-01,2.152467236211905721e-01,-4.171015474824547598e-01,-6.052385627360549192e-01,-2.152442647354140703e+00,-1.257850820011709114e+00,-1.416967834206064314e+00,4.037590133250286706e-01,3.307131394152899601e-03,-3.264487922924433350e-01,-1.153548464761829262e+00,-7.950220077199646740e-01,1.380964309123945133e-01,5.433772223965789294e-01,-1.183602554808995455e+00,7.097305996052553079e-01,-1.093747263689176297e+00,-1.361565095092139577e-01,1.209537476184361804e+00,1.147177393336138058e-03,1.000000000000000000e+00
-9.470793494566939197e-01,2.133490788224109203e+00,-1.173640072673010959e+00,1.747179659492986925e+00,-6.915570081681879921e-01,1.171412526418929012e+00,2.120518000227807232e+00,-9.133803300679809167e-01,6.286065985843170001e-01,1.263787783690097255e+00,-1.365630688975110862e+00,5.651232949287526841e-01,3.404832977176139863e-01,1.987516516305176950e-01,-2.391343030158636029e+00,1.199768931517828152e+00,1.443089236082563120e+00,-1.027382832792939071e+00,-9.635961697418982119e-02,1.125831103604188144e+00,0.000000000000000000e+00
6.223940513002742536e-01,-1.880276502160483643e-01,-1.429012451664630756e-01,1.941712300464036867e-01,2.805943796861436468e-01,1.096719015606033132e+00,-2.899905944649930900e-01,1.172354299289380952e+00,3.794022976866919250e-01,-7.048739304436136832e-01,1.098502840214852894e+00,-2.084631393922268483e+00,3.648112264611247935e-01,-4.486110247480911695e-01,-1.436051618500490790e+00,-9.560920415242614157e-01,-5.112994333523553925e-01,3.712301603653649917e-01,7.534809727631216481e-01,-1.274836947456921665e+00,1.000000000000000000e+00
-3.202432000298763293e-01,-7.513952868570212829e-01,-9.374862376727255420e-01,-1.543992536300003438e-01,-4.494760651586887645e-01,2.191672378709554891e+00,-2.841274798291089643e-01,-1.253652183807851594e+00,2.311236703745637833e+00,1.323225472707401318e+00,-2.158467304173444096e-02,-1.071647180713867886e+00,-4.322914707198198814e-01,-8.581189019118083683e-02,1.516357677220166178e-01,2.042628182007998616e-01,-1.632791552322448325e+00,1.015380820314266463e+00,-1.954202697426095758e+00,-1.929025982443221432e+00,1.000000000000000000e+00
1.386846610760783305e+00,-8.593850878330853149e-01,-6.851152001903828559e-01,4.510440797308468697e-01,8.719182633793729487e-01,-6.568872286029212582e-01,-5.111569118633920716e-01,1.109977878886216240e+00,7.410028831422795781e-01,-9.265042418132193314e-01,-4.308845368779740670e-01,-4.505245699264044390e-01,-9.052791259886472375e-01,5.815075475162585494e-01,-8.122225660336238606e-01,-2.258715357050814276e+00,2.146893590820568853e-01,7.920973637555254188e-01,1.313052084600482505e+00,3.345924025064795915e-01,1.000000000000000000e+00
2.588923186919498409e-01,5.761685825465723276e-01,5.480005502725816546e-01,6.347266170433039090e-01,8.537408641629171124e-02,4.497353514181725576e-01,4.714043116150989365e-01,-1.296702864473261219e+00,1.123038626072941915e+00,-8.635572135027346219e-01,6.877232908437665992e-01,-1.177266199290678994e+00,8.242863653942293922e-01,-8.142224236408082683e-02,8.694917956964354211e-01,1.087263246634820657e+00,2.247869424093719981e-01,1.152055083074030595e+00,3.999921158020738332e-01,6.826565563579705120e-01,0.000000000000000000e+00
-1.886766580003985005e+00,-1.851197816422617184e-03,1.870857123098871866e-01,-2.853130971174497876e-01,-7.614864917828529922e-01,1.556489202417300419e-02,6.084633570062347729e-01,-1.768767047428164985e-01,9.458836115809059475e-01,-1.185810871923165255e+00,2.546820955398007014e-01,-1.136245944514175488e+00,6.203557885204279421e-01,-7.972975121120917663e-01,1.158213385080221647e+00,4.729180369673527395e-01,4.149210605708778532e-01,-1.187224489615940959e+00,-9.640804049017495658e-02,-5.131190821424569393e-01,0.000000000000000000e+00
-7.318981216066008377e-01,2.383886988108635752e+00,-1.150346992513649136e+00,1.295889209138874953e+00,-9.150304584454068690e-01,2.044968584610334372e-01,-4.043180404851854370e-01,-2.080565924752283968e-02,1.489124571556531107e+00,-2.397471732468528516e-01,-1.996972483515589536e+00,9.189935806457630862e-01,-7.123738551788946216e-01,6.108914646948603311e-01,1.752533884470255099e-01,-1.742255783665334290e+00,-1.359521333938164434e+00,1.989123349915091488e-01,1.830258630068723136e+00,-7.485624253042481024e-01,0.000000000000000000e+00
-8.592220685418735515e-01,7.418579658390610509e-01,4.173721111726211852e-01,-8.621559083957447411e-01,1.142606492920574812e+00,1.291716812428354233e+00,-6.897544633587930907e-01,-2.211337692776759178e-01,4.927373580881951320e-01,7.207917116580564443e-01,-3.620296688069185587e-01,3.189478843283765075e-01,-1.397382689534829858e-01,-5.998950759449008796e-01,9.374460917304583418e-01,1.077422808788305875e-01,9.591254769857820994e-01,-5.868668594840661390e-01,-4.316599794053274652e-01,1.995866964189379755e-01,0.000000000000000000e+00
1.153278947825973205e-01,-2.757548899287767252e-01,1.138329910683686608e+00,-2.296744264367452659e-01,-7.073618242892369956e-01,-1.078504613488155073e+00,-9.878664952100966179e-01,7.994800092431074701e-01,-1.350863614120699996e+00,-9.824290500468999543e-01,-8.504615583496653863e-02,1.221396832371564600e-01,1.449499608402414319e+00,1.238696990899150335e-01,-1.815526139392036109e+00,-1.213703034463200492e+00,2.254865656091474824e-01,-4.703999168603305581e-01,-6.728026956336490283e-01,2.224427827791732426e+00,0.000000000000000000e+00
-4.788351869046969522e-01,-1.369346348172801042e-01,3.219353325588319326e+00,3.674900520245684143e-01,2.151871522224075017e-01,-1.820733154108679974e+00,-3.043372507069881383e-01,-9.644548232221328288e-01,-2.977671301577449192e-01,-1.231232643652844683e+00,1.317874421224978221e+00,1.708537906059598432e-01,6.215815672287030580e-01,-2.183869528100481627e-01,7.582365770659075244e-01,1.281949896153174118e+00,-1.137834669211553074e+00,-8.786539461687555841e-01,-3.868641366570012008e-01,9.132526777998596357e-01,1.000000000000000000e+00
1.530306970150518087e+00,-1.196971268452199144e+00,7.717522495947035654e-01,2.027854425542555017e+00,-1.394977738598754957e+00,1.039613442738087645e+00,-1.196374015794344908e-01,-3.958371163987836061e-01,2.185949799374056479e-01,-2.093349560137759191e+00,-2.660335533393706070e-02,1.762619569394616170e-01,-1.429959590912444956e+00,6.945188041065988860e-02,2.291429953159591082e-01,-4.610000200344804844e-01,2.054393155189333520e+00,1.100943847965133449e+00,1.269087071414884527e+00,-9.613108038661636323e-01,1.000000000000000000e+00
1.849887294817958994e+00,-9.308050072657125806e-02,1.436042614738708423e+00,-9.071579750528389052e-01,5.448122007067640604e-01,-1.235089389034436325e+00,4.476571836353688272e-01,-2.410329454418948247e-01,4.522147033596395360e-01,3.606045646758809231e-01,6.349817216871888048e-01,3.460550586045576527e-01,8.926382787519133721e-01,-4.559464590485215463e-01,1.057721861782821682e+00,1.596360967153096277e+00,2.454962817777163464e-01,2.082739522676432919e+00,7.535940750419839462e-01,-2.809779055264453596e-01,1.000000000000000000e+00
1.997603029757002435e+00,-1.513815411115476905e+00,-4.965336078412534437e-01,5.569997643307825763e-01,-1.285426545803509679e+00,-2.636947247068863187e-01,-2.715333710252813670e+00,-1.177253384799208824e+00,-1.631541528546120445e-01,9.516294762864588863e-01,-8.719398648234238935e-01,-1.170031610089568019e+00,-1.067167415831465904e+00,-2.710753861342536819e+00,-1.354968982930030874e+00,7.045838452002589625e-01,7.596210448740723375e-01,4.748373299651051926e-01,-4.111116512071069984e+00,5.086199218463343108e-01,1.000000000000000000e+00
-1.466667858128668955e+00,-7.979852697189560029e-02,6.025723115780285966e-01,-1.560408463433522908e+00,5.216195066451960460e-02,-4.969758681856583649e-01,-3.480811778771808473e-01,4.887651227834615142e-01,5.209767863379363151e-01,1.536989747729593514e-01,-1.088738845077197093e+00,1.843934909461606209e+00,-8.980505998022049186e-01,3.435742750790104494e-01,6.580941707885745728e-01,5.023378730318948104e-01,8.923342057664016558e-01,8.250713073536054820e-02,-7.571268004386298989e-01,7.823931005130389804e-02,0.000000000000000000e+00
3.368092391818946485e-01,-7.760832315127293990e-01,5.531954000273059391e-02,-1.201732029180218042e+00,-7.084873929746710042e-01,1.061792393678356650e+00,1.632035781592659163e+00,1.247005271202494603e+00,1.583342988589206080e+00,1.000830209124279335e+00,1.887218622729191220e-01,-1.461381446958859520e+00,-1.001132365305078320e+00,-9.119415363207900027e-01,-7.887818907006487190e-02,-5.814888107593215727e-01,-2.816481494733530933e-01,7.015590691643531773e-01,-8.593634400098734138e-01,-1.473909080779278291e+00,1.000000000000000000e+00
8.542138519140826114e-01,-3.367581439224088258e-01,-1.337489928260395811e-01,1.119095332863107917e+00,7.259797961649702147e-01,1.779363210955435592e+00,1.156447901042307436e+00,6.991959180671697416e-01,6.898958951378936222e-01,8.258501682714565195e-01,-5.116465274311789851e-02,1.362611052832203740e+00,7.673506417921790446e-01,1.741644205288285230e-01,1.064452920120660062e+00,1.199518518601718764e+00,8.946730401387359422e-01,-9.732860275395137650e-01,4.808179571292738319e-01,-1.194692905100584124e+00,1.000000000000000000e+00
3.685012294589800619e-01,-1.284324136617346346e+00,-4.870802601874270055e-01,-9.338234887094395420e-01,1.124213637850890013e+00,9.342952762046820014e-01,-7.111453771747396901e-01,2.873739619904360332e+00,-6.395682898047796439e-01,-4.667544853729461707e-01,4.611157585535049508e-01,-1.559359716538118334e+00,6.905045622489680568e-01,-5.767129818019063325e-01,4.308642793647576852e-01,-1.655269868670910194e+00,-8.335071884180819679e-02,-5.678240696949838906e-01,-6.998831887284139297e-01,5.793018197339214748e-01,1.000000000000000000e+00
-6.047274306722535270e-02,1.032452150467150220e+00,1.689533164584909042e-01,9.934472604397555084e-01,-1.643987123392987915e+00,1.621181563716639074e-01,3.302611154936270776e-01,-1.294553009080371409e+00,1.176218339024284049e-01,4.305709201358492999e-01,1.307325644109713192e+00,4.526430122808040579e-01,6.755358541516545134e-01,1.799765677890800442e+00,1.152105554243959377e-02,1.994187219037468206e-01,1.385146784092917416e-01,8.236219739269389217e-01,-4.653251687515556068e-01,5.267626385799839550e-01,0.000000000000000000e+00
2.590719378955450014e-01,-4.390742260593790691e-01,-5.842791532114464115e-01,-7.519093633066654681e-01,-7.911389689916109580e-01,1.917048379043541972e+00,9.333175085069028709e-01,-4.813296869290340507e-01,-2.692654854589415780e-01,1.341419598793350265e-01,-1.095493188729749434e+00,-2.544072280461249225e-01,-1.579895468133525605e-02,2.166593417823696188e-01,2.514949032574276266e-01,2.035721758948882132e-01,1.120881039236536758e-01,-6.991830364232840545e-01,-1.354789961769076179e+00,-2.232939663265252062e+00,0.000000000000000000e+00
-9.609503693361746146e-01,1.244074155912716084e-01,-5.038940882132757482e-01,-9.144112893435271117e-01,4.128535725882143681e-01,-5.046135461657766941e-01,-7.278731743676930543e-01,-6.465889447009175450e-01,-1.289256106758681630e+00,7.461272741810546227e-01,-4.103517007362788571e-01,-9.899466228886825980e-02,4.583643945340343806e-01,-9.305033742654642559e-01,1.428661470321021421e+00,-5.292572268644045730e-01,-1.058241844052154157e+00,4.275529478548326101e-01,-3.700452185257664950e-01,-2.811597975498546731e+00,0.000000000000000000e+00
-9.300273157085936493e-01,7.315613370488658340e-01,1.035201778062055489e+00,-4.212775278283617530e-01,9.513266536126054884e-01,1.169323191583046651e+00,-2.747582512803436461e-01,1.214655261584115520e+00,-5.436865341501728038e-02,-9.012845637432206347e-01,-1.512023125483199060e+00,1.302301978108223901e+00,2.735215359680759906e-01,7.067886732059662780e-01,2.566442869515058178e-01,3.745782065669827632e-01,-2.207984942020655428e+00,-3.390076984960826434e-01,7.015694907606737640e-01,-1.420435018969571361e+00,0.000000000000000000e+00
4.213759045948215487e-01,7.169531352380491551e-01,1.337347018100059737e+00,-9.311379088348833433e-01,5.539078018006490245e-01,-2.488830827213227292e-01,-8.838973965218448470e-01,-7.139506905814024806e-02,-5.112198598146520112e-01,-8.526984919536705343e-01,1.373456874923655757e+00,5.188988781797795879e-02,-2.083557848752048969e+00,1.619564463040911173e+00,-2.116706911648767342e+00,-2.623967192984046903e-01,3.064087750970417301e-01,-5.892502931131075039e-01,7.760302338299620573e-01,5.028042146237316629e-02,0.000000000000000000e+00
-1.054792575638281438e+00,8.809014818245072265e-01,8.595234359404281266e-01,-4.323486227555773942e-01,5.781299166627866803e-01,-9.733433474382325841e-04,1.606168724295807260e-01,7.842999837896981186e-01,-6.918276145522238296e-02,-2.649175768024831235e-01,-2.282394459472960158e+00,-5.400011118533654120e-01,-2.245785982059133046e-01,3.104055085393078728e-01,-5.164051663839198669e-01,-8.518879629252180674e-01,2.203441716541271189e-02,-7.022268696894095052e-01,-1.077632740107187459e+00,4.633736230593891725e-01,0.000000000000000000e+00
1.167807483547411013e-01,-6.243868883221258548e-01,-6.744741217585166204e-01,-3.907774224801643936e-01,7.933765517573587722e-01,-1.764249400831150005e+00,-7.165924017971839755e-01,4.820708414776140871e-01,9.773055929368404948e-01,7.307049378858720967e-01,-1.375860885465609362e+00,-9.255225046567430169e-01,-1.061617808348600978e+00,3.719683318354031210e-01,-8.359542949642264631e-01,1.029928739227052414e+00,-4.085413705641988136e-01,-3.208044110008475003e-01,-4.905991787142836014e-01,-8.999564208654480257e-01,1.000000000000000000e+00
6.597103923782275947e-01,-5.647082112038717128e-01,-5.494819852107009073e-01,2.099685006596931025e+00,5.350793685098879093e-01,-2.871562456688044329e-01,-6.271588836106092302e-01,8.891411253891767785e-01,-1.653576614359793417e+00,-8.664484218692213024e-02,1.166023440457235827e+00,-4.281161865191181470e-01,-7.127812873929402215e-01,-1.019635664566624245e+00,-8.313863176324938209e-01,-8.554636544673231979e-01,7.661723755641294265e-01,-8.555310350201689173e-01,-1.491877283953470412e+00,-5.880876087481144987e-01,0.000000000000000000e+00
-8.164144194066936810e-01,1.724356659140361181e+00,-5.562876480620999875e-02,-4.752542891707596806e-01,-5.812298653209582167e-01,-1.590779169963661976e-01,-1.309498430812403358e+00,9.074109562410712648e-01,1.137013141997632149e+00,-6.236951506474818219e-01,1.209747063851480231e+00,-7.465396210535295562e-01,1.568927114611056925e-02,3.451938335839703220e-01,-4.084987548980777428e-01,5.223124175551537851e-01,7.490410288449580456e-01,-5.903443829262660508e-02,-8.751814635252009866e-01,6.351651957498165579e-01,0.000000000000000000e+00
3.197845025013842934e-01,-3.906750427510485846e-02,-1.732942388590267280e-01,-5.470004397073837676e-01,2.209092550730751836e-01,-4.670423122169342078e-01,1.394592224722878582e+00,-6.236881535446405778e-01,-1.064160742876106180e+00,2.553277241381074480e-01,4.686827080912399357e-02,1.279164653509768379e-01,7.280572971145274908e-01,7.408844249211349320e-01,-1.783303141792829116e+00,-9.920722969569643057e-01,7.292611120791591128e-01,-1.095504287230369966e+00,3.439782484278595259e-02,-2.766969469460479614e-01,1.000000000000000000e+00
6.412099176789672894e-01,-1.650368925204863002e+00,-3.822356270288168600e-01,1.709346230106088882e+00,-1.692909111414345080e+00,3.650799101882860054e-01,-6.032291133015982298e-01,-8.214019424509869660e-01,1.091300361683068543e+00,-1.279959562351364433e+00,5.907444753897359568e-01,-2.360018159092661660e-01,1.824319532335490213e-01,2.307176531501771988e-01,-2.035911220659895327e-01,-1.119050520177691688e+00,1.120790771710654443e+00,-1.141008097527849152e+00,1.835384928671396909e-01,4.404422589273419009e-01,1.000000000000000000e+00
-1.218958229874063548e+00,4.279383204264657764e-02,1.949185764025918033e+00,1.116484028889658031e+00,-7.013096343418024903e-01,-1.309379603985542762e+00,-8.767769808732586156e-01,5.685718407794335821e-03,-1.027914596679941450e+00,9.712794235749306893e-01,-8.308535726065997551e-01,-9.705303212276883418e-01,-1.672573058304140936e-01,6.168766126507986280e-01,-4.944887700549213116e-01,8.834164308179580649e-01,7.303313126306505421e-01,-2.170248924396366297e-01,-3.850973862115627533e-01,4.161660765462493194e-01,0.000000000000000000e+00
9.571661615029251891e-02,1.583092813982136748e+00,-2.699380475633967325e-01,-8.937864612332370173e-01,9.524700462577877502e-01,-1.341465608382946539e-01,1.369521695079849721e-01,3.540079504052557335e-01,4.238678746543360631e-01,3.307320855456473696e-01,-8.184474518374768026e-01,7.675131777103108011e-01,-1.053546910894876953e+00,-1.935823271000753465e+00,-1.744515286941600990e-02,-8.925626349637268975e-01,-3.986239336645110432e-01,-2.338107126218208265e+00,-7.000077887040664359e-01,2.160585899497369233e-01,0.000000000000000000e+00
-1.723444200093595002e+00,-1.751571676788666654e+00,1.305722168926693350e+00,-1.063119300973095704e+00,-4.599478502298660620e-01,4.125200332963210870e-01,7.519541981099092665e-01,-7.098541291963658129e-01,7.302221797696170080e-01,-8.667562472717017519e-01,1.843629086945489937e-01,-1.055995186351592174e+00,1.242803875540054781e+00,5.091309526756100379e-01,2.557588149308959724e-01,4.094861214140441130e-01,8.759684011149928562e-01,9.837637350533642300e-01,1.368770934144809548e+00,-2.534090576119452543e+00,0.000000000000000000e+00
-1.669653472222078217e-01,-8.707852833196489950e-01,8.109381440827959642e-01,1.881752227166908487e-01,5.944688086134961580e-01,-5.420662960186883872e-01,-1.245269723662994599e+00,3.744231955940671014e-02,1.455357792780278270e-01,-7.259232593826613067e-02,-1.723188063518972524e-01,-8.845310135569491028e-02,2.461893317551279381e+00,1.346283067488950547e+00,-5.337213043813152646e-01,-2.038747781533112591e-01,7.210609339819664676e-01,5.100673267348520001e-01,1.170022922233037305e-01,1.124936394417741514e+00,1.000000000000000000e+00
-1.405652169099988580e+00,1.001278281062701447e+00,-3.030162082971930015e-01,1.588167565000482839e-01,1.118892486525249641e+00,3.006422609143737934e-01,-6.108998861843052408e-01,-2.382299491898308141e-01,1.870086128228468869e+00,-1.499840019156047435e-02,6.728461583031822846e-01,3.384926885546755138e-01,5.513772023089289487e-01,-7.844627982536092614e-02,1.360499633365120642e-01,-2.569839061343189290e-01,-2.651101924604270521e-01,-1.016095737371013996e+00,5.199098262932718706e-01,-1.945973325095998518e+00,0.000000000000000000e+00
1.265920616815294331e+00,7.233468982403076786e-02,2.136261372176089690e+00,-1.970366479673051618e-01,7.859493977729582470e-01,-1.128055354816812406e+00,-1.271080201687760647e-01,-8.923203891943264354e-01,-5.377610106908387033e-01,-2.940244241566093431e-01,9.333441599508304765e-02,7.199024938035495369e-01,1.917603360813297519e-01,-3.859254611962865122e-01,-2.751866190248724586e-01,3.025156375872387060e-02,5.059933371409221226e-02,2.029842931310181342e+00,-2.159574498320648017e-01,-4.411185360915981235e-01,0.000000000000000000e+00
-1.695449992323865951e+00,1.306305863555383244e-02,-7.281865247408809694e-01,-7.764970039312695249e-01,-2.133605702210393251e-01,-8.483700676767143289e-02,-7.965909825860132409e-01,-9.604121007278519639e-02,-1.528307535157009234e+00,-3.633787008519147044e-01,-1.159620354397608022e+00,-1.917118726422599950e+00,1.063068782728838313e+00,-1.464629161754356756e+00,2.214780190887288558e-01,-1.130166695054980242e+00,-4.980085373546329630e-01,-4.313601898030460791e-01,-1.595777928124697764e+00,-1.741999535282706901e+00,0.000000000000000000e+00
1.214633952307693221e+00,1.005150927511277104e+00,1.596166792701910753e-01,-3.433431575011244852e-01,6.589341504221501999e-01,4.348360468018773184e-01,-1.675969288180716221e+00,-6.838668843647880413e-01,2.044175625512715921e+00,1.036518253514881804e+00,1.312799851776220050e+00,-1.374635412194085360e+00,2.112585340385070981e-02,6.663435932335081205e-03,1.774848611218052818e+00,-1.956815518788764252e-01,6.290008005649766476e-01,1.448918077754938860e+00,-3.422783183855097056e-01,-3.098808770592457185e-01,0.000000000000000000e+00
1.250247469781354370e+00,-1.627991180208440414e-01,8.575398697989751184e-01,-9.621274968189442722e-01,-6.461094598769512309e-01,-2.574055343270555962e-01,-1.455162505785200233e-01,1.319144887657103249e+00,6.132492647532211683e-01,3.818867296709141379e-01,-6.872766667241825278e-02,1.223019219628433296e+00,7.606650674831401115e-01,2.228664438775564138e-02,6.608770167322132183e-01,2.880179543875214243e-01,-5.940669054282927686e-01,5.557370663747137618e-01,-2.353993742023887947e-01,-1.620954155895636406e-01,1.000000000000000000e+00
5.954310235439841392e-01,-2.089064960497227563e+00,-3.743662593976385122e-01,-1.803362146984904268e-01,1.504485223383274617e+00,6.829127034707551669e-01,-7.701533230863798485e-01,-1.156871105835052926e+00,1.190908024144748500e+00,1.490744369759250953e-01,1.559638597281672423e+00,-5.788819248913830151e-01,1.854579912209594061e+00,7.725801553584811243e-01,3.031528418476133607e-02,6.661173259397622504e-01,9.648889822844070041e-01,-1.039668257542992746e-01,1.289357962054872742e+00,-1.804558774836239499e+00,1.000000000000000000e+00
1.749455208111820870e+00,4.134460919509493348e-01,-1.251395659106282920e+00,-4.060226114236506478e-01,1.125043385746709701e+00,1.736801196391286162e+00,-1.342558430204177533e+00,5.127545450243009562e-01,-1.095117489834040725e-01,9.808685260783915894e-01,-5.363424553298439257e-01,-2.054002548112108806e-01,4.278657563324437807e-01,-1.889606817991577037e-01,1.326169175390863597e-01,2.158260613000609229e+00,2.327411786574480057e-01,-1.041055010370609768e+00,1.179484828344216751e+00,-9.513971744688081156e-01,1.000000000000000000e+00
-3.092135262869440404e-01,-1.007486886077449073e+00,5.531155085887245332e-02,-1.082540489026822678e-01,8.651177980702943193e-01,1.781677790526959571e-01,1.411538050653686538e+00,-4.335631667928763755e-01,-1.544079095303260596e+00,6.031697580401146341e-01,5.890193627398879750e-01,2.191856065766149553e-01,1.013762615716688797e+00,3.872489653134921772e-01,-2.271897179923700744e-02,3.147408437370063233e-02,-9.624678234123373866e-01,-6.307580923166276055e-01,-2.525444044235563457e+00,-9.897335220462850636e-01,1.000000000000000000e+00
-8.635967896351534057e-01,1.391577608500857766e+00,-1.463716574166164242e-01,6.087906832194101003e-01,1.343401420770618193e+00,-1.325841415871160667e+00,6.406098132692243652e-02,-2.679623988974163540e-01,-1.832565306596212473e-01,-1.717829644693776858e-01,2.547680508634661223e+00,1.233081557599030376e+00,4.772860211314605694e-02,-1.458303321510066253e+00,1.627161169587568734e+00,-6.026327701358009659e-01,3.381464218499121155e-01,-7.240086129205001164e-01,1.510865000143655434e+00,-2.380971966496682191e-01,0.000000000000000000e+00
9.988626340058620601e-01,-1.062099060711885867e+00,-1.311328863070904793e+00,1.080716944532852608e+00,-2.978191717472645772e-01,1.481836766917564052e+00,6.462096704756042920e-01,-1.006855336658134314e+00,9.650242588886331907e-01,1.045077144913464817e+00,1.432012623954693309e+00,-5.482661612225241399e-01,1.016525598078761528e+00,-8.832583294886203751e-01,-1.835814423995058453e+00,9.732514229151812968e-01,-4.965896839425995579e-02,-2.326192123627600708e-02,1.041789029653726051e-01,4.852593087900827218e-01,1.000000000000000000e+00
1.034817455529298158e+00,-1.749012415426347777e+00,3.923296770105930142e-01,-3.857751550910347160e-01,3.817718577613017916e-01,-1.254846555826534482e+00,-2.673029590232260944e-01,1.624737068363698800e+00,-2.143580512397732285e+00,-1.624879767853989021e+00,-5.487608401026013993e-01,1.500285456873343248e+00,1.064113699012697145e+00,-7.017937106765528288e-01,5.148912813133290634e-01,-4.781071997405220708e-01,-5.330858859008310580e-01,-1.924771481904635761e+00,-2.656080922346593098e-01,7.726394246219089323e-01,1.000000000000000000e+00
1.592035115670731027e-01,-3.808318445413989006e-01,2.751274853686946908e-01,-2.524498266166567695e-01,-1.311853756832407125e+00,-2.524738419272095635e-01,1.338600716803852730e+00,-4.856897490147508711e-01,1.111091965634255940e+00,1.459880333268117614e+00,8.071138225087200191e-02,1.577008464650200947e+00,8.506587523093893655e-01,1.056319227661999038e+00,-6.618385955531020937e-01,-5.452355390890347708e-01,-1.184421841906784900e+00,6.756741481712372766e-01,-1.006326664460963194e+00,6.817018320756037530e-01,1.000000000000000000e+00
-8.429730376660842239e-01,1.346328289105920561e-01,4.592778238540755620e-01,-2.332886650353021563e-01,-2.080294553309131711e+00,-1.665046136763645435e-01,-5.846812674802811527e-01,-6.534439066036193955e-01,4.230636769761865201e-01,-1.191197000937921802e+00,-2.218264179989381732e-02,-1.195171519223280354e+00,1.446093431752639935e+00,-7.385867443740565808e-01,-8.251837840826937720e-01,-1.237004815519290535e+00,-9.865432503599369171e-03,-3.925056417877998971e-01,1.337870200403402432e+00,1.558781633046936455e-01,1.000000000000000000e+00
1.319859073785373926e+00,-6.061170793751187169e-01,7.468428422896667973e-01,7.971779605066990626e-02,1.645076191467996329e+00,2.917995491685526632e-01,-1.538345867441911485e+00,-5.151808288616047810e-02,-1.620397480916422550e+00,1.528686122298321126e-01,8.064749724875005521e-01,-5.318868721433002156e-01,-4.831161305767551761e-01,8.415068060753251311e-01,-7.943069799887699789e-01,5.809063576028994369e-01,-1.934367652142066074e+00,1.124390240034321531e+00,-1.144554393512872137e+00,-4.654525610111355793e-01,1.000000000000000000e+00
-2.789804214754226241e-01,-1.512404716394179505e-01,-6.880179556954252318e-01,-1.341015623854402650e+00,9.654752175910495671e-02,1.348835997931870700e+00,7.956361419795049406e-01,2.012570182897212234e+00,-1.773638965807624146e+00,7.455399807082210284e-01,1.925239272320795614e+00,-2.171949145699189287e+00,-6.767650454687050565e-02,2.473414025534642402e+00,1.250668631601635328e+00,-5.761962969176692706e-01,-5.700898695019616103e-01,5.529926873516433083e-01,8.025367143066049203e-02,1.123318837773069179e+00,1.000000000000000000e+00
-1.204165820737456982e-01,-8.847845794023655452e-01,-1.513729426796551314e+00,1.357045153690352723e+00,1.685576686929474433e-01,5.494862429352319610e-01,6.743196966281250759e-01,-1.351696199638069418e+00,1.750488883805376483e+00,-1.112388653107107217e+00,-1.903392156815081893e-01,3.693648660431707587e-01,-1.512202703614446975e+00,1.038306625539788808e+00,-1.239407740585792617e+00,1.621745349348626242e+00,-4.143495776021955540e-02,1.433871007973861744e-01,-9.175729885486409998e-01,5.025414717284393262e-01,1.000000000000000000e+00
-1.270213841156094814e+00,7.190368403085588556e-01,2.133128940488221714e-01,1.321287466186682025e+00,1.107589465033067766e+00,-1.384331602740299927e-01,-1.000936057680219315e+00,6.708363352185085782e-02,-7.841212283362569702e-01,1.999925022651980910e+00,5.351144069354777377e-01,-3.959339103588563891e-01,2.013172792910404851e-01,-1.140921516253146972e+00,5.865935071493764141e-01,8.799652518070167906e-01,-1.846574600214886119e-01,1.504931407751165517e-01,-2.468704304138536476e-01,-1.241194605931046580e+00,0.000000000000000000e+00
7.953770133433833989e-01,-1.503657545001676921e+00,1.400637603776383189e-01,1.491447343079002064e+00,-4.539960597162367439e-01,1.054239346810943889e+00,-4.274361484861401994e-01,-3.228122934182164894e-01,1.229806986485907361e+00,1.968313076038129772e+00,-7.881225901899170661e-02,2.330128160079988908e-02,-2.781037787847142173e+00,4.010369539606766787e-01,1.717649865158879630e+00,3.515877061124820235e-01,3.741269086267167143e-01,9.510468740220920925e-01,-6.046925378921071959e-01,-1.701031121384793066e+00,1.000000000000000000e+00
8.238869906289784106e-01,1.364873979679772677e-02,-1.263804247188591523e+00,-1.040183669992254867e+00,9.322455290978607367e-01,3.953347830213210790e-01,6.022555982577897371e-01,-6.222721366725125769e-01,3.047155408484918393e-01,2.616355163185202781e-01,7.445843072076669955e-01,9.076031480750380853e-02,1.321308683045558041e+00,1.002695472357619522e-01,2.040109908164724484e+00,-1.051002250225497869e+00,6.119175556122149473e-01,-4.392901122095704824e-01,3.826879071488407114e-01,6.926225833397757770e-01,0.000000000000000000e+00
-1.618652124011796145e+00,7.416197133813243747e-01,-4.263090425519609067e-02,-3.845252067684990505e-01,-4.650778956209882797e-01,5.196672021168368127e-01,1.260361301254946109e-01,-4.853749769284143589e-01,8.652921797249244484e-01,-1.302132326178850885e+00,-9.446354529976331849e-01,-5.739552801618793554e-01,2.137290620411596842e-01,2.854579111849531170e-01,-5.276354593842885049e-02,-1.278279206140777946e+00,-9.604705239345124879e-01,-7.290774120821158499e-01,2.782274934766678087e-01,-1.829965352599193240e-01,0.000000000000000000e+00
1.720134713793681547e+00,6.891762544855942751e-01,1.021078141914792736e+00,-2.399307797897823613e-01,8.514096761432426996e-01,-7.091598257368912916e-01,1.334016107817734609e+00,8.888052418355453232e-01,-9.715588582429469655e-01,-1.813980078005150931e+00,1.317798276119205858e-01,-2.001882523984082507e+00,2.328185569746194297e-02,-9.636198984830083303e-01,4.808319901169960109e-01,-1.679035929934699301e+00,5.192344452248499193e-02,2.148274616021256911e+00,5.636196063082024033e-01,-1.856341811749639137e-01,1.000000000000000000e+00
1.183569512743191110e+00,3.893413977605129639e-01,-1.461486994729641387e+00,5.394931571243786333e-02,-1.910768964307801854e+00,-2.619514203115327899e-01,-2.597791935090433046e+00,-4.761303535665407649e-01,-2.319867197253993873e-01,-4.786174733723278507e-01,6.988349983346684446e-01,4.081048897339183829e-02,1.463143937883127910e+00,-5.017335553453651231e-01,2.248085106994995308e-01,1.025317144899692945e+00,-5.905632191673527709e-01,-4.018523145257821838e-01,-1.082743708640081737e+00,2.210423863984075366e-01,1.000000000000000000e+00
-5.202188082963855598e-01,1.653535491965798299e+00,-7.059853794500495772e-01,-9.062724230703667061e-01,-4.774152617215988159e-01,-1.384029050775288594e+00,2.180579696921571831e+00,-2.625756991131630524e+00,-9.544217764259232961e-01,1.341192157045830058e+00,5.978613941669255194e-01,8.666281136625514359e-01,-1.455062105522082261e+00,6.239688640862651736e-01,7.182952856616640069e-01,1.171175855150826672e+00,6.380739004169672102e-01,6.002907296055087077e-02,-8.956955734055759288e-01,-1.555230592088561181e+00,0.000000000000000000e+00
-7.451937984707679430e-01,1.332742467734296943e+00,4.557300596234258733e-02,1.559895775761367398e-01,4.447113889943444809e-01,-1.682421064401449007e+00,-6.488492057947875535e-01,2.231271523091585163e+00,-1.702096804839968058e+00,1.327789037108022097e+00,1.539488159927841604e+00,7.328922799598452942e-01,1.774879439845528539e+00,1.109771751305072218e+00,1.323922683398506051e+00,-4.431295988298890598e-01,1.519838735024338972e+00,1.200620439010030432e-01,6.542346966900094429e-01,1.104296084787116827e+00,0.000000000000000000e+00
-1.181869112448349135e+00,-2.220678969026195770e-01,-1.964368964351600244e+00,-5.680174354418127125e-01,-6.038160587300868132e-01,-4.763970627838698957e-01,2.080392405532121847e-01,1.170073539778894861e-01,1.524224485615864599e-02,1.073289857406031444e+00,4.040105361856058397e-01,4.503976723163656271e-01,5.118747799269810494e-01,-6.835502612333185235e-01,-2.486876487707540828e-01,2.811478062035513759e+00,2.050075970044836993e+00,1.892819303477680570e+00,7.655066270893716718e-01,-4.321655308244076732e-01,0.000000000000000000e+00
-1.640262238640085135e+00,7.795311066150131807e-02,-8.642413795604013682e-01,7.376665022740732658e-01,1.517391473751273478e+00,-2.292882010567125761e-01,-4.476289255457698846e-01,-3.120218988027352314e-01,4.977726858561151713e-01,-4.268623196780805262e-01,-1.967253672123264741e+00,-1.091812265881429572e-01,-5.663394621785571292e-01,-5.236663964960324158e-01,1.228490244609842907e+00,1.122146599245036569e+00,2.260564144092199745e-01,-9.672881064021834341e-01,-1.079698153504164981e+00,2.758774390095362516e+00,0.000000000000000000e+00
1.476708012579148743e+00,-1.125923835857878252e+00,7.130490710674108890e-01,-3.768064187260526388e-01,4.936581871846283387e-01,-2.080589091791330780e+00,-1.911740686827425817e+00,3.325520893331628258e-01,-5.101153431699920193e-02,7.443682175670530698e-01,1.386431530941382828e+00,-1.547946314956118119e+00,3.859284608296696950e-01,8.787161923253598017e-01,-1.026660950940605943e+00,-2.853968377605221041e-01,1.754587927037344897e-01,1.102851473008861660e+00,1.541832788831467349e+00,5.712742205749660185e-01,1.000000000000000000e+00
-1.914593371648868059e-01,-7.074910917663456145e-01,2.832223882792066494e-01,-8.971192607276479158e-01,9.843481303071184296e-01,-6.795828886872837260e-02,-4.700500699823084716e-02,-5.781240102024247651e-01,-1.639526451092098713e-01,4.385292752274139519e-03,-3.442680078692499090e-02,1.321761307559760290e+00,3.305042404420911462e-01,4.320003190398828408e-01,-1.468938879620657056e+00,-9.302391069811158930e-01,-1.828458675974565129e+00,2.725603064711832335e-01,7.656703209047491243e-02,-1.843731445717027073e+00,1.000000000000000000e+00
-3.356522674731542422e-01,-1.183003296645150026e+00,1.921711921450342253e-01,1.580457042238735177e+00,1.087959040934282307e+00,-3.319781291033570975e-02,2.916226974534151251e-01,-5.359261782643227612e-01,-1.512155332383393835e+00,-1.046799883501609685e+00,6.839565272433797416e-01,-6.748101773203757370e-01,3.673230372776226105e-01,-2.938158273170047852e-01,6.871939713715077280e-01,-4.717701318658792387e-01,3.401450236088815471e-01,6.841854805674949525e-01,6.057970277088969846e-01,-7.500864940437220740e-01,1.000000000000000000e+00
3.151472092098570599e-01,-4.642077864640908325e-01,5.426619073258633907e-01,2.129097736898747165e-02,-3.146847011512400316e-01,-9.406604720202352832e-01,1.027074003843634342e+00,-1.296215420653497485e+00,6.629224987168724770e-02,-7.208274223562887162e-01,1.139206190932598339e+00,1.486895765400558567e+00,3.500532767519972527e-02,-6.062054379957462213e-01,6.506829228507535756e-01,-5.320585434121054558e-01,-1.401227801986446586e-01,-1.049714537069579068e+00,-6.651259787537812107e-01,8.847234388441703734e-01,1.000000000000000000e+00
-2.003297864237599257e-01,-1.228364810921599881e+00,-7.562757733743111777e-01,-7.112031698165931504e-01,-1.678489094121139169e-01,-6.455060748327386133e-02,-5.248922103467910938e-02,-8.142445089016787652e-01,-3.990763846914663349e-02,-5.184103963719615127e-01,8.346650856192667778e-01,-3.209395002573887101e-01,-9.093251971080805740e-01,5.606434354669522779e-01,-8.897195133450880311e-01,1.281731869487060971e+00,-1.610896554874380882e-01,1.222099578484826754e+00,-4.352786521186372548e-01,-2.653766962691465281e+00,1.000000000000000000e+00
-2.949206649936138014e-01,1.227164136650416237e+00,2.570928428349030348e+00,1.032454275130707089e+00,4.565180945883115515e-01,-2.928835963775822115e-01,-3.212754341608604070e-01,6.502337817949899179e-01,6.258601134199420768e-01,-1.213586943774017657e-01,-1.633459077696765849e-01,2.798715820247176800e-01,-8.604215786527148468e-01,5.508848052116669392e-01,1.027870632961605635e+00,-1.080274493943196079e+00,1.179071185156900237e+00,1.033802635852513641e+00,1.659721587799134479e+00,2.260053119042528535e-01,0.000000000000000000e+00
-6.245242603267854298e-01,1.163093621975135328e+00,-9.311128479297511307e-01,-7.715362305812893950e-01,9.370857156419675205e-01,2.166830254877746942e+00,-1.493070526831390854e+00,-1.352060645505917424e+00,-5.071189108142615254e-01,1.974081817199939914e+00,-4.429032653434688549e-01,-8.855660106401772591e-01,6.822115785892663986e-01,2.384184785956605435e+00,4.682244423654741139e-01,1.821237559461499622e-01,-6.201438699469155047e-01,-1.596915922918391573e+00,-6.618537016731258493e-01,2.121134656658304252e+00,0.000000000000000000e+00
-8.145916896227191339e-02,8.878685423734087312e-01,2.186499543111861399e-01,1.131922424128393390e+00,4.912670508818338111e-01,-1.020447472202158368e+00,1.886845741533484389e-01,-1.129993080614072554e+00,-2.717555322774355409e-01,1.560463335602472856e+00,1.783172589428356991e+00,-1.059238707626698472e+00,1.494170462526397403e-01,9.603500373310591698e-01,-1.597342114066087948e+00,-3.896100561837031323e-02,-6.257290880205711447e-01,1.790911221450036325e-03,5.432931881088899351e-01,-6.515145517935365671e-01,0.000000000000000000e+00
5.120499331483764349e-01,-1.858390198290296169e+00,8.399109223091250076e-02,8.976240113799366371e-02,1.087427333067183755e+00,-1.067606431603920353e-01,-1.301132386442285016e+00,6.746435353798159174e-01,2.637636312732586141e+00,-5.595278974900775859e-01,7.708805204478857975e-01,5.476346809232086194e-02,2.421899653630835425e-01,-4.852889183589767508e-01,-1.541285961938369642e+00,2.921961868462647494e-01,-6.132095552111234138e-01,1.013269008550086170e+00,-1.143707098459690208e+00,5.766689201430823530e-01,1.000000000000000000e+00
1.817282702992428112e+00,2.017533278880327408e-01,-4.625088512636958693e-02,2.645335489627343439e-01,-1.020866163677507821e+00,1.193983125166451775e-01,4.873582054955462595e-01,-1.340216254791035677e+00,-2.049003069763030815e+00,-3.683462671240012032e-01,-5.860180657176068397e-01,5.322706834878279114e-01,-3.860265882374905311e-01,2.608040244099759097e-01,7.466775771963916064e-01,-1.098375369435946186e-01,-4.691222874264820430e-01,2.578578377622585405e-02,5.644824643906929396e-01,-4.390269717948240835e-01,1.000000000000000000e+00
-2.451069739176429951e-02,2.032280113267019406e+00,-4.393874199369490752e-01,-2.286795169861725707e+00,1.296878174345597601e-01,-2.104649705958972827e+00,4.306178500605821191e-01,-6.353976948716570927e-01,-9.910806317161988677e-01,6.256049788392307187e-01,-1.250146782138813473e+00,-6.656764090447181426e-01,3.589995008238807683e-01,-1.064546318152155280e+00,-1.126237780956914625e+00,-1.637360326521074105e+00,8.453837469534652982e-01,-3.947802794096334500e-01,-1.969041511215407825e+00,1.161514540336376022e+00,0.000000000000000000e+00
6.742691144223313948e-01,3.689686520190278984e-01,-2.561371006232621816e+00,1.702664331221757532e+00,-7.891827361748313674e-01,3.094185132969149987e-01,8.900448466189193608e-01,2.692146969973783222e-01,-8.921890265323427771e-01,1.578940870365372229e+00,-6.268803039227214269e-01,3.946192062444326965e-01,-2.099839191007388806e+00,6.131274973946408968e-01,-3.632660543473543169e-01,2.289028717121143475e-01,2.160777974213825559e-01,2.269679784468766059e-01,-6.459946818852569939e-01,-5.792697093132463948e-01,0.000000000000000000e+00
1.705677806495523807e+00,-9.223731121502071195e-02,-2.144007241541359576e+00,6.398678700243868311e-01,3.298636119807613620e-01,-7.006289186699643512e-02,-7.327970134057665286e-01,-2.090799268421744905e+00,1.654369422176921622e+00,-3.220851152150831509e-01,-1.724920315756580891e+00,1.063777334602314245e-01,-2.184721524246372670e+00,6.891882717033391836e-01,-1.256939391764095582e-01,-4.928090671081907792e-01,8.786436019789035656e-01,-8.176819797258643163e-01,7.261721976530952638e-01,7.267719999639976614e-01,1.000000000000000000e+00
-1.470329451147478039e+00,-6.686184812440205683e-01,2.046582914707810286e+00,-1.064031773940138370e+00,-1.919093291432379722e+00,4.237828462733376211e-01,9.325904916104273135e-02,-6.891113961526567078e-01,-1.272014981369256725e+00,-5.153834909101937534e-01,8.437114668388424887e-02,-2.991991286002613770e-01,5.827566509982978760e-01,-4.453473207909083853e-01,-8.764778043782963657e-01,-1.354983112253248745e+00,-2.334832086104068199e-02,-8.411653313138961474e-01,6.622562238148138603e-01,1.949780536407488496e+00,0.000000000000000000e+00
-1.962807071247558155e-01,1.293239258639815592e+00,-1.118414034926474177e+00,-1.279131269779875790e+00,-6.451182284924861232e-01,-8.739688246493682033e-01,-5.738043666636728490e-01,1.754992419336534604e-01,2.703578939993580010e-01,-3.636317694215222551e-01,4.708106914528299991e-01,-9.909164457129007175e-01,-1.269579828180902037e-01,9.093719039930796555e-01,8.267117832602304262e-01,-2.620883663738629021e-01,-7.568332692224509495e-02,3.467099376404553235e-01,-9.473199117859185114e-02,-5.001260207121839274e-01,0.000000000000000000e+00
9.301945941692852937e-01,-5.514644435473130546e-01,1.436996262073251929e+00,9.038615564209737663e-01,-1.887129808988007973e+00,-4.377413775218192971e-01,-2.087881296876354931e+00,-1.139050373783790704e+00,-1.675934153396120507e+00,7.369959635411547083e-01,-1.337257629611790843e+00,6.084529113470898282e-02,-9.583003521516449477e-03,-7.116860082875680060e-01,3.793009005477154250e-01,-1.378591956844542332e-01,1.831277999403908341e+00,-8.002146899928868073e-01,-6.012243849538948526e-01,-3.431547257351290625e-01,0.000000000000000000e+00
-8.033878399146087146e-01,-3.798525095087103010e-01,2.350048060913275005e+00,-1.007220348318044856e+00,-8.843299041079248912e-01,2.208462244194274102e-02,-2.672029818140127522e-01,1.171931244992723498e+00,-9.806452814996724499e-01,-9.140962378490902207e-01,1.237303664545925524e-01,9.425974021622968158e-02,1.925391160472145646e+00,7.401942503819806118e-01,6.590495393571608185e-01,1.132497156965888596e+00,-4.286149898528871516e-01,-1.282212338106468508e+00,9.350851293678780207e-01,4.240473108793182955e-01,1.000000000000000000e+00
-6.518656121529259329e-02,-1.109417127431407968e+00,1.857265429123820200e+00,-3.579429387821764785e-01,7.896411008524651942e-01,1.546240284525025377e+00,3.784685409081972596e-02,-9.513951424596230888e-01,7.913798180941270521e-01,-2.524650964781105511e-01,8.441108484218805552e-01,1.184044676319539580e+00,3.793858343453426762e-01,1.114271624126729199e+00,1.382510424796200121e+00,-9.132388286571829772e-01,-9.995560352403627391e-01,1.273365032776149208e+00,-1.339604631944165236e+00,-4.529466253265982956e-01,1.000000000000000000e+00
-2.244996080767992286e+00,-3.214335152413531627e-01,-1.384866039027435658e+00,-9.798409751593436523e-01,7.338698379237780234e-01,9.155117556121294964e-01,-7.593735760546387048e-02,1.801604990281481466e+00,-3.932997381794512970e-01,5.852487476412059353e-01,1.839829931005318164e-01,5.388527243232883457e-01,-1.699522117461363946e-01,1.401940910630205206e+00,-9.811843442083363342e-01,4.758643786428288225e-01,-6.884594532819793278e-01,-7.388986997149119551e-01,-1.245040292395931614e+00,-1.979854678141227620e+00,0.000000000000000000e+00
1.085757784069553145e+00,-9.988693573466830289e-01,-8.453207272424593244e-01,-1.728657103847233145e-01,-1.060393875053374790e+00,4.022504548595111085e-01,1.727990024110888367e-01,-5.720531978313931898e-01,1.987343105664284071e+00,-1.353894725939071564e-01,4.259867300086291886e-01,6.407618543118768217e-01,-8.963180454173143019e-01,-1.134010156145625337e-01,7.210195554933793716e-01,-4.381030045210025925e-01,-1.156848797610389168e+00,-2.227680514299641867e+00,3.193198616144673485e-01,-1.102629980400756882e+00,1.000000000000000000e+00
7.975634637131292504e-01,8.452153239185601352e-01,2.656993130946710968e-01,1.256753788155861251e+00,2.277529386017210222e-01,-8.625042243051930235e-01,-3.552634843034932488e-01,1.426074509476633390e+00,9.424779668764849960e-01,6.661710378750267392e-01,-1.417542539985143568e+00,-1.157979495416161519e+00,7.186236454251144767e-01,1.279376404133999889e+00,1.475042225994444234e+00,-4.379567430412002471e-01,1.986605158201293353e+00,-6.065313195731166784e-01,-1.868941596868320953e+00,6.558910162139388982e-03,0.000000000000000000e+00
4.237717462516215616e-01,1.717895008837740101e-01,-1.099403338610460912e+00,1.046001743244228815e-01,-2.051037729431371748e+00,-5.732416990949288360e-01,-1.347818184274740816e-01,3.988408407945068235e-01,-5.579792650840357249e-01,-4.922955573510490179e-01,-7.449624803850979360e-02,-2.898631614256083067e-01,-2.429806246760846111e+00,1.009614875174150717e+00,-1.345165086026951506e+00,1.747399125289377686e+00,-5.052086910804450826e-01,5.517459272204763288e-01,2.581867613523030625e-01,4.331312065931218203e-01,0.000000000000000000e+00
-1.536817190917121323e-01,7.157638088082691752e-01,5.467303171160457081e-02,1.447260820662024383e-01,3.179915395254572230e-01,-9.729886724156724259e-03,-1.261287277339978363e+00,-3.609671589646058498e-01,1.999023176999453755e-01,1.689512920722798517e-01,-8.269083292372390870e-02,7.520120036710765676e-01,-1.148860706523364833e-01,-8.857045297506574988e-01,3.312795920519354675e-01,-2.077438810038552963e-01,1.638976050388081251e-01,-4.408394656142770041e-01,3.293691728142246755e-01,-1.547575537331620676e+00,0.000000000000000000e+00
1.121304330920301240e+00,-3.596481796735082059e-01,2.595818089588856903e-02,-1.069610258024914495e+00,-1.628989700201717516e+00,8.707380379554465755e-01,1.383176074879192807e+00,4.641228289441461929e-01,1.465953590490492175e-01,4.861492816992105670e-01,-1.068766566280683117e+00,-3.307738725419858139e-01,-1.823951477007857314e+00,9.831117909607943739e-01,-3.330240242036767162e-01,3.118804983425115668e-02,-1.258567631326035663e+00,8.017999257668779745e-01,9.942963681419468847e-01,-1.335300836204867114e-01,1.000000000000000000e+00
1.781517054721981630e-01,1.382889520707388575e+00,-1.409137781647124221e+00,9.140885500931185403e-02,-1.798537804448315236e-01,7.452985557758603496e-01,-7.492510263216655142e-01,-7.075232274568661606e-02,8.528576685297980520e-01,-1.241593378189820518e+00,8.850539101094176964e-01,4.324499025287779630e-01,1.603338868982392196e+00,2.895123538902569793e-01,6.607609230179309900e-01,-6.709168051622320661e-01,1.245207384505179204e+00,-6.108322314547692811e-01,-4.735391707886962287e-01,-1.778285961589108011e+00,0.000000000000000000e+00
-3.170820523472513419e-01,1.492857733732559700e+00,1.061977165819322222e+00,5.592940203951471956e-01,3.761008386214367283e-01,6.258996293568797054e-01,-6.285541249213007220e-02,6.383782180842030307e-01,5.570517617110848363e-01,-1.445420433204709920e-01,5.757096748595724733e-01,1.588000022270560585e+00,-2.108648406805164743e-01,-4.192458700864867271e-01,1.277141771219340027e-01,-4.537655648351456850e-01,9.788011881459611763e-01,6.131204298866863578e-01,2.174968376754124466e-01,2.442337279277565221e-01,0.000000000000000000e+00
9.455752775480497085e-01,-2.251283347135103197e-01,-3.121818017604967022e-01,-5.521479836630642790e-01,1.963995593440813980e+00,-1.129888434409792447e-01,-6.328100782172473293e-01,-1.117556180968852120e+00,9.217349014572056021e-01,-1.221026353381594320e-01,1.770905229496564148e+00,-8.087878478860553721e-02,-7.677497905047477034e-02,-3.963278141741907179e-01,8.765215903825012145e-01,4.242790929174733439e-02,-7.545239912729008180e-01,6.092599664410767168e-01,1.135793882845998054e-01,-3.545769525809467360e-01,1.000000000000000000e+00
-8.844464364177512250e-01,9.277035825666287705e-01,4.050949997462652274e-01,7.445947858225950844e-01,-2.679537861376299013e+00,3.932107277617234026e-02,8.620153206029518289e-02,9.989586306284764516e-01,-4.098564726390827029e-01,-1.103359584229779200e+00,4.922947022385831262e-01,2.462326214258209467e-01,9.254654724952331435e-01,2.235346768792809691e+00,-3.539368765985159704e-01,-9.498302702461809410e-01,6.063465265338856547e-01,3.049396029634559024e+00,-5.449355317842740076e-01,-7.433745230397861281e-01,0.000000000000000000e+00
9.518088666587445346e-01,-2.484410047253990061e+00,2.704706975498704646e-01,-2.349686612279738573e-01,1.569633685101417653e+00,-1.010344038416716606e+00,-3.702540043650598967e-01,-1.084428785334047740e+00,-3.463146599690767879e-01,8.304279529874378785e-01,2.891420031870356233e+00,1.140253202660169274e+00,8.623130182394987964e-01,1.008055225359327650e-01,4.655241782649356397e-01,-7.765634357820286882e-01,4.622359705856481926e-01,5.783624396307703863e-01,-4.246749511651220499e-01,2.556405827284240928e+00,1.000000000000000000e+00
-1.537188959731270899e+00,-2.337052183183136733e-01,7.395461082058669700e-01,7.123571721052184280e-01,1.047991297962561408e+00,5.914435487010603065e-01,-6.170866808273710591e-01,-5.252520496715777643e-02,9.014163261833419982e-01,-1.017081375456612591e+00,1.972559399041840245e-01,3.153302124456598410e-01,-3.730672034658945035e-01,-3.770005058351221794e-01,-1.350420275357426814e+00,1.196245936092308337e+00,5.471223285046248330e-01,-6.645483792057071959e-01,7.674901316052361588e-01,1.769814123692591834e-01,0.000000000000000000e+00
2.209327437649169834e+00,-3.128647623048209092e-01,1.495991134014995616e-01,2.448648380467079722e-01,2.585712621622326957e-01,8.310935334218377823e-01,3.503390740194196884e-02,-6.373450257712743872e-01,6.527130527468220089e-01,3.848499322248251642e-01,-5.550351524776532541e-02,1.790998161109530695e+00,1.473252130439627106e+00,3.396031465142554384e-01,1.295121695252970495e+00,3.845361928777632499e-01,1.993255253001887217e+00,-1.974574742944142924e+00,1.291621182578800209e+00,-1.965572551056538053e+00,1.000000000000000000e+00
-1.149190565944088638e+00,2.670566510129816495e-01,-5.151244152970403389e-01,1.068754349941072324e+00,6.155023460701718463e-01,-7.170905860498452133e-01,-9.942065578670539194e-01,2.877364324339165558e-01,-1.637938090427577986e+00,-1.268092851441690705e+00,1.166592563745074557e-02,-4.812499728758777851e-01,1.585659920964357594e+00,-6.884353393983961844e-01,1.234491146615033008e+00,-1.043649955183732825e+00,-4.278069344198791035e-01,-2.185993516648182311e+00,-2.619461734185357660e-01,-8.937291330767629938e-02,1.000000000000000000e+00
-7.318188674394205950e-01,-1.062175809635846679e+00,-8.958529377850494857e-01,6.297304426607831518e-01,-1.130516490182442713e+00,5.700967561839902498e-01,-8.122043331875586913e-01,-6.458097166421661317e-01,-1.157283640730899510e+00,-2.151353947337232564e-01,-1.565846302889062347e+00,1.444695093361078930e+00,-2.054644126696781203e+00,1.719696709947146962e+00,-6.510196350001077326e-01,-1.463741524117242454e+00,-2.117698799495491280e-01,-5.077368975407455798e-01,9.851065924170046006e-01,-4.958396056509506988e-01,1.000000000000000000e+00
-1.222736753260117021e-01,1.747245475717951635e+00,-9.076014973534919372e-01,-1.359517727891649486e+00,-7.502748432538002277e-01,-1.938313839699171037e+00,-6.153551155040862808e-01,2.478256703011361972e-01,-7.559595938683155714e-01,7.747091328062278848e-01,-9.207560510157737355e-01,3.311926273285235589e-01,-6.080425283136989267e-02,1.213995846835986603e+00,4.718875393337603752e-01,-9.340249446104919029e-01,2.988629515444042317e-01,-1.425055429239385080e-02,-1.992970248976461967e-01,-1.812488001662357906e-01,0.000000000000000000e+00
-7.904972519993519464e-01,-1.601238822168441212e-01,-5.137490535029248795e-02,-3.364190196895366913e-01,-1.424206082937283513e-01,-9.851198945474429203e-02,-3.034634842052301718e-01,-9.570386328377228358e-01,9.136734959828068936e-01,-5.716053483419535342e-01,-1.003517316022022043e-01,-4.781654872904446685e-01,-7.352764646717658836e-01,-2.358064446562881944e-01,1.434111262455115998e+00,-8.283482557414003633e-01,5.176256448718252745e-01,-5.249497166900925910e-02,2.280002353923080149e-01,2.767990225158953321e-01,0.000000000000000000e+00
1.124307802876147455e-01,-1.649391789895313210e+00,3.866816824127121688e-01,4.194800577871099501e-02,1.695722625789964078e-01,9.267601112127071827e-02,3.398292139626848396e-01,2.371056056369641105e-02,-1.688372265037536346e+00,2.126746546133953808e-01,7.873868448140839416e-01,1.261494205552366132e+00,1.295025442202626942e-01,2.010825675067643203e+00,1.110371499578527876e+00,9.498854039543490613e-01,-4.666983464777524904e-01,3.823542067721772963e-01,1.031218527288115805e+00,-6.635496608728564949e-01,1.000000000000000000e+00
-5.630396784550495415e-02,6.713371835224335449e-01,-3.770804307387741472e-02,1.265389924221082263e-01,-6.582553008046085341e-02,1.560390776787774936e+00,1.396636463151925245e+00,-8.560990024482625360e-01,-5.610546441876738122e-01,2.204869116594608547e-01,-1.206680592606811153e+00,9.867263997976254419e-01,2.608209340617908545e-01,-5.075478392935455219e-01,-2.186297953903084679e-01,9.136015227343403655e-01,3.988256484055563433e-02,-7.751714676705837581e-01,2.269048340221049287e+00,-1.634361381551054926e-01,1.000000000000000000e+00
-1.065679514333242262e+00,1.049568150159130742e+00,1.391108569255524730e+00,4.469727504402934981e-01,7.143855397381392303e-01,2.383258751029609712e+00,-6.339491812472969334e-01,6.457706588529243952e-02,5.282933507594026468e-01,-1.173763285431127956e+00,5.229408300381714891e-01,3.315989167502372270e-01,-1.310212964846188211e+00,-5.968522770941568911e-01,-1.875484063980086269e+00,4.419569489712190657e-01,1.217521275726666241e+00,1.638347478983002592e+00,1.393091109077450707e+00,4.449926835913720624e-01,0.000000000000000000e+00
-1.225069148769209360e+00,9.513669772398106739e-01,-9.133060299828815731e-01,1.257873060265103093e-01,1.927839192890237641e+00,2.073436672840094364e+00,-9.060724661294941029e-01,-3.432264134408367084e-01,-2.298587454444493972e+00,9.251635835973426314e-01,3.625446063735310309e-02,-5.363257227705594543e-01,8.066317864197723730e-02,1.567967316894991470e-01,-3.739916628198234998e-03,-4.953836624851606224e-02,-3.955142287244151067e-01,-2.778871096612701153e-01,8.411514487000637530e-01,-8.761064020507430827e-01,0.000000000000000000e+00
-1.677022178951721385e-02,-1.436346228547089376e+00,8.245053814522281810e-01,-1.878206983527022089e+00,-2.706831934165063736e-01,-1.646833286536193985e-01,1.673219456865094434e+00,-5.826365657736362058e-01,-1.156699255500009821e-01,1.735578645173352808e+00,6.928220610237881272e-02,8.368298310387149996e-01,-2.557314020810923516e-01,6.712578188416004066e-01,-1.058305415754937362e-01,1.674300261098333742e-01,6.844368970065699553e-01,-1.328918776187852258e+00,-1.322015098824049772e+00,3.894905244687666968e-01,1.000000000000000000e+00
5.994323401997677658e-01,8.118210646152580479e-01,7.289209537161360775e-01,1.188811597755813909e-01,2.182355957878823194e+00,-1.388956741757548130e+00,-1.825514105882413141e+00,3.444630450908630070e+00,-1.010799298978909189e+00,-2.413916870627732081e+00,-5.761804484471648724e-01,8.072433317493674654e-01,-7.083013494983231295e-01,-4.653176584564448492e-01,7.280921011324718028e-01,1.976630111408099078e+00,7.873329295818014550e-01,3.787626081520201748e-01,-3.952692841263662493e-01,7.514264436799833469e-01,0.000000000000000000e+00
-2.779470684943625702e-01,-8.629750535750517759e-01,8.925419869038933030e-01,1.137846271371968809e+00,1.279763023858054849e+00,-1.752792530011401562e+00,1.467506024201387926e-01,1.383204710750180366e+00,8.496945792572626610e-01,1.346764764998620023e-01,3.021326184324554909e+00,3.647798443931331014e-01,3.193332268319086786e-01,2.782380410557861783e+00,1.424525014000845413e+00,1.682823047169893504e-01,1.224607295673958429e+00,-9.721484895069991694e-01,-2.902590827040213081e-02,8.169555853245267230e-01,1.000000000000000000e+00
3.135220861132432812e-01,3.572311699504343019e-01,5.976679857660984752e-01,-1.009373355471932632e+00,-1.094538047019477212e+00,-1.232476684213777984e+00,3.854697233751705476e-01,-1.210539055100400718e+00,-5.860604874484971472e-01,1.220238371818243239e+00,-8.567006250259449063e-01,4.200502912685912804e-01,-8.151910918860265365e-02,9.472387370888635250e-01,2.282356546968575539e-01,2.902576404944909871e-01,-5.738124611119737040e-01,-9.491760792031216365e-01,1.270731421825473051e+00,3.077860402411402019e-01,0.000000000000000000e+00
-3.083289700489308949e-01,-1.527252861261180872e+00,-9.024178455773997909e-01,4.708008591468152981e-01,1.234079624548991783e+00,-7.592012732117103813e-01,-1.090077718183061428e+00,-3.284134768477798838e-01,-2.639110820407961633e-01,-4.092065478787819677e-01,-3.515948817309226260e-01,-1.590462277586652595e+00,-1.620906992974303629e+00,9.690973513781881987e-01,1.123396835871852906e+00,6.401692195930467344e-01,1.159313941319616292e+00,2.501083095962848835e-01,-7.325445868214109923e-01,-6.277839407704876029e-01,1.000000000000000000e+00
-4.807928942024924379e-01,4.059106773123538625e-01,-9.664320249381542771e-01,-7.087928214162128038e-01,-7.816474972240841090e-01,1.083920319799580589e-01,-5.153161817704201564e-01,7.584067293048832870e-01,-1.084014775837398581e+00,-9.123608599853360035e-01,2.435952138381791254e+00,4.624032424760579074e-01,1.890494971564986859e-01,1.050906749190419820e+00,-3.916163316236739855e-01,-1.286502611570598420e+00,-5.236395914951453845e-01,-1.015160753679398731e+00,3.193460900428624072e-01,2.566294946737714411e-01,1.000000000000000000e+00
-1.212705470850977685e+00,3.339826742607704402e-02,8.552166472883899750e-01,1.456060106739303917e-01,-1.669514486852952673e-01,6.353732675077145009e-01,-4.758532964878374183e-01,-1.831143079960719233e-01,4.158213282375933795e-01,-8.172475962224211576e-01,-4.405597518017673186e-01,-7.487041561366449827e-01,-5.894189268568422735e-01,6.638130392558934112e-01,-4.667433016745133056e-02,-5.217199800994163361e-01,1.426770599989063193e+00,7.371508142889355436e-03,1.257263330798276790e+00,-9.016007210957593943e-01,0.000000000000000000e+00
1.436033197041389098e+00,-4.750481037601064216e-01,-7.919552008841809210e-01,1.720628626197995836e-01,1.713144420817129809e-01,9.059294798371837487e-01,5.358734805185515482e-01,2.045642589264088373e-01,-5.439435099013705255e-01,-1.549366550061726633e+00,9.814602737033456537e-02,-2.226980533981732346e+00,-1.087883007406690861e-01,-2.111178904204061568e-01,1.223875889053841703e+00,-1.023467932263001368e+00,-1.716798259572630547e+00,4.337629686664861567e-02,3.890234829865411026e-01,1.192789294547994761e+00,1.000000000000000000e+00
1.735166458641885123e+00,1.050111588291660070e-01,-1.430056057284119220e+00,-2.511522308431913819e-01,-6.309197107068090782e-01,-4.461413479015010619e-01,1.259461606502156883e-01,-1.740656661078105794e+00,-6.018861588599153656e-01,2.886962235191100137e-02,-3.083887996453435823e-02,-6.833332732768658824e-01,1.181401085950340768e+00,-3.298310525083993083e-02,-4.570308341781978978e-01,-4.423946950802191136e-01,-9.030022705415853279e-01,5.940201941349998460e-01,9.795790384069529011e-02,1.549191255492448738e+00,1.000000000000000000e+00
1.360034672858750238e+00,1.024509090457247584e+00,-9.131502776574873526e-01,1.174341352419135731e+00,-1.208013419887217665e+00,-9.169213408063332515e-01,-1.203778186416595952e+00,-1.127683571261519413e+00,-1.421822804207774738e+00,2.125893187976779231e-01,-2.574316070292443470e+00,-8.355875099046813359e-01,-4.122323847053252499e-01,-2.808782840599239883e-01,-4.807878909275253299e-01,-6.893730416296001140e-02,8.717164930680999513e-01,-6.921922850869163257e-01,-9.845293527055725136e-01,-1.141663221908706838e+00,0.000000000000000000e+00
-9.293683817811921877e-01,1.102523713563928087e+00,6.121801123918712006e-01,-9.352930670113843714e-01,-2.496963160474548804e+00,9.957780727515168628e-01,1.814625360067828819e+00,-1.682240706921933615e+00,1.411922855085865125e+00,-6.339722315120351892e-01,1.667458985457701548e+00,4.569120060574726749e-01,1.270203723623551717e+00,1.558286574402499181e+00,-6.248282541298874060e-01,4.371975717859817312e-01,-2.860834541888249150e-01,-2.064565497644073933e+00,-5.703137213254497878e-02,-7.844912210855677914e-01,0.000000000000000000e+00
-8.247094915745357691e-01,1.230769692428139050e+00,1.455106340641763918e+00,1.211546141263816212e+00,1.124545671860954332e+00,3.848301022170593638e-02,1.488225965375562787e-01,6.574254485519561708e-01,-5.372297819673964997e-02,-1.252146066285100057e+00,1.611372674658301252e+00,8.565831657104142627e-01,-4.480982212513451857e-01,2.381608100483335877e-02,-1.652413284124225168e+00,-1.889020605438442191e+00,-3.513028333312665508e-01,-3.089128964304483360e-01,9.757119882272918820e-01,-7.210629668348397803e-02,0.000000000000000000e+00
-2.139139318297827774e+00,-1.061824430131661084e-01,-1.365572342261175187e+00,1.338965104670305051e+00,2.199876748167959306e-01,-1.017008737264641249e+00,-4.869462788918200169e-01,-1.762524095919904665e+00,9.958852022191547193e-02,7.126032719613539790e-01,9.621985823519588754e-01,3.434998819855462071e-01,-3.472104051273194880e-01,-4.831115180388592112e-01,5.110499003613714342e-01,9.353746502467926716e-01,3.196734632412396415e+00,1.423251955425168525e-01,-5.411004037193546390e-01,1.271121152605128479e+00,0.000000000000000000e+00
-1.731887466815437371e+00,-1.402728984036758497e+00,-9.938673968477337306e-01,1.065799126500601490e+00,5.301515857759784289e-01,-7.436920786570913600e-02,-1.153788960148000475e+00,9.323126606041869380e-01,9.228344544903752666e-01,-6.059793069351292472e-01,-7.411852484615352177e-01,1.382308070602422889e+00,-4.024722951946532179e-01,1.912534559517286237e+00,7.891590651657213185e-01,1.275097254136963454e-01,2.941676425851778909e+00,-6.940320751060415905e-01,8.165523257087359266e-01,1.112539252597201545e+00,0.000000000000000000e+00
3.937449441193913713e-01,1.411667335673644441e+00,8.661294556233628539e-02,5.357374213657459805e-01,-1.297022304794813452e-01,9.283392462564939995e-01,-1.535209263388684020e+00,-7.726610516753615876e-01,-2.308379611011591948e+00,-8.438210222574660246e-01,6.758275130044685275e-01,-7.890990847652396001e-01,1.541099479213871470e+00,-1.279644272945174854e-01,-2.081402179648324802e-01,-7.779877284194703924e-01,2.540071161281943768e-01,-3.155347732151826401e-01,-5.015684016006602963e-01,-9.434929746847428023e-01,0.000000000000000000e+00
-9.098058268076980593e-01,6.453478424883256626e-01,4.103389618894520002e-02,-1.849973037313182300e-02,1.114789041838032624e+00,-6.181048756761813312e-01,1.661449019497795110e+00,-8.067092139690301700e-01,8.981242082820403150e-01,-9.255635199409327774e-01,1.018479483145624392e-01,-1.688779633729821095e+00,2.747865296642164168e+00,8.329309960034506632e-01,-3.493790461863812702e-01,-1.710889426715090034e+00,-3.984688703180996883e-01,7.130729617156637001e-01,-2.262635338862924866e-02,3.725209752517115724e-01,0.000000000000000000e+00
1.020374115151571726e+00,-8.471414903644300942e-01,1.061949702702583265e+00,1.375938376402344288e+00,-5.879470603104820503e-01,4.428388534137110422e-01,-1.597646687228386986e+00,-1.234979544537949003e+00,1.893986531781761962e-01,-4.142002196901067856e-01,-1.518231230081342087e+00,9.405475760061697832e-01,-7.750538390743806350e-01,-3.691360737339881987e-02,-9.347770461405706666e-01,-1.229471832366949013e-01,9.643002809193951252e-02,4.838729405320331134e-01,3.010533912243094634e-01,4.048659942504900799e-01,1.000000000000000000e+00
-5.634116115758767140e-01,1.023542960441782723e+00,5.844444032721970994e-02,9.221790147573187824e-01,7.143664995304328524e-01,-4.216275983311729147e-01,7.226570810727285243e-01,1.618901148344851770e-01,-1.028625886862415961e-01,4.276975495676224592e-01,2.267110745135766936e-01,1.495633914639054929e+00,-6.796232736384563156e-01,4.431818376959409944e-01,-2.674289446769239076e-01,-1.894240499397157107e+00,1.968157539754900709e+00,6.804013460923000745e-01,-3.956054091596568068e-01,-8.081324235474017792e-01,0.000000000000000000e+00
1.802933512161039031e-01,5.884060248424354267e-01,-2.462858937620150956e-01,-9.907192605707648703e-01,-2.513434369260004742e-01,-3.376368823949025821e-01,-4.968140936579010236e-01,2.241576763428722696e+00,2.130753302629539103e+00,1.646370687531850396e-01,-1.189028862247824003e+00,5.558411393482933782e-01,1.137831560651421547e+00,-4.923686633756299558e-01,-5.549026230149205555e-03,1.401596521191971791e-02,-2.369586642127114562e+00,6.911127734712478876e-01,-2.387219430479460003e-01,-1.435859244364815268e+00,0.000000000000000000e+00
-1.277601024713495237e+00,4.820523191323746182e-01,7.994424731931637496e-02,1.640988881083719431e+00,5.646457188403962713e-01,9.914337435445075286e-02,-1.444346205790081772e+00,-1.094381907528083897e-01,8.302273093043532892e-01,-1.501042945177333054e+00,-1.674882436830526622e+00,6.758935895592487197e-01,-2.069589312809279047e+00,1.099971696208934979e+00,-8.237174394765821583e-01,-1.210097979359905818e+00,-8.682912718893549819e-02,1.406955022063336225e+00,2.666668049318625666e-01,3.210792879374356756e-01,0.000000000000000000e+00
-7.720588349288332042e-02,-6.698787948622531019e-01,-9.986498713962426166e-01,1.053645457400039342e+00,5.913825437325309631e-01,1.109378270277207479e+00,4.949856601196746531e-01,8.286131258650206721e-01,3.656951688816361679e-01,1.095420887148766065e+00,-7.744705394029469669e-01,7.408157344865139438e-01,3.163512152692293800e-01,-1.840688581598544538e+00,-2.310715368297052041e+00,3.690457105104473154e-03,-8.005776954590019256e-01,3.770381309597767294e-01,-1.366115791623212727e+00,-6.737509443134979126e-01,1.000000000000000000e+00
1.526709097270647408e+00,-9.481840273072774661e-01,2.623332345761034468e+00,-2.641057465566107876e+00,4.474276849139364187e-01,-7.721605179215131898e-01,1.387283599480699348e+00,4.971573448195179545e-01,-9.108578921755716706e-01,-6.861535565797104441e-01,2.812431547112184682e-01,6.228368699972149092e-02,2.278024022171184493e-01,-6.099425408237461044e-01,1.961850466044749164e-01,5.794275786015511409e-01,-4.187808574941435658e-01,-1.523833423673471854e+00,6.467676019941860366e-01,-1.262598394450033412e+00,1.000000000000000000e+00
1.108923070235716679e+00,-1.930239520852453428e+00,-1.134548897421762348e+00,2.162271572146622578e+00,-5.100883259873042475e-01,-8.969775359937177672e-01,3.904571486768768085e-02,1.346539975887089069e+00,-1.308295940270953528e+00,-9.311662960679788215e-02,-8.887783954542335385e-01,5.596981761228271290e-01,2.338497436057444812e-01,-6.636201093501855608e-01,-1.212278651142787211e+00,3.046097542615422982e-01,-1.335159924386280172e+00,-1.312644933180174556e-01,-7.820709686068967326e-01,-2.005783429100345572e+00,1.000000000000000000e+00
-9.979657594923569963e-01,1.755141545445770390e+00,1.753412747928814741e-01,-1.737747865590290264e+00,-8.591826458529228105e-01,-1.295449378376576810e+00,1.015139701327776756e+00,-2.106700278808871230e-01,4.591552851916128053e-01,2.039741151263141816e+00,9.571448228467712704e-01,1.059398864071633195e+00,-2.947500236454487221e-01,4.596107143992324007e-01,1.327470142856215229e+00,1.443564120951424112e-01,-2.064327555114165325e+00,4.189880988813621809e-01,1.602475372745348015e+00,-7.302240668121671163e-01,0.000000000000000000e+00
1.695812038644885500e-01,5.363441855181001472e-01,9.882054428026085802e-01,-1.257559375922369771e+00,2.857910522727204472e-01,-6.480140794128109727e-01,9.511993498488161003e-02,5.098118085426155133e-02,-1.218744702365459842e+00,6.134662769460100945e-02,-5.002699023891035712e-02,-5.493604733468403500e-01,-1.304765197521420728e+00,1.507314935025066971e+00,-2.096867904344620559e+00,1.344986985717913752e+00,4.728823545339014972e-02,-3.335886874299430760e-01,7.553140984760028376e-01,1.697580712871650868e-02,0.000000000000000000e+00
-4.222683229124142845e-01,6.375819381907811556e-02,-7.433377660254383290e-01,5.564447769252004461e-01,-8.208347884897936320e-01,-2.055432421477167981e+00,1.867313989020598308e+00,-1.294017828888148314e+00,6.961100896890803913e-01,-5.001949196354800176e-01,7.950085571716901667e-01,1.246571341325506177e+00,-6.501928978272403237e-01,-1.103003846198964688e-01,1.164208687224165484e+00,1.514843988454981583e+00,-7.954818187069641056e-01,1.066905719944344799e+00,1.207514634684456745e+00,1.823098824558957665e+00,1.000000000000000000e+00
9.112357823798177270e-01,-1.183162862147036698e+00,5.238178968937657887e-01,-1.510007194085416282e+00,-4.129780585249316453e-03,-6.264591362041969091e-01,3.463198826385301410e-01,9.500959717756296552e-01,2.676741558177397451e+00,-5.816074655167222662e-01,-1.318574874715380929e+00,7.247438287543429558e-01,-8.024892280757088825e-01,-8.991826190718668066e-01,-2.452815535963941862e+00,-3.488528443426766601e-01,4.591146049833394471e-01,8.679391897125683375e-01,-1.454030874621603076e+00,3.367209481287981032e-01,1.000000000000000000e+00
-1.142691763278602890e+00,-6.725971500380282242e-01,1.330043856184388806e+00,-9.267242437351227435e-01,4.361029728875952527e-01,-1.309405223404471741e+00,-1.234331697285777851e+00,-2.697109708490827984e-01,-2.798768188964485537e-01,1.211294017083668351e+00,1.139919917208143119e+00,-4.129351898894205730e-01,-1.881258269628630186e+00,-1.244639239306139233e-01,4.538825991842060925e-01,4.420130150272564840e-01,-7.909904357007228048e-01,1.841439300019287018e+00,8.111417798046584304e-02,1.945108934471847240e-01,0.000000000000000000e+00
8.287515946005983292e-01,-2.295274385555647889e+00,-7.950824511493295166e-01,1.681907532334589450e-01,1.369464621517925362e+00,1.094275636659067380e-01,-7.089116311863485898e-01,-1.074400949928492999e+00,-2.057003617126126060e-01,-2.010219557806296464e+00,9.551446037628441577e-01,3.477810592534972267e-01,3.771180249164527987e-01,5.412521959028773200e-01,1.665236064579607433e-01,-1.353552235439057227e+00,2.452582082318260359e-01,2.180553395045003173e-01,7.802454630446147010e-02,1.434619659809263908e-03,1.000000000000000000e+00
-1.775172617074817660e+00,-1.658151343316817683e-01,-2.674091137711236410e-01,7.930928019761145364e-01,4.570869771164550732e-01,-4.612118861859123564e-01,-1.893230102633088441e+00,-2.601463200247308150e-01,1.406325446519756106e-01,-1.906923688724360688e-01,3.873359655454042261e-02,2.747004413072771586e-02,8.447652041092615915e-01,1.310848243815353698e+00,-2.633553820540679991e-01,-4.990583480419530926e-01,5.164482803162878666e-01,2.128494180685854692e-02,7.170660829934999425e-02,-1.677562475284300580e+00,0.000000000000000000e+00
-3.964265566146367159e-01,-3.511057034748532590e-01,-7.457889945007019072e-01,6.788276641759133367e-01,1.884127258436438135e+00,-1.328451101711031757e-01,-9.432896192346961195e-01,-8.939652293525921500e-01,-8.219576159751286193e-01,-3.301009417270234225e-01,-6.493545129221720558e-01,-1.182259697469415727e+00,1.487212896229362091e-01,-3.619525573233989268e-01,1.038113777925039116e+00,3.400887378158743424e-01,-4.418642168255013103e-01,-4.320720571464109483e-01,-1.809489834128605645e+00,9.312867060777133554e-01,1.000000000000000000e+00
-1.341882999035233504e-02,-1.226113853749683624e+00,8.420039488184016818e-01,6.440962819027169495e-01,8.569420594517873635e-01,-2.252076956751171810e+00,8.680566738330007803e-01,1.021079015679322355e+00,8.453273232182968444e-01,2.618084518390426108e-01,-1.081649549887302664e+00,-4.266140761564072847e-01,1.331970474868074295e+00,-2.085885240506151483e-01,4.363432256908503781e-01,2.049749085796867654e+00,4.552805474867618885e-01,2.071425668474285775e+00,5.671952762570773299e-01,4.419559898591967073e-01,1.000000000000000000e+00
-5.777588223342405849e-01,-9.406505787146994813e-01,1.924150380643766756e+00,1.319957624504292937e-01,-4.295426364978559980e-02,4.169604043440099939e-01,1.835012802113983599e-01,2.862272875350058143e-01,2.935350594987013451e-01,-3.658019193112773682e-01,-1.656151930269382344e+00,-5.770734737661199487e-01,5.213793147649942172e-01,9.122828608033631825e-01,1.647871020529018127e-01,1.502814973025856926e-01,2.809047025918352425e+00,3.625327085207253330e-01,-5.598610272801746168e-01,-1.276181582396637183e-02,1.000000000000000000e+00
9.429906157131358047e-01,-1.663548850619616326e+00,1.434380802336468475e-01,-1.459906423910923179e+00,7.512285069521670300e-01,6.197254860507513952e-01,-8.957791367002526650e-01,-1.840683706991552426e-01,3.880069868614578477e-01,9.425119292184756803e-02,-2.753367232903366491e-01,9.426487042875436595e-01,-2.594290349156328501e-01,1.576610820553883352e+00,-1.791979244631020443e-02,-2.883181009925011473e+00,-2.146822445724799966e+00,-1.888233084183044364e+00,4.671899661662879955e-01,-6.101645246189302263e-01,0.000000000000000000e+00
-1.240486608658316614e+00,6.429298389924692492e-01,7.712841312133617011e-01,6.419884902651471492e-01,6.721685087747372167e-01,1.687060914889820351e+00,-2.421305121835691243e-01,1.428747025657400416e+00,5.987664526059413017e-01,-1.879828709456775604e+00,-1.306669558049931013e+00,-5.372657604211771298e-01,7.444371808461240914e-01,-5.231538760836516033e-01,-1.491364093856550443e+00,1.948384994174675144e+00,3.158905160150459190e-01,-2.869257734046299912e+00,3.703230872911758564e-01,3.989660192080087264e-01,0.000000000000000000e+00
1.317269687361186659e+00,-5.888055514607176688e-01,-2.221923809523555227e-01,-9.198425285862416034e-01,4.421847006118088258e-02,6.723619161720514326e-01,-6.597229115490288454e-01,-2.938266978931968754e-01,2.067299488998818102e+00,-8.421413348692194933e-01,-1.205494623351819339e+00,9.726348203819888960e-01,-1.138226612216004519e+00,8.967823683221139985e-01,1.640978872206433348e-01,-2.806662353358689299e-01,1.315627207870398330e+00,-1.631124968476106718e-02,6.124908389749993409e-01,1.878665244992849814e-01,1.000000000000000000e+00
5.511489026474258868e-01,-9.624891716183214818e-01,-1.131525068526223476e+00,-1.704214908643756798e+00,5.474370618628485730e-01,-2.176112709632372688e+00,-9.705301969203470325e-01,1.064276368869395695e+00,-1.451402278458330475e+00,1.181411339683381856e+00,-8.812454603608921300e-01,6.458416308500639635e-01,4.447650877474971787e-01,1.173025960045477323e+00,-1.843011177528602662e+00,6.810131966142829452e-02,1.000849346880736679e+00,4.843715040875078426e-01,1.178126964431685901e-02,-1.343832394939840524e+00,1.000000000000000000e+00
-1.326522634274057033e+00,2.319279390972728283e-01,-1.677286755308121435e+00,5.344403820217312751e-01,-8.897276813971690679e-01,2.213574795113258720e+00,-3.549118967079335496e-01,-5.709554910909943326e-02,2.542782435115650275e-01,9.692663433731963929e-01,4.015730690470737385e-01,-8.334152286544902477e-01,-6.044576477260132918e-01,-2.062794119999672660e+00,-8.672357102097377757e-01,4.320952663957923212e-01,7.958659573646041929e-01,2.951292365804783491e-01,3.867797943599659560e-01,7.912043120525620310e-01,0.000000000000000000e+00
9.189545307428345078e-01,-1.554312137183743614e+00,-5.934557327400536569e-02,-1.206575716675262477e-01,1.486219273953859055e-01,6.040637315256515150e-01,4.084198363576557744e-01,8.903901074663874704e-01,2.322790145387078620e-01,9.086846806883546179e-01,-5.806543086784193841e-01,1.131196614317010907e+00,-3.017873906462113509e-01,3.321077536656461549e-01,4.914557547739348276e-01,9.390142517047422865e-01,5.454597298114512161e-02,1.010985862190525886e+00,6.906453624615636055e-01,1.333883554234706725e+00,1.000000000000000000e+00
-9.515544410391348906e-01,-2.514425627398140239e-01,-1.704508644888031110e+00,6.907083128989830456e-01,3.501972025337692085e-02,-8.544191419283021505e-01,5.995021175264253488e-01,-6.802057562970235116e-01,6.602111210759279737e-03,1.045842777615085817e+00,2.715404328090609831e-01,-3.531788457202600373e-01,1.000654696509237329e+00,-1.525249710624386190e-01,-5.492427967155556479e-01,-4.295275364911563254e-01,5.870047376222840008e-01,6.651662135581913882e-01,-8.084661156140372507e-01,-3.229648147055648177e-01,0.000000000000000000e+00
5.705285103510386868e-01,-1.452471184174798147e+00,-7.242801938439595855e-01,-6.702938283476108650e-01,-1.157523705200143915e+00,-1.541137924334713860e+00,5.981985079160202501e-01,1.096677577105482859e+00,1.077177694411455056e+00,-5.623016508345914932e-01,-1.808826334619110465e+00,7.631994824014592949e-01,-3.187759011153807887e-01,-9.550765191807556453e-01,5.692822396622404524e-02,1.309999247999416916e+00,1.397068444507616247e+00,-1.381061575428188803e-01,2.430734889805882537e-01,-2.681364952561782894e-02,1.000000000000000000e+00
-1.487612638698394329e+00,1.939168535553948525e+00,-6.993405739899000162e-01,7.705131589735710884e-01,4.245021087400373538e-01,-2.366657330278178151e+00,-2.137104611845104807e-01,-8.018659714363134405e-01,-5.865790598021345392e-01,-1.346815917012515462e-01,-8.905262505392086414e-01,1.648407098823943207e+00,2.866500144872922151e-01,8.473563838399393866e-01,-9.170603727470970634e-01,-2.174084670668249286e-01,-7.463172347962392372e-01,3.927955291341289623e-01,6.345882872200038216e-01,1.018965220261548232e+00,0.000000000000000000e+00
-1.305492121285629192e+00,1.902119897255287517e+00,1.420495928422133680e+00,2.477920388731106094e+00,-1.307369981586498975e+00,1.487457040869920366e+00,1.862338311831250648e+00,5.805587296664808106e-01,1.846029151624414555e-01,1.219581653318371872e+00,4.408548363959818306e-01,5.625606143430410544e-01,4.435518581321148401e-01,-2.125936011092668110e-01,7.573855821261216148e-02,-1.940160531444456160e-01,-9.513763228375994585e-02,8.129085455529868609e-01,-8.244663134831421436e-01,-6.744592856308335715e-01,0.000000000000000000e+00
-7.458039117279556818e-01,1.580672086742182181e+00,-9.876133802154353214e-01,1.698580324748496795e-01,-1.237267637111278518e+00,-3.512550905908641274e-01,5.292141598579886558e-02,5.064933724813397431e-01,-7.898676860669718858e-01,1.399323360877559486e+00,-2.893198886423861138e-01,-3.225050745345744985e-01,-2.304140061400121287e+00,9.399504976567114589e-01,7.713098264459161690e-01,1.676706991312504336e+00,6.857127342659423697e-01,1.835999786636473008e-01,-1.310276710828611968e+00,7.064565952506629554e-01,0.000000000000000000e+00
-6.357529401819744796e-01,-6.645445641573825002e-01,-5.209561903645754111e-02,-1.128461434626337523e+00,5.482116783820506489e-01,7.633350093474799980e-02,-7.056198919386944546e-01,-1.899599594336313979e+00,3.767419720530678084e-01,5.356584745282442217e-01,8.091676309209583362e-01,1.652260469714686097e+00,5.566432861465615556e-01,2.656077424469853732e-01,-3.133335447715205335e-01,2.640656261687266415e-01,-1.782046242555923365e+00,-7.378995649662503098e-01,7.699476011589642677e-02,2.456734902921425545e-01,1.000000000000000000e+00
3.356675430856238540e-01,1.602842645407650313e+00,5.378197697489154327e-01,-9.248035693484740749e-01,-1.225023494740586694e+00,-7.794376338271674642e-01,-1.532471192925149106e+00,-7.834408144778244321e-01,6.403403649908695483e-01,1.189981292856827771e-01,1.271864905160856596e-01,1.454893767888649769e+00,2.277277049822975297e+00,2.283528072102828155e+00,1.296328695737945624e+00,-1.354573595890539162e-01,-1.072939430864682686e+00,4.653929963401485237e-01,7.667327079583684535e-01,-5.466011625036827359e-01,0.000000000000000000e+00
-1.600053767752454892e+00,1.467066296115209778e-01,1.004404160102365662e+00,-6.267530323144954174e-02,-5.188595449801013393e-01,5.668749988623164038e-01,9.263601529872470541e-01,5.435732766692497053e-01,4.751889481403934190e-01,-6.547458984015439576e-01,1.398733679001732844e+00,1.441883833170310991e-01,-6.051721277300561308e-01,2.050010101343469338e-01,-2.648929072821483779e-02,7.244349629591502471e-02,7.889742665995858051e-01,5.892214081941582471e-01,1.742913455735983774e-01,7.178586649852575219e-01,0.000000000000000000e+00
-5.849778825145994787e-01,-9.948625202179472993e-01,6.657784408269078469e-01,-4.880772301809556679e-01,-5.018390207122289670e-01,-1.501694791530588491e+00,-5.833847273967778246e-01,-9.941746348221013330e-01,6.932171826147355276e-01,-1.090371043487497582e+00,1.840512658351007191e+00,1.765579066479940673e+00,-7.290233499825031771e-01,-8.639919090197446527e-01,9.182843217987980422e-01,4.587317858415650429e-01,-1.747101561524423419e+00,-6.478112855877753429e-01,-4.766161939283883875e-01,1.588690875573663064e+00,1.000000000000000000e+00
6.558653048523325202e-01,1.412171912381466887e+00,6.237858028473807215e-01,3.535965468019182101e-01,2.151672085831651149e+00,2.068935217139058480e+00,-8.091574649566446453e-01,-3.457502954344509605e-01,-1.591025997626846156e+00,-8.551236451173002129e-01,1.730606382774654506e+00,-1.747731797893608441e+00,-1.102761500391931659e-01,-1.736321560672078546e+00,7.829079347415247581e-01,-2.575648873683185625e-01,-3.073117456461330055e-01,3.987760430106755405e-01,1.286073305970419023e+00,-1.741370198498177979e+00,0.000000000000000000e+00
2.299005589902885838e+00,9.527299366530895819e-01,4.312914675233952000e-01,-9.591043178100081557e-01,-7.300534129327882482e-01,1.161635168529806250e-01,-6.609304355624677774e-01,1.968207381749535745e-01,1.015943352802545885e+00,1.693645145115930006e+00,-2.919913157480027444e+00,-3.737981993170249040e-01,7.614033188614905967e-01,-3.998902891911069735e-01,-9.511861771330957227e-01,-2.854844370857248514e-01,-1.588135151188969196e+00,6.694950187226139660e-01,1.568784366238426209e+00,6.679385943710907519e-03,1.000000000000000000e+00
5.566161719512578987e-01,-6.497250046241405397e-02,-5.753590733719751160e-01,3.563200277769171948e-02,9.526972772283471835e-01,-1.358827294474065361e-01,-9.821894352582065668e-01,-1.312013628259003806e+00,-1.389458286556080058e+00,-2.369614343825689196e-02,-4.527244581234317611e-01,1.018154216751253838e+00,-4.918866128749324607e-01,-6.263781374678453195e-01,-1.599457506280578256e+00,-6.228116865211413833e-01,-2.294796808798358789e+00,1.463328154570933126e+00,-3.795186950768873468e-01,1.102168614309105843e+00,1.000000000000000000e+00
5.643757023641997606e-01,-8.169748361718927043e-01,-5.376068897652858114e-01,-8.704845424969624990e-01,-3.511255309942096781e-01,5.133287856864601206e-01,-7.060200311003375084e-01,-3.561194565976099069e-01,5.034148132573466883e-02,-9.347650690447676380e-01,2.799574948566148080e-01,1.789209124759794767e+00,-3.836097020439047101e-01,-8.610736368896616810e-02,3.079221015377485160e-01,-1.433821482397505953e-01,-3.922694175529698457e-01,9.453906312690361080e-01,-3.409241673686326801e-01,-6.597998807432733370e-01,0.000000000000000000e+00
-2.690639144346281819e-01,-3.566932664573686795e-02,1.480696340545275547e+00,-2.452945515239209062e-01,-1.441757438362801791e+00,7.492361849380846373e-01,-2.490478875625983246e-01,-5.813224692457755749e-01,8.556239156245828426e-01,-2.267411292582025006e-01,2.931000841671358437e+00,-1.623794847361092752e-01,6.379049022648048961e-01,5.270034832422191423e-02,-2.057484195256670922e+00,-3.041456279114052030e-02,-1.488771608875285812e+00,7.436633404268236935e-01,-4.820796264755851102e-01,-8.457625740468915909e-01,1.000000000000000000e+00
9.531228319966474904e-01,6.757238466292501133e-01,3.607908936219288432e-01,4.922669514528400514e-01,-1.175758323743104627e+00,3.314573440652403974e-02,-1.095288286604317873e+00,-2.420318949347493920e+00,-1.772116092973409496e-02,2.694085012550263780e+00,-9.474168974159916656e-01,9.670435330659172823e-01,1.832746024678098662e+00,5.800816874809492374e-01,6.054277475319759239e-01,-4.922568903346439262e-01,-3.900196751965998021e-03,-1.241014336337076598e-02,-2.668224899624427882e-01,9.623272985968648330e-01,0.000000000000000000e+00
2.044405982316020776e+00,8.059335757551988610e-01,-2.073989478067424841e+00,-1.247841578248157779e+00,-8.807086778774484426e-01,1.390821787112946684e+00,-6.451089994933830729e-01,-1.174249211819935246e+00,7.355211841094133618e-02,-9.069570778975888370e-01,-8.481659026307458715e-01,-1.321443675297501619e+00,-8.579952863489448411e-01,-1.031076485397235398e+00,8.173181971959347925e-01,-9.193009448967275066e-02,-3.953158438664770014e-01,1.046678355484913725e+00,3.779216908729266522e-01,-5.155723367102538202e-01,1.000000000000000000e+00
3.046748483448235567e-01,-3.223580864503935439e-01,-4.296717439150553042e-01,5.649480492639079587e-01,1.988449250765959020e-01,-5.042388051977503283e-01,-3.255687645033142341e-01,-5.118742025221004743e-01,2.840650903764408430e-01,6.707709196450858391e-01,-5.722138143035644386e-01,-4.797949888959650577e-01,3.272977343347188012e-02,-2.338737476780927693e-01,-6.413069131369543152e-01,-7.559960255153130859e-01,-9.220796342105113119e-01,-8.495942201577509900e-01,-1.461638911722630940e+00,1.436162745452704559e-01,0.000000000000000000e+00
3.645316505449646693e-01,3.395798237421168153e-01,-2.071875191774618763e+00,2.636710191322135355e+00,-5.439118894849926944e-01,-1.306939183936666193e+00,-4.351897488875429154e-01,-1.020992159038601521e+00,3.100416434729834081e-01,6.766726663929952812e-01,-8.307398020135564609e-01,4.877846376200829503e-01,-7.391736750565053304e-01,1.369416730871126642e-01,2.843276998744791451e-01,5.563725009475575245e-01,-6.654588704027014634e-01,5.809032653335136631e-01,2.771593226539454391e-01,-7.762185368499031624e-01,0.000000000000000000e+00
2.429955117633019190e-01,2.055823092226392035e+00,-8.750050799130774937e-02,4.236478988980230120e-01,9.844942679595545254e-01,-1.078635256413228660e+00,-7.733612856729547014e-01,2.305131674013722876e-01,2.576710178351225178e+00,-3.612201504608752445e-01,-1.123759418117648012e+00,5.046727695952936132e-01,-1.230716975234831034e+00,4.611854559004575915e-02,2.127730536883621681e+00,-8.826949724933808028e-02,1.646338032778440263e+00,7.072784733213325348e-01,1.611109382441996141e-01,7.119332395176474204e-01,0.000000000000000000e+00
-7.773795755505754634e-01,1.367715143680756640e+00,1.030627104561376628e+00,-9.389605369594395956e-01,-3.334529999110066867e-01,-8.306735294086946553e-01,-1.659510572851480736e+00,3.882421000609032058e-01,-4.353400476978995237e-01,-9.947132510841131259e-01,6.367422129520780016e-01,1.123898197402086740e+00,-4.213525778331415617e-01,5.032304953014272719e-01,-7.951616262646431510e-01,-6.339446262869532500e-01,-2.576877122902906381e-01,-1.160228459914258936e+00,-9.698576583969683584e-01,6.868397697025520332e-02,0.000000000000000000e+00
-1.241496794998097342e-01,-1.678548812280760971e-01,-1.908103616701092298e-01,6.904129785301256206e-01,-5.735272637962414155e-01,-7.022208521216835031e-01,-3.802551793800388324e-01,-1.132232159047340314e+00,9.692633847235393452e-01,5.748555783023245880e-01,-1.992935841779541750e-01,-2.771977743667257757e-02,5.883431722346248449e-01,5.702556226025871089e-01,6.596637951515604836e-01,2.982176496451143799e-01,9.600229310333107113e-01,-2.265664738232524567e+00,3.990567292011167888e-01,8.624126497283649551e-01,1.000000000000000000e+00
-2.098046840108884759e-01,1.962830335285969952e-01,1.101404875518956716e+00,5.792332594824864955e-01,-1.763547810389038684e-01,-4.268842956763359009e-01,-3.521736834006430200e-02,-1.074662238201216757e+00,-9.702587779933719014e-01,1.087880047673123046e-01,1.447640140207381743e+00,4.997045266246409323e-01,3.315283321016750384e-01,-1.047255407227978052e+00,1.379950299065604513e+00,2.265465237008618959e-01,1.943961788702881943e+00,-1.342773068186047691e+00,-9.305134374832413346e-01,1.591861228610195855e+00,0.000000000000000000e+00
2.949192570015174431e-01,-1.450017799449877520e-01,1.218803681778380055e+00,9.609186566588641121e-01,-5.415253974871685472e-01,1.582341175254472487e+00,-1.774455208201199397e-01,-1.993464238769812047e+00,-9.783329802606810510e-01,-1.292935200454904843e+00,-6.451222779201593038e-01,7.957520000089424173e-01,6.022839430557352935e-01,1.402476152424172895e+00,-8.796109757784943417e-01,-9.371932955547639110e-02,-4.791687534902730472e-02,-2.144469545051368997e-01,-5.623215833643575579e-01,-9.996886539154907492e-02,0.000000000000000000e+00
-4.659736195899495392e-01,-9.696153182802877968e-01,1.095803870469147068e+00,-1.344727619813683439e-01,-3.626321064579058895e-01,5.232799674985573191e-01,-3.148302304060034973e-01,-8.570384553935115335e-01,-1.083644715372939604e+00,-2.188074896604156994e+00,-5.335303373155293460e-01,2.298972622945831268e-01,2.199714154636949193e+00,-4.362186136285838289e-01,-2.089750024950612683e+00,-1.357875792330449194e+00,-3.132301210884336773e-01,-1.380099434665682245e-01,-1.115657869667091129e+00,-8.631910665845841102e-01,1.000000000000000000e+00
4.284343657372694514e-01,2.578252440318383187e-01,3.003850417571053422e-01,5.970788321826222544e-01,6.357452252846865770e-01,-1.024392241376987700e+00,-1.870312912304925301e-01,6.058481289266722802e-01,-1.859662261305587538e+00,1.039267125004578046e-01,6.022372390871736370e-01,5.319828133909551005e-01,-2.367462369269059119e-01,1.955245087096189882e-01,-6.417989871968493576e-01,1.189968284694627787e+00,8.880279677163507301e-01,5.948687008554487399e-01,1.192450248147658654e+00,2.574547004897798641e-01,0.000000000000000000e+00
-3.228613681784033851e-01,1.047992020822792414e+00,-7.994780961943044328e-01,1.951764443187988252e-01,-5.534864969990012096e-01,1.834799070940820731e-01,2.097049794044643090e+00,1.365882459345259259e-01,-4.266492973374466091e-01,5.407328222384309990e-01,-2.131756314810130948e-01,1.939435634993788460e+00,5.058000033888258029e-01,4.754368125052584743e-02,-1.189088974537975130e+00,9.140398087495864576e-01,1.541760469748413964e+00,-1.744848444384941855e-01,5.059441417163358379e-01,8.323210700036349774e-01,0.000000000000000000e+00
1.751167293053734197e-01,1.745183755974482720e+00,-1.057467901503093444e+00,-3.293793890635245081e+00,-5.118934861895217958e-01,4.053635478635591038e-01,7.011191322894877453e-01,7.875238031138589445e-01,2.202209894953595537e+00,-1.333546856411748749e+00,2.350673053702697413e+00,-2.248722125482128131e+00,-6.532344768045347805e-02,-1.748283859628225967e+00,-9.472658756898763022e-01,-5.020540125821675304e-01,-1.735233048883543239e-01,-4.416182049420906974e-01,-3.410976016592289217e-01,1.079120030680618569e+00,0.000000000000000000e+00
-7.417200838099231586e-01,1.127869287664585940e+00,-1.344022772444903424e+00,1.486583797388871253e-01,-2.039364981271841515e+00,2.649167398636479431e-01,9.954741947575636019e-01,1.539188337391138139e+00,-8.528503981015966851e-01,9.043907092697406336e-01,-3.488670828422473780e-01,1.872862114280921197e+00,-9.223920761981202476e-01,-4.072627647355564484e-02,7.523424754526072400e-01,-1.684647733159725172e-02,6.911861068733579638e-02,-7.321596308669320319e-01,-1.823975340514456256e-01,1.447638730032955845e+00,0.000000000000000000e+00
6.634360892113333463e-01,6.435211954895240227e-01,5.215115428162772071e-01,-7.462685341311269260e-01,3.462854835088426952e-01,6.012540398882788573e-01,2.217038450568557806e-01,-7.620411819456385238e-01,1.110768005662681190e+00,-7.267898833621119214e-01,6.812083822984976722e-01,1.171090468947867835e+00,9.253481783856178922e-01,-6.958389689114979904e-01,-1.965918963622944882e-01,-1.174558271668028203e-01,-2.137687798632654512e-01,3.989691893580726845e-01,1.322391642712785441e-02,-2.545840111127812389e+00,0.000000000000000000e+00
-9.997797868764628226e-02,9.621490025605697882e-01,1.780948307573193112e+00,-7.932464059291428615e-01,-2.339770866305434183e+00,6.908423076862076906e-01,8.355737518285822896e-01,-2.208984979818806593e+00,-1.505213621181194839e+00,-3.245668486016446697e-02,1.351503704466886467e-02,-9.507030018716196018e-01,1.768169480787110004e+00,-8.605308695134249453e-01,2.149653687380101985e-01,-6.522191888654583769e-01,-1.842276913345796574e+00,-1.091886894787704732e+00,2.076914095539128091e+00,-1.407836758227083207e+00,0.000000000000000000e+00
-1.221062862991507236e+00,-2.625288442583105161e-02,1.902728693335959287e+00,-8.898610668044640848e-01,7.978474530519321650e-01,-1.497803605675794292e-01,3.186772693223259845e-01,-5.820656361649181321e-01,2.724722991939330652e-01,7.123054936745787380e-01,3.959577401449232426e-01,-4.714292477172788431e-01,-8.580194601624788753e-01,-5.984620971351795049e-01,1.331563069165247137e+00,1.024194920583666235e+00,-3.204563997723305357e-01,-2.889580129310816425e-01,-6.231183162372151418e-01,-2.659615865395074663e-01,0.000000000000000000e+00
-1.959854661498770245e-01,-1.175690163840547725e-01,-8.233781126080342849e-01,-2.318122988513690863e-01,1.295307428672074490e+00,-2.329945112879638555e-02,-5.087234084197843620e-01,8.004192720012606177e-01,-1.478348928848722377e+00,-7.171548764970699930e-01,1.704195265631082146e+00,-1.020663870502896309e+00,-5.703435007367704257e-01,-1.792519891965523859e+00,-5.398861533404067936e-01,9.045914317023776574e-01,5.538308096321913343e-01,-4.814929669273733670e-01,-5.671931920011589190e-01,-9.415321731070633859e-01,1.000000000000000000e+00
-1.614570474322807314e+00,3.198321082876919713e-02,-3.609151482556104962e-01,1.611368863756346970e-01,5.496039907384578926e-01,-2.985021070416853384e-01,-1.025349303791771582e+00,8.561503074917867773e-01,-4.104311152763824300e-01,7.149378594357913563e-02,-1.582035708974328214e+00,-1.157033921925619824e+00,-1.217975894556643235e-01,-4.845785235927399515e-01,9.944452610852243524e-01,8.028399664662266844e-01,1.851804285372325998e+00,-1.872275138609340583e-01,-4.760632387673326138e-02,-2.601798003783716614e-03,0.000000000000000000e+00
8.202435905922086379e-01,-3.004636376866158809e-01,-2.138947583769819971e+00,3.030288118286073029e-01,6.375831957998171484e-01,-7.360614589637363148e-01,-6.967169706663781659e-01,1.524173865592979737e+00,-1.131279534979765744e+00,-3.227176245356711548e-01,1.394072718878530903e+00,-6.422591041864472716e-02,1.673957541989895770e+00,8.489653721425084454e-01,-1.341837451972265338e+00,-1.839072532832491058e+00,3.562536260004471322e-01,1.286653852407889653e+00,1.260842314668999986e+00,-9.906533003826415440e-01,0.000000000000000000e+00
-7.105155764858890333e-01,1.523496673825942782e+00,9.509241489013312010e-02,-7.435546956232267357e-01,-1.499643696717119612e+00,1.340288426559659851e-01,-1.133060364652199725e+00,-1.229183323851553850e-01,-1.224145881456070173e+00,-1.651900428270683396e-01,6.247772254297515593e-01,7.599225716673767561e-01,-1.450757757008249493e+00,-1.297579385311633970e+00,1.215930327193511795e-01,1.017383269268901658e-01,-2.704032203575278404e-01,1.084731318277802892e+00,-1.546387751647008424e-01,1.216467400763270312e+00,0.000000000000000000e+00
-1.620854768626168063e+00,-2.680484229832392207e-01,2.349963141334510119e+00,9.203924172410962168e-01,5.962807179004572244e-01,1.980120994784323463e+00,-2.118177467212453702e-01,-3.651250887926715816e-01,-3.033832980342515140e-01,5.652390924905237313e-01,2.247025886722580079e-01,-1.968025983970247972e-01,2.306484054958401142e+00,-9.554037733798331766e-02,-4.248981822376931006e-01,9.928437034386604632e-01,-1.472972901888476516e+00,-3.697675886031501769e-01,1.371683520965053527e+00,-1.544831645018123645e+00,0.000000000000000000e+00
-6.468396523658807018e-01,1.131876180184410718e-01,-4.156710232373642122e-01,-1.132468633445961714e+00,1.681811645593516813e+00,2.739620210860420624e-01,8.315056778209628519e-01,7.744640870584960923e-02,-1.092275741948916190e+00,1.725991969727680431e-01,-1.887347679939455070e-01,1.343400720760448419e-01,2.100241903763627516e+00,1.028322037456610660e+00,-4.341838561489732573e-01,-8.143888922493272009e-01,4.080213335641691974e-01,-1.283396799034174585e+00,2.260539720341254721e+00,2.287598858129246404e-01,1.000000000000000000e+00
-1.042888990665473914e+00,-7.747485971319926223e-01,-8.306382459655294870e-01,1.960287649971556023e+00,1.353398062629881604e+00,-1.193062530503143481e+00,-2.289122746840125677e-01,-6.018697788240766622e-01,6.704070273637845190e-02,7.386297470004924426e-01,-1.813551818123074533e+00,8.772885755685646547e-01,-2.680849707347652822e-01,4.559331523486985782e-01,2.208163211626040512e-01,3.073645453049865806e-01,-1.467869641834344874e+00,4.564385497642298173e-01,-1.117498309624773922e+00,1.043211695377865622e+00,0.000000000000000000e+00
-9.399780365464186493e-01,-1.753505722848116011e-01,-6.452146832520837538e-01,1.096954703220357263e+00,3.287240959229849935e+00,2.603540431511436326e-01,-3.509921052380721718e-01,2.942041526585079114e-01,1.862510277433012451e+00,-1.389196005177572246e+00,-3.919110063753690198e-01,7.180552721368133051e-01,-4.795832984913336872e-01,-5.016073836410155085e-02,7.819843219547973900e-01,-2.480645803984361797e-01,-6.683087903573816657e-01,2.771685828556750275e-01,8.941873181626330824e-01,4.226563397815517042e-01,1.000000000000000000e+00
-6.679002227100624967e-02,3.399660506498517476e-01,-1.506252616153642976e-01,8.623445908376717872e-01,-1.589075327541805693e-01,2.409100530796272621e-01,6.322429236303679367e-01,-5.173420682278359051e-01,1.098762633759609170e-01,-3.592523948478121842e-01,-1.498182216082575013e-01,-4.121965168861445594e-01,1.696414376286749792e-01,-1.778680582625641549e+00,-4.372969091632178951e-01,4.423723452052619187e-01,1.211431735751413274e+00,1.286890851598143648e+00,5.342092815780410398e-01,-1.297565763199506339e+00,0.000000000000000000e+00
-1.141052248861614382e+00,5.748177879799793999e-01,2.706888179298466923e+00,-1.146560270837313711e+00,-1.521640742292926507e-01,-5.432333747956141767e-01,1.376704933263517061e+00,-6.226585718322937835e-01,-3.993695183343527744e-02,1.878381693379049366e+00,-3.585950862912274384e-01,-1.347465228682966254e+00,3.749215677204752462e-01,-9.162486389312191060e-01,1.080445890949058019e-01,2.559255617791040271e-01,-3.445165416043463602e-01,2.278524807666409746e+00,-2.082051638589093590e-01,-1.122525719339159345e+00,0.000000000000000000e+00
9.991502682235687827e-01,-1.450365764074564412e+00,6.432798540520110464e-01,1.183061862583054458e+00,-1.064105552055577331e+00,2.641574872027355192e-01,-7.448776430426532480e-01,1.027854834963132902e+00,1.497737745706852142e+00,-4.131230637806680983e-01,-1.515189272156484801e+00,-6.498338270890862134e-01,-9.129128334377435428e-01,8.918427845938341481e-01,5.402493275679344231e-01,-1.016954776936366711e+00,-1.795228209861874147e+00,-1.312709918363706763e+00,1.385598602772983648e-02,-5.999501985359181888e-02,1.000000000000000000e+00
9.866578613466004954e-01,-6.278608849504002665e-01,9.035048903531832654e-01,1.992041702145961990e+00,-1.090966966979855401e+00,-9.985853832870097424e-01,3.178263258817465853e-01,-1.273526891851194977e-02,-1.720067924265719639e-01,-8.826969515829495849e-01,8.160819762727323790e-01,-6.895563401026812977e-01,9.952082165692347493e-01,2.833545329959886727e-01,-7.829852442342591923e-01,8.361353803552017405e-01,6.415503442260368505e-01,-1.669632665162374685e-01,-8.469981455484130173e-01,1.172560418736588866e-01,0.000000000000000000e+00
1.309272715965662304e+00,-1.258573062237698659e-01,-3.848157759979045078e-01,-6.954116044794909079e-01,2.056930979950373217e+00,-4.971680560364562518e-01,6.125239738411752954e-01,1.836912660775091022e-01,-7.007229746298114792e-01,-1.701020491038841342e+00,-7.991437581598819992e-03,-1.417776454234505490e+00,3.010767136039906311e-01,2.004454269808338962e-01,1.605459273390410724e+00,4.105437277589084610e-01,-1.071474831937228478e+00,9.469778816530606269e-01,-3.303654851741241738e-01,1.234916381496538929e+00,1.000000000000000000e+00
-1.860442076260717448e+00,-1.759469749651091097e-01,2.894149476323876757e-01,-2.134499786302364865e-01,-1.284713700331469380e-02,-1.570630214679519590e-02,-2.253551570474134902e+00,1.095881502246335959e+00,-3.724566793027168643e-01,4.933776302636454503e-01,-1.094782480542582537e+00,9.138725500067305108e-01,8.358647067876698311e-02,1.125364740170845534e+00,2.717340874333064038e-01,1.019497263387013186e+00,-3.802362420677654620e-02,-7.349211543825276971e-01,-4.547775207165705158e-01,1.797781593381823528e+00,0.000000000000000000e+00
-3.358328446712913196e-01,8.613488820855218497e-01,-1.760336526940805779e+00,-9.730038120588452299e-02,1.323061908684003640e+00,-1.115972796343571494e+00,-1.142037070611375826e+00,-1.248266290766092190e+00,3.976955566613648574e-01,1.436596928825798036e+00,1.018915569784873520e+00,1.481478636583815067e+00,4.297942467857164828e-01,7.558169922591727596e-01,2.447601284320152892e+00,-1.689305996662013198e+00,3.193360407229134390e-01,1.046867623158203253e+00,6.122872274361841338e-01,-3.986267736903204573e-01,0.000000000000000000e+00
-8.122404091135771997e-01,2.389867702777445369e-01,-7.475005517257045096e-01,-4.934468061809246242e-01,2.071446253558336448e+00,-8.732752340121479051e-01,7.807298793448578245e-01,-4.634818108932108882e-01,2.667130002016273593e-01,2.261522456152254890e+00,-2.999614027880306844e-01,-1.575596013958298514e+00,5.763216180110304343e-01,-4.658052357063636184e-01,-7.606133487120056991e-01,4.753184813996645386e-01,6.834518666758286898e-01,4.317202093491049331e-01,-3.600580770357713623e-01,1.917485992270533401e+00,0.000000000000000000e+00
1.145641963790004603e+00,-3.978580089834850009e-01,-8.715307975722342837e-01,-1.616422507666778752e-01,1.163992068925462808e+00,1.075981534763874453e-01,-7.329445679768200606e-01,2.642356315120785171e-01,6.908238640274306785e-01,9.137076085362375588e-01,2.029063655492451712e+00,2.628592232506600235e-01,1.722016059923381137e+00,-1.112684118513955545e+00,-3.381316668241519663e-01,-3.572224643166118874e+00,3.340338744645612867e-01,7.059328724116596954e-01,-4.295488998579057860e-01,-3.769536021299149664e-01,1.000000000000000000e+00
4.180824318006126639e-01,-1.281142825038606325e+00,6.817277220333983756e-01,3.540549163022553569e-02,5.958260516183476740e-01,9.811972309009910909e-01,1.113628939110753224e+00,-1.446411987247748110e+00,-9.482857664335729853e-01,-1.679178262517324466e-02,-5.215065690867068948e-01,4.643944243233692482e-01,5.058015160530832111e-01,-1.486883178301090236e-01,1.206214503745434596e+00,7.380126092192514919e-01,-1.640416213260717848e+00,1.296450430320458258e+00,6.523556079458415757e-01,-1.173021887882079062e+00,1.000000000000000000e+00
-1.316795627357222331e+00,3.567219348832953996e-01,1.538107230351728694e+00,9.067864269365056851e-01,-2.085744836913437705e+00,7.134063292247475596e-01,-1.256776174002807167e+00,-4.236503814431127335e-01,-7.372731911905264779e-01,1.624085464344868113e+00,-9.802018836924619727e-01,2.903407245621160149e-01,3.514555571343591645e-01,-1.140923729779498963e+00,-2.232744843828806669e-01,9.198685785339463239e-01,-1.054515955802093480e-01,-7.944845725435902839e-01,1.553590289889823728e+00,-2.107364982827405697e+00,0.000000000000000000e+00
-6.856318655918843818e-01,-7.805541890169900299e-01,-2.589708780314439185e-01,-1.348731609327834091e+00,-1.632005844244211579e+00,7.063531721633428129e-01,-8.623564240687667803e-01,-2.820936733848542488e-01,-1.548573017998666757e+00,-6.599446383144301487e-02,-1.191883955502880621e+00,-1.124212674769829112e+00,3.616677837388641015e-01,-1.080277043484963784e+00,-5.212731031589733499e-01,-2.209666088835813558e-01,-7.092277894906514613e-01,-2.595108048997874506e-01,-4.612319864397254610e-02,1.136409184262570538e+00,1.000000000000000000e+00
-1.142774245347811801e+00,1.368047401445729783e+00,3.673567176404508028e-01,-5.440169926494434205e-02,-1.729856304140543699e+00,3.996742871261076968e-01,-7.574165763845714938e-01,-1.455465311822835117e+00,-8.699059748217251586e-01,-2.005320258135019351e+00,-7.874757239162427647e-01,-1.780673934103660094e-01,-3.814016996229992462e-01,4.031133646760100553e-01,9.474648473668730864e-01,-1.160784547320199006e-01,4.576768259820338525e-01,1.404891457400442523e+00,-1.449467434894238460e+00,-1.573393671704903740e+00,0.000000000000000000e+00
2.892904658826008779e-01,-4.367599658318732647e-01,-9.689709837740180243e-01,1.270802077898159022e+00,-3.146380754061003926e-01,5.450577440311183963e-01,1.496081204283557231e-02,4.077232035169879865e-01,4.597056449863147140e-03,-2.661259455338846891e-01,-2.053980187943787783e+00,1.385714732510761271e+00,2.492752216978440405e+00,-1.409794560409665942e-01,7.991538645878375480e-01,3.223801017404444580e-01,-1.263890343589049392e+00,1.842258550814338314e+00,9.770098331083245657e-01,-5.305162070961868537e-01,0.000000000000000000e+00
-1.462903246567154980e+00,-1.722556194360260751e-01,-6.286380962109742176e-01,-4.664036928248996294e-01,2.660534432465945787e-01,3.318194038939468182e-01,-9.093628538688196539e-01,-5.107466227081228771e-01,5.337728655152511603e-01,9.014926320820065841e-01,5.724800951171113983e-01,-1.343463669179509212e+00,3.988001705541659447e-01,5.020650883405439746e-01,-3.591876407272969196e-01,-1.070175952806089875e-01,-1.412852067535472989e+00,1.029542268060184840e-01,6.073364783148578472e-02,4.400709837628044019e-01,0.000000000000000000e+00
-1.498765892050415438e+00,-2.021638546984774187e+00,2.210276730958962987e-01,-6.341118765469191954e-02,4.978755091277947686e-01,2.086763771536584766e+00,-1.447415855810696872e+00,9.145226812894149959e-02,-1.507547734053145960e-01,-5.512681937236185714e-01,3.121311483872054593e-01,8.884321033843275428e-01,1.082475678981175138e+00,-9.052523833159101252e-02,5.168026086423507248e-01,-3.978616885065409114e-01,-1.586046020499134235e+00,-7.446309843798737393e-01,-3.830691781433976928e-01,-7.705455276674351150e-01,0.000000000000000000e+00
-8.840413554689317832e-02,-1.025553806818324531e+00,-1.333530662134204237e+00,-4.451111092309444350e-01,7.722965388608000747e-01,-9.502378308082639613e-01,6.153793915483728172e-02,6.330958678123441707e-01,-2.442858824302620857e-01,2.161608091475999971e-02,-1.517014021118691103e+00,1.177511577571709989e+00,7.015885646155748390e-01,2.107630103022813672e-01,2.405008464774670562e-01,-3.660184212879708521e-01,2.631753042291182787e+00,6.047651871815373781e-01,1.587618004167767438e+00,-1.140918709674049042e-01,1.000000000000000000e+00
-1.807728044721150118e+00,-6.491210625335545048e-01,1.161838620667019040e+00,3.536881171678724067e-02,5.642366610094924628e-02,-7.687778305343247187e-02,-8.352197692711608168e-01,-1.328117556138090904e+00,-6.911999532094134646e-02,2.888214854589383762e+00,1.479909390957741211e+00,-1.873523355269993251e+00,2.161103210336861924e+00,-7.828542040225895393e-01,-4.785050941940685032e-01,1.504881089364555891e-01,6.200920609250234472e-01,-1.763499930661110549e+00,5.369239997222575722e-01,1.901997738295475582e+00,0.000000000000000000e+00
3.133665107330892430e-01,-5.091766131814829954e-01,-2.634925261661179019e-01,1.284484642308791225e+00,1.086261957291587033e+00,-3.494712035850554011e-01,-1.626723509378433130e+00,5.693215970585030483e-01,-7.355198419867116366e-02,1.251601236233714110e+00,-6.949006594225464184e-01,2.454965747801605702e-01,2.888095298209009121e-01,-1.813333982645757292e+00,2.661827458495316101e-01,1.778562199777669606e-02,-1.668347947872085735e+00,9.259709623182774685e-01,5.626015625555451025e-03,-2.039789585745004352e-01,0.000000000000000000e+00
-4.893488214297336131e-02,-1.117329821064449780e+00,2.339412475366085875e+00,1.285891194985022468e+00,4.847342945778049250e-01,-1.134784824926259317e+00,1.922860889042724786e+00,1.252920754149699833e+00,1.712933929780132480e+00,-1.079253179578089528e+00,-6.490337715815598374e-01,7.156289083164780740e-01,2.169916856051644360e-01,-1.100542541788571915e+00,-4.824544591758299639e-01,6.016001825660714786e-02,-1.317491462263949309e+00,-1.385931249483094874e+00,5.848087361810531126e-01,-3.066409311466455900e-01,1.000000000000000000e+00
-9.064412875840678341e-01,-3.336856972845220204e-01,-1.247642863336865027e+00,4.455343634463035940e-01,1.440965640965884864e+00,1.280889834513821157e-01,-1.337592956149610934e+00,-4.027391352174031214e-01,4.959702986059402741e-01,-1.099600937368851561e+00,1.145536695581846676e+00,-2.693147955744100042e+00,2.148339466465122083e+00,2.820703995977187351e-01,-1.614106769819878551e+00,-8.745475880198144703e-01,-8.720866127983827321e-01,5.257186836763679816e-01,5.766056482608275698e-03,1.686580215086469492e-01,1.000000000000000000e+00
-8.963608205412778585e-01,2.061470261429198647e+00,-1.632705708283562485e-01,7.698251421749658929e-01,-5.175069900175097715e-01,7.904470334177485791e-01,-3.054012126647032144e-01,-2.296878904807391486e-01,-1.568694546806479684e+00,1.102770943413036386e+00,-5.100626964840373478e-01,3.225465448198053808e-01,-8.323535060074114256e-01,-9.905904533556711966e-01,-4.585154681849108044e-02,-5.297028973786038764e-01,5.627845715313469777e-01,1.761744171127422320e-01,8.034688256103542647e-01,8.070512896043319229e-01,0.000000000000000000e+00
-1.068344204814217352e-01,3.263930457464598867e-01,-4.236840223365824221e-01,1.265966952833243342e+00,1.336093783362440890e+00,-5.083312394095277353e-01,5.884039266057982109e-01,-7.619778750774579279e-02,5.572753377318261370e-01,5.612646999673532866e-01,6.465821061928120339e-02,-2.812512903998654612e-01,6.585523696720610998e-01,-8.439038936237548416e-01,-1.462891365327328996e+00,-3.699924982567715515e-01,-5.768595334317710988e-01,2.369177194931080532e-01,-1.072954047604920413e+00,7.373194994103744217e-03,0.000000000000000000e+00
-1.714449500611918253e+00,5.241530310158811767e-01,-6.864057196754010937e-01,-3.587775574743586326e-01,1.229002280444993350e-01,-1.042147949479447361e-01,-1.352374043568225215e+00,-2.498535706871106987e-01,1.124065462330215537e+00,2.213030881213266798e-01,-2.033997757882293200e-01,-2.342192521431108787e+00,-7.278439247907522724e-02,2.379828842031361802e-01,9.482883350497310904e-01,6.773088303105253560e-01,7.908513570471067400e-01,-6.118502397964193928e-01,7.372268135948493173e-01,5.014828437177289988e-01,0.000000000000000000e+00
1.047641354964431892e+00,-1.414706519261919482e+00,2.010430934875699460e+00,-1.612504172555653814e-02,-8.483521329540927303e-01,8.883727122849757185e-01,9.145861658377644199e-01,1.814415359632841063e-01,-9.934222106253822737e-01,-5.824139834514462377e-01,-1.210872573456118206e-01,1.481587951918340140e+00,6.148322504936449828e-01,-8.998578375883051761e-01,-1.380454426478729124e-01,-6.053910685676179293e-01,1.563930020187154657e+00,-8.618226381762633670e-01,8.269577309027040246e-02,3.235521791408959014e-01,1.000000000000000000e+00
7.342997179948477227e-01,9.798539637885627096e-01,-4.253831244036888615e-01,-2.921188587748335674e+00,5.906475219831288648e-01,5.346811880114221704e-01,3.520443343883739584e-01,-2.336621881460768879e+00,8.933655208712439899e-01,-3.070203098719798684e-01,-1.009939804842869382e+00,5.896408707941104277e-01,5.635011664683560462e-02,9.231223765860907537e-01,1.266866920040176536e+00,-2.662761089701708883e+00,5.146045819260276488e-01,6.714434878706426746e-01,2.643307018400192221e-01,4.340154574567072765e-01,0.000000000000000000e+00
1.221821363597687254e-01,-1.853000164763458191e+00,2.801822408721896945e-02,5.245477826288019729e-01,-1.314361857635200359e-01,-8.440171678040027381e-02,1.040600214904410015e+00,1.186883395359041860e+00,1.208833791001155289e+00,-1.032506015451029935e+00,-1.365904476036081450e+00,9.872324202574290775e-01,-6.865331468697253303e-01,7.134892091875703057e-01,4.095138652232140353e-01,3.286926470001252931e-01,1.237261730643400282e-01,3.424137377359342538e-01,1.179770380173439825e+00,-3.739646145454667558e-01,1.000000000000000000e+00
-1.829589607979471289e-01,3.911644839366819060e-01,3.093206672188201778e-01,4.255258851462121461e-01,-7.083361134272786463e-01,-1.021621411382950928e+00,9.452057806787712568e-01,2.350754716158592328e-01,2.698593291850741593e+00,1.466868428249622047e+00,-6.959186597513314920e-01,9.051897565882008334e-02,-1.026751639087079004e+00,-1.121025973375218365e+00,1.090860072754470389e+00,-6.603384985125956286e-01,2.411748408987581360e+00,4.739671982631390446e-01,-5.404499432928850516e-02,1.183061069754210853e-01,1.000000000000000000e+00
5.554567812614342737e-01,-1.570623851086728973e+00,-1.832372671834496536e-01,-1.499207546480614717e+00,5.945071522231054617e-01,6.519663520116025790e-01,-8.355993213972401357e-01,-1.367193469330470368e+00,7.007242014960227694e-01,2.278683842638841786e-02,-4.276763202040462231e-01,-3.979182384668475958e-01,-1.235102637891850375e+00,-1.858227756751129334e-01,-5.152785658137016833e-01,1.203478323447490617e+00,1.206173977608498760e+00,-4.375575222956944871e-02,1.486323871915087080e+00,-1.710647633163522308e+00,1.000000000000000000e+00
-6.984950134435753411e-01,6.852569283294059899e-01,-1.694492829062569816e+00,-1.371176900435246981e+00,-1.448540219477540969e+00,7.212711171670603827e-01,1.764218280580662546e+00,3.825922936128380858e-01,-6.609759098326881688e-01,9.516214835176469711e-01,5.255644402935045756e-01,-1.030030994207448147e+00,-8.355664926663094461e-01,9.173770734831833140e-01,-8.617620268243925130e-01,-1.254808727483771369e+00,4.560764955775489238e-01,-1.067407735704413385e+00,-2.549912383249201220e+00,5.690990713593554462e-01,1.000000000000000000e+00
2.041855763991582695e-01,1.966006474954004324e-01,-2.628883344370577024e+00,-1.210862270128175044e+00,8.830154006063003491e-01,-3.261495140558109407e-01,1.429491584983701546e+00,-3.847022227115038870e-03,1.842006922780149158e-01,4.285515676312569022e-01,2.124639802157421986e+00,-1.502597026064989016e-01,-3.145532180215447893e-01,-1.876610262764014381e-01,4.017691194885392725e-01,-6.263142624053436025e-01,-6.480079280151607168e-01,1.429369991581054489e+00,2.747761600252118797e+00,-6.781105759372152431e-01,0.000000000000000000e+00
-2.771402904596266814e-01,1.883251328407310465e+00,-8.989047735421152874e-01,8.928925695300337084e-01,-5.455680674865384105e-01,1.016663859967009836e-01,-1.335511852162338687e-03,2.204870343568401392e-01,-1.923748961165937799e-01,-1.484373799144926176e+00,-1.778927953349223046e-01,6.940966008389243269e-02,-7.239580228163315923e-01,-6.383250401128139073e-02,-6.774932047661339496e-01,-2.305838229544315554e-01,3.167917577950083996e-01,-1.740810051952217385e+00,-3.477858250095673398e-01,1.537736080213230050e+00,0.000000000000000000e+00
-6.642375016242951791e-01,1.691420681050094244e+00,-4.988308560412524906e-01,2.233145306783855255e-01,-1.552704553331489379e+00,-9.632473630127595943e-01,-4.131723349268138223e-01,-7.285042458592275727e-01,1.377206979813807797e+00,1.305097001647602895e+00,5.795792392748895239e-01,-4.399103027286318524e-01,-2.312169483824114136e-01,-1.853548867900318697e-01,4.081285913306685886e-01,4.617659452834432798e-01,9.172254618498139056e-01,4.876785292755388967e-01,4.005951120762325790e-02,8.834654332609663541e-02,0.000000000000000000e+00
-2.666068351264547220e-01,-1.481895595498958329e+00,4.393963719177763627e-01,-2.792644982612443538e+00,-3.985270740843765425e-01,-7.256296378921632817e-01,-1.475552984256098821e+00,1.791177212723227719e+00,1.410892309438235848e-01,2.459840956363214814e-01,3.428500848639600695e-01,-5.940747034833714357e-01,7.852388919328852079e-01,-2.004302062136646079e+00,-2.010094927302748802e-01,1.956854365850777822e-01,2.389379233749500953e-01,1.031822870597103980e+00,4.807806938878340652e-01,-3.913531259884302921e-02,1.000000000000000000e+00
8.970194270441763651e-01,-4.323735087034601410e-01,-7.098297258620414052e-01,1.975814085701726786e+00,1.686020966030809809e-01,4.827726857769825686e-01,-3.210946488654354836e-01,-2.401668720981449401e-01,3.775262939331353040e-01,5.572799023528485218e-01,-1.502061832577519240e+00,-7.368860418230357423e-01,3.720771707525687231e-03,2.652816530820515384e-01,2.262452618537299509e-01,2.702704542287114320e-01,4.376145315421170467e-01,3.599267948092539915e-01,1.877503675284238338e-01,-1.987378608671147351e+00,0.000000000000000000e+00
-9.008121045444525965e-01,-1.120913958780025560e-01,1.728321921064817968e+00,-2.086690602836351882e+00,-1.431627676645759628e+00,6.608519265087355876e-01,-1.262801026895897794e+00,7.963060322797602675e-01,9.355814596512085357e-01,-4.181733210614829166e-01,6.295701787690028972e-01,-2.425066226122200019e-01,6.803713650670432933e-02,6.005171147280452537e-01,-1.499786485083092646e+00,-8.018272920463763720e-01,-5.705987580617848387e-01,1.562079552254392212e+00,-2.458239006893458145e-01,-2.332325173622761483e+00,0.000000000000000000e+00
-1.707731573706431139e+00,9.394772377090025717e-02,-2.144901027205166899e-01,-1.956273584874691718e+00,-2.359656856161404248e-01,1.240445989712568142e+00,9.188990306951410059e-01,4.085400398011158618e-01,-1.093804143731477607e+00,-8.403821039044461205e-01,-4.316834824339264576e-01,2.535029952336959602e-01,2.366824643288512053e-01,1.229375668090476603e-01,-5.330647520350938473e-01,-2.714348794461627357e-01,2.150384942129640820e+00,7.236913479008671990e-01,-3.876597653141992117e-01,-1.734201489282601316e-01,0.000000000000000000e+00
-1.541481576113282070e+00,-4.764907540499850880e-01,-1.788587639073798141e-01,9.570925692839427068e-02,-4.123156185907302096e-02,9.015603697315965892e-02,-7.354943698513538575e-01,1.006994933385291890e+00,1.660258427620398880e+00,-1.938503470309569821e+00,1.063108543760105107e+00,-3.135923114576901205e-01,2.704252687429356539e-01,-1.305276298165751081e+00,-6.316907560797778709e-01,-9.064446219326880438e-01,-5.454998122391829796e-01,2.204624581349019952e+00,1.067329705322463740e+00,1.391168362496939315e+00,0.000000000000000000e+00
-2.903888487130084073e-01,2.320307947747730637e-01,5.561007177099192011e-01,3.828723185061762291e-02,-7.717619843266151358e-01,1.507774931868002266e+00,5.087637508852340673e-01,8.526794964858824821e-01,-1.624199876995182867e+00,7.635864989361921262e-01,5.758825731638349543e-01,-7.802806735993860210e-01,-3.385135543807544778e-01,-4.369001959065484386e-01,-1.401382553331291136e+00,1.015406578758012296e-01,8.284457976983102823e-01,1.102977052884277276e+00,-1.017904548360004435e+00,-1.093395260947151559e+00,1.000000000000000000e+00
-1.662627504334038608e+00,-1.930619226056087823e-01,-1.052798079176883395e+00,1.492362947717307819e-01,-2.451448918326604165e-01,5.788514801052444536e-01,1.117507116335683844e-02,-2.234088538838016891e-01,-8.325242559715418933e-01,5.422675777333603453e-02,-8.184954787387676012e-01,-3.291881989646516238e-01,4.736486899048345522e-01,7.879704112835472785e-01,9.900951827536947913e-01,3.708306062466412145e-01,-1.904134842836266328e+00,2.306147424847123928e-01,2.046101779151962230e+00,9.022794626588644951e-01,0.000000000000000000e+00
-1.256279220117573647e+00,-4.538758814774324635e-01,-9.014927020291662041e-01,-5.885254811090669946e-01,-4.289776404206700477e-01,-3.930885234370452008e-01,2.155785989567151173e+00,-2.478969102747457409e+00,-1.928252090293241183e+00,-1.459175686793496851e+00,-1.187397585205592909e+00,8.662347272179317104e-01,-1.071293441303805549e+00,4.159588507116107059e-01,7.395876826557162831e-01,3.355177250911970527e-02,-1.217188114579113162e-01,3.190122700728209582e-01,1.954067929512254498e+00,3.367396630069094954e-01,0.000000000000000000e+00
2.145200664553194025e-01,6.776716542190728276e-01,1.473905093276957345e-01,-8.833852529605767945e-02,-6.669651948864356861e-01,2.721021924695454230e-01,8.511330613684510160e-01,-1.515574478493081800e+00,1.086195824000967258e+00,-2.503467576409609485e+00,2.670133895926868894e-01,6.939343238615591769e-01,4.787873707894629849e-02,2.803979300089216586e-01,-1.393295585562979388e+00,-1.182862283204450415e+00,1.798971056662870271e+00,-1.740095337537933828e-01,-9.282644356060830715e-01,7.502905445164107512e-01,0.000000000000000000e+00
-1.895156887459508999e-01,-7.045681409065058798e-01,-6.728808927473545198e-01,-1.366239713850328608e+00,-1.335329098132372438e+00,-1.533292449674129587e+00,1.391684256183422841e+00,1.828737693991706048e-01,-1.284003743065005532e+00,-6.016818854367536051e-01,-1.453454037907993657e+00,-1.804295839572621629e-01,1.260259192244225668e+00,5.938535050756509337e-01,-4.638262304191144714e-01,-2.049191860670313836e-01,4.302975349331249477e-01,-4.187189882302871369e-01,3.837160405507283878e-01,-6.266970992627430848e-01,0.000000000000000000e+00
-1.205587792888882653e-01,1.498347140027115054e-01,-1.822246199108402409e-01,2.838190552360323610e-02,-9.066281076717376264e-01,-1.013222372397940108e+00,-1.406399988645858246e+00,2.479759964249516058e-01,-2.703037049417973847e+00,-7.494587136085151258e-01,1.081141179831319521e+00,-9.811145384235332445e-01,-1.544283334831809018e+00,-1.315972554076920487e+00,-5.240445972151477338e-01,-8.093120520506422721e-01,-3.912878281367973554e-01,-2.438046699837792541e-01,1.447012721558745385e+00,-5.121133638123485099e-01,0.000000000000000000e+00
1.296123809181058684e-01,-8.547800377035573716e-01,-1.041855168321788178e-01,-9.298645344971342985e-02,6.662577985714303840e-03,-2.029118072264004258e-01,3.569726011820412714e-01,2.347834994004037723e-01,-3.776285317691216448e-01,-3.314206910278862939e-01,1.163140449579270985e+00,9.478542758307652027e-01,9.241347353846939283e-01,-4.716094837469148593e-01,-1.355912515687617725e+00,-3.233893754239057228e-01,5.471261410088675836e-01,1.261047820387684260e+00,1.129413054163514341e+00,1.880939534580261974e+00,0.000000000000000000e+00
1.720579756118594483e+00,-1.444814982190458508e-01,-8.008298899920781588e-01,5.537721513297183540e-01,9.270346224233823040e-01,1.288449575141396464e+00,3.032646726335720411e-01,1.318873634002739159e+00,1.307895415326068234e+00,-2.962450907703600977e-01,-4.469374077691344871e-01,1.627510050897981841e+00,6.854147661225550303e-01,5.867364616116399478e-01,6.542303578019786903e-02,-6.266504382482832591e-01,-5.313357627326622534e-01,-1.203325022706284386e+00,1.946612152982514221e+00,2.995452764488260589e-01,1.000000000000000000e+00
-1.313042656061171043e-01,-2.045537881851964279e+00,1.820256379875467567e-01,1.509333475440242101e-01,3.663430851516947806e-01,1.962298649620043134e-01,3.648354233219472942e-01,-2.950665718067554955e-01,1.882055607660022556e+00,-4.603200144397575078e-01,-2.331540403152037311e-01,-6.346319049715350991e-01,-6.690667125983987829e-01,1.514302760779764556e+00,1.278397912638345124e+00,1.253026497039100962e+00,-4.889529436438372345e-01,-1.056148088636611471e+00,8.984448721172285657e-01,7.603013122490696052e-01,1.000000000000000000e+00
-1.255775616714090104e+00,1.205961782185373643e+00,7.254595936749772545e-01,3.267783552573212680e-02,-2.561465139508831146e-01,-1.562378773555611888e-01,1.171017807734960892e+00,-5.884006105681847121e-01,1.090797976446537421e+00,1.752938090256767500e+00,-8.671464674954607599e-01,-4.585181889524570509e-01,1.252535947657215987e+00,1.237923486035191534e+00,-9.905671150151938997e-01,-3.580463101092651312e-01,-3.672349914877625077e-01,1.336001755082723008e+00,-3.148372769412333128e-01,-2.442370119404271012e-01,0.000000000000000000e+00
-2.100056438166824635e-01,1.247345923036587534e+00,-1.828077730753827179e+00,-7.468097575903179797e-01,1.785647225400903704e+00,1.338228869269882937e+00,-5.511884789621021019e-01,-1.322369364991615281e+00,7.939118419657540393e-01,1.264631311108618927e+00,-8.675333518931533927e-01,7.570865117426817115e-01,2.201364297876159948e-01,1.289919777803192891e-01,1.190663044846201446e+00,-3.915723503321629217e-01,1.167138781159910099e+00,4.430891503272581522e-01,7.098108010093949760e-01,-4.548764149576801641e-01,1.000000000000000000e+00
3.539650174099724933e-01,3.557973795365416136e-01,1.533792923090404159e+00,1.553877826964765285e+00,1.405727079272282021e+00,-4.872719109642120738e-01,-3.022346417641308403e-01,1.532224519718213829e+00,-1.143145067936097048e+00,-1.608982061656021090e+00,1.240269263745801487e+00,9.765971898104169879e-01,-3.649980726124635311e-01,-6.556178883267075319e-01,-1.790466529161552703e-02,-3.960369668188574166e-01,-1.238881775148904962e+00,-5.438673728741751923e-01,-5.236859993964645410e-01,7.303917725919498727e-01,0.000000000000000000e+00
1.015620059523075547e+00,-1.007224749450607471e+00,1.222767011246917113e+00,-2.427367648350299001e-01,-1.741666336683160177e+00,-5.624733418273151209e-01,6.583857964216196512e-01,-2.680670741031946913e-01,1.469536207323180133e+00,-4.056337747279030737e-01,7.861999295057765513e-01,1.273233028053693205e+00,-1.022987142004121441e+00,4.850059740241392525e-01,-3.690245134580780184e-01,2.408319232223059825e-01,-1.566400329745486930e+00,1.184532758310100409e+00,7.520274456286750731e-01,-1.303138142092637342e+00,1.000000000000000000e+00
-8.662812515594610074e-01,1.019972523886492732e+00,-2.344048294244056585e-01,-7.182213124852712127e-01,-1.650036721430846232e+00,6.020933017387934960e-01,3.528187129442608150e-01,-2.787517873141437397e-01,-5.842445013955995803e-01,-1.986071396734587324e+00,-3.448052880723512792e-01,-5.572949968312169988e-02,-2.223114385548835836e-01,1.856998792577907009e+00,-1.006105387962629605e+00,-2.067150874475750036e-02,-1.577295296739161801e+00,-7.150686434529297530e-01,1.672808552797174553e+00,2.350447016465822825e-01,0.000000000000000000e+00
1.563123497250597405e+00,-1.655979131465110110e-01,-1.489318050154443629e+00,1.403041947350503194e-01,-5.457120541028419591e-01,1.227126869657001018e+00,-1.271281893009361674e+00,5.815985427652727857e-01,1.902235224389239310e-01,2.946115497085679547e-01,1.187512750832896868e+00,7.984341742945795239e-01,-2.573552877932030913e+00,-2.041478445900810179e+00,1.419828475772243692e+00,5.144601164035592644e-01,-3.512019024389073651e-01,-8.910065841147930543e-01,7.609950112447673165e-01,1.043954402028522743e+00,1.000000000000000000e+00
-7.599590724088474136e-01,-5.270344517820002572e-02,9.898164619246538898e-01,3.315757838838534477e-02,1.939633134906465051e+00,3.447878799366960734e-01,-1.067571682809818068e+00,-2.735383380781090112e-01,-1.357899306332605915e+00,-5.918679004394956644e-01,-2.082289705884754483e-01,-7.328948023709347392e-01,8.451184024223681313e-01,8.116500838592619615e-01,4.901234978187883340e-01,-6.430319734845506285e-02,1.780072731338980363e+00,-1.497810892904113955e-01,6.177678218344061500e-01,3.392208484401128543e-01,1.000000000000000000e+00
3.105700564862834412e-02,5.283593819730201258e-01,7.053205252414276316e-01,-7.067943786869869127e-01,-9.062812077685546974e-01,1.540958273621725105e+00,-3.114642897590120807e-01,-3.528090786846301841e-01,-9.739750396089172924e-01,-1.054196900757145450e+00,5.389884320591099148e-02,-7.707096228243001113e-01,4.314532510554159872e-01,1.478730466875024296e+00,1.704594568207438432e-01,6.416893215175761833e-01,5.047012858333101981e-01,-3.303397404550291738e-01,1.423793825869019702e+00,2.969848420573104053e-01,0.000000000000000000e+00
4.821950964510868798e-01,-1.339396682261867255e+00,1.044064441697826640e+00,5.644545062640670130e-01,7.174363514471949754e-01,-1.173177142426377884e-01,-2.172023418452048993e-01,-7.422062115530214665e-01,1.159406325333216303e+00,-2.536761984745111720e-01,6.621010159053667410e-01,-8.796888758405753128e-01,1.409455834314696787e+00,-8.544981399175278769e-01,-1.003721280891819001e+00,-1.030356971843652714e+00,-2.437310561110814788e-01,1.539665298643263736e+00,-4.975711768775227251e-01,5.734313555562403630e-01,1.000000000000000000e+00
8.496104592977733461e-01,-8.110967313857581074e-01,1.117123004289771515e+00,-2.870192593161683403e-01,1.598634699885588040e+00,1.401236417504862164e+00,5.544418154535513121e-01,-1.052713688119036595e-01,2.436431812892107529e-01,-4.874913073326200830e-01,9.546838441049929624e-01,-1.770933766902614170e+00,6.784957052567688329e-01,1.132938290038607798e+00,-9.889572026674189331e-01,2.998848286381304296e-01,-2.392023536541169282e+00,1.076676896814005913e+00,1.259318215752548875e+00,4.855626040082997585e-01,1.000000000000000000e+00
-8.484515014205322725e-01,6.098578759708035701e-02,1.465524268208561742e-01,-1.946633728586273371e-01,-8.788112027236375523e-01,-1.350201523711923146e+00,1.337669625210081481e+00,1.102501318125491458e+00,-5.548529822381743637e-01,2.424962179004238050e-01,-2.283829521764164094e-01,2.787350809783902816e-01,6.790994414418014546e-01,1.380150341327933017e+00,2.660542381086800634e-01,4.858304449012591508e-01,2.859042429088735071e-01,-4.441780912036919493e-01,-7.152432912448181135e-01,1.810864978678365489e+00,1.000000000000000000e+00
-1.185146042773682407e+00,-6.881951020234251537e-01,1.444229355314165630e+00,-3.638847119639536665e-01,1.242916629961768327e-01,1.627191985041432920e-01,-6.912427612137513888e-01,8.381655666724692477e-02,-3.789670530996719910e-01,1.150018499522866611e+00,-1.198333107137717457e+00,-1.394893983744077914e+00,1.211399795354618503e+00,-3.751859371011442845e-01,8.365156230566701545e-01,-9.269900891184419400e-01,2.002297738622524470e+00,-1.368066226309106737e-01,2.800431244557087807e-01,9.529372505427782247e-01,1.000000000000000000e+00
9.837528758591711497e-01,-1.110379605568474037e+00,6.813295220298872801e-01,7.425084590072098534e-01,-3.897875657867203580e-01,5.947130346617247876e-02,-9.099586610497211181e-01,-8.267130181451953774e-01,-9.076219535987501974e-01,-8.652945138182900620e-02,5.310716882461791188e-01,7.397977308549091857e-01,-1.094903192103616307e+00,4.384039923252237569e-01,-1.890799761321085182e+00,-1.881756756412914955e+00,2.272131936141720265e-01,-1.099967591562361013e+00,-6.566706321454387485e-01,1.751566666401996597e-01,1.000000000000000000e+00
9.944616088146501776e-01,-2.995894617412638850e-01,8.908617274040967482e-01,-1.066634504249240889e+00,2.208598604035848734e+00,1.630893961240087675e+00,1.002174259941649881e+00,-6.072490696550761902e-01,-2.966579667872234483e-01,8.410705341542545899e-01,-1.544875799914684489e+00,-1.613056500469206844e-01,1.482782467487314459e+00,-5.045419236508198735e-02,-9.601074934146157647e-01,8.043948046832545273e-01,-1.586140528821395668e+00,1.552810187248543139e+00,-4.780175500832829494e-01,1.425363145097804818e+00,1.000000000000000000e+00
1.655717208245830241e+00,-5.314656327644430300e-01,4.370273633301933747e-01,1.590406120398829559e+00,9.987797264705505773e-01,3.471340328264355124e-01,1.066276621524635954e-01,2.937675855239994527e-01,7.359436529494925994e-01,-5.330901564544294757e-01,2.431785155804515042e-01,-3.600073516500161275e-01,1.631899133595159923e-01,1.637159660406186878e+00,-2.805996687734325645e-01,-1.024751179810329260e+00,-1.883638706810091712e+00,-4.808955616803756716e-01,5.741536115939410712e-01,-7.515612376512204040e-01,1.000000000000000000e+00
-1.285213621592423916e+00,-1.079099004557747821e-01,-9.519469963320077444e-01,-9.167918214372977603e-01,-1.218393901504241983e+00,-3.438612827905739300e-01,-2.045329149713373817e-01,-1.261160181230142285e+00,-1.215602124109350868e+00,2.041297533329676228e-01,1.533574538712370261e+00,-3.462786516479447047e-02,1.246227839397128501e-01,8.207624507386972190e-02,-7.817898644872758318e-01,1.932591075446790763e+00,-1.478545933763773246e-01,2.189190714433293383e+00,1.126470500938095753e+00,3.553092064549301932e-01,0.000000000000000000e+00
3.733565734245790635e-01,-9.584361752385459621e-01,-5.811756656029408268e-03,-2.192503029261354541e-01,1.054712941676450244e+00,-6.013886272098110108e-01,-1.112359964580970972e+00,-9.788482421329499639e-01,-6.448636207743527748e-01,-1.143723141011489863e+00,9.044095873448423917e-02,-1.204000682970602254e+00,1.182692395611526504e+00,7.065568617934607776e-01,-3.779015034464503625e-02,1.670898620657060629e+00,-1.105051923129114488e+00,1.274529618394424135e+00,8.780075000478023695e-01,-1.568286543190380966e+00,0.000000000000000000e+00
1.295546919179239517e-03,-1.388290973389601390e+00,-2.183092066934860520e-01,-7.531933394123004888e-01,-1.663253605722138928e-01,-6.091561979422268486e-02,-7.610481796512017505e-01,-3.135974816005894783e-01,-1.031632659800489904e+00,-7.468398116453273117e-01,9.500866083703478626e-01,2.380152111322540176e-01,-1.080429805724073988e+00,1.804279008601961942e-01,-8.004775505683201509e-01,-8.484738568741421183e-01,1.322274674139140849e-01,1.895053175370560727e-01,5.229068555150934161e-01,9.190213295688253181e-01,1.000000000000000000e+00
-3.889644693054091773e-01,1.674122563322338886e+00,1.315449089695074347e-01,-1.557087050291460217e-01,7.509791131961992550e-01,1.779464127504561288e+00,-1.269313381167024524e+00,1.451576042257842536e+00,1.205758585994502363e+00,-5.007135919368294746e-02,1.426131234745104670e-01,1.655963338957013864e-01,9.664876977450690410e-01,5.665690981290130157e-01,3.982947865925131614e-01,1.610501379711520575e-01,1.761985231344452840e+00,-1.053209064777007375e+00,1.617556563741902931e+00,-1.315256533679285189e+00,0.000000000000000000e+00
2.349398549648638035e+00,4.701647370138588300e-02,-9.866015901234909125e-01,-3.594272043085778301e-01,3.202915778146271930e-01,-1.130773580637649767e+00,1.761240415276262017e-01,6.213455942973388213e-01,-3.935986177819342791e-01,-8.310892095439007532e-01,-8.714291809972231073e-01,-3.730675588586689351e-01,-1.017534748560651181e-01,-8.560609038948197025e-01,2.187592762880113284e+00,5.176968303132769567e-01,-1.844795099925215787e-01,-1.242132760297954830e+00,2.789234096586535316e-01,6.419821644543890482e-01,1.000000000000000000e+00
-1.071577056427494012e+00,-1.477515042842010962e+00,4.707578227361614021e-01,1.302461126085280307e+00,-1.974535208792479180e-01,-3.089115168855651739e-01,8.525828049816228660e-01,-4.573144338088549338e-02,9.180397748573917438e-01,-1.377793552737410110e+00,7.846835281312406485e-01,-1.727985743954921549e+00,-1.152706382050415340e-01,-2.866265945293439699e-01,6.888198012784525481e-01,-4.829148092896116684e-01,4.390689924509223463e-01,-5.372977872141002642e-01,9.130400968790634009e-01,-3.375726922982022482e-01,0.000000000000000000e+00
-7.067465575473183201e-03,-1.639008145036886521e+00,1.255198523584300174e+00,-5.744741693999715348e-01,-3.574139617783695932e-01,2.093436610359278749e+00,4.884386729417599660e-01,-1.188099750120540143e+00,1.059080134248911564e+00,4.602228590649860562e-01,-1.002582075981497539e-01,6.904750880288824666e-01,1.480372610580648618e-01,1.648678084428790991e-01,1.009116227009677624e+00,-3.085474894296408657e-02,2.271184715097109008e-03,-1.040594717713486661e+00,1.213035130098730541e+00,-8.241103295026185327e-01,1.000000000000000000e+00
1.662394131394833385e+00,-8.918435037724744552e-01,-3.884363245383251062e-01,1.118403557223129896e-02,-1.367499439816531881e+00,3.498010472083328271e-01,1.839525333553769793e+00,2.481623355574462952e-01,-7.123065153891676715e-01,-3.625134405074978972e-01,1.822385920289499306e-01,-1.466858835677700874e-02,1.061678454335091226e+00,-1.088517494650952155e+00,-1.499559000535408027e+00,6.581679479512387264e-03,-5.405304711841268928e-01,1.372736540022937657e+00,-8.029007557616343327e-01,5.949452004864005938e-02,1.000000000000000000e+00
-1.472981586350752270e+00,2.024196661226650207e+00,-9.446609897549647361e-02,-1.366549743729083832e-01,-1.549263614181835627e-02,-1.602133625572437436e+00,1.091242769407721136e+00,-6.570026656166821910e-02,-3.698643610836207379e-02,-9.886259436156183966e-01,2.220856352129475519e-01,-2.310800952624690874e-01,-6.212242454033287675e-01,6.961146200996910609e-03,-1.153484005802120071e+00,-7.718155051088808616e-01,-2.141652445834323348e+00,2.471382607251459973e-01,1.707321045210402177e+00,-1.823202541716266945e+00,0.000000000000000000e+00
-1.546364241567055320e+00,1.516724969180591298e+00,-4.787124062000886471e-01,5.872567546800961935e-01,-2.407086811698218032e-01,-3.728336665320613474e-01,1.005850333047390022e+00,-5.166270102156205191e-01,4.741012056412812758e-01,5.260382282558825340e-01,2.137913865590056250e+00,-9.235651060406606661e-01,-6.504752473010160241e-01,9.015515795879412986e-01,7.326947511692927240e-01,-2.455675786179922326e+00,1.212289565532315816e+00,1.487158854977587152e+00,1.332147754084757274e+00,-6.526141744855645799e-01,0.000000000000000000e+00
1.445350561530135858e+00,-2.465092145635734049e-04,-1.385282323591918496e+00,-2.440627715607252224e+00,9.063174227496046953e-01,7.158049821045729677e-02,1.419419053852624124e+00,-1.660743087285536213e+00,-1.775079122022477640e-01,-8.169241586812157063e-01,4.533863001826843875e-01,-3.816819528723541244e-01,1.413367997043872171e+00,-4.675945705034930122e-01,-2.257962429959422257e-01,-6.743891302016152833e-01,4.858015719756369477e-01,1.179320554694100354e+00,5.941031370745274431e-01,-6.357394926478541208e-01,1.000000000000000000e+00
2.484938727232725020e-01,-9.123799907551706501e-02,8.079300489059507706e-01,-1.661180941856680304e-01,6.640784155665497845e-01,1.480387646846044979e-02,1.652447010582575315e-01,-1.833235131996281408e+00,3.544618003993356137e-01,1.041247581182668386e-01,1.106912962444389203e-03,5.523881667520188013e-03,-2.878994259920635290e+00,3.061352556811687275e-01,1.838709514726438732e-01,2.829661034284831178e+00,1.224665047754036395e+00,1.363321942099561257e-01,5.455562403866971444e-01,6.629571221411821869e-01,0.000000000000000000e+00
2.625657805543877288e-01,-1.281084366993320511e+00,6.085891705297309384e-01,2.469350556315154765e+00,-1.375069929987682293e+00,1.014940728687779181e+00,9.750334509444302800e-02,7.786730924978190194e-01,1.601957865622972710e+00,1.498758210516182299e-01,-1.141397006169259543e+00,9.398131941314185125e-03,2.466965427788123222e+00,-7.545086560994399560e-01,8.255033828988123101e-01,-1.628830152295510647e+00,-6.898922971600813803e-01,1.931035797640540119e-01,1.961534653103407466e+00,-7.241782749009051390e-01,1.000000000000000000e+00
1.473538587639883879e+00,-1.277193127953649032e+00,-4.342904177445585656e-01,-4.945865428821756837e-01,7.896978531382485844e-01,1.133548681580166972e+00,-8.005489417530585461e-02,7.073593797323359800e-01,1.200160246735646696e+00,-9.803221834840078128e-03,-9.705797280756794931e-02,-1.368091586890388955e-01,-1.711773160582205522e+00,-1.612431794987129630e+00,-2.057333955133694436e-01,-6.153568702883993602e-01,5.804178851867782818e-01,-2.230212797463690944e+00,1.606387711389009709e+00,-9.584541907271362238e-01,1.000000000000000000e+00
1.716164191267644856e+00,-8.262545289652855063e-01,-7.376946573254894446e-01,3.162819100163879460e-01,-7.709855691259659416e-02,5.697499673412184662e-02,-9.313680321137520757e-01,-9.056765909111376134e-01,-2.304263028926137602e-01,6.947579507844087177e-02,2.246704004223776530e-01,7.460472759363672157e-01,-7.127685801831341594e-01,1.688206236964142626e-01,1.319698979359748670e+00,1.039605378214025322e+00,7.326752593047669571e-01,-1.269398855415681648e+00,6.838776332434092220e-01,1.672428376116396720e+00,1.000000000000000000e+00
1.967324680477695598e-01,-1.134718810850851023e+00,-7.650376951157420446e-01,6.480700575958109333e-01,-1.519791167901966666e+00,1.203469476890550283e+00,4.224962158529360634e-01,-2.938545470311609842e-01,1.528535418003708068e+00,1.871201758323462139e+00,1.060535220147600821e+00,1.555634506172230092e+00,1.074016136416899414e+00,5.761594481018488256e-01,1.950078207763380200e-01,-1.445518597286120865e+00,-8.107133649898428107e-01,-1.445689657883316492e+00,9.943443783532378566e-01,-9.301061499881588257e-02,1.000000000000000000e+00
-3.897844614490608151e-01,1.449739495497565089e+00,7.351674709388734685e-01,2.890359517989957161e-01,-5.830792754311463488e-01,1.049687657451405354e+00,6.099861789492302400e-01,6.890274356994267047e-01,-9.065246432752525549e-03,-8.287084394964069900e-02,7.314980923839767835e-01,-8.670679077524348077e-01,-7.779445227417734754e-02,4.482457017538835076e-01,3.856388044794215042e-01,6.041138836669857071e-01,-3.310452192464926058e-01,-5.825586743094790521e-01,8.000058200603109571e-01,1.301820664975606112e+00,0.000000000000000000e+00
-1.469789874119999062e+00,1.081806912217859296e+00,-4.588714062476647593e-01,6.663888731879877292e-02,-3.398179430456023109e-01,-9.896827839066916210e-01,4.654134783172734213e-01,1.080040656309636082e+00,-8.582268728731304863e-01,7.554169634235549102e-01,5.292028443904872592e-01,1.597805169224206345e+00,7.440600332786526105e-02,2.026062585285503648e+00,-7.456386223212208009e-01,-1.337138869752736436e+00,7.367496278888067962e-02,-6.894112732730138804e-01,5.960169319379602371e-01,1.172882765451609965e-01,0.000000000000000000e+00
1.069548957072034012e+00,-1.631493719066791526e+00,1.470698529124318643e+00,-9.659260760581628302e-01,-2.155347774963858321e+00,-4.974752596467686694e-02,1.404444241173052887e+00,2.895766221367455096e-01,1.958195736338610882e+00,-2.459511125345931193e-01,-6.730577910758748228e-01,5.116214880281100275e-01,1.103552712641913125e+00,-4.188593806603082004e-01,-6.393588342873497421e-01,-7.017354573771288351e-01,2.051351082862573172e+00,-2.095073381604317220e+00,1.263227733685794441e+00,-1.378702481830040572e-01,1.000000000000000000e+00
-6.779850841443324505e-01,-6.561508654906340610e-01,-1.765337412596701405e+00,8.412489424934047610e-01,7.049661669814110132e-01,-4.840605811703218575e-01,-2.309868426883811277e-01,-9.957750380369214671e-01,-4.167187272578557478e-01,9.753478899989328488e-01,7.957384280395944920e-01,9.860117628249841504e-01,8.362227992672122134e-01,-1.637034819754340287e+00,-3.155234829745650615e-01,-6.399260403453954638e-01,-4.701020700212729664e-01,-2.080196050172349764e+00,4.480308933808934135e-01,-1.985664833961011122e-01,1.000000000000000000e+00
5.723084704111491838e-01,-1.775612375214334016e+00,-6.025492371167183725e-01,1.572984400040939867e+00,-1.687605647954700583e+00,1.586318983864484888e+00,1.033845451774839219e+00,-1.071918369263179072e+00,7.245030752693721876e-01,-1.890783194898311592e+00,-1.211524560137043682e+00,-3.348969997007797406e-01,-1.035470274688406744e-01,2.304904167679069804e+00,-1.350351193348124035e+00,-1.220813232427337969e+00,-1.050381147860550701e+00,-1.715738929848415750e-01,-3.856609404558807297e-01,9.804930282603511182e-01,1.000000000000000000e+00
6.716752845021689566e-01,-1.489497054741317550e+00,-2.353102120071034684e-02,3.659583663764503503e-01,-1.943077863705340746e+00,3.307284973063785716e-02,-8.068640296827145342e-01,1.975866326854592014e-01,2.009607813185647185e+00,-2.862920359660891534e-01,2.076504653550265700e-01,1.145169552543104263e+00,9.121941946477518659e-02,1.361667880374856088e+00,-1.550880989630495144e+00,1.127283221648423650e+00,-1.044197741218634068e+00,4.164644558211694769e-01,-2.855712963553178607e-01,7.870757500707914467e-01,0.000000000000000000e+00
1.927620149781241521e+00,-2.547922026259694106e-01,9.098912316775943365e-01,1.836523702216323883e+00,5.783576611660837807e-01,4.349934011271305856e-01,-1.174523262214617558e+00,-8.141036673110574329e-01,-1.272420080820585220e+00,5.446200456192254458e-02,5.747376751018583585e-01,5.091291263271560119e-01,3.071362841978047542e-01,-3.319649657438444174e-02,-8.388408674673348830e-01,-3.226615723561335192e-01,1.763281515278285541e-02,2.077033131161406809e-01,-3.183466102946274634e-01,6.028040748109674274e-01,1.000000000000000000e+00
-1.957880396363205489e-01,-1.882756975781173514e+00,8.557699002700757118e-01,5.528857992899717244e-01,1.268161501853741324e+00,1.788767388437239036e-01,4.758735127652875124e-02,-1.330605863457592630e-01,-1.394150413061524540e-01,-7.858533062495053068e-02,-9.873611566318822863e-01,8.962892899115216805e-01,1.280582454596362219e+00,4.538716907819040913e-01,-1.421787652938393043e+00,1.388562033756253644e+00,1.679629380611949108e+00,-1.860791385732105896e+00,3.306250536514892535e-01,2.559203591557179802e-01,1.000000000000000000e+00
1.230835876882790503e+00,-1.189676002303547087e+00,2.288341760498936672e+00,-1.595747540368789297e+00,-2.691592734427600830e-01,-2.428241179323106791e-01,-1.202474298543763087e+00,9.497829803798857329e-01,-9.832932190797016858e-01,2.051035506885372506e+00,-9.223264190050937117e-01,7.578053889803629817e-01,7.299084466945382488e-01,-2.270477174784050478e-01,-5.310956340235228890e-02,1.760912308909179824e+00,7.351622976969370837e-01,1.124585154648821250e+00,1.771401956536976963e+00,-5.325863745316963271e-01,1.000000000000000000e+00
1.028997908901375657e+00,-6.997439677870447294e-01,-1.073207672540936741e+00,1.748485115940196399e+00,1.001181771241257124e-01,1.979495365941812968e-01,-2.003639608591823718e-01,-8.239500493059659370e-01,-2.107836131021985082e-01,-2.285846529250644410e-01,-1.296955536886767124e+00,-7.819200307397571326e-01,-6.221711718549383097e-01,3.052932708312584009e-01,-4.326473535036087781e-01,-1.168562173468427612e-01,9.879177119787636574e-01,5.166666048664418920e-01,-4.150854889487312072e-01,9.321858608565030124e-01,1.000000000000000000e+00
-9.968046024867875943e-01,4.960360630457591458e-01,3.456847738003497872e-01,9.144924410753356714e-01,-1.479707784647603885e+00,8.940642668084441969e-01,1.033496538572562740e+00,-1.237953737784718289e+00,-1.074598592385496376e+00,1.039118730563795667e+00,-2.780087884140584609e-01,-4.176824186435267872e-01,-4.420204358925935995e-01,1.404430379139623764e+00,-1.146511341116652982e+00,-5.300840617180712089e-01,-7.360805771308731593e-01,3.467864662352799776e-01,-4.943447497809926872e-01,-1.081695948444518329e+00,0.000000000000000000e+00
-4.005360839494672698e-01,4.009371867198616157e-02,1.187242080286068147e+00,-1.010315997643403074e+00,-5.918933210066906758e-01,5.966934366292915293e-01,-5.781636290903395814e-01,-1.472383298970619814e+00,1.064612718693332516e+00,7.670068960150593085e-02,4.330669681798812731e-01,7.036243355275159095e-01,4.623125197579825429e-01,-6.389126423702961022e-01,-3.747732056776864051e-01,1.946925836370864582e+00,3.787292245717976957e-01,1.676304669601345054e-01,1.048436058672430615e+00,1.013972160542865097e+00,1.000000000000000000e+00
-1.435416507012105214e+00,4.495655917362830767e-01,-1.508148588260511236e+00,-1.570167531670533689e+00,-3.154507842963742981e-01,-2.187419162318161803e+00,5.277936538124031740e-01,5.208517830998072445e-02,2.097847418053055690e-01,9.786484000612850898e-02,1.838715575495778021e+00,2.313349627479248938e-01,-8.779455588566151825e-01,2.167521615596773366e+00,-8.285211797668937672e-01,-8.155400104525251104e-01,2.433693267634686741e+00,9.990678437447376714e-01,-1.358609190551306911e+00,-3.486272747629326485e-01,0.000000000000000000e+00
-1.793899587677332541e-01,9.216087613733815465e-01,-2.769843522641019185e+00,-9.047446135488507180e-02,4.526296003446572680e-02,5.318970833287133271e-01,3.757350775876284743e-01,-6.329738266779977307e-02,-1.444783754033100109e+00,-8.900016138726727366e-01,1.892991587217421445e+00,5.539388177486633813e-01,7.018166449297751075e-02,-4.454841989823516979e-01,-5.359354907891173969e-01,-1.296291969840135172e+00,1.363925693508804660e+00,-3.060016987671222433e-01,-4.704588660544494760e-01,7.270599578135104046e-01,0.000000000000000000e+00
1.592209184571278247e+00,2.006216217704326898e-01,1.121461260553034966e+00,1.783764982895376383e-01,1.622197496446735832e+00,-4.012650993096884000e-01,-1.586441026858392278e-01,-8.432906690772811187e-01,2.559094002999956485e-01,-2.758053488762453487e+00,-8.845449154219819921e-01,2.122596009576749765e+00,-1.812082450483382345e+00,-1.639208233692745820e+00,-5.730645475602994532e-01,1.025185213834370668e+00,-1.024178666387741243e+00,5.895312714820958311e-01,-1.194912216333574584e-01,1.118895467115578857e+00,1.000000000000000000e+00
4.612628638282990079e-01,1.676418857612902658e+00,1.016203372192813204e+00,2.105522739870591575e+00,1.061838883516221133e+00,-2.395799585296697898e-01,9.840077163191952581e-01,1.258675485947046591e+00,-6.180317971033292279e-01,-2.328629279569378041e-01,2.234806579839033747e-01,1.122322452139337789e+00,1.337594155358992731e+00,-2.002661530615979402e+00,-1.591122529058209389e+00,-1.432824586379852772e+00,5.808163481065597988e-01,2.116330837144237087e+00,2.683637973619243944e-01,4.695923630486792399e-02,0.000000000000000000e+00
7.861331796473865208e-02,-9.874783619180692584e-01,5.644096402908828081e-01,9.764182117133908267e-01,-1.238077681768989358e+00,1.114358575987079769e+00,7.837430112265201254e-01,-4.823120347540746367e-01,2.236316907388515851e-01,1.066607009155410735e+00,-7.163580508418965036e-03,-1.160070698541806999e+00,-2.002090521201992102e-01,3.672081379138187884e-01,1.054060058462167326e+00,5.588155589474690377e-01,-6.606979748039174538e-01,5.511940573931497500e-01,1.536997623664342782e+00,3.815726029550319254e-01,1.000000000000000000e+00
-1.306266922981979217e+00,-1.833285801140926707e-01,-4.087039083437887799e-01,6.761952067617369444e-01,1.370845933539732275e+00,6.048871392514260092e-01,-7.706087332590564332e-01,-1.342194667617811588e+00,-8.494643992668027277e-01,6.079712911198857928e-01,-1.137856886522785049e-01,1.338910860333773378e+00,-1.906931859755056413e+00,-3.724146606164712714e-01,-3.674923894425743964e-01,8.186697685937324165e-01,-6.777142185396588525e-01,-1.058255992945883905e+00,3.396539710917262922e-01,1.143261574449563334e+00,0.000000000000000000e+00
2.115379452815462774e-02,-3.108105412263692524e-01,-1.217199291768239267e+00,1.328488570464779750e+00,-1.420328657398635341e+00,-1.079546410287750557e+00,1.051855899986608778e+00,-1.352356173720250077e+00,-5.738330334303231028e-01,5.957755171007985684e-01,8.702993870259961851e-01,9.584317649160352115e-01,-1.197870850257758857e+00,-1.210814014256659021e+00,-7.626655066040707309e-01,-3.295401866083690345e-01,6.257294377148716613e-01,1.783510500500787854e+00,7.113789309242317671e-01,4.709421077907863795e-01,1.000000000000000000e+00
1.137643950542677862e+00,-2.977953042840163711e+00,1.080428741072063520e-01,2.488687937597114264e+00,6.508885012046532470e-01,1.363969733194458689e+00,1.634358812952021178e-01,-8.769171410633617159e-01,-6.159762486970835615e-01,9.148993689606307878e-02,-1.448396601046488819e-01,-1.271583565926697190e+00,8.331773832899727061e-01,-8.230002162099946117e-02,-1.691281300231017193e+00,1.014100776022936135e+00,2.376634417122403808e-01,-6.690343182850644332e-02,-1.024660292803202533e-01,1.079024353936691716e+00,1.000000000000000000e+00
7.713349744123378926e-01,4.000069756337470972e-01,-3.113221597330095847e-01,-7.304829579624928515e-01,-8.550223503719088791e-01,2.771306918784089413e-01,5.384816945426608437e-02,-1.536243119878042851e+00,6.189022654096237863e-01,1.308067319224337943e+00,-1.309975161735598359e+00,8.859379934969675852e-02,3.319363404037879994e-01,1.584833339829914145e+00,1.374461084187486248e+00,4.944669074216581084e-01,-2.719300509775243735e-03,1.079537044859044448e+00,-1.121826988614626153e+00,1.280739707017870543e+00,0.000000000000000000e+00
-1.429953357680555204e+00,5.706035110514988684e-01,5.836070185038253477e-01,3.687067241888573599e-01,-2.396668024254791918e-01,-1.467828968391446054e+00,1.569008947075138938e+00,1.296216032360739456e+00,9.160648711412509027e-01,-7.648654861194893739e-02,9.374570360763010424e-01,-1.009498066099377311e+00,-5.249126524639312619e-01,-5.838206503394769431e-01,-6.861972222476315775e-01,2.182927020381019823e+00,8.476951784762259967e-01,8.371421236957435896e-01,6.157211822949744118e-01,9.899484719667343002e-01,0.000000000000000000e+00
8.389448071822116493e-01,-1.129076496984875888e+00,3.252670465459500670e-01,1.547328698009311054e+00,-1.048244989930034343e+00,-6.925776061560198760e-02,2.095136716266538190e+00,-2.938365210808063788e-01,-1.141426403330669581e+00,6.872120636740902677e-02,-2.120179151675679052e-01,9.366475384394337134e-01,2.057316425747480193e-01,4.092715476393644081e-01,-2.192986066902923026e-01,-1.269336049269538025e+00,4.801510494258613426e-01,-4.152753339362462159e-01,2.914801687274911401e+00,4.473189864692388440e-01,1.000000000000000000e+00
1.066060281084590722e+00,8.456725531643078941e-01,-3.327520640885132663e-01,-9.899826510780069810e-01,-1.614912705262881554e+00,-1.807206431606186714e-01,-4.638308167182759734e-01,7.440064348120913051e-02,6.337211842776716564e-01,7.526874765352886687e-01,2.633299299850506703e-01,-6.717488965475289231e-02,-3.597743832477042769e-01,-5.016433499254229211e-01,-1.216164300819389421e+00,1.434990793047026536e-01,-2.688231620410190814e-01,-6.390369693731177136e-01,-6.464056455683041547e-01,-4.225196679734468108e-01,1.000000000000000000e+00
-9.613720492918534921e-01,-2.338112773507766140e-01,6.299606093890550707e-01,-1.024046848428810802e-01,-8.055294744164916976e-01,-9.042432987087825058e-01,2.156048000400695219e+00,-5.587005411102183849e-01,8.449887109171135002e-02,-5.555897346417939531e-01,-8.504475549106729204e-01,3.108795634631162375e-01,5.240915682573802359e-01,-1.852674151885586706e+00,-4.730086294572432015e-01,1.210777527364256256e+00,5.467289424992551883e-01,1.656867970048904182e-01,1.460679860851886447e-01,-1.207566019597418716e+00,1.000000000000000000e+00
3.072040786167566373e-01,-1.657332977709152333e+00,2.546111455569748105e-02,3.597835289951776816e-01,9.110263032089580548e-01,-2.384654843571634708e-01,2.160901462573745491e-01,-1.021609156491416703e+00,-1.456433642948974372e+00,-5.891004699300225189e-01,-2.479116142659264499e-01,-6.475291222334642605e-01,-8.642622634874832510e-01,-2.407850025995899923e+00,-6.196633912828644619e-02,-1.076169930881551107e+00,-7.720377117573774539e-01,3.084752861281462311e-01,-8.184332540426958458e-01,1.707252883294881007e+00,1.000000000000000000e+00
-1.785424857980455693e+00,5.586443630556268136e-01,2.840722849309925135e-01,2.223048746490406735e+00,5.398799951029983335e-01,-1.572613781229371954e-02,-7.598659025661723687e-01,9.475065487751062332e-02,-4.525395366342206405e-01,-1.947635329129497050e-01,-1.113720411265151311e+00,1.853768787142780483e-01,1.175258510195435341e-01,-1.869581541105037159e+00,-3.798941527371548221e-01,5.909560440612929844e-01,-7.456708900816412244e-01,-1.198288334883964579e+00,6.335733511878773871e-01,-2.427768462098450208e-01,0.000000000000000000e+00
5.533943282513602568e-01,-1.348391173374323126e-01,-5.812726402722960817e-01,-3.997287123673067821e-01,-2.124840872628508848e+00,-4.187742776028489655e-01,-9.947652796046967463e-03,1.102981205345654914e+00,-5.715377072393038604e-01,-3.636500456052963598e-02,-2.038672432687461455e+00,3.104990842517800220e-01,4.980903533042427278e-01,-4.555510243057279696e-01,-1.374045145073013785e+00,1.054819033021821006e+00,-5.144336104565709888e-01,-1.854863497486677615e-01,2.666144616589596783e+00,-4.207816272201858054e-01,0.000000000000000000e+00
-1.172596509297501477e+00,9.505633777516293570e-01,8.331294942192986053e-01,-1.368663685107926797e+00,2.307669238286160329e+00,2.457414084903445095e-01,1.789066835851278459e+00,3.504756997912220062e-01,-6.072519762842193414e-01,-2.568047389796880853e-01,1.375395927102938565e+00,-2.168641567933354608e+00,-1.674264097719147415e+00,-4.925758973296503473e-01,9.221911605091539510e-01,3.592599535394925270e-01,-1.785382780644133305e-01,-1.885778899472265069e+00,2.062381759190235475e-01,-1.182314787266879552e+00,0.000000000000000000e+00
8.998491981258689432e-01,9.541639056734378954e-01,-3.022235832597456873e-01,-1.162913639633388785e+00,6.004736489930255772e-01,-7.792292225640047310e-01,-1.458388840623013882e+00,6.021990323987235216e-01,9.429517964835936183e-01,-1.757875915329504046e+00,-1.050238195913265393e+00,9.912537968960375423e-01,1.340864721036307605e+00,-5.627631611168875114e-01,-6.675746597148675132e-01,-2.156965899672670606e+00,-7.688674174694936844e-03,8.300162396588653957e-01,1.837396411836778487e+00,2.480426634457149948e+00,0.000000000000000000e+00
-1.177857073560180989e+00,6.763821013728940068e-01,-1.172526264000032681e+00,3.012144703215415831e-01,-6.904275110217789058e-01,-2.314697944181254741e+00,-9.151336958663200960e-01,2.077001516013849081e+00,-5.026987711862599406e-01,-9.861633351067364828e-01,-1.425113103753414823e+00,6.163355761593453108e-01,6.377402403884291360e-01,8.997817078362072563e-01,-3.522619327479366014e-01,1.539366204899522694e-01,8.323383677711118644e-02,-2.732806786084008288e-01,5.138608153571004866e-01,-6.229906272702477599e-02,0.000000000000000000e+00
-1.491209911168315250e+00,1.568350453976670833e+00,9.776542343082281761e-01,7.587032659894675790e-01,-4.548078629701954312e-01,5.704662828696251964e-01,-1.737833392491734685e-01,4.933353528601677196e-01,-9.892192140448619053e-01,6.632036094190620068e-02,1.245777319991332011e+00,4.883281100948617115e-01,-1.332990740337622881e-01,-6.858703288450793134e-02,9.323426839728944371e-01,5.550373169882844016e-01,-5.643784175559778404e-01,-1.395679460774279290e+00,7.651093501827871401e-01,1.428454759387104249e-02,0.000000000000000000e+00
1.388607938557381294e-01,-2.222006348849063229e-01,7.859227830523405345e-01,-1.702013207230451242e+00,2.342064716579927153e-01,-2.754971637235371085e-01,-2.574617479968091538e-01,2.319366188531918560e+00,1.676195489838845365e+00,-1.434422966787435971e+00,2.641124142507807471e-01,1.793553037986775900e+00,-4.809810396699553126e-01,4.708743619744826941e-02,-6.486801135488260428e-01,1.298442260045887586e+00,-1.716408126713959981e-01,8.282196480860459786e-01,-9.226672287078058199e-01,-7.229728388568179565e-02,1.000000000000000000e+00
8.010726772760397296e-02,-7.185708222648504728e-01,-6.838755413367482161e-01,-3.391248264080535813e-01,1.680767099664081554e+00,-2.221675626734747055e+00,1.250990422972076077e+00,1.361294202765774397e+00,1.139166014069995736e+00,6.716119685320229848e-01,2.780340856658488069e-01,-1.679298195497206936e-01,-8.787132128206210924e-01,-1.832446682632780544e+00,1.753242886303025827e+00,9.875238455120872727e-01,-6.854483500676464836e-01,-4.191068438214188285e-01,1.644574069182177301e+00,-5.295489571626826875e-01,1.000000000000000000e+00
1.368578118089715412e+00,-8.994493737591290339e-01,-5.630385074795219991e-01,-1.732134899115684579e-01,1.921148393168735091e-01,-6.775695106629024966e-01,-9.088756499394569366e-02,-1.007034915345023762e+00,8.340291037762261883e-01,1.174666605236530437e+00,-2.451274319716003625e-01,-5.616385333133122604e-01,-1.000339090865932201e+00,1.095498641996487527e-01,1.092054666636901317e+00,2.298497038228732303e-01,8.683693660147545623e-01,-8.372784878387812268e-02,-5.790332126140811386e-01,5.841001942298021943e-01,1.000000000000000000e+00
1.638593523255635231e+00,6.181173546360465565e-01,-8.965494085808865810e-02,-7.063566116778977610e-01,-6.385979511969439582e-01,1.557342006101311294e-01,1.458899772898707647e+00,8.524100598879762458e-01,-1.182981408999124462e-01,-4.036430567041678352e-01,-1.126480495325659081e+00,-2.137478612445512294e+00,-1.287666599757101515e+00,-1.468600808694539052e-02,1.064200056177852849e+00,1.281843792519176892e-02,3.994770682493302694e-01,-1.201095264591727912e-01,-1.489063180988999535e-01,1.253451436764400295e+00,1.000000000000000000e+00
-1.634267875288210936e+00,1.237158748811653330e+00,-4.953932943301695563e-02,8.490499381227913922e-01,-8.859180205453871526e-01,6.950425071126078436e-01,-3.619675478810258640e-01,-2.396495445165970906e-01,-1.441432237819569639e+00,5.233706549220562554e-01,1.015015104975282023e+00,-2.622967466451255336e-01,5.119719419611203914e-01,2.519612379735910235e+00,-5.607348576034831833e-01,-5.062467412937403377e-02,2.753506517890854655e-01,1.954572285767720297e-01,2.763892633271120558e-01,1.011739401857838061e+00,0.000000000000000000e+00
-1.184335105989050341e+00,-1.847821681332393884e-01,1.740676849071879362e-01,-1.632771417447868023e-01,1.689271493690136239e-01,1.393814481713417486e+00,-1.991990412563092727e-01,3.364920236893660821e+00,-1.185217764035323196e+00,-1.517223544366160248e-01,6.539133551762869034e-01,-4.310592369274606622e-02,9.192198439802587995e-01,-1.232609889786760587e-01,5.130088514728601279e-01,-1.256303569489689798e+00,1.333978317025240390e+00,-4.957503453527576515e-02,1.085286655922313576e-01,6.623062963723148622e-01,0.000000000000000000e+00
-3.842807056665885068e-01,-1.414917477787933420e+00,-1.478434748862513359e+00,-9.347561896730605113e-02,6.310453527432551002e-02,1.860775761911790394e-01,2.395593550290436191e+00,3.602580201960456363e-01,3.420481815319274532e-01,4.570445713915053942e-01,-1.391514561781415360e-01,9.737904983860916630e-01,-7.109178743675484968e-01,1.512170412991794777e+00,1.269808408074933448e+00,9.057003220330771542e-01,-1.801011797691402794e-01,1.056443686003479820e+00,-1.191092709917526582e+00,2.286110226775389442e+00,1.000000000000000000e+00
1.821175487502469381e-01,8.171951477303153188e-01,2.020690345628661344e+00,-4.556267856548277817e-01,1.245635951823157894e+00,1.777241467437122857e+00,7.051867810603106301e-01,7.922371723319373560e-01,3.802765540578266767e-01,1.231836804449710332e+00,-4.119090700189017573e-01,-2.968836530043567068e-01,-2.091492232257690514e-02,1.583616140910548253e+00,1.030931121667117145e-01,2.020751988086519901e+00,-2.011649121150648867e+00,-1.905716650983109439e-01,-1.681029639106023765e+00,7.265183335955763821e-01,0.000000000000000000e+00
1.441251057170807703e+00,1.296757644504431817e-01,5.123217671959577890e-01,2.242650848221131810e+00,-1.101984673839553563e+00,1.227426464391627725e+00,9.190961791757086274e-01,6.826310037401706055e-01,1.609846222140542515e+00,-1.052135857656193219e+00,7.071906507534347908e-01,1.000777220823908298e+00,8.374545756440111566e-01,3.135089687781818513e-01,-9.406631465054287045e-01,-5.649640221220151443e-02,8.131732561902987877e-02,-6.117797691919223402e-01,5.888274895636242956e-01,6.192050544392380118e-01,1.000000000000000000e+00
-4.728802302709508854e-01,8.458537463702092696e-01,-1.565497481302714267e+00,1.898168599174862581e-01,1.565990022534597403e-01,6.804948989753085709e-01,1.140317411540276771e+00,-1.840594472103894083e-02,-1.145946736334482408e+00,-3.044422937182276190e-01,-1.507469698229943367e+00,-3.937257219454437518e-01,1.639434063411960851e+00,-2.493780475397998075e-01,6.075200087500288726e-01,-7.024818365799976316e-01,1.090060172581516218e+00,3.358799215505150482e+00,-2.205095680749946108e-01,-1.030849591940115273e+00,0.000000000000000000e+00
5.634720949552912694e-01,-4.621417223605421287e-01,-9.884458162444660634e-02,3.271575058662056223e-01,1.213345634507637882e+00,-4.219996974056037381e-02,-1.545095973431720171e-01,-2.186972046446555851e+00,2.500961992149344781e-01,8.603563244708409830e-01,1.524470283793170955e+00,-9.887185010046873890e-01,8.515663502030473841e-01,-5.370721089579247876e-01,9.417267990067207384e-01,-1.395114735648602944e-01,-5.412283515108701204e-01,-7.287978868716952219e-01,6.299750607632973454e-01,7.660787985303650904e-01,1.000000000000000000e+00
-1.028925999279240305e-01,-1.087306943228131040e+00,1.448382520998881651e+00,2.139805256139912237e-02,3.343084100922498747e-01,-5.328988714067156574e-01,1.447827783106626631e+00,-6.067050518285956873e-01,-4.690743791302274257e-01,-4.686472908906113566e-01,-2.882044817242988000e-01,-6.876235112941374572e-01,1.127800994326330297e+00,-8.886144307927265618e-02,6.995022891144553334e-02,1.282098135774620395e+00,-4.468674683137226489e-01,-7.368932242384365061e-01,1.397350579905288104e+00,1.657580578677777750e+00,1.000000000000000000e+00
3.932211023432994890e-01,-1.511593385589331762e+00,1.222854668561902836e+00,-1.451097313796114063e+00,-1.541233310415296431e+00,-1.336203977044088109e+00,-5.335756101008878316e-01,1.335079973683359067e-01,-6.584043432961409481e-01,7.563733626225079831e-01,1.746405679550173673e+00,-2.909676928512206495e-01,1.147035888167821788e-01,-1.274170773908792631e+00,5.775324813215495512e-01,-7.436521755984770721e-01,3.399609672482851730e-01,-2.270541291694326558e-01,3.047543500366463043e-01,2.224175485028994537e+00,1.000000000000000000e+00
1.362721401792380993e+00,-1.836320370146158565e+00,2.223649868234042426e+00,2.325443717862361870e-01,8.240856393711006866e-01,1.100352891213753209e-01,2.106327719993681846e+00,1.338372661095113214e+00,1.029972433221746808e+00,-2.756000577532837781e-01,3.349217373434014156e-01,1.542027733640674247e+00,-1.828253218901832733e-01,8.024645337248458299e-01,2.068205640891963293e-01,1.490769162027842099e-01,-3.548279085727582549e-01,1.018315333588897947e-01,-6.578523759404989457e-01,-6.161662949932056321e-01,1.000000000000000000e+00
4.678386313960791743e-01,5.537227930292499822e-01,-1.155562789286986192e+00,9.116987298556022967e-01,8.499099686090205719e-01,8.120285697770054378e-01,5.091530809182869266e-01,6.311520996327693034e-01,7.590105788602747872e-01,-1.832934069758233697e+00,1.094558572419888742e+00,2.112875377848247582e-01,4.928788622257466723e-01,-1.092375414459899829e+00,1.742160706864901654e+00,-1.428368857476637110e+00,-2.348691335023810112e+00,3.608205115732884272e-01,-3.101529495883746268e+00,1.146727030706092387e+00,0.000000000000000000e+00
-8.607587855534403198e-01,1.917043877168785881e+00,-8.828694545251012382e-01,-1.441393893365319478e-01,1.449498741376549493e-01,2.398500351817600684e+00,7.903920838484128353e-02,1.214415487954447537e+00,-1.279503917533853619e+00,2.133345819686344735e-01,-1.011422352560171323e+00,6.754229499065443898e-01,-9.627428876836338079e-01,-7.490405759497396065e-01,-1.519339193417215350e+00,1.849340741715501890e+00,-8.396354193415351830e-01,-7.696177028057996639e-01,8.398870924617746203e-01,1.425020140913747790e-01,0.000000000000000000e+00
-9.083615593978331404e-01,7.992945421126660399e-01,1.452147512068488189e-01,5.553763785764748162e-01,2.763678326578370426e-01,2.698225589411723746e+00,5.863380372777262650e-01,-4.384351224377488476e-01,-7.965162661218377904e-01,1.979698910412269752e+00,-3.862249410501888414e-01,-1.922862659360422832e-01,-7.417997737632244792e-01,-4.770159428756937103e-01,-1.553576635314093957e-01,7.993909991477371468e-01,-9.828959510023733692e-01,-9.128057344815215801e-01,-1.929039133032746378e-01,5.594966709214539424e-01,0.000000000000000000e+00
-2.003828115782609220e+00,4.040473358810958704e-01,-7.098949267990928291e-02,-1.571094824477028973e-01,-8.678919367096407655e-02,5.078482370354004544e-02,-2.229458944061179226e-01,-2.225381714008613510e-01,-2.216033449374106290e-01,-2.990401097369621564e-01,-5.462985304062050185e-01,-8.952179807422449009e-01,-1.369898929389105069e+00,-2.415145874159253803e-01,6.189859112292794147e-02,-6.741067665448490231e-01,1.586850084211894218e+00,-8.207565636675869802e-01,-5.922583736939546206e-01,-1.748143875928633628e+00,0.000000000000000000e+00
9.064106748393347887e-03,-9.414830106571351331e-01,2.519548734161126680e-01,1.026655814094788566e+00,-8.796149996553419281e-02,5.976350233840515003e-01,-1.813366361415826411e+00,6.696179346796060639e-01,1.343347224104661786e+00,-1.134239972280023601e+00,8.667845461291513454e-01,-8.205271498562186072e-02,7.492041207200553221e-02,7.821583153823352674e-01,-1.433733190544334235e+00,2.169613785704373465e-01,8.621333518734515255e-01,-5.279039238596083122e-02,-1.176826211868086114e+00,-7.789877980718626915e-01,1.000000000000000000e+00
9.436162924081596959e-01,-1.666692572759961077e+00,-1.136931165267016430e+00,-1.490242502071121411e+00,2.101969220485375434e-01,2.704911085850272845e-01,-1.360091631761163322e+00,6.953496242054891807e-01,-6.317908475311962979e-01,6.761355072487117424e-01,-9.148154372031098713e-01,8.183242089779861894e-01,-3.137834497162434455e-01,-8.533441319571373196e-01,-6.771772498407955254e-01,-1.204648122577064440e+00,-1.106745614290065349e+00,-9.126421058718281465e-02,-9.445870397702177401e-01,2.433582140297735064e-01,0.000000000000000000e+00
7.129505381822971444e-01,-1.225355342082995458e+00,1.065765594981706199e+00,1.465446761634684236e+00,1.973053928188618078e-01,-3.789370564052987195e-02,2.224430398443292933e+00,-6.018375809778785390e-01,3.412974602495638665e-01,-2.708962467471192070e-01,4.859520189599849660e-01,5.639147004088240767e-01,-1.185699793787031719e-01,-1.264880925941215928e+00,-4.313887102382860661e-01,-3.176526899352956623e-01,1.835182459169271141e+00,4.490339991880486492e-01,1.685365423407347407e+00,2.681454204007497344e-01,1.000000000000000000e+00
-6.574481481266344352e-01,-5.629227906341496279e-01,-1.951814992330628828e-01,-8.668934760896043201e-01,-7.344076478204381031e-01,5.537045777760610799e-01,5.800061624467554022e-01,-4.099686953370468290e-02,1.143079775772345874e+00,4.310987900575960485e-01,4.384416879063782191e-01,7.100200510754617333e-01,1.214336862329286504e+00,1.167088386442471704e+00,5.544060353292292742e-01,-4.466262460628029340e-01,-8.920296711043898541e-02,7.374694677009369093e-01,-1.486856704584007316e+00,-1.753077887612202845e+00,1.000000000000000000e+00
-1.630400060423308872e+00,3.788163374600538869e-01,4.468293213374258804e-02,-1.311935432371837303e-03,8.490697933012761878e-01,-1.015679575384841993e+00,-6.837000386835017096e-01,-1.800591417187103804e+00,1.053098146509815258e+00,-5.258774809798565375e-01,-1.912038043333511295e-01,-3.329539947827215296e-01,1.450846883940077048e-01,-1.821732296248482541e+00,6.647251721346182363e-01,-9.674447672230643835e-01,-6.682163222471886321e-01,4.459088083046386375e-01,1.152384782755915493e+00,7.793607754974699597e-01,0.000000000000000000e+00
7.032190205975159536e-01,-1.278990389128841887e+00,-5.455462331578164736e-01,-8.040852676148103617e-01,1.471400038202615557e+00,7.891131708723336802e-01,-1.134753995776606184e+00,-8.455714539437390043e-01,-1.105395195277217413e+00,6.445194699441976205e-01,2.054485086113008729e-01,3.592274439359432470e-01,1.099407740424902524e-01,1.187183882884387254e+00,-1.334722528549053822e+00,-5.286266265073350512e-01,7.560839310522450285e-01,-3.503421996290014273e-01,-5.042222779426747126e-01,8.175111167485785701e-01,1.000000000000000000e+00
-1.288741745386464965e-01,-1.625633432567265668e+00,7.034661512578478382e-01,-1.002398750789819548e+00,-1.401255307801879013e+00,8.451577779663068668e-01,-4.326198743905478317e-01,-7.170077760933854516e-02,1.367316781897474076e+00,-3.383746967074544587e-01,-1.834056354531860555e-01,-1.395101726133193276e+00,2.137729089710643238e-01,8.294276679018461329e-02,7.886054425510995447e-01,1.079956678454897068e+00,9.068320660718718340e-01,5.912652702050993359e-01,1.087799899867258446e+00,-2.412993106356477180e-01,1.000000000000000000e+00
1.219309907452995057e-01,1.210541317674924233e+00,8.130756578953702851e-01,-6.476732113588024205e-03,9.027862542425454939e-02,4.816046146275940187e-03,1.324566431380492348e+00,1.570586992758949973e-01,4.072295753635024607e-01,4.363395545188950009e-01,2.100312007354607213e-01,1.532412740283563002e+00,4.189557903897888624e-01,-2.467375948389410212e+00,7.190322281261819493e-01,8.476456076388064753e-01,-9.338683452243359828e-02,-3.856875546813000599e-01,-7.381745296516684096e-01,6.401899646407193112e-01,0.000000000000000000e+00
1.281742682832829106e+00,4.922390575386935696e-01,1.866250332456021455e-01,-5.295457526527791448e-01,-1.737013330362544572e+00,-5.397378026242504179e-01,3.872314339256950344e-01,-1.013200805637384239e+00,2.551699458237497928e-02,1.506295518085057905e+00,-3.104482185862071364e-01,-7.620719480322563077e-02,2.064598266478566480e+00,-1.841786267565759694e+00,1.906292801177658092e+00,-2.633628564395939509e-01,-8.027391326259065985e-02,1.575969242340092072e-02,-1.016828205988543621e+00,-3.623057798318136680e-01,1.000000000000000000e+00
1.170750881956816869e+00,-1.141993336467885589e+00,-1.946232013171400821e+00,7.613691744437868225e-01,-2.395584245886436259e-01,-6.635431777131589604e-01,9.181701184721920983e-01,-1.814731781789618470e+00,1.957137118719222579e+00,1.803075685089024827e+00,4.478630362360838668e-01,-1.250360693310304638e+00,4.388238323990405476e-01,1.504347072869242963e+00,-3.283743981094440489e-02,2.203031755739272984e-02,-1.056711001086951540e-01,-1.523352663522302031e+00,8.074042728269543723e-01,-4.374899491049981104e-01,1.000000000000000000e+00
-1.378201756719563909e+00,-1.701397631871530147e-01,-1.860621566970924734e+00,-5.168304574669909668e-01,-8.120510113217511705e-01,-3.807497450471520328e-01,2.302102942128247953e+00,6.273815422395905284e-01,1.993308302178653069e+00,-3.897735094338064532e-01,8.987073049412497294e-02,2.922755352333549883e+00,-1.215530276132037180e-01,1.230264403141299701e+00,-3.702154262358098857e-01,3.409957044772213841e-01,2.106346058171486568e-01,3.021368640249578075e+00,-2.173851572010009336e-01,1.155111824380114616e+00,0.000000000000000000e+00
-1.865704334492572156e-02,1.069350697998180832e+00,1.140580370090972462e+00,5.170231417646101724e-01,5.090715413183503207e-02,-1.436300211908653202e-01,3.492864662494545303e-01,3.085003306747547303e+00,-8.468402720714017784e-01,9.144798579822437379e-01,2.490934877717609908e-01,1.527881574003104315e-01,2.790476582522173343e-01,4.644215890017028281e-01,-1.817209185717710840e-01,1.994166648552503016e-02,-1.955697070084183586e-01,1.222006060886957624e+00,1.545538782041971038e+00,-1.371670969592763134e+00,0.000000000000000000e+00
2.379019968806799223e+00,7.033674909042844092e-01,5.449660556685720358e-01,6.711656588475339857e-01,4.934124356235197045e-02,-1.292978269710126638e+00,9.014354399602046708e-02,-9.154532157703899609e-01,-5.175968280010548872e-01,-7.802180474871539539e-01,-4.278948949633967214e-01,-3.501800689431942837e-02,-1.869919083465775067e+00,9.281373571058201266e-01,-2.705250626401383696e-01,-1.007091540462500046e+00,-4.125422053020821878e-01,-1.112083457369976269e+00,-2.003159556076547151e-02,3.674237034070495372e-02,1.000000000000000000e+00
-1.624611982567647495e+00,2.157785834138385095e+00,2.394945668918100345e+00,6.051755914564002081e-01,1.721685410155694429e+00,-5.193707268341355432e-01,2.255509536623278299e-01,-3.722471494572012762e-01,6.538492445111566687e-01,1.002056212255665102e+00,-2.865048405838289125e-01,7.133272798442314988e-01,5.235018108438517226e-01,8.181697213849734585e-01,-3.738066962371540680e-01,1.710179936402894674e-01,-1.295042544595512268e+00,-1.107923202755052960e+00,7.741787314776161777e-01,-1.117638925459666810e+00,0.000000000000000000e+00
-1.697652585711401318e+00,-3.781031060108538400e-01,-2.952921031841518329e-01,-6.073156270528795586e-01,-1.214281439425012765e+00,1.562205425251315338e+00,2.014561709496152542e+00,-6.110966877430956679e-01,-9.384886766586085505e-02,3.128306384744439783e-01,7.132850677061201017e-01,9.412776224531089753e-01,2.036315600309826224e-01,1.083340068511175813e+00,4.170120231407137834e-01,-6.398966360622507787e-01,-6.235268737459458421e-01,2.968592557129789977e-01,7.336723872009858205e-01,-1.710365204103668990e+00,0.000000000000000000e+00
1.009762288592015222e+00,4.599247229130372094e-01,-5.101111994635300073e-01,-1.135466443965975403e+00,-3.786576408017737205e-01,1.297176551264586308e+00,9.180656712394366092e-01,-5.589582715559953119e-01,-9.187921346965560732e-01,1.615431480860926583e-01,-8.635119707610239628e-03,2.110065915786230484e+00,-1.186836255800263862e+00,7.037563197040633822e-01,-9.613683938171184717e-01,1.637141508749733410e+00,2.480250474075078149e+00,-6.111774089714195890e-01,-1.235448973070806478e+00,2.800706065112549492e+00,0.000000000000000000e+00
3.951839149376029092e-01,6.449233626761531335e-01,-6.778036576229317101e-01,8.731605357646982091e-01,6.818616833125967780e-01,2.867977469836425763e-01,-2.475231413455795948e-01,-2.038335767146052246e-01,-7.616303765737378884e-01,1.254017650846187548e+00,4.354986029495522271e-01,8.679945357793703020e-02,2.537092434656365580e-01,-1.496305790531642366e+00,-8.823975166533151171e-01,-1.988228695419682612e+00,-1.126519143861593575e+00,-1.054813993298722608e+00,-8.048609692076941213e-01,-1.476278534584112956e+00,0.000000000000000000e+00
4.281573954792894376e-01,-1.685004156099837447e-01,-1.154330752600486676e+00,-6.226388594069780513e-01,1.214535898328776620e+00,-2.391181759649387839e+00,-1.057274812342216430e+00,5.937927657874126908e-01,-7.477240965962983488e-01,1.433989551983127386e+00,9.191684719869867015e-01,-2.082690706834737782e-01,-2.198406236739309516e-01,-1.506325747350959032e+00,-1.908179100591356647e+00,-8.571595647138380292e-01,7.763635784848941235e-01,1.132325850476456175e+00,1.308526580150389251e-01,-4.399674314380873086e-01,1.000000000000000000e+00
4.149085262974904209e-01,-1.318902949814585890e+00,-1.417771360370681633e+00,-1.234822232055048818e+00,8.358054211241826292e-03,1.954762457410409993e-01,3.000875107356665728e-03,1.047975873803181468e+00,-8.420136504389097443e-01,2.694515730073478998e-01,-5.913372021968742870e-02,5.811310179859996428e-01,2.344259708102252038e-01,-1.466738916009148463e-01,-4.926220673524852600e-01,-1.130711184586599138e+00,-2.627165557187419731e-01,-4.170975149223336009e-01,-3.194470441674086003e-01,-1.055223123630161020e+00,1.000000000000000000e+00
-1.549020994113169958e-01,1.303519535765863990e+00,5.897841676081224671e-01,-3.784883753067262435e-01,3.196159464175635789e-01,6.233786367664220229e-01,-5.990799359738110397e-01,1.342899109023576010e+00,-5.289406142415785661e-01,-5.303157622493017698e-01,8.399313848757883338e-01,-1.334007883155899465e+00,1.231818926887239929e+00,1.307526053050501957e+00,-2.903976013694528624e-01,5.384835478855862778e-01,-4.243597476346183672e-01,1.404622735200208528e+00,-4.591563025423634481e-01,1.807836394609411979e-01,0.000000000000000000e+00
-1.835626397303838475e+00,1.060802065363964167e-02,4.963355674580095800e-02,4.285331243913456101e-01,3.868088659938557217e-01,-6.116468568867381439e-01,-7.888447030472423016e-02,-5.512200670514768586e-01,1.238902743093299508e+00,6.526882150361302815e-01,3.644862555484808947e-02,-6.613688318165920066e-01,1.785662934384775635e+00,-5.123434812326117527e-01,-1.941309955777925922e-01,5.673779460853616285e-01,-8.451283249918878360e-01,-2.477582631816063197e-01,7.707447783324946622e-01,-3.901811790849381012e-01,0.000000000000000000e+00
3.488701675458259766e-02,2.095337740205836241e-01,1.655710698600882380e-01,5.055541250479418380e-01,-6.101071104243054322e-01,-1.825735841521292313e+00,-4.171567916920201902e-01,-1.597042246250819919e-01,-4.875158894021581202e-01,-1.190658548193495037e+00,-1.130699761963750660e+00,-1.973629495561197489e+00,-5.621718193686406906e-01,6.638899023537792043e-01,2.249430698456167110e-01,1.396634836097784493e+00,-3.296343188788048439e-01,-1.314089049407156873e+00,-4.834392724529048557e-01,1.307766447881823391e+00,1.000000000000000000e+00
-1.297223417897036768e+00,1.437188000889698225e+00,1.808278445454533090e-01,2.217057774178559537e+00,-4.412334230962629555e-01,4.591126004040044783e-01,3.442215200836211131e-01,2.943862044036543169e-01,3.436775597030347629e-01,-1.095068508748609837e+00,-9.989099238841657735e-01,-1.723868107327240384e+00,5.064035863888032285e-01,-8.435210479548609086e-02,-1.856174051185703666e+00,7.646381418439411881e-01,-1.532661409885396786e+00,-1.960982546449257846e+00,-7.487998069634665965e-02,4.155229543858940389e-01,0.000000000000000000e+00
-1.171733236818324420e+00,8.020466258598775156e-01,-2.021038494275476438e+00,1.420000278952201045e+00,-2.266966669216290864e+00,5.422389005387687755e-01,1.115911753093312919e+00,-2.163384679501343943e-01,8.784024426910702621e-01,-1.273640494107345367e+00,-8.783966627264082616e-01,3.491455031888441862e-01,3.505644476491495132e-01,-3.502379272225234486e-01,9.181232803581401702e-02,-8.904060490042028375e-01,-5.909964946569348232e-01,2.938587898584486546e-01,2.497960271771472840e+00,-2.315650455624820581e-01,0.000000000000000000e+00
-1.376261710762858748e+00,-1.274511223057917197e+00,-1.599256460221867293e-01,9.089611316725559886e-01,1.764829707995128283e+00,9.462875429489833179e-01,2.037149051593844185e+00,-3.150310125819239526e-01,-4.525886419857691467e-01,-3.777107337294228762e-01,-3.353711285357397487e-01,-1.302230971699839535e-01,1.220588520996861437e+00,-6.128938736791066377e-01,1.263676962011248017e+00,-9.552757514612150169e-01,5.911338890198397644e-01,7.691409994719540233e-01,-2.347573183170406641e-01,6.327778859291913749e-01,0.000000000000000000e+00
-1.132461327389188810e+00,-5.888796387311581171e-01,-6.422275755134483344e-01,4.171649447912100794e-01,-2.817114575711445190e-01,-6.586822062971540159e-01,5.768222532532936153e-01,-9.684735721374809758e-01,-9.930413860777904667e-01,-1.362845299718674186e+00,8.882532171509018859e-01,-3.295280815303032185e-01,5.862447890117961080e-01,-8.787140869623665251e-01,4.276629525941506860e-02,-6.500029680608249150e-01,3.084837469976762780e-01,2.578409648208993335e-02,-9.488138602216199535e-01,-1.999698846962702781e-01,0.000000000000000000e+00
4.324900818971281757e-01,-1.278013880317276474e+00,1.286523573173409929e+00,-2.425886891222199804e+00,9.789960906783685690e-01,-2.058427594434351970e+00,9.958954867724272297e-01,1.303493088397235988e+00,-9.159411632527999503e-01,1.713979005683466283e+00,2.615898864265430834e+00,-2.000353104079649266e-02,-2.644743552656355079e-01,-1.260829521674947218e+00,-9.178528038831491875e-02,1.177063221750717092e+00,-1.190623454916308832e+00,2.679559911718759971e-02,-5.335725385426394185e-01,1.825818018962264588e+00,1.000000000000000000e+00
-7.082446037263033789e-01,9.224284898732579840e-01,6.869525708587043145e-02,5.002551438708782161e-01,-4.313253681530451744e-01,5.985986508708709408e-01,-1.551413148849733359e+00,5.380712818867376956e-01,4.427601992141994569e-01,-9.251871812140693985e-01,-1.656882008688367547e+00,-1.489566112980822421e+00,-1.146966044830053794e-01,2.296980785581872672e-02,-1.458434048376698322e-01,1.443801933853054997e+00,2.419625071275275929e-01,-3.575342131492038056e-01,1.757940623534735902e+00,-3.925882502499422610e-01,0.000000000000000000e+00
-3.435473856409225757e-01,1.597111737597078474e+00,-8.710348928675881730e-01,8.847613140890722150e-01,1.568722359716253401e+00,-1.064827778182895868e+00,1.235119973440375885e-01,-5.136345483899096287e-01,3.042950571307444729e+00,-8.913912812030397870e-01,1.842109096242107169e+00,-1.158540189848966229e+00,-1.238118573452501731e-01,-2.334551727888704575e-01,-6.833717969960720895e-01,1.416086132786248675e-01,1.112701261051963542e+00,-8.572722522826041747e-01,-8.663706121404366467e-01,-2.595659467250570618e-01,0.000000000000000000e+00
1.244608342078627805e+00,-1.665271276650376775e+00,-1.700726054064239712e+00,3.704492502264690734e-01,5.981433162754353772e-01,-5.308982535358256483e-01,-1.066668593232285023e+00,-6.531651159148607055e-01,4.384000746748010213e-01,-1.712381457303773669e+00,8.484678908385476781e-01,-6.846617776355360396e-01,-8.909222653281412274e-01,-5.530785937627850091e-01,-1.139404856399643950e-01,4.763835782081435322e-01,4.491314081180349804e-01,2.267623405297033656e+00,5.843029671994731666e-01,-6.938926313472812413e-02,0.000000000000000000e+00
-4.299131448177856973e-01,7.633162473862762365e-01,-1.866232680873625371e+00,1.582874564686169994e-01,-7.447417736433483704e-01,1.985420292943639864e-01,7.432992250356021957e-01,-7.368942935318091580e-02,-3.700874055094667547e-02,-1.270928846849413318e+00,3.931269622946771403e-01,-4.111166195317761396e-02,1.357720800495984426e+00,2.210588926481019900e+00,-1.458326859375584261e+00,-1.121284501424115870e-01,-1.880497873244992180e+00,3.775759966318371075e-01,-1.537495443689732788e+00,-3.525384159685986396e-01,0.000000000000000000e+00
-7.773885191162894781e-01,7.523802242850418098e-01,1.369686475411476145e+00,-3.605615047094400394e-01,1.561973582086394252e+00,-7.411922948635020214e-01,2.947616207047099035e-01,-1.324045338783832682e+00,3.055139463305051595e-01,6.018276489855785977e-02,-6.305498375203846817e-02,-4.563716955915892437e-01,2.914412823928255181e-01,9.324916944746589609e-01,-2.952156851976841523e-01,1.876144878774860025e+00,-1.941089831221757045e+00,4.652138866817262519e-01,1.927741761541919285e-01,2.232052938958078769e+00,0.000000000000000000e+00
3.478152292112477451e-01,8.617759159334283936e-01,2.031676469379161798e+00,-8.325638578908234333e-01,-1.657927178231036525e+00,1.290061183982823323e+00,-4.812240853528047535e-01,5.396832291531303838e-01,7.786551877563250290e-01,8.800980019036319657e-01,1.727775608698541632e+00,-1.526353289629033272e-01,3.414816846151219054e-01,1.561731599259962078e+00,7.568790845204104167e-01,-7.992503419530654352e-01,-6.233452691762966791e-02,-9.222053086651427201e-02,4.419445109932916838e-01,5.616881856847025928e-02,0.000000000000000000e+00
2.067046387441056066e+00,5.125266139939486099e-01,9.162166631997827881e-01,-5.811011536431741620e-01,1.561114574639981045e+00,-7.736027333891152269e-01,5.077888152326995863e-01,-2.259199937575681327e-01,-1.607404316634049868e-01,6.647136789785169642e-01,1.714029806658942390e-01,1.613890569993765345e+00,-5.008042937293872843e-01,4.946579128404431369e-01,5.676305297636339287e-01,2.148364941577344922e+00,1.662876069109253452e+00,7.794493977693428555e-01,1.730708407715954467e+00,8.492543484020965705e-01,1.000000000000000000e+00
1.259331388568266430e+00,-1.054198180044883415e+00,5.048180159522216437e-01,3.071990044922263241e+00,-1.770217827498101082e+00,6.910961630862949567e-01,-2.035874318407501438e+00,-3.971274243083022792e-01,-2.433021339216097090e+00,-1.525402218521994868e+00,-3.632666889102854624e-01,-9.538527119601233339e-01,-4.048613488604622113e-01,-1.768644823382417686e+00,8.489779512950411666e-01,7.782310288620170047e-01,-9.091680338493211000e-01,-1.514191770680883398e+00,-1.403050906711820200e+00,-5.778693519214630481e-01,1.000000000000000000e+00
-1.416218851551694025e+00,3.260511921351875730e-01,-3.414321797738318898e-01,8.105135688650644266e-01,2.486312446546140587e-01,3.802945753530401762e-01,3.947641792429589236e-01,1.167218581302643856e-03,-7.341270083323018225e-01,1.548901435699242768e+00,-9.903634242171330815e-01,-7.553992605172566988e-01,-5.428443725534489728e-01,-2.955825102001768401e-01,-1.063272934976634776e+00,-2.457809811591347593e+00,1.843543850398414508e+00,-2.473496238031049066e-01,5.438759689612494563e-01,-8.778657002065981541e-02,0.000000000000000000e+00
-4.509985422445589309e-01,1.615245573068530893e+00,-9.345491522891267167e-01,7.947256539848921442e-01,-7.170038250530811341e-01,7.121761380556314025e-01,-6.986776997807817580e-01,-7.070625969090056639e-02,-8.169406200690524367e-01,-8.082412457131386008e-01,1.067214301529512799e+00,6.120409494523426641e-01,1.073765781382498702e-01,-1.864541891655088768e-01,1.437761019154292219e+00,-8.869065694664001187e-01,1.117971058152651187e+00,4.015451012227339023e-01,8.595465485688433827e-01,-3.740454220790100925e-01,0.000000000000000000e+00
9.622626453366577293e-01,-1.004940337058565891e+00,5.261369268533749866e-01,7.652840290029978565e-01,-8.943360049656964295e-01,-6.157586557967674734e-01,-1.441989025399781181e-02,9.540594867558309655e-01,9.163803413369593642e-02,-1.415367798203479299e-01,-1.720727807429334399e+00,-4.864029273874577730e-01,1.240942185552820209e+00,7.888386979345468619e-01,-5.235973276326969655e-02,-9.974351791332481953e-01,1.531109373836148535e+00,-8.851956987504133734e-01,-8.704505706336626014e-01,-8.055019179249051087e-01,1.000000000000000000e+00
9.825347932021048780e-02,7.801566660522059049e-01,-1.334759168559762843e+00,7.714087786420834592e-01,-1.820097903553591800e+00,1.048137740933208661e+00,-3.956004092279735151e-01,-1.435986743259217158e-01,-2.249208303257228120e-02,-9.504044686835644296e-01,1.836921835831935579e-01,1.178421467677028545e-01,-1.598311779872151062e-01,1.595941108538082354e+00,-4.326917164603716337e-01,3.570962209762535977e-01,1.266260993066143703e+00,1.689647420586662729e+00,-6.157175044625580983e-03,-5.494769954488485375e-01,0.000000000000000000e+00
1.845077619539230995e-01,-7.971930473426815933e-01,7.561574951615986917e-01,8.068413368287250531e-01,1.093900527758462804e+00,-2.162043744543949431e-01,-1.449700105800751371e-01,-1.139775352483362869e-01,1.024905809222635411e-01,9.838635272244947716e-01,3.827412209721121200e-02,6.143438208875310336e-01,-1.695610641520566952e+00,6.855634436595823278e-01,-9.751280072516108621e-01,1.113484977152594535e-01,-1.656044274984559417e+00,-2.158642302797819656e-01,5.842173766700381465e-01,2.150252518908234989e-01,0.000000000000000000e+00
1.025541948189225394e+00,-1.643851739000664169e+00,9.147472396829321450e-01,-2.099471901090175230e-01,-4.009890224434719541e-01,1.439559054010238759e+00,-2.276832490630844585e+00,2.920618322046074855e+00,-1.305507670925442731e+00,5.217049384710372578e-02,-1.902851003070582303e+00,6.868073609244612632e-02,1.262622944635524158e-01,-3.601040392216336983e-01,5.423133973770903893e-01,-6.118542089997234257e-01,8.610500450246059145e-01,5.201764354329387885e-01,4.308956342842019602e-03,5.246343405410756056e-01,1.000000000000000000e+00
-1.389995725746311583e+00,4.851424126712741702e-01,-8.129613188544505542e-01,1.786158436596222421e+00,1.301989216814867512e-01,1.652286261320364547e-01,-1.870257789136250404e-01,-2.724642032789205692e-01,1.154131820886495907e+00,-7.911815045020134107e-01,-1.056598953874231750e+00,-2.289893379670961959e+00,-1.271752301671598973e-01,-1.522602606885379961e+00,-5.073628708456894010e-02,2.136820318128178187e+00,6.472232680440678232e-01,1.447402753806893150e-01,1.478354881163851831e+00,3.811942302378864555e-01,0.000000000000000000e+00
7.022112662973464259e-01,-1.613988536872580370e+00,-2.129038778070594606e+00,-6.462273350813229067e-01,-8.799898844996625336e-01,1.087504486902511003e+00,6.457055265487476881e-01,-5.901187243754724143e-01,2.366975793292004582e+00,-6.026941719852988433e-01,2.881359282393933796e-01,7.410041516250327476e-01,-1.001880255217451943e+00,9.722771358391979479e-02,2.630569218527532005e-01,-1.891454979468805142e-01,7.425897565648416077e-01,-1.165715161611363127e-01,-6.033792116888024859e-01,8.460945002509219215e-01,1.000000000000000000e+00
1.982404767242080743e-02,8.756375350703573535e-01,-6.971743136877001090e-01,-5.542966732202083691e-01,1.832806494598270344e-02,-1.786498007290133749e+00,-8.862645224338061567e-01,-4.648844814726448837e-01,6.835063559867917693e-01,4.115293691091079786e-01,-6.302385600528556120e-01,1.006390674440628574e+00,-9.689790814765861793e-01,7.647209325541588498e-01,1.129253009120053441e+00,1.248886761318436678e+00,-1.928366707612408026e+00,9.866724816359754291e-01,-1.857390930977374399e+00,6.144118314720179441e-01,0.000000000000000000e+00
8.300624204512586923e-02,-8.331444514990149486e-01,-1.809140168684620686e+00,9.476772703478055782e-01,-1.051413359881669063e+00,2.044007619403688802e-01,-2.661072787714573007e+00,-1.055070754870314209e+00,-2.747976755392949055e-01,5.672068405367753918e-01,-1.217776703221014278e+00,-4.326757352762676534e-02,-2.935490914611780244e-01,-1.883591509195571834e-01,1.754755548433157009e-01,-1.289295595046560772e+00,-1.666328531854974204e-01,8.135610189423282401e-01,-4.758991894778437093e-01,-1.858566026804229498e-01,1.000000000000000000e+00
-2.188926700692781946e+00,8.133540405042011256e-01,-6.122398275148046576e-01,-5.472575164880086884e-01,4.646937189741051077e-01,1.553392946313625123e+00,-3.427273597934679672e-01,1.054623716936230471e-01,-6.238129202200797252e-01,1.257580990397920484e+00,8.732669162928356765e-02,1.131530791343097614e-01,-4.693730015687531676e-01,-1.295032200311147186e+00,-1.476332919732559645e+00,-7.133744651606778175e-01,8.009091668290715393e-01,5.722809475532882884e-01,-2.004272513458880578e+00,1.107579737833024547e+00,0.000000000000000000e+00
2.104761176699405656e-01,-8.309226946974940242e-01,1.578612832657511511e+00,-8.287793204128722779e-01,-9.737729571663368278e-01,1.802432648767272161e+00,4.691125991041140975e-02,2.166693018797010983e-01,-1.071480707069586202e+00,-1.037437207980122178e+00,-8.269026399467958033e-01,8.838922889106292091e-01,-1.495541779059514020e+00,2.055044265503870315e-01,-5.188740715919577529e-01,1.211264769293151522e+00,1.186161768500165969e+00,1.259894016044273535e+00,-1.133328129197104683e+00,-5.221055446036353409e-01,1.000000000000000000e+00
-6.489868729021764926e-01,1.670840988707178454e+00,-1.151409984888046134e+00,1.142571050876589167e+00,-2.269679268997851107e+00,2.171762772301575883e-01,1.178777601898361338e+00,5.226051017581972991e-01,3.475759940714322482e-01,-1.027776465473251966e+00,-9.493643399609850153e-01,-1.209855092178728775e+00,1.844278911344696459e+00,-3.896278090569077479e-01,-6.620309266092052614e-01,-3.462206982755922091e-02,1.169125308395967400e+00,6.523900710738030906e-01,5.595023797023327417e-01,4.854524627982059193e-01,0.000000000000000000e+00
2.592899154023917477e-02,4.721084328897816595e-01,-2.944117273547992575e-01,1.569849391090897939e+00,1.948528836191021796e+00,1.109787536304990940e+00,-4.428413450775369187e-01,1.724256406329597091e+00,-6.666670602011389724e-01,3.841611722073876023e-01,-1.683616305230971166e+00,-1.390534060021923146e+00,-4.311291128356689595e-01,1.002026339253310416e+00,-2.081626996567494725e+00,-6.976110577860203943e-01,-8.324734055560523149e-01,-3.687086930376080596e-01,-5.086793006195885480e-01,-2.621887555157735861e-01,0.000000000000000000e+00
2.422985886053465043e-01,-1.354016204932248169e+00,5.286615949178966600e-01,4.205950939792202359e-01,8.284033651819053823e-01,5.700577919522848980e-01,6.850425692811189515e-01,7.063382331827480209e-01,-2.099762046191943343e-01,1.409161312214788797e+00,-1.665733243266288133e+00,-1.694202134083368172e+00,-1.224540340333723359e-01,-4.210351621935478628e-01,-2.815392286413038736e-01,-2.221639089567973013e-01,-3.167104289578000498e-01,-4.221059247323721841e-01,-1.164752230703613112e+00,2.623205065576189599e-01,1.000000000000000000e+00
-2.393263802334407442e-01,1.289556146750964416e+00,-1.787103068801997985e+00,-4.820503406599273011e-01,-2.980796793459028482e+00,4.472470919504427100e-01,-1.553762720203771819e-01,-2.454366460498879299e+00,3.868700896427356706e-01,1.165993110236873687e+00,9.708149289185683331e-03,1.643734703969571775e+00,-1.049938267978396844e+00,9.156973049323287317e-02,3.151577165481554421e-01,1.209523618321548533e+00,-1.549700758417281499e+00,6.405751797104295431e-01,7.496754805942493216e-02,-7.381592890046084765e-01,0.000000000000000000e+00
7.589812531757647029e-01,6.607062968177189743e-01,5.981582630715047699e-01,-6.984840388513304799e-01,1.797469088662270620e+00,-2.834629311236939730e-01,3.112599928739658850e-01,6.123248026530691002e-01,-1.554014272417953042e-02,-7.399026291713186598e-01,-6.506592793457731672e-01,1.297396674111283232e+00,7.586539078081852017e-01,7.078928895981645431e-01,-1.506528241963583370e-01,-1.467830881571914103e+00,2.445807621729036985e+00,1.296354003884213624e-01,-3.856240497745035967e-01,-1.307445581211037267e+00,0.000000000000000000e+00
3.873334850908103921e-01,1.617518151440231033e+00,2.487402541963102121e-01,1.190416617226052409e+00,-5.981062790165269094e-01,2.469688550642831770e-01,-1.981480474111664503e+00,-7.699944336606883155e-01,3.070244018243617923e+00,6.741140817442214939e-01,-1.632262669456395199e-01,7.859546239398265133e-01,-8.199203920022882786e-01,-4.452646264604075976e-01,-6.987232389467359361e-01,1.424107414943927452e+00,2.554168450163890602e-01,3.362568043151942243e-01,-5.421368787676840162e-01,2.553016034047393967e-01,0.000000000000000000e+00
-9.876122981908087572e-01,2.833168779942183413e-01,-4.383661317866704432e-01,4.336731519547108449e-01,1.584944619695378976e-01,-1.790092787374940819e+00,-2.209501188550862860e+00,1.177146252019596329e+00,1.521775388694110775e+00,1.922122031366046285e-02,-1.321053861767918503e-01,6.613023802222549596e-01,6.366902682325180640e-01,2.522311223219043885e+00,1.451471624231109425e+00,-2.524500270996009599e-01,1.263985595235775639e-01,1.838273335718557888e+00,-2.275562905834171978e+00,5.609878771020656574e-01,1.000000000000000000e+00
2.134423806685485037e+00,-7.716993877171418603e-01,8.904174813097919250e-01,7.995827205127303827e-01,-3.970273481190389475e-01,1.273460497788121426e+00,-7.354507969171376613e-01,-2.216672952775887093e-02,-9.942242219567874739e-03,-3.418743849834740556e-01,-8.584481928095478720e-01,2.376341414755910542e+00,-8.950909986937100049e-01,-6.213533829189889224e-02,-2.106848935466811290e-01,-5.620633100321641429e-01,6.541661907739710902e-01,9.439445366000395188e-01,-1.825871753361368865e-01,3.892632285215454346e-01,1.000000000000000000e+00
-5.340918511995204065e-01,1.560688027914040710e+00,2.352759273278203001e+00,-6.175211862141620767e-01,9.006254405558354603e-02,1.190510730822840896e-01,-2.232620812874214433e+00,2.298232784399390632e-02,-8.651975423619605310e-02,-8.630829153458887681e-01,6.257214312479436602e-01,7.763047314359559081e-01,3.928774830425803555e-01,1.515031064154193918e-01,-7.165233203268500661e-01,-3.471004063116875926e-01,-3.051426218515494448e-01,-4.000197384248064814e-01,-1.537285053976643390e+00,-8.759958593357406453e-01,0.000000000000000000e+00
4.921031091736641772e-01,1.286013044532918093e+00,-1.101207978281485006e-01,3.017304323763361773e-01,-8.110539505873782806e-01,-8.291576905190900515e-02,7.930167477637897200e-01,-2.614450097641687343e-01,5.829669430018528109e-01,-7.689353868994084351e-01,-2.318235363715555608e-01,-8.334964460407816578e-01,5.151086518407789194e-01,-1.240687393269686023e+00,8.303909735584457108e-01,-1.358282610656479372e-01,1.459201632374064195e+00,-2.090800074744475767e-01,-3.983825125764351993e-01,-2.846872132018652746e+00,0.000000000000000000e+00
-1.611614132413907940e+00,-1.940258023018155142e-01,-9.612846762383154831e-01,4.700349241485858864e-01,7.952122283545214054e-02,2.118211146569753733e+00,5.792832669451489780e-01,-5.921079310307506560e-01,-7.724305463735863242e-01,-1.056505861165384808e+00,1.307370379291056262e-01,3.376821400291100117e-01,-1.014508622908021573e+00,6.503826363604316985e-01,1.009485601570219160e-01,-1.931472884797198031e+00,4.553787583342039924e-01,-9.629510639810161532e-01,1.407924658130165207e+00,-1.281526650051418414e+00,0.000000000000000000e+00
2.637982698053774680e-02,-2.273910461905381541e-01,-3.593005147019273093e-01,-8.220873620823838657e-01,-7.303620583072321093e-01,-1.092710433310392748e+00,9.279413503947820940e-01,1.576422484411131419e+00,2.767205522968810283e-02,-7.655023046231275163e-01,2.269826880596965246e+00,-3.764053367710087361e-01,-2.114026011383765447e+00,6.606738555065787555e-01,2.455951620493348198e-01,-2.657992060431029757e-01,1.283961307089183546e+00,-8.130716387569532078e-01,6.637236731225598652e-01,-5.297485014950140680e-01,1.000000000000000000e+00
5.477448664449154764e-02,-8.095022392677718726e-01,1.416939720465955066e-01,8.551390693163904988e-01,8.089274696291326450e-02,1.217091401158423514e+00,-9.068206281877523312e-01,1.792405072138993916e+00,-1.641367236715148392e+00,7.754204627068359001e-02,5.193743957405132505e-01,-1.140533095267611596e+00,1.694373924487159844e+00,-1.670903452182972149e-01,1.489925628469652708e+00,-1.053187518845211779e+00,1.039208104996807602e+00,-1.044202454348371889e+00,7.707236512633919290e-02,1.832843020672511314e-01,1.000000000000000000e+00
2.722591076400371346e-01,-4.083019679748181585e-01,4.338363802904857680e-01,9.785495112491546799e-01,9.566950564626355291e-01,-1.070952353265712587e+00,-2.136461467246911550e+00,1.405629337673495842e-02,-1.267910365289700581e+00,9.313344673103390869e-01,-1.103986087677804484e+00,3.173453742667586841e-01,-8.310953927851972844e-01,3.186652499460672083e-01,-1.721359217403054753e+00,-6.522141215606269693e-01,4.549763980755313492e-02,1.373454720195977918e-01,-1.047751788455625749e-01,-1.473623880236244466e+00,1.000000000000000000e+00
1.793107828050340302e+00,2.594514377792432325e-01,3.532643457119058472e-02,6.451076446730757974e-01,7.892956477300591134e-01,6.461526702738276118e-01,5.518583946574610044e-01,-1.019646611532624370e+00,-8.555988259797653317e-02,4.241183932213384855e-01,1.890592899122681692e-01,1.405235943545928734e+00,-1.081074663071012187e+00,-4.524294686910212415e-01,-1.368531805268827922e-02,-9.213556696827772396e-02,1.525212132949340882e+00,-6.438045301765538131e-02,-4.451838398461923085e-01,-1.620031914862823663e-01,1.000000000000000000e+00
-1.878929080305386412e+00,1.097256114361541135e+00,-6.332517526269483554e-02,-1.528904019632368605e-01,-1.611319419998006042e-01,8.403770467838887759e-02,-3.059696950194673581e-01,-5.575847995338242824e-02,2.149957689980762088e-01,5.267696482253277912e-01,2.085444428836494168e+00,-1.133172046223664742e+00,8.470154770848520309e-01,2.226826350993211800e+00,-4.884931819525309971e-01,-1.505077088231110638e+00,7.136182389301017892e-01,1.413156101131647135e+00,-1.915972853872297765e+00,3.728132777001872400e-01,0.000000000000000000e+00
-1.384527886325779000e-01,4.589220460886077047e-01,-5.552624794889093884e-01,1.126666315816871461e-01,-1.443089968937325995e+00,-2.127304409665938589e+00,1.510005131062840955e-01,-2.025609919878105902e+00,1.513573599453192475e+00,1.414490662977044844e+00,9.993192809626046946e-01,-1.601298740020219880e+00,-1.622469390623838104e+00,-1.752744705112954327e+00,-9.363867168100878380e-02,-8.483768864100776907e-01,-3.352142615388654656e-01,-1.163813329826231424e+00,1.634765034651889382e+00,8.478101322965524433e-01,0.000000000000000000e+00
-6.817342751949103663e-01,-1.120070572874640291e+00,8.075030906991864654e-01,-8.501573964914337367e-01,-1.304298308135273921e+00,3.230813226903194724e-01,1.419907102492443812e-02,-3.783406690554025342e-01,-2.216846158076256901e-01,5.541461692724849453e-01,-9.369038225890555793e-01,-1.022259833016647246e+00,9.253853097926542093e-01,3.622289662752880002e-01,-2.090061754817400252e-01,-4.896192144862913653e-01,1.383495591331727725e+00,1.749363116315076905e+00,8.362517570322819394e-02,-1.994623478209594181e+00,1.000000000000000000e+00
1.948763203745685679e+00,4.069206502726104846e-01,-5.005922018854521705e-01,1.429863399723884765e+00,-9.846154266814040046e-01,1.441879136792020510e+00,9.114025844301463231e-01,9.146506340828337578e-01,1.328474144113513278e+00,4.993165718396129771e-01,9.978161913806815608e-01,2.410633579532568127e-01,-1.656848373105403782e+00,1.080828280828318499e+00,-1.057885524077031292e+00,3.670191419756641538e-01,1.025626838830344889e+00,-8.706455675689358520e-01,-1.046002407187563543e+00,-1.699328311232872979e+00,1.000000000000000000e+00
3.252604298900191315e-01,1.181444078295215361e+00,-1.508860711022634304e-01,-9.940846753748813214e-01,1.404716611500773427e+00,6.560416505692389100e-01,7.780483666215181060e-01,-7.421983271398712168e-01,8.219119443747372467e-01,-1.575827295284627227e-01,-1.246636880801093306e-01,-2.554524700926414926e-01,5.598506465557360201e-01,7.452883550293519788e-01,-1.316209245179876364e+00,-5.582497350893024235e-01,-9.519190585354644352e-01,1.478430985078748039e+00,1.420632061383250377e+00,-2.885415913331504711e+00,0.000000000000000000e+00
-6.704273793287481853e-01,1.096812042361742900e+00,-3.244969905986114234e-01,1.680624390515237154e+00,-1.111256891494730586e-01,-1.248787854731150081e-02,-1.622888398614343419e+00,2.227814640164349047e+00,3.552919611229859442e-01,2.691413491427991911e-01,7.781803999515808368e-01,-1.946474775169717786e+00,2.090920807608967480e-01,-5.705783600748249446e-02,-1.259278720269494389e+00,-2.597307710428908401e+00,7.212015349846919721e-01,1.324592480246892912e+00,-8.422759545017263205e-01,9.156563145850807883e-01,0.000000000000000000e+00
6.858431295239226788e-01,-9.307022836281262368e-01,-1.034634911498276688e+00,-3.718692581112090778e-01,-5.014629007437727548e-01,1.643894744844192068e-01,2.764439231875522207e+00,-2.295332311424892247e+00,7.349908025980024240e-01,-1.973576988958893885e-01,-1.880132227861927297e-01,-1.492449265392603863e-01,1.049929665201713574e-01,1.158335132407534385e+00,-3.880907757375278155e-01,-3.009329013428660438e-01,-7.269126489109541123e-02,6.714917662813237875e-01,-4.341227012485224801e-01,-1.914384493826257749e+00,1.000000000000000000e+00
1.808878008181998842e+00,9.083950113475535160e-01,-2.889234527506668315e-01,6.351803225106014139e-01,1.865366246236477954e+00,-1.095909173599175057e+00,1.956261418792687445e-01,-5.841900590441325702e-01,1.025160609364146602e-01,-1.386274112589759300e+00,1.189479822876783333e+00,1.130399679335073904e+00,3.548924911361650003e-01,-9.303011890964147934e-01,-4.264951630775064978e-02,-2.508790929072869935e-01,-4.910930790024600201e-01,2.470119859165690102e+00,8.457945145230489903e-01,5.854596266142660932e-01,1.000000000000000000e+00
3.696868678097555150e-01,-3.592868277037033486e-01,9.315466384467140093e-02,3.773381760566263399e-01,-1.186313174659349379e+00,3.125762966765330830e-01,-1.381472009851060223e+00,-1.187801993355794838e+00,1.125335656511408655e-01,-1.128816263385887808e+00,-5.615797331259182457e-01,1.052770835899402790e+00,-1.161971979022614843e+00,1.513394481238383993e-01,1.177970869046841562e+00,1.216888594784033772e+00,7.164948140544835642e-01,1.428166002275901514e+00,1.261296197021371246e-01,-5.632278659862626630e-02,0.000000000000000000e+00
-1.224788062475900441e+00,1.702864174048236201e+00,8.632297607035133158e-02,-1.829880559663236594e+00,7.669643393008565221e-03,1.220680753684525666e+00,4.578084728119876101e-01,3.449404873748646572e-01,7.674821249170961091e-01,-9.788859387600220563e-01,-1.716625201681797108e+00,2.165111300595556898e-01,7.823422245272219078e-01,1.111268392710464736e+00,-1.213151290872470089e-01,-6.857142043969614020e-01,1.130419314447885570e+00,7.315179331330698975e-01,-5.594695162673518629e-01,1.282367052079899095e+00,0.000000000000000000e+00
-1.532293302362289333e+00,4.062756784398851573e-01,-1.035253589612188607e+00,-1.438779826665891104e+00,-1.293058002093093073e+00,5.444594233407592521e-01,-1.720876419539964175e+00,7.798979043389420163e-01,8.172361218716735209e-02,8.277457348687172756e-02,-1.491932205109622434e+00,6.656247067366330428e-02,5.152365615259967280e-01,5.439709815035879137e-01,2.435154815435708553e+00,-1.645200140126128474e-01,-7.079461204292419874e-01,1.038413937337286708e+00,5.749626075105817025e-01,5.983643652187905504e-01,0.000000000000000000e+00
1.239174675273711390e+00,-6.258366395774069835e-01,8.818298894336784599e-01,-2.091630915682927583e+00,-1.353067326390563485e-01,-6.444316199276044488e-01,-1.184363851373527288e+00,-4.732391850898784447e-01,-4.765068035992840456e-01,8.836102167676176400e-01,2.551969134177922149e-01,-9.665062338293438637e-01,1.248651988199313889e+00,-8.279482365039633196e-01,-9.598487622108625716e-01,2.467595175640005870e-02,1.793652840127934134e+00,-4.368591357558525012e-01,4.244953259531680095e-02,-2.937123246007289357e+00,1.000000000000000000e+00
-7.427493506476678942e-01,1.468551240938576807e+00,-2.019054510076045139e-01,-1.320169847358161785e+00,1.518618786019862776e+00,-3.124148997514986092e-01,-1.798674630833869137e-01,-6.366086767713060590e-01,-7.125026656865925956e-01,-2.321497345522228972e+00,-9.198757061689377679e-02,-8.367234216698432592e-01,1.605680231152257997e+00,-5.279679242906364367e-01,7.047342460040677548e-01,-9.147227485352558141e-01,9.590119372676174370e-02,1.572584371810848092e+00,7.522487926113822221e-01,1.164348253124614541e+00,0.000000000000000000e+00
-3.827244476826980324e-01,1.723338832764033657e-01,6.261142485802816300e-03,1.148138905964176670e-01,-3.421975740620969986e-01,-1.025790939073297325e+00,-3.251075210250441994e-01,-9.202934772701559796e-01,-3.405801787164455807e-02,-5.849128977368175386e-01,-4.021476457502271007e-01,-2.857916341867861587e-01,1.256186038169103458e+00,1.004921087459840656e+00,-1.883016320510451758e+00,-1.342791619366573874e+00,-8.863864087974042683e-01,-5.527767334105894159e-01,4.325670975450823241e-01,-6.980688399065347605e-02,0.000000000000000000e+00
-2.202557761228502234e-02,-4.414373759190568514e-01,-6.302300057487019158e-01,1.835650901040520644e+00,-1.160634900095952743e-01,-3.450760406605976605e-01,2.072844930098350358e-01,4.845751782891714043e-01,3.828626822559256238e-01,5.207754723878502828e-02,-9.712514398487125389e-01,-2.695015169346275941e-01,-4.006278173231601625e-01,4.701225808166822895e-01,1.576902898062001179e-01,1.194783416415114707e-01,-9.541046608697267839e-01,-1.647340655794668818e+00,-5.860287151957440654e-01,-2.059783030890301736e-01,0.000000000000000000e+00
1.252433063005099767e-01,-1.514766521099320196e+00,1.419683468275739102e+00,-5.047859981487642367e-01,9.082492405497369914e-01,-4.309328452668224063e-01,5.984360837881859130e-01,2.190305428820699951e-01,-6.006329588244588812e-03,3.248079847027979805e-01,-9.275243743048273704e-01,-7.281165785446638283e-01,1.068926788948173945e+00,-8.518060741292750038e-01,-1.160554712983693726e+00,-2.004643520297882731e+00,-5.369224346615029120e-01,1.918654358374217717e-01,1.224233417416928038e+00,-3.224173040107478627e-01,1.000000000000000000e+00
2.923488841170346908e-01,-4.649866859598911772e-01,1.838479251507747769e-01,2.699900534699659627e-01,-3.149615236782330463e-01,-5.784148225439289526e-01,4.989402775207792962e-01,-1.150731933136500462e+00,-7.593979612367325327e-01,-9.662910404756458460e-01,-9.867569414991559373e-01,4.415130191151812045e-01,-2.120352908312350237e+00,-2.007462887458532741e+00,2.759684152390796119e-01,-1.532783480907546680e+00,-1.819932872341168517e+00,-2.436764105404956582e-01,-2.516735665346694351e+00,5.651580753281273961e-02,1.000000000000000000e+00
1.313894181372430747e+00,-1.692760855830134137e+00,-1.439414817429957916e+00,1.808999152871037852e+00,-7.030792438550218515e-01,4.636951785235814971e-01,2.118290780324283418e+00,5.855690574497496304e-01,-7.119032240719373739e-02,1.542007877164422780e+00,7.252667077422604303e-01,-9.371606505408699439e-01,2.422867338213699762e-01,-6.711130040403030517e-01,9.127376428159547084e-01,-2.395505629725631913e-01,7.269274766206201832e-01,-1.936973732682672589e+00,-5.084874790334781292e-01,-5.210456205555621390e-01,1.000000000000000000e+00
-4.506387297564389272e-01,6.908611913751191436e-01,-6.112749261167286230e-01,-1.299560091890966142e-02,-5.041389562625607779e-01,-1.051040069907300145e+00,-1.513225892879343226e-01,1.131117543718171525e+00,-1.151360583288462358e+00,8.769781208423195196e-01,-1.015736027742935477e+00,-9.671904606353344258e-01,1.716535953675228265e+00,-1.062560805873469100e-01,9.481815549521729336e-01,5.071140693764500940e-01,9.031993941971092621e-01,8.032778271457429176e-01,-5.820344688129817090e-01,-5.771041047114514599e-01,1.000000000000000000e+00
-9.129343560859268791e-01,-1.034291966064110196e-01,7.985969995399889720e-01,1.418563153188559522e-01,-1.043504979320370563e+00,1.603000973071999624e+00,1.838776232202748329e+00,1.488720282796862984e-02,-4.461533551810838438e-01,-3.016331061720927575e+00,-7.940933178021262195e-01,1.049395390829635843e+00,4.973565178437263645e-01,-2.086348427466022115e-01,-2.168210958868082905e+00,-1.084411665432281346e-01,-1.702382366748803888e-01,-1.928124750540768928e-01,8.918834341986254799e-01,-1.359361001078183806e+00,1.000000000000000000e+00
-7.701137721226597455e-01,6.760426743655097992e-01,-9.950099931300309120e-01,-8.135954931451161443e-01,-9.697584070703332282e-01,2.667525739955143860e-01,-1.184784863371004082e+00,-6.250578073932583356e-01,9.659290633002131088e-01,-1.205888055266578940e+00,1.037016835836628514e+00,1.392065455479459535e-01,-7.127366473766179045e-01,-1.094824466868145468e-01,6.370736419614548840e-01,-3.508963123504112991e-01,1.791515395161370483e-01,-7.604502532114530977e-01,1.225779536499264522e+00,-8.460649753484480451e-01,0.000000000000000000e+00
1.512386843245907331e+00,-2.115046519010792103e+00,4.870655742770220731e-01,7.772656188918228848e-01,1.930280979840533151e+00,4.158963489511840472e-01,3.790818893908717846e-01,1.310718235137084076e+00,-4.783309396311994366e-01,-5.933622658520649740e-01,8.365107264757501992e-01,-7.478026948357351378e-01,1.397994599008547112e-01,-1.593407777598034869e+00,-3.245203221447395814e-02,-2.165674505465107202e-01,-3.211259528274948427e-01,9.806959326778216246e-01,-1.439631326989706528e+00,1.239471714984376582e+00,1.000000000000000000e+00
3.259774281225932824e-01,-6.544878748019969938e-01,4.034868771666726972e-01,-7.841237810101799877e-01,1.850176417650227112e+00,-1.458452172571821137e+00,-9.629259812508718375e-02,3.421847534101549182e-01,3.514498562560020283e-03,-1.237969146056374092e-01,-2.087784242409982394e+00,-7.386259240931620784e-01,1.722939308731715302e+00,1.459671203890481106e+00,-1.022481350296865710e+00,7.523032233907391841e-01,1.013665458745282688e+00,-5.692178539212339183e-01,-1.455866667985491691e+00,-1.731277247891678028e+00,1.000000000000000000e+00
-3.360774953802277421e-01,-2.392845355346674141e-01,-1.606962495851152362e+00,5.979135088772775664e-01,-4.925472520536217647e-01,4.772464383691943923e-01,1.041817233043489832e+00,2.168565590318616731e+00,1.051549928581201998e+00,7.888926121457062735e-02,3.488358548671228743e-01,-1.038831292384901683e+00,4.672360119581295823e-01,-8.009804301297831011e-03,-3.199409065922054762e-01,-4.607055816843854124e-01,2.931053061188539088e-02,1.377318654557769806e-01,3.665987506751735570e-01,2.181798482553790608e-01,1.000000000000000000e+00
1.001983332463568299e+00,-7.673299721094235526e-01,2.188424652218709798e-01,4.367932769273482618e-01,-6.077759192318299419e-01,1.440423497827054977e-01,1.654081259317395691e+00,-7.584865741672756900e-02,5.787363514315869706e-01,-2.050427627169058020e+00,-1.177503516199585737e-01,8.812125609272982718e-01,4.574757350870597428e-01,2.142594283882949480e+00,-4.593541999196830150e-01,-2.690206389311863067e+00,-5.946580405253614199e-01,1.162625263668813469e+00,-5.320889361414989915e-01,1.145217681173462232e+00,0.000000000000000000e+00
-3.986391172598997001e-01,5.607461081925146917e-01,2.399668105569252308e-01,-4.950031676652793533e-01,-2.567713616619327066e-01,-1.933684685417610849e+00,5.983149793404066857e-02,-6.585396812609782824e-01,-5.630674211001396312e-02,-1.341295586708872500e+00,3.478494185814806627e-01,-2.140190273892290662e-01,-3.087993989928157212e-01,-7.069801861258170339e-01,3.610108656769388941e-02,-6.337054040766114671e-01,8.540163013349469923e-01,6.107948011081258954e-01,-4.250308703845463443e-01,-1.398726520718206467e+00,0.000000000000000000e+00
5.560236117420110924e-01,-6.312538076862934666e-01,-6.070291475467082254e-01,1.789217644147699904e+00,-1.568022439241089326e-04,-1.628553590383455540e-01,7.033266458947279309e-02,5.746208106574264285e-01,9.423821425098886095e-01,-1.879465792075385167e-01,2.486664958505421102e-02,8.508448140935167547e-01,-6.240029550957987281e-01,2.353347192549719580e-01,6.151759899169167989e-01,9.812450796967625566e-02,-3.436147391335196977e-01,5.337776990687880252e-01,1.166711868267610086e+00,5.028042047863420239e-01,0.000000000000000000e+00
-3.710795583790421071e-01,1.213120502384692045e+00,-2.233953169444776454e-01,-7.263446066036274296e-01,-6.821962120234379423e-01,-7.085276935466496839e-01,-1.682229834006363944e+00,4.883334653683745197e-01,1.557385850860133480e+00,1.261647965303310137e+00,4.189070452521498900e-01,1.056461466752484757e+00,1.028508990527402966e+00,7.623958858684664053e-01,-1.963449874322934718e+00,7.832559711613332754e-01,2.230351354520733409e+00,-3.151420410104787545e-02,8.796271096504045817e-01,6.746546617499912246e-01,0.000000000000000000e+00
-4.459030937569508635e-01,-8.742611781313759656e-02,2.691366712130776606e-01,-2.709363677291560357e+00,1.122240654596678100e+00,-8.861025060591601887e-01,2.210320435325608124e-01,1.081750350534684380e+00,-6.747995923154116726e-02,-1.719903997750487967e+00,-8.483598104560905254e-03,1.671207743873325546e-01,1.022186275809293443e+00,4.451007886600626823e-02,-8.114795693596935644e-01,-1.088793742786903218e+00,-1.402223034711922722e-01,-7.220089768692109500e-01,-4.757841315972386464e-01,1.550998014814003179e-01,1.000000000000000000e+00
-1.465315065905560044e+00,1.745589942415223250e+00,6.202653104540647999e-02,-3.472320497509123194e-01,2.182146714437680046e+00,-3.342549514015441536e-01,2.137193482069135175e+00,6.199933200506257958e-01,1.478111709841968491e+00,-1.167847027401490045e+00,-1.909494798744536537e-01,1.066900735005727130e+00,-1.457626990715821691e+00,-8.779976078666755501e-02,-6.107514802025488798e-01,1.202463897925097891e+00,1.609809500935609705e+00,-6.307336463804483206e-02,1.310866883059607968e+00,-2.686110872994560417e+00,0.000000000000000000e+00
-1.222974497652045578e+00,1.162629730921125759e+00,1.446309666532594185e-01,-2.422117263818517330e+00,-1.711266458836675941e+00,-1.765775886439415188e-01,-5.140305476066249213e-01,-4.154404086714790778e-01,1.965230585282375708e+00,-1.153391398870578399e+00,-7.688025044525946816e-01,-5.171538588177492235e-01,-8.022227785704092451e-01,1.575679996858829313e+00,-1.085916762290936477e+00,-1.456695871006968568e-01,-1.167959177929339454e+00,3.780142786001287059e-01,8.766906938329335208e-01,1.016971420416149297e+00,0.000000000000000000e+00
-2.589871347380439115e-01,6.527145576643645919e-01,2.991731988413985910e-01,6.334511566248507419e-01,-1.252758358200028566e+00,-1.913078124636836963e-01,-1.109041399574774767e+00,-5.512341207474851235e-01,3.114634284163381173e-01,9.156031552733090439e-01,-8.550097596715737769e-01,8.766811555463042971e-02,1.556711977552782677e+00,-2.554632239087230583e-01,-3.191716011016304533e-01,-1.078949211339533143e+00,1.173634466079691574e+00,9.701877963811248451e-01,1.151672956264059300e+00,-2.410811746784962406e-01,1.000000000000000000e+00
1.078862139361927763e+00,-1.941168596235237631e+00,-1.365625687042880676e+00,-1.374976041225921763e+00,1.189769692000099521e+00,-4.372990832969572139e-01,1.375219227290273016e+00,1.385709111979678942e+00,1.628607705800545480e-01,-1.647655875684671534e-01,9.008440562837712884e-01,1.064849329168852776e+00,-1.433691277453986279e+00,5.189979293140964955e-01,-1.696617105629707245e+00,2.208685512618596136e-01,7.411913908871856638e-01,2.236051923568507516e-01,-4.393142167592120617e-01,8.658276099120792990e-01,1.000000000000000000e+00
-1.142909354441427938e+00,6.556749737464776517e-01,2.546246764824894315e-01,-1.439148846819126026e+00,5.460005924827152635e-01,-3.765215109172785624e-02,-3.084993074491133136e+00,7.423134138858615838e-01,-1.199300184689670257e+00,9.349017247993001156e-01,-6.657431406922647010e-01,-5.847210076443473126e-01,-1.120284294129400449e+00,4.242169450874247287e-03,-2.191236028838618455e-01,-4.439112286890488646e-01,1.076997847881492748e-01,3.518960761113558711e-01,3.776925209619634849e-01,1.359522892916712189e-01,0.000000000000000000e+00
-5.888813669453155653e-01,3.962517837760945461e-02,8.472487051677450864e-01,1.392268658667824566e-01,-9.196538071863766262e-02,-2.654668998912394606e+00,-9.905080366752057053e-01,-1.499483805256814684e+00,-2.358180020713666891e-01,-5.044283633436359437e-01,8.950063133803360937e-01,1.031112065474754230e-01,-1.063243368007944056e+00,-5.205932036172642441e-01,-1.630386700605817696e+00,-5.303029033620579868e-01,-1.965124127707958135e-01,-5.646967100210550927e-02,-2.674032196053663490e+00,-4.799475142343522793e-01,1.000000000000000000e+00
-1.578675625505505886e+00,5.503665934684828231e-01,2.022836908810917933e+00,-1.974471669214834302e+00,-4.338901817506239933e-01,7.605663792438064341e-01,-1.062148961810215342e+00,1.044330817716381699e+00,-1.006730367443936958e+00,-7.481502770156951421e-01,1.467539458024645083e-01,1.930728908259211618e-01,1.341360892638243651e+00,1.249695595018027294e+00,7.273103438142091148e-01,-2.099268742143087785e-01,5.889336888362990408e-01,7.246314065114516367e-01,1.181809876885645094e+00,1.664345677868620532e+00,0.000000000000000000e+00
2.488936377869824801e-01,-1.317976218679935974e+00,9.418607807709376001e-01,-1.945275027522437528e+00,1.410236930214022077e+00,-5.434609164098385126e-01,1.384875680982849744e+00,-5.134606129817577136e-01,9.425538387044538058e-02,-2.946156879629894254e-01,2.326031304475350225e+00,-8.282048801366439506e-01,-1.341669769968645509e+00,1.409763041899173286e-01,1.118909291943270407e-01,5.407702151358717568e-01,-2.284569395700794647e+00,1.288092975535030771e+00,-9.563993063446499798e-01,-8.712964025160249149e-01,1.000000000000000000e+00
7.455188490786831546e-01,-4.761958544368036783e-01,2.366164760361791630e-01,1.154481384379735465e+00,-3.869138089443805995e-01,-5.838933552548114525e-01,-3.395676725126608453e-01,2.636611276192112996e+00,-1.209794104649554169e+00,9.147766352889726837e-01,-9.490623184098475607e-01,8.863830964099813636e-01,-5.049299171097893640e-02,1.925820434435812356e-01,-1.307081815746225617e+00,1.285289648651931405e+00,5.137955220659969902e-01,1.476427267270114495e-02,8.207449377516222722e-01,-6.313894587954397286e-01,0.000000000000000000e+00
-1.582000954371260981e+00,6.243836312569054359e-01,-3.015030748277526262e-01,2.471196004417524905e-01,-1.432640069502306490e+00,-1.172998365149847899e+00,-4.486871646027456584e-01,-1.036615678258979267e+00,-2.208223779629406025e-01,1.174976739129791614e+00,5.005644587612532170e-01,-4.846197967638359722e-02,-5.638951985038487269e-01,-8.214809218762770815e-01,-1.274137145024527129e+00,-1.278947120940112370e-01,1.259811343248046667e+00,1.001377478036131474e-01,-1.136888380355686456e-01,1.895312659648745957e+00,1.000000000000000000e+00
2.323425605457059284e-01,2.120042039529554501e+00,-1.213785273945797716e-01,1.270741595128179746e+00,-1.390582766357269850e+00,-6.164718503519981407e-01,-6.609478348252649793e-01,1.590550619835847945e-01,-1.259785456689131555e+00,4.923779235412440447e-01,2.706757765247577829e+00,-6.933564790070088080e-01,1.053611703169322844e+00,-5.833926660064355785e-01,-5.113654504153221092e-01,-3.349491669543448458e-01,-2.745854430431072246e-01,6.804616341580795036e-02,-9.890260784448309250e-01,8.907416258903162465e-01,0.000000000000000000e+00
1.304176992188216699e+00,-4.230078336703618075e-02,-3.513036163311519453e-03,-2.120280599190916160e+00,1.287555308098295770e+00,-1.377485672714408027e+00,5.802338666815037849e-01,2.386191532841349938e-01,3.675830469384954724e-01,-1.965680581007425154e-01,5.115824279329379554e-01,-1.404242935867071385e+00,-2.754049086875170360e+00,6.328774862140549295e-01,-1.059796658435459560e-01,-7.980444036698857158e-01,6.408088273721035399e-01,6.238477241947366636e-01,2.500374607549170625e-01,-8.242186569532305995e-01,1.000000000000000000e+00
-1.920536742722739887e-01,-1.542417182653870941e-02,1.435519895873534235e+00,-1.411855851691358632e+00,-2.189120396652986855e+00,2.434168244078822041e-01,1.276624584311746746e+00,9.077182415985619590e-01,8.656123364118237795e-01,-8.361834961094206931e-02,-8.949009341861103861e-01,1.091375301629350592e+00,3.656454597372015280e-01,-6.342837642649087337e-01,7.124688902833081761e-01,-3.862608890506469272e-01,-1.835159735857014196e+00,3.648578620007758566e-01,-1.494886845083121862e+00,-1.345221045009962646e+00,1.000000000000000000e+00
-8.242975539802271934e-01,2.487634310087579514e+00,1.365452984429814665e-01,-1.832071651473337948e+00,1.230965121076762925e+00,6.613033658062839049e-01,-5.491432282636471429e-01,-1.599381612354513926e+00,9.124711016498203431e-02,-5.670357936006534816e-01,1.080943636101977939e-01,5.630622123815035573e-01,-4.414399841191566365e-01,1.315683203202896445e-01,1.209028306341772607e+00,1.770373729458282197e-01,-3.303875144784798046e-01,1.407555689570980206e+00,-1.004599454019431626e+00,3.291324063365832497e-01,0.000000000000000000e+00
3.786074615657636366e-01,1.036630371183661747e+00,1.107864839085340947e+00,1.854159858869337818e-01,-3.018070162251675903e-01,8.741267526474088001e-01,3.065162395923206162e+00,2.219882060845557170e+00,-2.016950495843321256e-01,-1.394061421170766923e-01,-1.337389018337282076e+00,-1.279546664028391678e+00,5.257871309552194505e-01,-5.614891502075636254e-01,1.795728310530823046e+00,-7.574800210588676919e-01,-1.229352907285456098e+00,1.645573386467049926e-01,-1.332436273957686435e-01,6.266788881747183959e-01,0.000000000000000000e+00
4.501855868477645517e-01,-7.427531015949258020e-01,2.826018393480036472e-01,1.565150033999324064e+00,1.064572769369663691e-01,5.873830761694892784e-05,-3.833447167791525362e-02,2.909376049911400683e-02,1.537272965863542451e+00,-5.605581578584819535e-01,8.953028313776851821e-01,2.157036421632657408e+00,-2.163048676991773112e-01,-1.180163623048461119e+00,-5.576911882108318563e-01,2.532235694611812415e-01,-1.725520212011806498e+00,-2.112032896845618957e-01,-1.583110998693449512e+00,2.681853140231643118e-01,1.000000000000000000e+00
1.253415149086231639e-01,-6.456746472160997952e-01,-4.832948081462548062e-01,1.221492782818715872e+00,-3.548710019615886058e-01,7.985651462780649634e-01,1.071811325085640254e+00,-4.964575280877924768e-01,-6.495980741405815717e-02,7.487537572559631593e-01,-7.508200205313811937e-01,7.346478784142911056e-02,2.327405411662064050e-01,4.120775589744120060e-01,-1.660061619333679794e-01,5.277491671426626230e-01,-2.572755769072476717e-01,-3.863810384561249811e-01,1.922332993960743419e+00,8.945887585084192350e-01,0.000000000000000000e+00
-5.037258131383017812e-01,1.422972477473689823e+00,8.347622430406368421e-01,1.563336480648733096e+00,-9.452556543571768999e-02,-5.365423425870153862e-01,-3.566592932385745929e-01,2.054685166989813627e+00,1.253114856369085484e+00,2.188816957993068080e+00,-2.845942835419105199e-01,-1.459993352414519219e-01,-4.123847976488667078e-01,1.480931045730489171e+00,1.767713893402935055e+00,2.251399525881904728e-01,6.730225678925321198e-01,1.009037431258804851e+00,2.978202465597237225e-01,1.091720154189042447e+00,0.000000000000000000e+00
7.674529459050170033e-01,1.102335423663691749e+00,1.052794041180858287e+00,-9.047194624893942771e-01,-7.085098405128076315e-01,-4.459725262991004469e-02,4.940447382747548827e-02,6.975129950326455219e-01,1.338360163704825467e+00,2.528065795319964781e-01,-1.615480732368436145e-01,2.051503349813175447e-01,1.006620371426463073e-01,-6.848133373232618837e-01,-1.172912411496426666e+00,1.083060775568430500e+00,6.226529287941287016e-01,-1.562209113565439858e-02,-9.118341377982394080e-01,-7.341797973188479709e-01,0.000000000000000000e+00
-7.543352404658834609e-02,5.514169579785197506e-01,-1.009826670095241186e+00,-1.722487810603908098e+00,-8.109225974699214856e-02,9.965688599081348742e-02,-1.268330902856785958e+00,-1.333128052013725862e+00,5.942809179578138062e-02,1.397842448476690924e+00,6.198850546869063560e-01,-1.149314899306818516e+00,-4.495336557222748275e-01,1.468807462078669523e-01,-1.922598216744123290e-01,-4.352576385561283123e-01,9.119585703587620440e-01,5.347667533839672860e-01,6.252162895306444534e-01,7.677929651640378328e-01,1.000000000000000000e+00
-8.214065411577857745e-01,1.086137666170237104e+00,-2.128310866710448335e-01,-4.577354769248079824e-01,-3.470563048821030394e-01,4.850480705250519442e-01,1.311324903176467771e+00,-6.636816800264877525e-01,-9.179027248133652117e-01,1.023393896405663916e+00,4.348547625815183948e-01,-6.537971728567409935e-01,1.071202805745855358e+00,1.078349805057997601e+00,-7.466455922507404530e-01,1.844249240745577723e+00,3.137524297550214336e-01,-2.436761754943986558e-01,2.602044968799671273e-02,-1.002453208652859029e+00,0.000000000000000000e+00
4.085775102449444862e-01,-4.856031343577069115e-01,5.520306878670164785e-01,-1.241300499110606248e+00,-6.604126456813161905e-01,-9.516480878911314223e-01,8.830191525514304862e-01,1.465136433524747872e+00,7.921559956659316448e-01,-4.922080507455931508e-01,2.271205342944563610e-01,1.032585736187613401e+00,-4.770401669033972891e-01,-1.673328010447448166e+00,1.413529549118956341e+00,2.295650213232313663e-01,1.567102369768202497e+00,-2.086508999913129880e+00,-1.535822124580950465e+00,-8.182840010651803997e-01,1.000000000000000000e+00
6.978077885093915134e-01,-1.249091244709773951e+00,-1.098547679571483915e+00,5.283903939327333488e-01,1.130993433863782371e+00,4.143262954894114114e-01,2.729973630759447434e-01,-4.208583494063571906e-01,-7.180280358368495985e-01,-7.298455450639645958e-01,4.322200345221209883e-01,6.565671306976322841e-01,1.850705083748074575e-01,-1.195782760311573240e-01,9.425273083220806480e-01,3.107292649329160827e-01,2.095819517640411966e+00,-1.349150586093737392e+00,-2.013804238408654079e-01,-4.400157747456714952e-01,1.000000000000000000e+00
-1.186793231823216166e+00,1.354182786963558760e+00,1.430380621160556309e+00,-7.473640459471827535e-01,2.114152850063296951e-01,1.253175727709441523e+00,-1.283562863110088437e-01,7.743219327103810778e-01,9.416634413546024485e-01,2.349970354492354196e-01,-9.966425774906404467e-01,8.631046489764178098e-01,-2.740322629763590478e-02,-1.670974712867540291e+00,7.672738955808739991e-01,-1.323014095053925310e+00,-1.616620559037929672e+00,1.310105137867747294e+00,-1.275373461375638007e+00,1.570159393796894509e+00,0.000000000000000000e+00
1.836759146279023092e-01,-1.559805917418025933e-01,9.844916778105133881e-01,1.356603337508129226e+00,-1.724939258115846918e+00,1.009952907000824407e+00,-9.086273304936485218e-01,1.580755944219499165e+00,1.498018137744893563e+00,-7.449162192368955493e-01,-1.810832991751568644e+00,1.047142442448784516e+00,-6.305230116947212471e-01,-3.374893085678566385e-01,6.514056492580001800e-02,8.865151804535152946e-01,-7.304004900992779048e-02,-1.846649763637342900e+00,4.371408102732711742e-01,5.880060103779032321e-01,0.000000000000000000e+00
-4.853502294548379670e-01,5.496557590836862461e-01,-1.375085178338926462e-02,-3.546430290583215683e-01,5.044618046145067369e-01,1.259618293527791366e-01,7.774291101723980191e-01,2.280492664921370594e+00,-2.969186891507947235e-01,8.312557884901748961e-01,-1.086287085509677786e+00,-1.609801840818549934e+00,3.495787120698526707e+00,4.861535159102949866e-01,5.260752313690755105e-02,1.110073713702915077e+00,8.107180187377276137e-02,-3.301787290972721389e-01,-5.213934249498118900e-01,-6.994932478617306160e-01,0.000000000000000000e+00
9.588965023732793913e-01,-9.572472634719932927e-01,2.205768162180294922e-01,-5.687018733615623045e-02,-1.089059317934285342e+00,-1.207265879285900345e-01,-7.414670445106659180e-01,-6.127339805608551515e-01,6.609405788028669404e-01,1.501337421262505467e+00,-1.303566350841459665e+00,-1.121390334115788034e+00,5.278701834422361294e-01,1.580068717227275377e+00,-3.549330147937529434e-01,-7.719680685042908941e-01,-1.744102320167753684e+00,-3.072369359527620802e-01,1.855945974419544342e+00,-5.519305026334212494e-01,1.000000000000000000e+00
-2.782427178021941172e-01,1.027995899654617684e+00,1.272491685942830575e+00,-2.029060343088578300e+00,-9.175438101661684831e-01,-9.812562001475444440e-01,7.879195213943633869e-01,-2.636884458486206118e-01,5.624820437430794184e-01,-3.630278684332362005e-01,-5.086526756765739066e-01,-8.271925166975846455e-02,1.095890324449384945e+00,1.296164565734736485e+00,-1.340898695578171429e+00,1.988396697284786407e+00,1.165515592632771352e-01,-3.592356486570031926e-01,8.522946037246711404e-01,1.464673029547823857e-01,0.000000000000000000e+00
-8.662524976610617156e-01,8.225648389270323602e-01,5.980798994176181882e-01,7.075859950673435428e-01,6.012136277139331630e-01,3.856032189114409481e-01,-1.213152037629051883e+00,1.538113490037192332e-01,1.713967877650535820e+00,-2.078856306621848227e-01,2.316901088272284026e-01,1.174022041719426701e+00,1.967275574940742858e-02,-2.252074349323035518e-01,2.290111501943711048e+00,-5.114814243488043921e-01,-1.118396574569246793e+00,4.835879614256214376e-01,-7.063006080725422464e-01,-2.948050554858180905e-01,0.000000000000000000e+00
5.973059812595046258e-01,-2.680153477923065686e-01,-8.934553590408139678e-01,-9.188002107862494050e-01,1.315103277364609635e+00,1.147858505612342928e+00,-1.391799701283283230e+00,8.902853844913636294e-01,-3.059803226068690818e-01,8.445204598483270209e-01,-1.981259337069519455e-01,-2.288412487341991430e-01,-3.014588826673864630e-01,-4.061560247513563149e-01,5.897879320052744623e-01,9.566782514891893907e-01,-1.500248238154127556e+00,-2.067462592751090900e-01,-9.146454313618251897e-01,-2.046225314053436772e+00,1.000000000000000000e+00
-8.674541727229917454e-01,6.794011812085414270e-01,8.932591665177872509e-01,-3.831015408382607013e-01,1.712080966858931408e+00,2.685224994374722507e-01,9.565717410810558041e-01,-2.022380927438439446e+00,-1.819331743108806299e+00,3.298415937037552093e-01,-2.427593887012425289e-01,-9.826824421835193002e-01,1.148379160735879534e+00,1.796061576414205718e-01,1.417308110736586579e+00,-5.450865359934442544e-01,5.871305512497659862e-01,1.808925914352984832e-01,5.114368869890882907e-01,-3.524104003671228447e-01,0.000000000000000000e+00
-7.717370333139242367e-02,1.214329973484399791e-02,-1.305978499774633539e+00,1.546301942849014788e+00,2.785637028713747188e-01,6.278799586711227843e-01,-6.325112148441354165e-01,-1.737497509291275000e+00,3.279524573828266898e-01,-2.689128792813505475e-01,-1.096214149790056380e+00,1.047169493202267931e+00,1.070560646743631938e+00,-1.001484796893995943e+00,-5.264463309571981720e-01,-4.574065175875393074e-01,-8.613757440794960196e-01,2.316335351489245742e+00,1.029463414079448524e+00,9.622540119737110764e-01,1.000000000000000000e+00
1.217936528710399147e+00,-1.706977004670357401e+00,-1.553677816293722591e+00,-1.387452064522604334e-01,2.272817646962776994e+00,-2.971559775229163161e-02,-7.584666766568155527e-01,1.197362751040776718e+00,2.800521061952662011e-02,-1.464754709321820086e-02,8.585364582523828947e-01,-4.632424809159121915e-01,9.538759454594633036e-01,1.030472878142667525e+00,-1.826599486434793765e-02,-8.826603333571990673e-01,-4.212222305379172971e-01,-1.271963570857534087e+00,-1.051578038880089716e+00,-9.238430922938479783e-01,1.000000000000000000e+00
-8.267393857550998926e-02,1.080255541746556025e+00,5.210470952160813907e-01,-1.735787479771395914e+00,5.083284505533202102e-01,9.219777120614625066e-01,-2.590335087934161895e-01,-6.946997596487912707e-01,1.481931292721597293e+00,7.525739087248349835e-01,1.297592605139578525e+00,9.963039317070507828e-01,9.870387978554030495e-01,2.213985850325329352e+00,7.162562392554984170e-01,1.522362487101434292e+00,-3.150292911534782192e-01,-2.675456734439895512e-01,-6.200500308684635531e-01,-3.021910141956648047e-02,0.000000000000000000e+00
1.560776317402167601e+00,-6.648297397284493870e-01,-9.262589067616184835e-01,-1.519527825708277824e-01,-2.961534666267894855e-01,4.791776481613538308e-01,-6.555651136132963908e-01,-1.632593707598120947e+00,1.129566252678446459e+00,6.678563914433283122e-01,-1.169558808656318005e+00,5.363876828488509663e-01,1.160292402173468407e+00,-1.325148299735494639e-01,-6.292016950791859964e-01,-2.402742792065395150e-01,3.982525171805587627e-01,-5.184303530899632140e-01,-8.722214007448286788e-01,4.949846987364495687e-01,1.000000000000000000e+00
1.235391077833180695e+00,-1.353938391697752763e+00,2.463816661271441555e-01,-6.089291676330270686e-01,-7.065742129191473486e-01,-7.760475156773221084e-01,2.718649223896223432e-01,-8.908878336178056578e-01,-1.383075537237306030e+00,1.503980222856283078e+00,3.787428032409149159e-01,9.455381013984855976e-01,1.022455273478624971e+00,1.637394774610531900e-01,1.757182288818529781e+00,2.028342544199134290e-01,1.277097510164214578e-01,5.512898674458043269e-01,7.335144799954840256e-01,7.296413789475409972e-01,1.000000000000000000e+00
1.610740828795866331e-01,1.171667437480153229e+00,-5.929417327064537280e-02,-4.674898670839720549e-01,-9.634393528314900701e-01,-3.134792175943360015e-01,-6.077930264921836967e-01,-1.135071954690553220e+00,-9.238981760443928382e-01,1.603082146620503634e+00,1.242091138348676127e+00,4.246855979531155012e-01,5.359458527332006117e-01,-1.126800497783002515e-02,4.166338366908599045e-01,5.709604554763983986e-01,6.132240840271439009e-01,1.820846161391689311e-01,-5.059976408214258425e-01,-4.600554687654628827e-01,0.000000000000000000e+00
-9.307633632445481142e-01,2.361037487363601528e+00,3.095291088836020221e-01,-8.516882319457456940e-02,-9.163968181556497727e-01,-8.830856248089969940e-01,1.827991422229076512e+00,9.896490264213754218e-01,-7.582550780565190385e-01,1.135302966956934334e+00,-1.912631537471919385e-01,-8.182008884293440198e-01,-1.642787698412640163e+00,9.852981859760349126e-01,4.357519136108315427e-01,4.890093491647527491e-01,8.719704021127340221e-01,-2.107059908959826033e-01,-3.430960512452723155e-01,-7.742139595110916761e-02,0.000000000000000000e+00
1.750786788608754030e+00,-6.794343800027722313e-01,1.326780069216317415e+00,1.992314217350819927e+00,-2.807912702086510226e-01,-2.963373109363612867e-01,6.256641925141306348e-01,-2.717519158207112873e-01,1.480722965878676911e+00,1.881416078537460068e-01,2.005261490147600967e-01,-1.095082639415472681e+00,-1.687226255267891828e+00,-1.388531428671218482e+00,-6.279519441795256007e-01,-2.678569445786126990e-01,-3.455015870211276541e-01,1.496796238116205879e+00,1.422888199190486813e-01,2.171255113121592473e+00,1.000000000000000000e+00
1.543298753698349735e-01,6.898411329068053488e-02,4.514054536355098513e-02,1.154782019373410407e+00,-1.683181366460974715e+00,1.164427011922500421e+00,-1.534790910264550057e+00,2.215443521857952902e+00,-1.142900812482427059e-01,7.853400801141201537e-01,7.921962655188834468e-01,-7.329062285364055240e-01,1.287859529804715464e-01,1.639400148863675133e+00,9.644092907150395577e-01,-1.393992127287043692e+00,-1.417110435736885110e+00,1.812129299220966772e+00,9.293966541344003685e-02,3.883638045257818416e-01,0.000000000000000000e+00
-4.507372088444751568e-01,1.251559783797490111e+00,-1.761459780122909824e-01,1.493085905119005075e+00,-1.866351761741020798e+00,-1.062564270296034286e+00,1.062777231456414340e+00,-9.009922896664127601e-01,-1.800433087689040090e-01,1.185317814322815799e+00,-1.598520617975395242e-01,-1.324735077283417439e+00,1.945112466485722225e-01,1.374618438906174411e+00,-2.352179149457238605e+00,-1.882273514056354458e+00,-6.960403234960469421e-01,2.969162769186568518e-01,-2.473136595114343805e+00,7.562215289534373053e-01,0.000000000000000000e+00
1.306509100039066285e+00,-6.499378072800762185e-01,-2.414118904688297818e+00,-6.221896918762763740e-01,-2.625097661864022047e+00,-4.931257126453293949e-01,-5.930739982676864752e-01,1.149761942209106103e+00,-6.326016108134596694e-01,-4.706112057171229490e-01,6.655188870407311441e-01,-2.927481677706256225e-01,-7.013631686855575920e-01,-6.964843765846787660e-01,4.015407335921645782e-01,4.535698928064107321e-02,9.574023644100647656e-01,4.251168737338945625e-01,1.071012614537108387e+00,-1.447291171052088377e+00,1.000000000000000000e+00
-1.283509791270593114e-01,-1.293158794054132921e+00,-2.231850827757385358e-01,-1.877400280131628740e+00,3.787625654728604130e-01,-9.229022548571730322e-01,2.285475759325072687e-01,4.226660634854351728e-01,4.258962555382743709e-01,-9.653641399590506822e-01,-9.123652686071981321e-02,-1.254885688935794441e+00,7.587505270486658571e-01,-1.112415345504426112e+00,-1.235018260283198943e+00,9.342391665058037420e-01,-4.744441095016549981e-01,-1.061588152883201408e+00,1.028820992518441502e+00,-8.606390460115171948e-01,1.000000000000000000e+00
-1.518702404189707478e+00,-5.105715666594784485e-01,2.060205075889882664e+00,-2.329549251770110241e-01,-9.511907690394788562e-01,-4.760084367659545568e-01,-2.370605620335045072e-01,-8.140539082145513694e-01,5.388621318268812521e-01,2.730744335507342857e+00,1.194545821197307900e+00,-9.178171586477065769e-02,-1.546712597808966028e-01,9.695833390802802709e-01,3.773310399231987744e-01,-1.539659428941051011e+00,-1.134471184090172002e+00,-2.371673205687448327e+00,-7.080930899173065729e-02,1.736477313073695461e+00,0.000000000000000000e+00
4.770932897116823002e-01,1.430930002938652468e+00,3.408112723413381784e-01,-1.240794224321120742e+00,8.629570081732446107e-01,-4.108086955491868641e-01,-9.816567823164551454e-01,-3.289810140020515972e-01,-2.210296159646965020e+00,1.879870991421961790e+00,-2.175881226310004468e+00,-1.451747393831710919e+00,8.732321854595200827e-01,3.508600721791172994e-01,-9.242460060755265383e-01,-2.246743388145332254e+00,-3.590404817324068798e-01,1.059177974246034770e+00,-1.463860265767341406e+00,-1.593066755057501171e-01,0.000000000000000000e+00
-1.104828380629912510e-01,5.855561260847367278e-01,1.966463430415344771e+00,-7.767558521665567373e-01,-1.014728478179282245e+00,1.193513690857600368e-01,6.289786305266199529e-01,-1.350864690385372713e+00,-6.703784670734187767e-02,9.278824129866988235e-01,-1.488123433791089134e+00,2.451112389799871560e-01,-1.568236155624821437e-01,-1.262363300085935225e-01,-4.603930749436573322e-01,9.534709512451026159e-01,2.152188906444451877e-01,-1.153896082103158083e+00,-1.762192056265839302e+00,3.829275365160600408e-01,0.000000000000000000e+00
3.510905118273344172e-02,-6.458216872243218720e-01,1.993070555665859001e+00,-1.019259170428808758e+00,3.068839327729643851e-01,-1.418770302543111983e-01,2.055437718495819188e-01,1.064900707056255280e+00,4.713479220741245146e-01,1.724763978366530726e+00,1.631907840347731620e-01,-3.137719431098976997e-01,5.174668241156330506e-01,-8.652791839111494410e-01,5.731623835575977433e-01,-7.426436366891729923e-01,-2.078080718112108871e-01,1.383725570404535643e-01,7.316971141589052596e-01,-1.839278575449674602e-01,1.000000000000000000e+00
-5.526891423602012798e-01,4.135730687356163338e-01,-9.061289696157623919e-01,-8.263898197077379493e-01,-1.441476291136152055e+00,1.363637713805726737e+00,-1.262945112568883088e+00,-2.010713343079198190e-01,4.442246771834928304e-02,1.046751338429952605e-01,8.208094262914245043e-01,4.940128449421425372e-01,1.313722958942596497e+00,5.770936019697094910e-01,-4.527138731592370569e-01,1.822092228388031199e+00,2.150557023223137687e+00,-2.427282791940420292e+00,-2.312710510707669254e-01,1.094701509788674129e-02,1.000000000000000000e+00
-1.168001939698079195e+00,-6.598456597345930819e-01,5.452511026362623081e-01,7.150615197300280723e-01,-5.958042173514378759e-02,-3.485101757457514937e-01,4.207299980584938148e-01,3.808098078619998050e-01,-1.013986661697524605e+00,-2.137612944983401930e-01,5.735864987958640970e-01,-1.732526919826112399e+00,2.158321412966855313e+00,1.396012474926866975e+00,8.609944145015834271e-01,8.220818462636900747e-01,1.081406721819443695e-01,2.139427655362712011e-01,5.886218545869036367e-01,8.979900663426014784e-01,0.000000000000000000e+00
1.264289929910187960e+00,-1.199460333653759703e+00,2.571099713057063418e-01,-3.131927316468434419e-02,2.719142515971978424e-01,-9.553711527509849422e-01,-7.485391166255306317e-01,-3.621413437103136457e-01,2.793805324550446278e-01,1.247478498080191622e+00,1.072791836815143313e-01,-1.009279306665088916e+00,-1.415034707157565921e-02,-6.651833467908798703e-01,1.034110541867888644e+00,3.186176695808537462e-01,3.982207493345757410e-01,-5.590899929462241902e-01,1.097043263495584897e+00,-1.386737220266201387e+00,1.000000000000000000e+00
-5.693946040690782695e-01,1.126924976708854054e+00,-2.741976395995897042e-01,-2.839443244514765485e-01,-4.408548435902454266e+00,-1.387796920522882616e+00,1.933973623319023005e+00,2.986781076891929509e-01,8.693116922329093832e-01,4.284353472587119072e-01,2.720365020345331120e-01,3.063065212259293291e-01,1.991515801080125936e-01,1.599840384366729040e+00,7.525802140015789288e-01,1.157409741182333363e-01,7.066143095361711313e-02,-5.630726531080361141e-01,-1.206079261490888982e-01,-2.469468624518281197e-01,0.000000000000000000e+00
-2.482011736351727726e-01,8.682094744706488898e-01,-6.345413639535560923e-01,1.448844052126128989e+00,2.817756408897769682e-01,5.430830965951367606e-01,-8.932178798030432354e-03,-1.467038774580379012e+00,-1.114292826867644193e+00,-1.511144746248171966e+00,-3.410266082206259153e-01,3.406502906584349399e-01,-1.383495813955335274e+00,1.321763250536664991e+00,1.150138628597936474e-01,-2.239672067336570649e+00,6.339708706564181062e-01,5.158293355306029504e-01,-1.068148502014858670e+00,5.318199897482294158e-01,0.000000000000000000e+00
5.515684394422534220e-01,-7.247781246423636858e-01,-1.464544048130684395e+00,7.883829400318508318e-01,-1.529445831970498215e+00,2.193061185398534618e-01,-9.824600958842841791e-01,-3.728910692577631220e-02,9.783618386779117937e-02,-1.229727803984427714e+00,3.750964648000921359e-02,-1.237415925863232236e+00,2.016169001785546311e-01,4.311820865802106217e-01,-3.745453451647481891e-01,4.444820315812988976e-01,1.752724497388810088e-01,1.033488578482024245e+00,-2.327449635457406463e-01,5.491504393140261842e-01,1.000000000000000000e+00
-7.876924649415558699e-01,1.866757685314535342e+00,1.249790710462381549e+00,-6.566638244277501757e-01,-1.137590101784474034e-01,-1.448073745386661226e+00,1.116512683744988577e+00,-1.319564389917610159e-01,-1.507576587574475102e-01,-9.609342038623340798e-01,-1.732013727541201975e+00,-5.686208237613463862e-02,3.497582384611033768e-01,-6.148505642001560467e-01,8.615671035775043229e-01,-1.338632651017133579e+00,-1.245153256513233719e+00,8.579662679975235129e-01,-3.955908491317299269e-01,-3.577940841939966643e-01,0.000000000000000000e+00
-1.341374098691892718e-02,-1.458839465113024314e+00,1.296817764288931363e+00,-1.338764306426994288e+00,4.877558900453578539e-01,-7.001894086533166917e-01,-1.521514056962306016e+00,8.818497975253093424e-01,-7.239943411353803038e-01,1.689364194347963588e+00,9.737841539248565104e-01,5.781432797188508221e-01,-1.920381174474142583e+00,-3.494083185110045675e-01,-4.857015367592530941e-01,-5.367423476081712996e-01,4.878422293155768030e-01,8.024536280879056571e-01,-1.174535582782395560e+00,-4.519924035695946363e-01,1.000000000000000000e+00
-3.088489746344629250e-01,-1.243238361406942216e+00,1.434076730389979015e-01,-1.075410695328562705e+00,-1.136674905391089396e+00,1.244050062785950761e+00,-4.484440973684303833e-01,-1.020314549418063071e-01,-1.361327018396357946e+00,-5.410200516878478361e-01,-1.227965259204357285e+00,-9.944900255830887437e-01,7.791463034685430777e-01,-1.940028172397335327e-01,-4.180085972748208700e-01,1.886741013202007378e-01,-7.855397339101364285e-01,-4.468723621844943317e-01,9.068864290428407804e-02,-1.475314602028287903e+00,1.000000000000000000e+00
1.456272524814170799e+00,-1.337501171908750397e+00,4.802907653883096151e-01,-2.062620480229337971e-02,-6.499850259982674627e-01,9.078758966748969872e-01,9.471781041333157125e-01,2.867002729952067286e-01,-8.485992557076121878e-02,1.633037210768910619e+00,2.508479093164880935e-01,7.387034354829559168e-01,6.548017730238233636e-01,-9.877980725856686517e-01,9.824701318094958280e-01,-8.891220828691083211e-01,-6.222637321320357850e-01,1.105540299854596842e-01,-2.529185027230227978e-01,-7.881350879723875158e-01,1.000000000000000000e+00
1.835268654092688578e+00,-1.072010734246977348e+00,-8.950040648368481344e-01,7.103177754098598251e-02,4.617300856506634243e-01,4.744709602182883845e-02,-2.607630459177274762e+00,-7.650665404570429207e-01,4.657908588438276487e-01,1.685272508786848755e+00,1.005407220782511546e+00,-7.754775116358393339e-01,7.918413295369476634e-02,6.701168380006018443e-01,-5.529593063602048497e-01,2.490123352403462165e-01,4.851847258410972308e-01,4.191158739186795490e-01,-1.095886169011271338e+00,-1.719121710144772552e-01,1.000000000000000000e+00
1.430840295053764866e+00,3.321340425052938250e-01,1.133315365945257620e-02,-7.529544333335641548e-01,-1.391089788704751973e+00,-1.120662803369424143e+00,5.355223693772520610e-01,-9.824197507785680239e-01,1.259627988976017576e+00,7.511872967170037940e-01,-7.094877741226657264e-01,-4.370330454079137672e-01,1.818112663987776489e-01,-1.598407629831072319e-02,1.660699116029956679e+00,1.955412958564549039e-02,-1.965283858500678660e+00,-5.733598061234899124e-01,-1.329848581841150290e+00,1.440575667017993000e+00,1.000000000000000000e+00
-1.716822542561788678e+00,-1.586113131344556726e-01,9.990589999370201868e-01,1.040382908231447745e+00,4.276636605976334993e-01,-2.280675217094811080e-01,2.296350703495704249e+00,-1.318032474847378399e+00,1.995776923200152986e+00,3.651502592896629373e-01,-4.967045569648004810e-01,4.548017155089684738e-01,-2.398281567946367043e-01,-4.907935614957839032e-01,1.405685743510515673e+00,-1.537418386403608672e-01,-2.246553922821781513e-01,-1.482548385474935060e+00,-1.304896468816101329e+00,2.338602529004094599e-01,0.000000000000000000e+00
1.454420406018754885e+00,-6.031250134668845325e-02,-9.628267651144457595e-01,-4.711690382109240405e-01,4.821186506579864250e-01,8.433096417262839761e-01,2.151000222881820356e+00,6.488488754999467423e-01,1.616868109873431658e+00,1.297962237778054195e+00,-7.707949377383191969e-01,1.798028999273458384e+00,-1.854816068385221284e+00,-5.880515965181983828e-01,1.815897086584979947e-01,-2.324997535188410680e+00,8.000754865446216835e-01,1.800423251095357058e+00,9.048616435830830751e-01,-3.454647168645858524e-01,1.000000000000000000e+00
1.571537947143416269e-01,-9.866900296234859535e-01,5.874650056632433337e-01,1.144520604727134128e+00,2.458592105254100643e-02,-2.524439729694699430e+00,8.499792217770690828e-01,1.721312097698769694e+00,-5.009435931218256949e-02,1.050012205302836232e+00,-1.422044388310789387e+00,5.536509525551553956e-01,2.241885509851623492e+00,3.222546220176020770e-01,5.270938288165600838e-01,5.390565372475503159e-01,2.488126426680323522e-01,1.580507938548564528e+00,8.756674630544609705e-01,-2.644257715720023660e-01,1.000000000000000000e+00
-2.977443495434538567e-01,1.880720987620102758e+00,-9.968711038405984048e-01,8.655420275303770117e-01,7.340410926656902868e-01,8.558957335083746676e-01,1.523808729426149311e+00,-3.576979441254812264e-01,-8.724558825400825501e-01,-9.704130825924512926e-01,6.579576752120935845e-01,-5.644576225477802023e-01,-1.319666769078453594e+00,-6.498070121043683089e-01,3.242090753854459106e-01,-2.949268388372816574e-01,-1.095967946569334162e+00,-1.365629917321651843e-01,4.507832434030200064e-01,-2.968595060433129595e-01,1.000000000000000000e+00
1.142645623026546708e+00,-5.289694267021380902e-01,1.594810878746619309e+00,8.909370018697844174e-01,1.027192713584510253e+00,-1.416127825584105437e+00,3.649434597976652928e-01,-1.476141190066330433e-01,-4.688117431238100763e-01,-1.581422204507800577e+00,-1.132991717612011673e+00,1.181270889279983693e+00,1.084655308909250326e+00,-8.847174171308166413e-01,8.387498204187048001e-02,-1.659006429077338196e-01,-7.242876552545112201e-01,-3.562719917709551987e-01,-4.500908184475731905e-02,-1.878575381248291043e+00,1.000000000000000000e+00
3.888257174343407452e-01,-1.458769913918740668e+00,1.431993851155414665e+00,-1.080683800554917307e+00,-8.673016858886287705e-01,1.426316601087131986e+00,-5.219249376365629051e-02,-1.919658290164715508e-01,-4.226811712502672180e-01,2.344467860186169872e-01,-1.251994078134618382e-01,-1.592006297857805786e+00,1.335374501559776217e+00,-1.103601392442902229e+00,-4.832107565467124166e-01,6.400246010573406030e-01,7.048704504828067208e-01,-1.073608363094865847e+00,1.614828634573263200e+00,-1.342988952226766008e-01,1.000000000000000000e+00
-1.319918322677143818e+00,6.982739639346046134e-01,-7.016163798270405594e-02,-1.074138698897199928e+00,1.429592659968330404e+00,-5.182668153186797966e-01,1.490956701089401149e+00,-8.232466320279567817e-01,9.463056745981224260e-02,-8.441027086962997750e-01,1.227103469165457206e+00,1.016103657522823944e+00,4.016091530082729344e-01,-1.507454263447916831e-01,1.421164822395004634e+00,2.585821443055669744e-01,-3.348126335900539208e-01,-1.189317524605989940e+00,5.616096829701956450e-01,6.255497490211591183e-01,0.000000000000000000e+00
1.392937240671073829e+00,-3.810453179710363014e-01,2.382197379783184688e-01,1.028831539396612538e+00,1.467550624750372235e+00,-9.884287532470724669e-01,-3.466583223377558420e-01,1.982283757832615789e+00,1.744021478277893097e-03,-5.796308544762123205e-01,1.734994714559137119e+00,-1.768090126861751876e-01,-1.093959078128522222e+00,3.422964389307935340e-01,-1.838860785131644082e+00,-1.559725236636932966e-01,7.453526665250702621e-01,-6.754313689077170446e-01,1.610514759203527102e-01,-2.560305443057945274e-01,1.000000000000000000e+00
8.303509857092449264e-01,3.503470318358323787e-01,-1.840742613833692642e+00,-5.929128730250283752e-01,-7.620262453149109216e-01,-6.671776459875125020e-01,6.043476146648857350e-01,8.923085564539483538e-01,-8.457667623895563924e-01,4.929679868323730285e-01,1.857110793146391936e+00,8.221111363416729878e-01,-3.291335502247126621e-02,-4.584350221009327320e-01,4.070687945920079542e-01,9.751113888250563522e-02,3.322814954407882215e-01,1.408958843304513708e+00,-1.188133498977898883e+00,-1.203817829331157663e+00,0.000000000000000000e+00
7.640399411471413549e-01,-1.182905803831296065e+00,-7.111665900867167878e-01,5.618856112696942740e-01,-1.411783754803753732e+00,1.272201487580367774e+00,-3.593577546813906398e-01,2.912837712669745227e-01,1.001544422607446139e+00,1.793855137496157548e+00,-3.993275940652795675e-01,2.686114156421164800e+00,-2.387583566825708659e-01,7.934304159465975781e-01,2.693832318241226265e+00,9.032325642576585767e-02,6.024478107447903685e-01,6.261421870913028709e-01,8.284833329308712857e-01,2.854946316720725630e-01,0.000000000000000000e+00
1.311927052352313439e+00,-1.248520333854898245e+00,-5.219655764355791705e-01,1.045996325487862227e-01,5.769379062836542671e-01,4.650628271106472394e-02,-3.045740632208797094e-01,-1.262264771846838274e+00,-1.174221852583223313e+00,-2.838034658072893901e+00,5.591429170735193743e-01,-3.585919478132269106e-02,-2.870038044545043798e-02,7.588148969255898990e-01,-3.617657256096201701e-01,4.338077756317766931e-01,-1.654639633465235793e+00,7.816033150454663181e-01,1.416545874683673656e+00,-8.507915088255439962e-01,1.000000000000000000e+00
-8.442459512599540528e-01,7.151346882291271800e-01,1.653839021325461678e-01,-4.744156424822293383e-01,1.105496208773017575e+00,1.168085977541655884e+00,-2.843433309169558498e-01,9.826006493559137356e-01,-7.731919713633601809e-02,-2.913650968171921929e-01,-6.547904314118005997e-01,1.127450792525966694e+00,-1.501572547964078019e+00,-7.629753302645211344e-01,-2.111124658330048864e-01,-1.388925917796411391e-01,1.101831069907735383e+00,-9.349183424078762183e-02,1.299552581066337753e-01,-1.571664803358251150e-01,0.000000000000000000e+00
-1.881621474872452460e-01,1.702236450384300603e+00,-4.662939015692040001e-02,5.474250293249119936e-01,3.784698999050943313e-01,7.585372093583326869e-01,-2.250725884598638593e-01,5.961639726814245144e-01,1.134288728860561868e+00,1.616723332983769579e+00,1.784436106944800315e-01,-1.561436061479100301e+00,-1.976293979947590485e+00,-1.706385723441268543e-01,8.304517432101360397e-01,8.731646594589296262e-01,-1.045129528609652025e+00,-7.149310723977937432e-01,-3.110831527496374371e-01,3.679138650608243521e-01,0.000000000000000000e+00
-7.940155963530018957e-01,3.939868615356711956e-01,-1.692606800943372569e-01,3.478060681325132464e-01,1.096071297309836101e+00,-1.082067939084021990e+00,2.505486643927300541e-02,5.844826853913163284e-02,1.578089011016617249e+00,6.025054604050610330e-01,6.381277793570045986e-01,4.743260579440172070e-03,1.271370774820268501e+00,-2.971520179781953264e+00,2.268648213477471309e-01,6.651756841296844192e-01,-6.453082826517464454e-01,-1.818237216570812498e+00,-2.082628873014426674e+00,7.022068632875685390e-01,1.000000000000000000e+00
-1.022936386580593160e+00,1.039714624579508584e+00,-1.196438893874548492e-01,-3.297985892891774906e-01,-3.531153358365531902e-01,-1.222284585859364281e+00,4.269624573030766923e-02,-3.900178944825202221e-01,2.608761276762949222e-01,-1.541851533236692662e+00,-5.051750751299854958e-01,-9.333158164865237305e-01,4.641528494207712852e-01,-1.036491596022552253e+00,3.751272698342536516e-01,1.685000455864800635e-03,-3.710253398215621612e-01,-5.896525224607493953e-01,-4.460831610400523561e-01,2.868287673619787995e-02,0.000000000000000000e+00
-7.154348956285065952e-01,-2.682928990146168369e-01,-1.579299759357845057e+00,-2.585473537555985635e-01,-3.131168733814252425e-01,2.018854299266943653e-01,1.347808603102277902e-01,-1.105293898875323810e+00,7.204829596546137305e-01,1.155325023249831329e+00,9.177910812066722088e-03,-2.560612470276106833e-01,2.028900155453199905e-01,-6.496787720174842518e-01,-9.796058525278623641e-01,5.376329551974664556e-01,1.477918673295631202e-01,-1.533536438715265682e+00,4.071978979678279043e-01,-8.820387764874436376e-02,0.000000000000000000e+00
-3.693696871567850315e-02,1.738234419012229415e+00,3.355498258289385527e-01,-9.310259170906218240e-02,5.033513350953476850e-01,1.593112624463311477e-01,-7.250692618015909530e-02,-6.968853212551832932e-02,2.586720124308274915e+00,-1.102672715964115646e+00,-5.636208286367579978e-01,-2.506495825098477015e-01,6.702549737284478892e-01,3.888516594122162773e-01,-7.997343255714821630e-01,-8.624960075325751596e-01,2.222583808073024803e-01,-1.139587299807912402e+00,-1.484797333606824088e+00,-1.655340784174526680e+00,0.000000000000000000e+00
-1.013259293448343978e+00,5.491509081049060770e-01,3.846320441816571956e-01,-4.904709047045741066e-01,7.557389922279524885e-01,1.739273433283221815e+00,1.089076563199623315e+00,-1.098485493510864108e+00,3.767520850963029244e-01,-2.072364414131968591e-01,1.356658415756243630e-01,2.791723876262520165e-01,-1.125831313241476783e+00,5.755123205972719758e-01,1.290742186875729336e-01,-4.443150516030286989e-01,-1.861424765785794522e+00,-8.752025257018330312e-03,4.168644080055855516e-01,1.053455646363769427e+00,0.000000000000000000e+00
5.713226235612892806e-02,1.819892003409519843e+00,-6.966091399587607258e-01,5.308905563598160793e-01,-1.498736975689039630e+00,3.699050796511521577e-02,2.478114174037227557e-01,-5.707741661834082603e-01,1.819652369550217308e-01,1.224173969580639731e-01,-1.615769962336494892e-01,-8.582400980559210524e-01,1.205983985001888747e+00,7.387646033125765122e-02,-6.660565476648272476e-01,8.149020750647690825e-01,1.405827373011425463e+00,-6.150708013685379782e-01,4.946371273186210282e-01,7.688995355644350216e-01,0.000000000000000000e+00
-4.651395243199496488e-01,1.126542308005652054e-01,5.822425419900032484e-01,-1.932651829399005261e-01,-6.648214085924000205e-01,2.603250818562744540e-01,-7.177823570742659642e-01,8.700363709321567995e-01,-5.916006049998624450e-01,9.757939032799617385e-02,-1.227959925963648669e+00,-1.397766237166770509e+00,-7.023976916835894535e-01,7.190358285051670073e-01,1.402450168153923871e+00,-3.752803813147984058e-01,-4.887741305208692655e-01,5.913678476825886404e-02,-3.626282917146069762e-01,-1.140368809899653391e+00,1.000000000000000000e+00
-2.421713558247492667e-02,-1.146295987957086648e+00,1.300751792469957979e-01,6.575515452837238373e-02,4.933249152470457477e-01,1.338418932857450727e+00,-2.979728510917235562e-01,1.685091241327882905e-01,-1.324316543446948380e+00,-8.083473706069286280e-01,7.837728859853662078e-01,2.285818164075224534e-01,1.307999026995370517e+00,8.916517432343203931e-01,1.112403975255036537e+00,-4.084141086770550766e-01,-1.005827311683552772e+00,-1.437913306109725342e+00,-9.002572645810201779e-01,1.251292328106204943e+00,1.000000000000000000e+00
-1.596959575142847809e+00,2.070202039966183849e-01,2.077128753794617311e-01,5.489380705368056557e-01,-7.878063050469027440e-01,-7.888426975010286446e-01,-1.170688136686097280e+00,-8.689862812392437075e-01,7.036165543599033345e-01,7.706693652231891289e-02,-2.756276308164479216e-01,-2.592392568183708446e-01,6.686056345435020809e-01,-1.949698083087511913e+00,-4.264809527945979672e-01,-1.393569665770872046e+00,-1.254294366029928554e-01,1.324896199953531362e-01,3.781520234193783137e-01,-1.763482622780940590e+00,0.000000000000000000e+00
2.452656224399616669e-01,-1.165587023001579459e+00,-1.489484659079849171e+00,-3.140235130606698899e-01,8.097799577823210082e-02,2.633713174486868702e+00,-7.161468825090978596e-01,6.411694683653696991e-01,-2.281167140283095307e+00,5.505548888453394296e-01,-2.181812470358161782e-01,9.936980887919317773e-01,-1.708315013846469554e+00,1.849632353724507405e+00,-6.162499201198465837e-01,3.535539421772911362e-01,1.227583240773219675e+00,2.641052105517084359e-01,-1.069343589407498962e+00,1.338250556512962375e-01,1.000000000000000000e+00
-4.451333541052218679e-01,-5.109103733579748452e-01,5.937483565311976186e-01,-1.252241401191708015e+00,3.229553501403654159e-01,2.175859534332654985e-02,-2.452416277122660304e+00,-3.958067814081988600e-01,4.665915904882221299e-01,1.004566184187430267e+00,4.836536221956646009e-01,8.677433989778164936e-01,-1.018905713954031622e+00,1.825728343233273598e+00,-1.667658587012200488e+00,7.998440821276793233e-01,-7.423744659045170557e-01,-2.888615216875168798e-02,-3.348464364750533551e-01,-1.377130334152853575e+00,1.000000000000000000e+00
-1.124427316044843833e-01,1.158703310426184574e+00,1.679288245209719532e+00,-1.818986490469001183e+00,2.548730911670369359e-01,-1.792831839165237806e+00,-1.273834850662594720e+00,1.234661749225973715e+00,3.431172956395236451e-01,1.936025105739178853e+00,-9.081421154501538862e-01,1.312890679742997335e+00,-2.422968655481896327e-01,1.123242141781367387e+00,1.120576819203805419e-01,3.302236577496600600e-01,8.890506506051097935e-01,-9.338242033718622270e-01,-1.158186718520667791e+00,1.705197876107290567e+00,0.000000000000000000e+00
9.634784879592112050e-02,1.762682627409422498e+00,-1.279505678473105978e-01,-7.688153611570405221e-01,7.360943710505897242e-01,-7.302584834629517740e-02,7.907984080152723472e-01,6.999722065582222319e-01,4.593552865548221065e-01,1.238594988981229106e+00,-1.116310043345059899e+00,-1.220800046993320231e+00,-1.475253811840898877e+00,2.186463064907549825e+00,-1.896737785782169894e-01,6.894933591405459639e-02,-3.221167263476025500e-02,-1.587026346848842584e+00,-5.036830342603608734e-01,1.781249287572853890e-01,0.000000000000000000e+00
-9.736085580961695643e-03,3.816274932910305728e-01,-8.550352566098339269e-01,1.567305972688844973e+00,4.284070705716867822e-02,3.640777788209357269e-01,9.079404295565484118e-01,-5.706099123799868167e-01,-8.677083831752618881e-02,-3.279125054305823128e-01,1.152964071446618499e+00,-6.643595766353215248e-01,-1.116774938677690399e+00,-8.602780364071122010e-01,-1.988773955547491257e+00,-1.853416655239578770e+00,-7.754198170321978667e-01,3.250516849456165369e-01,1.109299721322536403e+00,7.129708956771771966e-01,0.000000000000000000e+00
-1.560001776875896251e+00,1.783010644698557856e+00,5.272942899275465667e-01,-8.528435990937247579e-01,5.521283726417690607e-01,9.967591081776515649e-01,-1.976812300132970712e+00,6.836329104385534539e-01,-2.683371247669221193e-01,-9.774255845022897793e-01,-3.250722975818007288e-01,-7.909757630867965128e-01,2.717485948368394966e-02,5.996993302799733666e-02,8.794139497671196182e-01,1.204607712669187591e-01,2.050127178585139098e-01,-1.720056396045496483e-01,1.091521755848168657e-01,-1.406458052043064733e+00,0.000000000000000000e+00
-8.566163901970901273e-01,1.107816693545580877e+00,-1.564197459265253443e+00,1.506769948461993136e-01,-1.585994011570348805e+00,-1.673125536110706135e-01,3.616186386702873734e-01,4.235910423147190018e-01,-6.196486443257921417e-01,2.388091564535098354e-02,-5.911543832072344573e-01,-4.137603512717356602e-01,-8.978991483123975881e-01,-2.135358301271462089e+00,2.858420177534001794e-02,2.417399434554418913e-01,-6.628992282872450126e-01,-8.306663542101265785e-01,3.683583261501573447e-01,-1.627240302352837231e+00,0.000000000000000000e+00
2.479791606495821421e-01,2.122847519803081062e-01,1.311985561033645276e+00,1.445153016799217260e+00,2.017083944078173763e-01,-2.231747743622686242e-01,9.703998781347105140e-01,-3.960118870884433151e-01,-1.159752915773482496e+00,-1.278904117760043757e+00,1.036760635709906619e+00,1.219022190283963608e-01,-1.386411531464389668e+00,5.111248679685156393e-01,-2.110925773387440918e-01,-1.094761309325936294e+00,-3.195969806103632904e-01,-5.669333791352632740e-02,-1.089262330223720543e+00,9.304889528424996614e-01,0.000000000000000000e+00
-1.040835179943753463e-01,1.643242163908545495e+00,4.039961587631369366e-01,7.838525299699145021e-01,-2.130827736782812676e-01,9.974917648309375995e-01,-1.642315785612697532e+00,1.420672432252299222e+00,-8.601458250749260959e-01,-4.453813386894850401e-01,8.250541983901283905e-01,-3.360908674022652365e-01,2.064112471773218299e-02,-5.361055583068448094e-01,-1.215156394675003027e+00,-1.189604913099640005e+00,1.150968922319881571e+00,-2.518323421795237160e-01,-5.557080870686835761e-01,-1.822337987426045358e-01,0.000000000000000000e+00
1.113763004430725845e+00,-1.965100242978263134e+00,-1.350123074291455838e+00,2.297004464697719239e+00,4.193559525778101649e-01,-7.332522587689912497e-01,7.325055415080122811e-01,4.726834917657012358e-01,3.919991183165161264e-01,1.316509667365808989e+00,2.077451937188856679e-01,8.337070692937023075e-01,4.630924417745734267e-01,1.222925781966537236e-02,1.535453040972261096e-01,-2.561469082527352836e-01,-4.218280327582012434e-01,-9.642977426545604747e-01,-9.719541185268718575e-01,-4.285138843703406586e-01,1.000000000000000000e+00
-4.322728710338802904e-01,-6.917019363473042581e-01,8.945620839519016210e-01,-1.997809977215862398e+00,-1.290607893127703631e+00,-1.069312079443582419e+00,1.082594663944742130e+00,2.497361438785613286e-01,-7.418962063555283315e-01,6.587918911908985375e-01,-1.335768964820185589e+00,-8.144166693306454929e-01,1.904499698130627916e+00,1.348407930629745399e+00,-4.860121832924312324e-01,-1.203444889770006521e+00,-1.020386848064811725e+00,-1.479163013629992696e+00,8.448088771783961448e-01,-2.116561333158948788e+00,1.000000000000000000e+00
-1.052607745095566066e-01,8.976155441117286138e-01,-7.741251377773150644e-01,-9.272519538078584089e-01,-9.216254596058073290e-01,-1.109427327673325303e+00,-9.502551670209655188e-02,1.038111081891606613e+00,-5.930438890154848819e-01,-5.960319390305927056e-01,-3.660147998643556444e-01,-7.329986474685251663e-01,1.405089545703740672e+00,1.730064978298810341e-01,-4.901715505511051174e-01,2.729079140751347055e-01,1.963956112877056348e-01,-3.330451790485979280e-01,9.849739765737233199e-01,7.688407686472356617e-02,0.000000000000000000e+00
-8.698382791722300555e-02,-1.987901851264864073e+00,2.496039875479102721e-01,5.656530626823785823e-01,-7.572977054888362092e-02,1.211753262183689506e+00,-1.406555869248064639e+00,1.086921930088977195e+00,1.756659597089912095e-01,8.679130598435613742e-02,2.855312171084031236e-01,-4.207035230945919274e-02,-7.562829489375189063e-01,2.170279445728224080e-02,1.773841557191190021e-01,3.552325809130385537e-01,9.745823283080871091e-01,-1.527913953326886787e-01,-1.791610308418248643e+00,-5.923569869286587214e-02,1.000000000000000000e+00
-1.226615651730377649e-01,-6.781616699071564280e-01,-1.518844979031488185e+00,1.315213541416658583e+00,-2.118079877520652465e-01,-4.039766130548788636e-01,-8.207853670844791893e-02,-6.832577317984330767e-01,-4.785610318463605073e-01,-1.063652077476165081e+00,3.420698068269762415e-01,-1.032765699088145084e+00,-9.216899084682435295e-02,1.077225475897098272e+00,1.302315508932649024e+00,-6.297317292398747490e-01,1.511165067659404893e-01,-4.360302730270605442e-01,2.640259977363943467e-01,1.330811180880995037e+00,1.000000000000000000e+00
5.573501405956790000e-01,8.740423994145037900e-01,1.222056773676335473e+00,1.413162684151817006e+00,7.234267891859874622e-02,-3.297248119588138682e+00,4.961691363983282144e-01,-3.421501258152967462e-01,-4.553842528372081810e-02,-9.248422073640554242e-01,4.268645117825141111e-01,2.303285984697071506e-02,-4.367024204536152504e-02,-1.252966856466854573e+00,4.326182486009586547e-01,1.775309251869665317e-01,-1.305468029684840880e+00,-5.864972948333977421e-01,-1.141108275263769123e+00,-1.542743845089480370e+00,0.000000000000000000e+00
9.247484797556336789e-01,6.464908246145307791e-01,2.553437628081460242e-01,3.414022112319947677e-01,1.425261334721502182e+00,-9.827240545838512864e-02,8.991975894343088305e-01,7.881703898413784382e-01,1.244020431480575173e+00,4.887495640269413077e-01,-3.494037556360924390e-01,1.834133059419461587e-01,-1.163068174691085366e+00,-3.476514050065373951e+00,-3.481944979527671902e-01,-2.085097381059811683e-01,-6.419464654475062204e-01,4.420844935057319791e-01,5.207712828352135670e-01,-4.388399361422697931e-01,0.000000000000000000e+00
-1.025040555779947349e+00,9.610190719245522706e-01,-8.328081770469512868e-02,1.864097553177971989e+00,9.834157283266917737e-01,4.255432322796801059e-01,8.467881007552595651e-01,-1.056441819650309810e+00,-1.449677517024293039e+00,6.349614978110330599e-01,-1.374233212589777986e-01,5.685532113530448184e-01,5.815571991628596393e-01,-1.398972491984272537e+00,-1.386902636743621242e+00,1.571386549753567952e+00,7.675911239658428364e-01,-3.216894210399889320e-01,6.848162053891850010e-02,7.040306144233109409e-01,0.000000000000000000e+00
-4.346323667306347532e-02,6.495284237813527817e-01,2.444429353611850264e-01,-8.871256042919190010e-01,-1.735265323202566545e+00,-1.232560718650555831e+00,1.358815733087513022e+00,1.247073852717092368e+00,-3.212819128545675529e+00,3.509879850511081201e-01,-2.468281846343240993e-01,4.199318889259881504e-03,-1.321271058798584752e+00,9.337769205083696900e-01,-1.482070432867976795e-01,-1.233707372355721393e-01,6.809618882362746817e-01,-3.587666591236151614e-01,-4.257504192216803041e-02,3.805647164011534134e-01,0.000000000000000000e+00
1.459497637639865619e+00,5.679100601002761151e-01,-2.887808003032784065e-01,-7.020515773636779588e-01,1.346199593374835413e+00,-1.071372507799415175e+00,1.192220778479031740e+00,-9.558718077183056550e-02,-6.046123786940822420e-01,-3.288924312522922278e-01,2.337286668007001189e-01,1.154007049483743552e+00,2.240347522832389082e-01,-3.242725562633171354e-01,4.229236668169598090e-01,-9.540550696601247660e-01,2.550519005164635367e+00,7.382978652918571472e-01,1.693821613148279726e+00,-1.525290738162699444e+00,1.000000000000000000e+00
1.386306227784268874e-01,1.399990998608967363e+00,4.745951699823728887e-01,-1.654567805566498628e-01,-5.360553438564463757e-02,-4.137954291174074095e-01,-1.240338508029005388e-01,1.336529881303873957e-01,-1.133025720996946539e+00,-1.400876517211710803e+00,-7.085498618751241429e-01,-1.826557992682010578e+00,1.925496122811310107e+00,-8.736046960184793431e-01,3.331702053601923175e-01,1.228023477375307149e+00,-1.857345389998363849e+00,-1.263923596268157375e-02,2.882003048543743673e-01,7.989572721980588987e-01,0.000000000000000000e+00
-1.810420738946248720e-01,1.736502831045972695e+00,-4.275244714948592817e-01,5.184143325437415850e-01,1.499784389278434674e-02,-9.548532578594247644e-01,5.351074841911070967e-01,-9.135850576635957676e-01,-5.610308126380544325e-01,1.323133694639525793e+00,2.061755218598495809e-01,-1.904942084838580699e-02,-8.694381241472137756e-01,-9.176852983304290001e-01,-1.764443417152531168e+00,1.269452326429867939e-01,1.086478808519655004e-01,5.040286387274416358e-01,-1.175159149936175318e+00,-3.205348331538152018e-01,0.000000000000000000e+00
-1.629618973647013025e+00,2.577264470153674547e-01,1.394743936685304941e+00,4.596054200699212222e-02,3.885101599661029970e-01,1.664918943120301975e+00,-7.810167183449817641e-01,-5.933614347727134142e-02,5.735511703845431741e-01,-2.195378900443993420e+00,1.820063122087367813e-01,-3.274253781828277976e-01,-1.653668449636858551e+00,-2.658617803977744165e-01,8.844082667953003796e-01,4.373170451937843928e-01,-5.644524729220130599e-01,-1.186729789628313547e+00,3.798170857156937252e-01,-1.871073250049344258e-02,0.000000000000000000e+00
-4.632170467988049878e-01,1.771000736332553338e-01,6.855286806433074087e-01,-5.658750083197056080e-01,-1.329251842982391629e+00,1.419638927231339443e+00,-1.510969800483744629e+00,-5.140050046592192778e-01,8.226278306535753648e-01,1.335890491173085393e-01,-6.451130821071454635e-01,-1.112696473140638798e+00,-1.883612248952561963e-01,-7.833824863660883153e-01,-6.081018989219140192e-01,-1.883305072681465131e-01,2.254631511288227863e-01,3.462649051891530383e-01,-3.627386992519326392e-01,8.366966703825902407e-02,1.000000000000000000e+00
1.003632856120455275e+00,5.752925748369840386e-01,-2.618303399506301948e-02,-8.548429882893956999e-02,-1.045664325941262573e+00,-9.389816658679180916e-01,-2.012926902467787382e+00,4.623032323460496418e-01,-7.363882103161696335e-01,2.108811705987785334e-01,2.490148746909066554e-02,1.918361749537454530e+00,-4.987480278252421351e-01,1.786692043364487836e-01,-1.934747360513885406e+00,-6.294661365738032366e-01,-3.046324889732437757e+00,7.239348306521398158e-02,5.333940948001201221e-01,6.191717894151765877e-01,0.000000000000000000e+00
1.280694320495463057e+00,-9.949946819766813944e-01,-2.047284896232256513e-01,1.198192875769370502e+00,-1.858897227799891916e-01,1.013020193588319989e-01,3.949824314126643143e-01,-8.034249030123072899e-01,2.543075813940935959e-01,-2.349163457760543861e-01,-8.551847879962770627e-01,9.849984871409206422e-01,1.710721569331270786e-01,-7.433035693802685362e-01,-1.371620323015519394e-01,1.602451528416891868e+00,8.002817164129699679e-01,-2.052696817924678729e+00,-9.598887645402404134e-01,2.395328715840598033e+00,1.000000000000000000e+00
7.760002485603137989e-01,-1.007750982816406848e+00,3.258628122436660335e-01,6.595316836666077487e-01,-7.222180793027134227e-01,8.443513482077199539e-01,6.526972315308524619e-01,2.272344914061519283e+00,-1.221562135069120987e-02,-4.261518523455039981e-02,-9.590788756470557397e-01,-6.959500716323528957e-01,-1.716378997038574272e-01,3.536962778267691565e-01,-9.024032183756576508e-02,7.034874042200451871e-01,6.670774830990743309e-01,1.069310994883351379e-01,4.610381244715907462e-02,9.122874515769328063e-01,1.000000000000000000e+00
5.713880017449080029e-01,-9.442549107127421459e-01,7.746118867724370860e-01,7.715209425619657946e-01,-4.959924329599847415e-01,-3.923757065700780311e-01,-3.461422592151526256e-01,-3.297057900399921748e-01,6.461743049026629215e-01,-7.220402652264198418e-01,1.788127358193144056e+00,-4.920640331150591407e-01,-1.313624800590860842e+00,-7.837950374926140329e-01,3.128528427380143917e-01,2.043362007377964029e-01,8.424855367218333502e-01,1.005064933200586763e-01,5.004025690344450217e-01,8.716361193063497659e-01,1.000000000000000000e+00
-3.019878327649200278e-01,-2.371951728234331369e-01,-5.934966158386254520e-01,2.853735609034502296e+00,-3.487065023709961520e-01,4.804627343836952447e-01,2.171445206693733421e-01,1.390015811093760600e+00,-1.015579244880126186e+00,5.975633711119104907e-01,-8.096599265813474444e-01,-4.039202173704258270e-01,-3.156877253436327774e-02,2.480171844829484606e-02,-2.555783165292031534e-01,4.634350887323646639e-01,-4.241770300769514557e-01,-3.798930365891300953e-01,-3.177367257514109866e-01,1.097894007634256514e-01,0.000000000000000000e+00
3.596113711280446434e-01,6.532482952642207907e-01,1.798970227019988655e-01,-1.198346332087667776e-01,3.228552623381055753e-01,-4.068828017425495935e-01,-1.131370821420732531e+00,2.011322642551086060e-01,2.299399633901048068e-01,-1.074696956442596996e+00,9.249127993876378184e-01,-5.779166531176432864e-01,1.124148936990789993e+00,5.520062630143309779e-01,-6.991048771848603627e-01,9.143451659058579040e-01,3.936242701257339771e-01,6.007978266689288915e-01,2.774545914285138637e-01,-2.001634585035917180e+00,0.000000000000000000e+00
6.496763780965124635e-01,-2.140840892135858486e-01,-7.389727335041043066e-01,-6.988001718697056663e-02,-2.996736483638045012e-01,1.187429758130034818e+00,-2.617846877966629737e-01,-6.166726376962587963e-01,1.582501665058666962e+00,-1.245532922714647661e+00,4.311711103286981484e-01,1.567727186212224622e+00,-7.349070904065932996e-01,-1.219305754344775838e+00,-1.416059177411220338e+00,1.469834345062559722e+00,-1.445351870234010461e+00,1.217842836090088365e+00,1.305715306790268537e-01,7.081754220658974530e-01,0.000000000000000000e+00
-1.738577709348602118e-01,9.750640477520079452e-01,5.257437601392755955e-01,7.067925721368406491e-04,-9.355009400539504583e-01,-6.610414180816008844e-01,2.084703634374184045e+00,5.080091918293011544e-01,6.759055968394889202e-01,-1.060507311259706986e+00,-6.401995437840398706e-01,3.412494309755300659e-01,-1.913900657505132719e+00,9.521080229625043800e-02,1.814470025696013067e-01,-2.853260955834454604e-01,9.886920267190066891e-01,-1.171821803067701007e+00,-4.947810882366093788e-01,3.655618526718956013e-02,0.000000000000000000e+00
-5.823249512960635421e-01,2.960816734586648735e-01,6.308164048557024506e-01,2.171763963027941169e-01,-1.014652370122736569e+00,-1.224946328308006982e-01,-2.356021868766933758e-01,-2.439648269862910723e-01,-4.728690769903184932e-01,4.399441427809284710e-01,-9.942407001313829928e-02,1.139305405992802944e+00,-3.615669954961500676e-01,-1.007618817047170268e+00,-1.064093856978191727e-01,-7.644359452398969967e-01,1.589480010203596361e-01,8.149404284858405845e-01,-1.676965898914400399e-01,-6.191862482831007597e-01,0.000000000000000000e+00
-2.128769287841659530e+00,1.216991384994562803e-01,1.533764906660909366e+00,3.241961752061692792e-01,1.052438309347542678e+00,-1.136487425603372597e-01,-9.234449619597155934e-01,3.592757337565730819e-02,1.937629942812734374e+00,5.144442343734031420e-01,1.436518878910776897e-01,-1.095624712950366897e+00,2.317044044233354527e-01,1.145747358769628299e+00,-3.989306841108504753e-01,4.087601198616458986e-01,3.358917893257369891e-01,2.820891665423724270e-01,-1.941859120663796068e+00,9.540875914512274569e-01,0.000000000000000000e+00
1.852532651938341435e-01,-3.457351934951093941e-01,-5.856034230305305899e-01,-3.079922399512944331e-01,-7.815863600816240764e-01,1.156462473527176238e+00,-5.355283717701556645e-01,-2.699235451465852087e+00,1.536083755222342750e+00,-1.085082279044989217e+00,5.711022362561640753e-01,-4.219380077359523029e-01,1.465561222502619332e+00,-9.658127124778281836e-01,-1.461789536570387849e-01,-5.133249741562619789e-02,9.748266434999547370e-02,3.861028577483819890e-01,7.039945065871623386e-01,2.342635454825212626e-01,0.000000000000000000e+00
-1.457942652978217790e+00,-1.899443046213933339e+00,-5.990613745104951260e-01,-1.166708332713469964e+00,-3.059152098971124611e-01,-3.418929859642467761e-01,8.718788881650467726e-01,4.247551461418981600e-02,-7.325688141060318070e-01,6.282946722620234015e-01,5.473534434683887673e-01,-3.372546419682632135e-01,2.800109401326144609e-01,-1.705025494600107550e+00,4.851484183261119409e-01,9.816388101297255364e-01,-1.726090251995913594e+00,-1.243247206150641798e-01,-3.387915250724333194e-01,-5.994929037710208242e-01,0.000000000000000000e+00
2.539003526338873273e-01,-7.919524849923627041e-01,5.814564169010953965e-01,-1.004388215196707179e+00,-1.074780978672409182e+00,-9.216329532201213148e-02,-9.016192580671203993e-01,1.921695135447174796e-01,6.489034218627068862e-01,4.580540690529210091e-01,7.059815100873949589e-01,-1.166328870940992690e+00,-8.883900368069301834e-01,6.182319447822009345e-02,-5.268938234808535626e-01,1.848776373381828819e-03,-3.681493586549395292e-01,-1.108036746409292395e+00,-1.341530962492254897e+00,2.308962054370874151e-01,0.000000000000000000e+00
-7.623234471644951826e-01,8.228492542140836141e-01,3.047814651677148157e-01,-6.120337840468167284e-02,7.062949875420360124e-01,-6.209965979062093133e-01,6.114982992152440122e-01,-4.299016064815401328e-01,-1.169201722447105407e+00,-1.201304718798958504e+00,6.014046879282024527e-01,-4.570177093299813698e-01,-5.494638623909438996e-02,-1.152255213230679587e+00,3.750392316985372565e-01,5.227493935535504344e-01,1.449063338181179716e+00,1.815646089420635823e-01,-2.250258922145109253e+00,7.567791871950663163e-01,0.000000000000000000e+00
6.720963948695789503e-01,7.795650568774251110e-02,-1.885594300021366632e+00,-5.093959609317214587e-01,3.895904377250569151e-01,-8.289320044121732955e-01,-1.638330579333238335e+00,5.955748420219159067e-01,-1.647397999496871934e+00,-3.522198166073686743e-02,4.103850902943628198e-01,-3.198335327678569762e-01,1.241040010492367562e+00,7.318106301882061349e-01,-7.599968972144719448e-01,6.044863855892106397e-01,-1.000919057220977182e+00,7.937011821675766798e-01,5.199981661151363843e-01,-2.085818620951735980e+00,0.000000000000000000e+00
-2.249596783763245511e-02,-1.355749958060818550e+00,-8.733661661423561817e-01,-9.203818071659040922e-02,2.838189557330132451e-01,-1.563556846252981192e+00,-5.963836338120921399e-01,1.388417815414957346e+00,-1.117811757003980971e-01,2.150547747166704771e-01,1.139516427579963853e+00,8.818293534209650786e-02,1.675344705701760306e+00,-5.598424527548443441e-01,-3.025859527615795685e-01,7.126865720849500097e-01,4.068479215390748416e-01,1.373238054643029171e+00,2.928357677962108441e-01,-1.529104844551717468e+00,1.000000000000000000e+00
-8.956221234738316328e-01,-2.248198369119889239e-01,4.975675569733503667e-01,-6.757463429176870269e-03,-1.914095031474377429e+00,1.425048205329661810e+00,7.396058188501866137e-01,-8.416307987122643164e-01,-6.391997314013181386e-02,-4.078766092123764508e-01,-7.851726592820033046e-01,4.749582582633697370e-01,2.180432552417944869e+00,-1.666563039225291476e+00,-3.269159336143063199e-01,1.789365842360836067e+00,-1.225012254873247164e+00,3.496483064095167737e-01,-2.671146611113972558e+00,-8.976841849148889940e-01,0.000000000000000000e+00
-1.916949150261560153e-01,-6.501908616254730156e-01,-9.480760529671832249e-01,-5.213819285504255330e-01,-1.144228468182815067e-01,2.011568931514767566e+00,2.420785145854993381e-01,2.210887763004113493e-01,-4.335867578127907129e-01,6.200867491116805047e-02,3.192045555924212796e-01,3.367086190347254315e-01,9.364913506872947213e-01,-4.722217167144831529e-01,-1.158742607453671081e+00,-1.085865059153308998e+00,1.482156091182394109e+00,-5.119890056276076296e-01,1.548089687422145477e+00,2.161144070880732238e-01,1.000000000000000000e+00
-5.139806506588375790e-01,-1.246498928472516310e+00,2.187941670725124244e+00,1.089716998284316202e-01,-3.776904877391877857e-01,-4.449345816656523067e-01,-1.124364666269494606e+00,3.230835318467736306e-01,-8.454189660393721661e-01,-1.560508148161316999e+00,1.289945789963004463e+00,5.478166825172952059e-01,2.785027609545420724e-01,-8.071520274778685167e-01,-8.019074180278993325e-01,-4.396809528713427895e-01,-2.248272469850727540e-01,3.854540210297158764e-01,2.960844915601796856e-01,3.534813773110336843e-01,1.000000000000000000e+00
1.633234270564889012e+00,-8.821296185584956984e-01,-4.222830380185276788e-01,1.967723133493976505e-03,-4.661412843588144672e-01,-2.757787902584981493e-02,4.002874723876300722e-01,1.437688096254514381e-01,1.110773690641061462e-01,5.058760274460910589e-01,-1.319650641547347181e-01,-6.656664932331145534e-01,-1.860723548988957587e-01,1.149822892809831743e+00,5.122102927753545698e-01,1.556144886394656146e-01,3.124315825449837103e-01,-1.605809595427280190e+00,-7.015430575846194339e-01,-8.686550671691222192e-01,1.000000000000000000e+00
7.048359561028963993e-01,-1.564871569809453300e+00,-3.908995707753886717e-01,1.975430106895914029e-01,1.092319134950364479e+00,6.478278297334422176e-01,1.566393160551388331e+00,-2.312381543341212042e-01,2.065192193299660861e+00,6.556744976598328778e-01,2.488951528632755983e-01,3.682024004886967905e-01,3.929616501834989339e-01,-1.033829084101640428e+00,-1.266311858134107293e+00,-8.646052532603363261e-01,3.062906257062632531e-01,5.185255221196072295e-01,-2.308241283183466441e-01,1.731164042534483194e+00,1.000000000000000000e+00
4.045995067933870204e-01,-1.607797081133232719e+00,-1.200561031453031974e-01,3.163436222028886968e-01,-1.340098708190641474e+00,2.783915253176760252e-01,-1.232659964263478125e+00,-1.266976283151284965e+00,-4.707572733775387541e-01,-3.456746813457431400e-01,4.122624241681086543e-01,9.508703229212919217e-01,2.315188458332146926e+00,-8.208536095583931491e-01,1.022689157018717536e-02,1.473077565660737109e+00,-5.632750091134242076e-01,1.091103345472706376e+00,-7.104059794766128810e-01,3.115563005095340898e-01,1.000000000000000000e+00
8.082965476823632534e-01,-1.294782570576092473e+00,1.510603367893866178e+00,-6.518525049406576066e-01,-1.911650255871732984e+00,-4.301512194792481147e-01,-1.099658424108186594e+00,8.793332135600686605e-01,8.675430134869674959e-01,2.220309753823647980e-01,1.576046824287517523e-01,2.524558751974306681e+00,-6.224719271707974955e-02,-1.103476829091336375e+00,8.734748066495640062e-01,-5.197985662602848667e-01,2.146586418954848363e-01,-8.207505713769253086e-01,3.847159929488101482e-01,1.869824036806773115e+00,1.000000000000000000e+00
9.835220259027336320e-01,-1.015821883209785836e+00,1.495061601932293094e+00,-1.712516892238459487e+00,1.968640191669653872e-01,-7.290952910926237762e-02,-5.872777869170697773e-01,-1.427608821437935938e-01,-4.400315784805951258e-03,-3.113548199031968000e-01,-1.339207621127544323e+00,9.879797579380898975e-01,1.155201973197121784e-01,2.286055347453844977e+00,9.319435926090438027e-01,-4.002703426328792502e-01,8.569486719901457938e-01,-3.298210403015737757e-01,1.776884265540360497e+00,-6.941092657734693194e-01,1.000000000000000000e+00
3.961559590822078536e-01,1.290038754656771536e+00,3.711274008757800003e-01,-5.989539234164535930e-01,-8.053874688600262122e-01,2.868211060021411685e-01,2.096057623397998282e-01,1.620614444525739994e+00,4.940529290561431752e-01,3.342119391466872869e-01,-2.556423799397694596e-02,5.964855944636140439e-01,5.321846892665359485e-01,-5.702059274672394845e-02,-4.566199272536785453e-02,-1.255758983085433655e+00,-7.693452888462839478e-01,4.865401598686509566e-01,1.224877778887015323e+00,1.335481029198115399e+00,0.000000000000000000e+00
-1.266585845271020805e+00,4.321885723065965745e-01,5.547313494047301230e-01,-1.864503905358205205e-01,1.261656371026919299e+00,-6.699783572446657010e-01,2.896997570345822282e-01,-4.452796194852485234e-01,-1.392063209452903787e-02,-8.025967267895932622e-01,-1.100109316666764370e+00,-1.143787457359079163e+00,8.496010728619736163e-01,6.720720713326675533e-01,-3.199561256966265144e-01,-4.877358139261416259e-01,7.934676299353189410e-01,-1.138786410461405829e+00,-5.729282504677828403e-01,1.780361901635497679e+00,0.000000000000000000e+00
-6.815335441369081426e-01,1.043921947086428048e+00,8.917041147425217584e-01,1.226387070131686130e+00,1.394591768798758347e+00,1.600048972686340720e+00,-2.017751840703320421e-01,-6.318926577616039708e-01,2.610062265214721511e-01,1.626559660126184470e-01,-1.222347692337696579e+00,1.079249393275541591e+00,-7.452564016399569613e-02,-4.231345657075377686e-03,-1.873283420432827029e+00,1.647636811407693358e+00,-1.660895452554170371e+00,1.578181075418553236e+00,-1.128653870692085809e-01,3.798219412311311383e-02,0.000000000000000000e+00
-1.554841828552774086e+00,-1.569118195649390701e+00,-8.003792938026076387e-01,9.224510367811674660e-01,-1.063246778170045745e-02,-1.062789274836046571e+00,3.638499311014505300e-01,-4.668324394958833778e-01,-2.094271271663092016e+00,-9.196940417422504455e-01,-9.682120732006056496e-01,-1.574374265861708144e+00,1.293974526680895965e+00,-3.442519015193270526e-01,5.903771712405109229e-01,-3.352742549671720584e-01,1.036972310901598693e+00,7.076538059012170701e-01,-6.515126955161330002e-01,-1.871130191608675053e-01,0.000000000000000000e+00
-9.614909287393778037e-01,8.644735490806988443e-01,2.137645941724413134e+00,4.051334388756606675e-01,1.975930143888183110e+00,1.398841377117984452e-01,4.230975915374410312e-01,-3.954327984688835174e-01,8.154128781650188396e-01,-1.614608810854701870e+00,-1.704290412880297811e+00,1.361392909213269720e+00,1.545996822571287899e+00,-1.019869859121721456e+00,3.331089839389238527e-01,-1.512013011300421539e+00,-1.516648581312125099e+00,-1.716084671129155526e+00,1.426900508268940548e+00,-6.216899248584031312e-01,0.000000000000000000e+00
-8.594321665681685651e-01,8.169011158779579951e-01,-6.646221611418505759e-01,1.697938353106316578e+00,-6.004033805760798925e-01,4.424153629370803920e-01,1.244411866647782361e+00,-6.867127172838841664e-01,-8.707628557791919910e-01,-9.974737164562448577e-02,7.307491724971327818e-01,3.044192558329735787e-01,-7.213350761258155996e-01,-4.603331871619117249e-02,1.366211547750461275e+00,-1.690950567491107948e-01,-9.311523385155364707e-01,-1.135236571494345537e+00,-8.483833010380763262e-02,-1.349990274107086607e+00,0.000000000000000000e+00
6.570990164950272217e-01,-1.277217798080451105e+00,-1.391876787794102510e+00,-2.222288875515034068e+00,-2.333500607587688958e+00,1.525690250331237063e+00,4.668635782051482885e-01,-2.202913370190496156e+00,9.734138083080201564e-01,-1.188739075465865130e-01,1.162015524956902940e-01,1.473957588542434749e+00,4.637975810093943330e-01,-1.290137653935299777e+00,2.215708657893118882e+00,-2.221445101961473101e-01,7.817701925600265001e-02,1.026412335694664613e+00,-5.368710087255125218e-01,9.195875448454050582e-01,1.000000000000000000e+00
-2.180862861929931396e-01,-1.518484427725291519e-01,7.497851351618737281e-01,7.149448483563820844e-02,-2.513223835940863737e-01,3.070032340594839870e-01,-9.613045246728819659e-01,-2.220043393274164223e-01,6.293299137389323228e-01,-7.252600320525549593e-01,-5.450930991432513251e-01,2.035677289491471254e-01,-2.806956666240959519e-01,3.837026446297387428e-01,-8.607873503536025428e-01,1.460059430075070885e+00,3.480177727371714935e-01,-1.001417113474109000e+00,-2.477790436986356815e-01,3.526185329450924888e-01,1.000000000000000000e+00
4.368352726634345817e-01,-1.260114522720510832e+00,-1.245424976359372528e-02,1.812319015107007880e+00,1.417580753143000916e+00,-7.319538215537937376e-01,8.094711172474797767e-01,6.306265673876530753e-02,3.431711681746366649e-01,-7.683532514750138209e-02,-9.044229741641165443e-01,-6.572435776601968926e-02,8.609566205951866280e-01,1.935490886440376923e-01,-3.248239794736411112e-01,1.255902840894622674e-01,-1.223747045673077460e+00,-2.245078836668120914e+00,1.434518262350604756e+00,-2.319782351759811234e-01,1.000000000000000000e+00
-9.945666218985945717e-01,1.149651554681798915e+00,5.337967836011743294e-01,1.498375847968150820e+00,-8.534324726418275331e-01,-1.770084003649042392e+00,-4.298014831916331380e-01,2.351338554422486737e+00,-1.260232933086624374e-01,1.258569243074961097e+00,1.934301001104362649e+00,-9.545766993823221469e-01,2.445210907591233163e-01,-1.121543556023065213e-01,3.901695953219644353e-01,1.470160215184481256e+00,-3.457078308860138116e-01,1.549531646929071638e+00,-1.063769320177218702e+00,-8.457237642922155185e-01,0.000000000000000000e+00
-1.642090553211200676e+00,-7.759196993443175094e-02,1.515031307920043702e+00,-3.232177472077555347e-01,-5.959806425745942660e-01,7.457772111165342777e-01,-5.605141240568007888e-01,2.105927952957747928e-01,4.489036949257164677e-01,-4.687018535268449027e-01,6.067065456152694880e-01,-3.248093001381346934e-01,1.220136338475077853e+00,-4.437091027744214378e-01,1.297593561796975548e-01,5.491649841989829639e-01,-8.724731512403093026e-02,-8.385645379482814521e-02,-2.817302456736068411e-02,1.815317101432189217e-01,0.000000000000000000e+00
-1.527526519834592200e-01,-2.508033184099438540e-01,7.769793188919335569e-02,1.339055681655993091e+00,1.049562400418204478e+00,6.577499132300071993e-01,2.599163157603726626e-01,6.363460866210037814e-01,-3.071935248371990834e-01,5.063245341402824451e-01,4.038864884016986068e-01,-1.403950498784685808e+00,-7.137460898216991811e-01,-5.330258915800690778e-01,4.393763584986191684e-01,-3.844809231769963920e-01,-2.974445699416351507e-01,7.993380406376867642e-01,2.623495423090742018e-01,6.396762407482504686e-01,1.000000000000000000e+00
-9.769791231202193948e-01,6.358146928238548323e-01,-9.023379967112690192e-01,-6.480962731764786100e-02,4.598027305778696339e-01,7.805189979398322597e-01,-3.867371405406079266e-01,-4.078521353572708286e-01,-8.124007995177335850e-01,2.470569043698814138e+00,8.933391893934611305e-01,-4.160699949572690959e-01,-1.147394176969996904e+00,-3.447258200969745001e-01,1.583213842905780711e+00,-5.935361086659378671e-01,-6.282701596145749967e-01,4.583002675527650394e-02,-1.778187583698807472e+00,1.268809077262016194e+00,0.000000000000000000e+00
-6.054268417073178921e-02,1.741119940322976678e+00,6.646086468557047544e-01,-2.276516309893753809e-01,9.469715079194963581e-01,1.170581428057617890e+00,-1.875785101135946320e+00,1.587667361018595402e+00,-4.693945364960845912e-01,-3.935681356969925604e-01,1.338460043644133790e-01,9.493563496544782376e-01,8.882760207404422070e-01,1.790918821044177101e+00,-9.510201333867338569e-01,3.446343573470745519e-02,1.690017781373021277e+00,4.252896580476352856e-02,2.497835023727191794e-01,2.657737394298444467e-01,0.000000000000000000e+00
8.768828787137147307e-01,-2.506501353091334927e-01,3.140980610900008241e-01,1.143734857818200057e+00,-3.332590189601267183e-01,1.196216798193052711e+00,-1.108733968853680585e+00,2.461505112371808468e-01,4.250598727263855681e-01,-1.141462431455237070e+00,-1.172646116559750373e+00,-6.586715051117639774e-01,-1.024308661565088263e+00,1.756995481271060311e-01,1.871590556103265302e-01,-1.169439061857443285e+00,1.389500356137072679e+00,4.992527134167453751e-01,-1.841107839887322184e+00,8.227938940930199507e-01,1.000000000000000000e+00
4.463357775444373038e-02,-4.341361398775250291e-01,-7.965237786492994007e-03,-8.767100913137295670e-01,1.481553004782629079e+00,-5.350791895219311201e-01,4.011410525695946472e-01,-1.437207765214426392e+00,4.199650890171329198e-01,-5.330860103547675477e-01,1.879754919219387144e-01,-3.942547735129395270e-01,-5.033957266989694812e-01,-4.599714451535514281e-01,3.775603727869654147e-01,-7.902214066959369898e-01,1.511359339930986811e+00,-6.961608881115611824e-01,4.956651449666484299e-01,-1.660150775714405447e-01,1.000000000000000000e+00
-1.902277073339401881e+00,-1.597055934079652240e-01,-6.551927144909522882e-01,-5.943808261788167124e-01,-1.116739221024547701e+00,4.681636426345507362e-01,-1.515235161034844014e+00,2.651272548583602506e-01,3.853109277735642380e-01,-4.937009406293415559e-01,-1.230222647839983363e+00,6.118227431334767319e-01,-7.687033898852044800e-01,-6.584112953083480768e-01,2.250452623556116749e-01,-1.293584050600754987e+00,7.116702363541960175e-01,-3.632420983659141456e-01,5.780209400770660588e-01,-1.026097638209342966e+00,0.000000000000000000e+00
6.936479843413388968e-01,-2.214686054881605415e+00,-6.431879693778085327e-01,-8.946708213140714960e-01,-6.160849972522782769e-01,-7.399648691520184229e-01,-1.729203595308109076e+00,5.795253633372222657e-01,-4.568966839368997224e-02,4.132743497933572541e-01,3.716782535457344855e-02,2.164608404281047616e-01,6.012986967862794518e-01,-1.119743612848919323e+00,-5.495142975183336942e-01,-2.825169860683567416e-02,-6.786076185095359092e-02,7.791942529331140621e-01,2.264710052325413087e-02,-1.050980490538097945e+00,1.000000000000000000e+00
-4.702485789735873500e-01,6.129942802606005436e-01,-3.869192262770988489e-01,3.997670485446793709e-01,4.547626731412808820e-01,-8.691933050287595774e-01,5.433776186409968734e-01,5.257006699861728194e-01,-4.038308492521501813e-01,1.248076349496988646e+00,-1.152404919482640899e+00,7.230332092343141337e-01,8.140937667662342392e-01,-1.569351287808444517e-01,1.217913702920164543e+00,-1.348694578400528199e+00,4.735826973344697821e-01,1.129592705091098104e+00,1.788602107746075850e-02,9.518864140469681656e-01,0.000000000000000000e+00
-1.218976744606351525e+00,9.582811294231053934e-01,-1.925267380454934285e+00,-1.193744242817190576e-01,1.173345512015187886e+00,8.123740504228524895e-01,6.893117878243281149e-01,4.185725733344392019e-01,-7.883326026589462243e-01,-5.283805914799076520e-02,3.067648658227067546e-02,6.119803927274101163e-01,5.481143980473628385e-01,7.522900616232995885e-01,-2.584549848454713583e+00,1.278625937582943406e+00,-6.051843820902197413e-01,4.196550566276650573e-01,4.135913075596886479e-02,-8.482468667954233543e-02,0.000000000000000000e+00
-1.374088301507502274e+00,5.176199533207918035e-01,-2.111985003968388952e+00,8.340056993528363050e-01,-9.141581288257490945e-01,-3.997362747930480187e-01,9.179532653359002703e-01,-8.974350889601753201e-01,-5.803658169721982452e-01,-4.237839653265861872e-01,1.056692098142295366e+00,7.669218918262694640e-01,5.728701476766507872e-01,-9.089767682366030055e-01,-1.055445144459240675e-01,1.731798536245811260e+00,-3.805089418647561450e-01,-6.553369249747552638e-01,-4.474427231682148176e-01,4.959808653644428578e-01,0.000000000000000000e+00
-1.667943402864582314e-01,-5.463613002460269152e-01,1.335663241251984212e+00,-5.961644903836151865e-01,6.662440703490166705e-01,-1.538659918248709069e+00,6.425171873255590693e-01,8.802374489534672275e-01,1.208653314724045913e+00,-2.015027954188282955e+00,-5.766448464527860161e-03,1.159551449446493576e+00,-1.018274376506468570e+00,-1.591680186209828152e-01,-1.822294356133024040e-01,-1.155624405430525803e+00,2.288198133888898894e-02,-5.090635591966498064e-01,-1.986033955362630499e+00,9.664476247180641133e-01,1.000000000000000000e+00
-1.346653587481750458e+00,-1.635728247977111527e-01,9.196036053740729299e-01,-1.327054257000809478e+00,-3.313022619607570718e-01,1.621094008413163312e+00,1.597464271649015610e-01,-9.028145129462229468e-01,3.649378111396664459e-02,1.007040842638203593e+00,4.375254601141995853e-02,2.103732266703776388e-01,-9.987354823851594121e-01,1.963752128843170852e-01,2.123626939721569296e-01,-1.303022744048834836e-01,1.198970331593663952e+00,-3.077302340833947825e-01,-3.065281095896639774e-01,-1.929039196414526758e-01,1.000000000000000000e+00
7.677574354591089056e-01,-1.145144564675339316e+00,-9.225597457846055338e-01,1.384700074406899351e+00,-4.792689757132259643e-01,2.497222335900239898e+00,1.521902788314239974e-01,3.562919562974578569e-01,-7.657673357386483026e-01,-1.436365497344959552e+00,7.269063608892712969e-01,1.712561918118308935e+00,-1.019685039892645806e+00,2.041286456599420707e-01,9.037577422792748560e-01,-1.184248653800236140e+00,-9.824011663506347913e-01,2.548138847067724644e+00,-1.823105681117373755e-01,-5.877600793838625437e-01,1.000000000000000000e+00
-6.269672092634117622e-01,1.744007018794806907e+00,4.107079951507092846e-02,3.960068224370700274e-01,3.413714334669440409e-01,2.810661675284600314e-01,-9.469517973456074156e-01,3.286275279993932097e-01,-6.051412329581241645e-01,1.562331661827513374e+00,-6.346314069167930949e-01,2.158523593743469915e-01,-1.924098008324295339e-01,1.122949208307066460e+00,1.110815161145533025e-01,7.099586461416586003e-01,-5.836878108462298931e-01,-3.381093270921670113e-01,-9.018375649453077569e-01,-1.839164570810390698e-01,0.000000000000000000e+00
-9.029082184306863601e-02,8.064631510220486854e-01,7.216309339418245372e-01,-6.776973095258703728e-01,3.606308687583427708e-01,8.622097692829343574e-01,-6.442897120900975549e-01,-7.195805045748170370e-01,-5.275589823358737274e-01,-5.059674176484579844e-01,1.434000053184795176e-01,7.812677847169446910e-01,1.780904027089285524e+00,2.653590580547560140e-01,-4.081763914339986976e-01,-8.795370366952139085e-02,-1.431720806533313350e+00,8.899665594094017251e-01,-4.005701498465505384e-01,6.747800472522117454e-01,1.000000000000000000e+00
5.571553820482305630e-01,-1.301560191463545735e+00,2.807326754796336532e-01,6.574641383401721439e-01,1.933934848612535728e-01,-1.986992226224730262e-01,9.275357973474376294e-01,-1.103145018867810023e+00,5.720088958959667069e-01,7.130926887024752192e-02,-1.464729110448824700e+00,-7.403997186326716218e-01,-1.072294834231715788e+00,-8.562886397456379028e-02,-7.816423580182005892e-01,-1.169509356034507341e+00,-8.670696651799519872e-01,-1.176158085485328186e+00,3.374409731164179083e-01,1.229429507530302779e+00,1.000000000000000000e+00
-2.910496731231958512e-01,2.279929384658151648e+00,-1.180799220455525544e+00,-4.818405348506820118e-01,-1.051482857037638885e+00,3.974937325618737444e-02,-1.453647273035818754e+00,3.208638564784305758e-01,-1.519716244617038026e+00,8.845474576877220274e-01,-2.176890007463931465e+00,-1.026795618406915800e+00,7.574413223607940893e-01,8.230792675341797038e-01,1.457994359827675390e-01,6.289914827091517280e-01,-3.772867475628250422e-01,-1.502657770686341321e+00,3.915201874227507983e-01,-6.655408209308674161e-01,0.000000000000000000e+00
5.350017204998532838e-01,-1.258694137888663800e+00,-3.749458962860013900e-01,6.245370012396853632e-01,-1.239835116993558639e+00,-4.370314904631595471e-02,-1.630776569965984302e-01,9.612574863356108112e-01,-9.504186047320669628e-01,4.185608201601898615e-01,1.159355697365042737e+00,7.665904080950830535e-01,-2.321492016754390653e-01,1.509240096128933173e+00,7.189276242254074578e-01,6.770453196033737742e-01,-6.891996018875948815e-01,-1.600820405773694111e+00,2.074307049221540300e+00,-4.804735438797745894e-01,1.000000000000000000e+00
-8.272272853260064229e-01,9.124148622226584404e-01,5.641013925281953556e-01,5.815817256494865140e-01,1.667333545739231038e-01,-9.222750861559871893e-01,-3.516515954329169080e+00,-2.818077023078859877e-01,-4.325725170499720162e-01,4.543424596351410688e-02,-1.674475835445861094e-01,-9.167905369648283731e-01,-7.011235067540910748e-01,-2.769862550859181205e-01,-1.579503294150299553e+00,-2.409651973726257612e+00,7.858058347532229648e-01,-1.221157211452294389e+00,-6.421775125827516861e-01,-7.473864828437565277e-01,0.000000000000000000e+00
1.525483811989095440e+00,6.643097407617739592e-01,-2.389455420176702372e-01,1.143938648718743380e-02,5.263875753613888042e-01,8.222030075233702773e-01,-1.417397496308071270e-01,8.661613648478264649e-01,-1.082967828602297011e+00,-2.882264773724326767e-01,-8.743861674535773065e-02,1.439134882247189440e+00,-1.142133341777051836e+00,-1.011860877049272772e-01,-1.046205862475814818e+00,1.375075758128258274e-01,4.695705593378202702e-01,1.948897125443337597e+00,7.886513380954579544e-01,5.174289975858398227e-01,1.000000000000000000e+00
1.902674889107889566e-01,1.699585843884056757e+00,-8.288057745199639559e-01,-1.289922001142244923e-01,-5.896330225974431016e-01,2.632645672602239584e-01,7.390901224163058947e-01,-8.132576384286827054e-01,4.590347945367158344e-02,1.418003073145689630e+00,3.377348348158936142e-01,9.911170935843878482e-02,-1.545819484528990984e+00,-4.052209711235187362e-01,3.461254393128020967e-01,-3.275702084614390830e-01,-4.280916418605826279e-01,1.252024225435949545e-01,-4.333449085300504766e-01,-9.624846796327053422e-01,0.000000000000000000e+00
1.457900113723813895e+00,-9.144673259800389920e-01,-1.558982734833548101e+00,-4.056962361772852299e-01,-8.551395777316488783e-03,3.793284252943910362e-01,4.961053698745453988e-01,-1.578816154143051487e-01,-1.052134063016903376e+00,-3.585731886866573292e-01,4.867378740147287886e-01,8.332463828617427959e-01,-8.507518511422713925e-02,1.692420313587945924e-01,2.630889441054004574e-01,1.104540455019467737e+00,1.188263194906236997e+00,6.469149679469829439e-02,-5.110849335768842261e-01,3.960135154855835005e-01,1.000000000000000000e+00
2.602900860711880315e-01,-1.317383027757164982e+00,-8.370786185996857975e-01,3.942195294321585441e-01,-6.210610535929611542e-01,-9.191641225859774611e-01,3.164237859583269308e-01,-1.157398144348290359e+00,5.048831845761769799e-01,6.504719701293243395e-01,-5.281050807709133377e-01,2.430064190704870342e+00,-4.820825856444973523e-01,-4.955693978656589699e-02,-1.942158005894120576e+00,-2.430290753016102201e-01,9.839323146134508757e-01,-6.747266693898926193e-02,-2.360767713213190733e-01,-7.849732260474754364e-01,1.000000000000000000e+00
-1.054248051251910345e+00,1.056005787311029787e+00,1.007548614949349552e+00,5.687303120227557018e-01,1.623592439696523115e+00,-1.213218222144734071e+00,5.350061083043740062e-01,-8.957413975855379462e-01,-1.217549127115292285e+00,-3.011891578160322602e+00,7.287738365118396899e-01,-8.345957762516061917e-01,1.913083232568809355e-01,9.966273864307472197e-01,-1.522035933637862160e+00,-2.191090058615809522e+00,-1.732439292012746268e+00,6.255688104791580217e-01,1.001890780630432909e+00,-5.097917345786928678e-01,0.000000000000000000e+00
-1.222350759477248472e+00,1.279644662021075519e+00,1.907887002289564427e-01,-6.306269661148165007e-01,-8.759309199726263151e-03,1.267272377639788283e+00,2.245932430863109452e+00,1.368493376794400751e+00,-1.375339569900932757e+00,-4.850111585494828459e-01,-3.230557898740869516e-01,5.736795969858279332e-01,-1.614907657912866723e+00,-1.385186166216566261e-01,-4.399603281180345382e-01,-6.941272591074280074e-01,-4.297261439623362156e-01,-3.121035671649515231e-01,-3.535146418803972734e-01,-1.258394041009784470e+00,0.000000000000000000e+00
9.037574860785507758e-01,1.712446587371879991e-01,-7.261322539407589760e-01,-3.501668123589750103e-01,5.770819836990975782e-01,-5.459629280883289137e-01,7.405019968208496062e-01,1.051881491233982890e+00,3.159277544014921890e+00,-9.092067798597561756e-01,1.901256942190186594e+00,-2.791696106634268815e-01,-4.742997742310791631e-01,1.735920265033902732e+00,1.104111463316394870e+00,1.202353984079099991e+00,-1.877226340425503626e+00,-1.263190753040014103e-01,-2.159399742147735668e-01,1.873924160180459930e+00,1.000000000000000000e+00
5.185780829815619386e-01,6.556102533788373821e-01,4.997238430903575002e-01,1.413192605485764419e+00,-7.103411348431331040e-01,5.719681044807457537e-01,-1.396079085805878917e+00,-2.982006979826197668e+00,3.738281108874482728e-01,1.593472442870345507e+00,2.194276088901485622e+00,-3.062538044250894265e-01,5.204074807354008153e-02,-9.414886086547941124e-01,3.581889288626350365e-01,1.000687077221829480e+00,-1.431740679552104378e+00,2.412990830797341890e-01,-7.627779623742780846e-01,7.225040568709967248e-01,0.000000000000000000e+00
-3.578974428502850746e-01,1.324386722276367223e+00,-5.172741945686292198e-01,-3.541526779682113157e-01,-1.921859387143461051e+00,9.617073584685399690e-02,1.057879076019645259e+00,1.334853389693984926e+00,1.583243280106125250e-01,6.537829480616230704e-01,4.039867921839814247e-01,-2.672921732031425801e-01,-1.091093305826133841e+00,-1.615513279492668763e+00,-2.019118924128851800e-01,-1.500724875931950530e-01,3.927389936261647119e-01,-1.400417750072583400e+00,4.571124680433566456e-01,1.237238012196401060e+00,0.000000000000000000e+00
1.049927560077559940e+00,-2.222603732698270051e-01,1.219150313786396156e+00,-9.948720478981799842e-02,-7.790810818590028219e-01,5.887143361300026800e-01,-5.217882337758572575e-01,9.208412400332078862e-01,3.526462288820171875e-01,8.310587441689766264e-01,-9.965390260311708381e-01,-1.190645824064711533e+00,9.686221934412932999e-01,-4.270508525809001421e-01,8.642881612889730114e-03,1.524291624134414880e+00,7.835106675476537219e-02,-1.563478076754481194e-01,-5.286466620020020130e-02,-3.362585793554781488e-01,1.000000000000000000e+00
-2.394797303250590370e-01,1.013095699632304392e+00,-3.717787185270326478e-01,-1.453275933581806012e-01,-3.248038931593952294e-01,-3.875280461288291289e-01,4.428825676586681248e-01,2.261680348703870358e+00,6.983117666439969673e-01,-4.370705596109925595e-01,6.475361729454606197e-01,6.896698633052102956e-01,2.938175624894819316e-01,-2.195865959863741335e+00,-3.629138398879711014e-01,-2.139069746744323014e-02,2.719393892313037853e+00,-2.608553237826618076e+00,5.939607046961868919e-01,-1.156123432138737472e+00,0.000000000000000000e+00
2.533144113569882339e-02,1.054918289981122470e+00,5.628317228823174340e-02,1.058813030092191410e+00,-5.865423456234107880e-01,-1.425588287238042318e+00,-4.793448766724291987e-01,6.390725517781544740e-01,2.133834593003436364e-01,7.151308745257759503e-01,-1.194226169138612681e+00,5.467598905967951950e-01,1.559971153263738641e-01,1.439166082602621577e+00,-2.083684598175008951e+00,5.738564095475807703e-01,-1.471278941882599445e-01,-9.266511671765387259e-01,1.731286817517877497e+00,1.076573568830409666e+00,0.000000000000000000e+00
-4.264359734003520530e-01,1.062215809068365102e+00,-3.475868973252670413e-01,-7.650348509704777422e-01,1.731752015785457788e+00,1.067662921204854953e+00,-7.606283158651329090e-01,1.065374959354074447e+00,6.463238663401207895e-02,2.514013745420027757e+00,-1.956556716510018390e+00,5.319394189489813352e-01,6.885270229544996345e-01,1.015058099471211950e+00,-8.885615547060554675e-01,-1.166956869794104845e+00,1.134105689701822850e-01,3.438948760674274685e-01,1.221226379386615601e+00,5.763787401709242753e-01,0.000000000000000000e+00
1.391864471330681363e+00,-4.147792422864384210e-01,-9.610689338043151841e-02,-9.893855867334941379e-02,3.440603760010756407e-01,-1.276434154772554841e+00,2.503472477912890071e+00,6.870193806536780690e-01,2.783810055300672270e-01,-1.229896850433951805e+00,-1.051587202315567238e+00,1.000040081792779700e+00,3.225327101748358127e-01,4.319309548515005148e-01,1.015844292045675390e+00,1.070363729585127377e+00,1.435281556443991635e-01,2.512908955850716788e-02,-1.393689973892151768e+00,5.713765577496355830e-01,1.000000000000000000e+00
-6.845568495198993408e-02,-6.253971315946870169e-01,-7.918933132107297546e-01,-1.898862817113664836e-01,1.410364852656968093e+00,-8.078215133612777210e-01,-3.554819947391917867e-01,-6.328713267103127649e-01,7.481414572141079633e-01,-6.221767560045460277e-01,-5.266593947051576574e-01,3.763751963394148525e-01,-2.392846027628833805e-01,-1.092467382069699289e+00,1.289788722805597365e-01,2.849876033128926345e-01,-5.080445278965773914e-01,-1.894316580224106594e-01,-3.321764442439151255e-01,1.407141377900347767e-01,0.000000000000000000e+00
-1.283369049944474538e+00,-1.437149473171008607e+00,-6.246025753226008836e-01,2.768316602391391434e+00,-1.004092783820329515e+00,-2.848475566116023816e-01,6.985097419745895930e-01,2.868582402142494936e-01,1.250161600889367619e-01,8.393015821157284728e-01,-5.477976357558719256e-01,-6.155203187401739884e-01,-6.091382936271841908e-01,1.303916393819281871e-01,1.035813162767120765e+00,4.951893562585743536e-01,-2.562234241675594160e-02,-9.490452900395515146e-01,1.141481086038741433e+00,-1.205009021489888754e+00,0.000000000000000000e+00
-3.405990732155457501e-02,1.486151926676616108e+00,9.189445492370125201e-01,-2.044282429086881070e+00,1.103939596021663583e+00,6.346139927676904824e-01,-6.682400801478317887e-02,1.992157418317024864e-01,-4.513648099584560147e-01,-1.671896624961910049e+00,-1.150938193306185742e+00,3.204995659578492861e-01,-9.028008143910654093e-01,1.013857302879749511e+00,-7.325196829509196261e-01,-1.215072665971843158e+00,-9.565345120236464771e-01,7.483505755711641338e-01,-1.085474464125030014e+00,7.635665072037449708e-01,0.000000000000000000e+00
-9.901054438415194392e-01,1.352047727416964829e-01,1.265070248707697909e+00,1.237445726937345114e+00,8.536812315605164514e-01,1.991808169234428882e-01,1.106147165118983366e+00,-5.947000963095924186e-01,3.818892208459888638e-01,2.436179233591451443e-01,4.454444809289887508e-01,1.891662665230644302e+00,-4.351605706568683063e-01,2.580488123110789900e+00,7.663144999710430963e-03,5.014515240861704415e-01,9.386310583505260707e-01,-1.872761194549558583e+00,-1.266214339439047931e-01,1.365858962669370680e-01,0.000000000000000000e+00
8.468605462536700212e-01,-5.034414748597370037e-01,-4.333754608784633200e-02,-2.556900084588997202e-01,8.541009919765659916e-03,3.104790992165376018e-01,1.441964983617644580e-01,1.180050418387808830e-01,8.120974090072068385e-01,-8.837065346917366560e-02,7.012299696094999035e-01,6.030651831638194071e-01,1.555616844557197398e+00,4.786608155901080353e-01,-6.683294418137604165e-01,2.355918575997631159e-01,1.065853814486119155e+00,-4.162768769100151367e-01,1.660798303789283281e+00,3.966644381497410055e-01,1.000000000000000000e+00
7.353316365565419899e-01,3.403100337895871297e-01,2.773773742649768836e-01,7.887188883843395670e-01,3.028558998239448408e-01,-4.370699008015725973e-01,-9.033872237743318934e-01,-3.418015980777320273e-01,-1.416304672025355538e-01,-1.599180496289480446e+00,1.856220295097366080e+00,-1.415209781915273413e-01,2.889643307850895959e-01,-3.045739842196565350e-01,1.586008802494753567e-01,1.773037788152562078e+00,-1.029259342700272750e+00,2.335984899526703518e-01,-8.534435303913299187e-01,1.676188856794499138e+00,0.000000000000000000e+00
1.538751300629187746e+00,-1.186657496540187262e+00,-4.019465390254156612e-01,2.062585366599340581e-02,1.076819281771650288e-01,1.201174846999126355e+00,7.781295888232543367e-01,8.202323353279979967e-01,-7.742396715828386844e-02,9.826310682411338870e-01,3.854349004365922315e-01,-8.996092810994265054e-01,5.602645720545031960e-01,4.899541428045864344e-01,-6.154661804692849181e-01,-1.947271628813662669e-02,6.352076615856043773e-01,-3.357322751215625067e-01,-3.961313258892895650e-01,-6.691697553894206951e-01,1.000000000000000000e+00
7.824297477317447846e-01,-1.046630689706296302e-01,-1.442772616346721104e-01,-1.896839887829747440e+00,8.412049625033127809e-01,-1.806187407277675128e+00,2.772506275869224823e-01,-7.844945056400970396e-01,-2.202788080788995462e+00,-2.187110349868621739e-01,-4.106239735144159853e-02,-4.731990681601245252e-01,-1.823031009980853046e-01,1.382283608626263316e+00,1.521872559521856516e+00,8.970555164905522627e-01,8.967574943401732668e-01,1.921964337663331912e-01,-2.265129131677126484e+00,4.200038306511494346e-01,0.000000000000000000e+00
1.571249052835385962e+00,-1.297558397424973531e-01,6.772235007248201821e-01,2.080499185195179734e+00,7.476222905162429599e-01,5.348189925153706836e-01,-1.997216803243266961e-02,5.708618084550610983e-02,-5.767363637069008314e-02,7.023192067574502984e-01,-2.989708869757805657e-02,-9.085075511162667983e-01,1.504597749997070411e+00,5.655575353635280411e-01,1.158338981337837081e+00,-4.007392621678530498e-01,1.618523098158347828e+00,1.401101831808215237e-01,7.552387406184197793e-01,-1.776662461585281488e-02,1.000000000000000000e+00
3.152415860925858460e-01,4.635414503796670416e-01,-4.126800439437993129e-01,-1.052318963631983406e+00,-5.115040533243285781e-01,1.576482119041995089e+00,7.680612527180242788e-01,-1.281555991213999102e+00,-2.132104989261933703e-01,-1.578657140446108498e+00,-6.412899054764830131e-01,-9.795758298219040539e-01,5.951805947027990346e-02,5.457763737458227737e-01,1.539664575441846761e+00,-1.152217101715767189e+00,-1.352109113023877374e+00,1.081737760589867037e+00,4.471399047910389335e-01,-7.599310644540786530e-01,0.000000000000000000e+00
-1.339720811914528298e+00,-4.682453839623720859e-01,7.537009999088175594e-01,-1.530894307094247342e+00,-8.920601481124758037e-01,-1.828977114628321132e+00,5.248903847168637782e-01,3.021415426636751556e-01,1.086707089373345037e+00,8.280887114654925663e-01,-4.291436423602043582e-01,5.449040238711367889e-01,-9.649339145507465076e-01,-4.041573973179171664e-01,-1.383503290385260098e-01,2.124712225871370652e+00,-1.883475914456141931e+00,1.779043649789734671e-01,-1.045243653956085872e+00,-1.015307004903603483e+00,0.000000000000000000e+00
7.907499534667713492e-01,2.897109219643781985e-01,-6.500829843843527467e-01,1.114022179823804137e+00,6.343917996591930120e-01,7.390620313265977570e-01,7.212432419895670188e-01,-5.287089950467442900e-01,-4.014773115916116519e-01,-1.595761507468538287e+00,-1.177925236727974667e+00,-3.303225739603839889e-03,-8.282441869085745978e-01,5.290643922967723789e-01,-1.447526334465716769e+00,-7.328035921444024936e-01,-1.242192129712458515e+00,-1.292583937672728833e+00,1.664191075298533162e+00,1.139737702981320350e-01,0.000000000000000000e+00
-1.668459762553793357e-01,-1.365300657613180535e+00,-1.775592075832350125e-01,2.110700116131831283e+00,-9.912986642564315665e-02,1.907749016687371874e-02,2.239900875255167734e-01,1.512332789884894391e+00,4.420263579206545890e-01,-1.496732452595979090e+00,-2.155506150807480648e+00,2.932416526265388956e-01,-2.669572991763759506e-01,8.007761304572352801e-01,5.606360110996582158e-01,-1.130565329615741410e-01,-5.276792710278122023e-01,-6.760035294670593276e-01,1.974362549100799197e-02,-1.113166887214001255e+00,1.000000000000000000e+00
1.889013998703823471e+00,-1.158756345834172308e+00,-5.188187753739869068e-01,5.271332467504745711e-01,-9.900939303786635559e-01,1.184428092950505551e+00,1.393180997994914350e+00,1.264931290832924882e+00,-1.711773806925795061e+00,1.363957145505689583e+00,-8.189784388409994120e-01,-3.898420323169222712e-01,2.057487530032767187e-01,-2.156435464462237217e+00,-1.126117193366817926e+00,1.639988467620372870e+00,5.644623544839131313e-01,-4.829293992520342638e-01,6.935365259990866615e-01,-6.673284609962576441e-01,1.000000000000000000e+00
5.028487264164038795e-02,-1.202251352318988609e+00,1.179219044609441935e+00,3.316132238669922683e-01,-1.619997645567601008e-01,-4.267245679428128824e-01,-5.472319928252368237e-01,2.094469971498869598e-01,-4.549211109074613457e-01,7.642928380404401256e-01,4.813602889197550194e-01,6.254508018335644959e-01,7.913448212214604371e-01,3.519467136153493492e-01,-5.880104086741085867e-01,-1.164606780887228882e-01,2.206216576400679974e-01,9.679425515236793343e-02,1.496366202610601437e-01,-3.325684684548323444e-01,1.000000000000000000e+00
1.190174451604067013e-01,-7.750432525513275550e-01,-2.004427670897294345e+00,-4.982913227683588575e-01,2.205417323809837071e-01,4.198008694793473050e-01,-1.144269354852358811e+00,7.967266425895126458e-01,-3.627767531974342985e-01,-4.383059154896070120e-01,-3.484732344269410032e-01,-8.927521469163953727e-01,1.352154009728808726e+00,7.587824132184776971e-02,1.096826881640854179e+00,8.620469048338794682e-01,1.945712624342146535e+00,-1.779223838454021545e+00,1.110482752891847058e+00,-7.399554388890924317e-01,1.000000000000000000e+00
8.633023474554449850e-01,-8.537128603359054324e-01,4.549212732382930113e-01,1.841230056187287190e+00,-5.571971088643389303e-01,-6.315741850570862903e-01,-9.073444670984210925e-01,2.394363707064205149e-01,-4.177991905053737298e-01,-1.065557721948039216e+00,-1.774844493484999675e-01,1.372571781641359623e+00,1.873069981877666934e-01,-9.931036984940395662e-01,-1.821962127515253993e+00,-1.368178529702338331e+00,-3.982281048495365794e-01,-3.702688109714288300e-01,-3.061760745118481675e-02,-8.960265539796468115e-01,1.000000000000000000e+00
-9.786575340078348950e-02,6.380490707098501746e-01,7.700364459800218553e-01,-1.053751130936471991e+00,2.770816897329709261e-01,1.450880813506933431e-01,2.106256801458702282e-03,1.315070959344527779e+00,-4.606376054793667185e-01,-4.066636362145055195e-01,-1.130529491450134039e+00,-2.839653167348530835e-02,-5.999776404482671799e-01,-3.497811744344484497e-01,-1.832462319100613524e+00,8.997196348314431269e-01,-4.242365614902576243e-01,9.391426668082718532e-01,-1.685448935975595863e-01,6.723199888606846697e-01,0.000000000000000000e+00
1.883488288609569683e-01,2.025998044034305334e-01,-1.143823551661087734e+00,9.225976455195583625e-01,-1.755289273218208601e+00,-1.334218001287257760e+00,7.508786496193997281e-03,2.643568400022680565e-01,8.780592791240258155e-01,-1.012841545549701738e+00,9.017133461938254824e-01,1.443013032455409350e+00,-2.628168846839840644e-01,-9.752697842534298056e-01,-3.932184550871470341e-02,7.943110527730462556e-02,3.737121507311967905e-01,-1.464805058242857339e-01,-1.425502196899185003e+00,1.142595343240678796e-01,0.000000000000000000e+00
-1.490117487881046809e+00,-9.040650029664856757e-02,1.759805440404360599e+00,-3.959122121706340480e-02,-1.824145166183499978e+00,-5.485449282376221314e-01,-1.262216459968614979e+00,2.086442341302288561e+00,-1.062628514517794498e+00,1.051587562423290656e+00,-1.470190911027340563e+00,1.677701168620278072e-01,-7.074827880504014344e-01,7.524877304026802993e-02,-1.023169560352402974e-01,1.543383796709839384e+00,2.468592243263466879e-01,-2.506992019614786127e+00,3.096637448716836327e-01,1.912723328126094691e-01,0.000000000000000000e+00
1.780261259320476519e+00,6.822179791335623855e-02,-9.591216031508886797e-02,-1.750416893779336736e+00,-9.673063758510448418e-01,-7.937486742929357186e-01,9.884730227509924694e-01,-6.376702684600343840e-01,4.717668099906717760e-01,2.252340852126179793e-01,1.253371476459458171e-02,7.238158748532629305e-01,-2.548656778549439395e+00,5.848454906855728996e-01,-9.595875351081848414e-01,-4.824175982599041013e-01,6.504297124987238332e-01,2.486555533890359715e-01,-2.134393670443130442e-01,2.447768735315396793e-01,1.000000000000000000e+00
-7.733098648913192541e-01,2.867673789272443541e-01,8.699296247014027816e-01,2.199203525411355109e-01,2.451468070063433924e-01,9.287629509277960382e-01,8.140781408375910022e-01,3.506495970854299205e-01,-1.063096851947746613e+00,1.939204833586921917e-01,5.890305665020612036e-01,1.664428752607530093e+00,1.468452180000336726e+00,7.800442111875941498e-01,-1.825723409471017522e+00,1.260743048907149444e-01,4.402210726289423892e-01,-9.910095290280798164e-01,-3.125184823656688704e-01,-8.545232798204044355e-01,1.000000000000000000e+00
3.472905741208735519e-01,-2.928041883814806456e-01,-9.293745063653027216e-01,-1.888035683096692008e+00,-2.336667138786262601e-02,-3.169637098457814273e-02,1.291996435790936648e-01,-6.103061251599075643e-01,6.034210867719607546e-02,-2.137001395133569570e+00,1.049519194926497256e+00,1.168570927072817955e+00,2.570233329582529258e+00,-3.658186759902316010e-01,-3.024387419599618987e-01,-2.612532573919086332e-01,8.254512183306470519e-01,1.784414366495796489e-01,1.184560247000183697e-01,1.242917942434856204e+00,1.000000000000000000e+00
7.631678660042622298e-01,5.129320920176299037e-01,1.599380798689028937e+00,2.290580342964911309e-01,-1.376050255385241616e+00,-1.336908838286329226e+00,4.435160234299859172e-01,9.950845612753126401e-01,8.363492519569354355e-02,-5.296817458085358865e-01,1.594569399475210147e+00,-1.106538238965682902e-01,-3.114477936478101186e-02,-2.122860202907775218e+00,1.488010255624167888e+00,2.233858342906370753e-01,-3.343434464203593470e-01,1.694255031340662798e+00,-5.513222493649714284e-01,-3.263511054328528393e-01,0.000000000000000000e+00
-1.235348112707520540e+00,4.219313812300079514e-01,-3.800417527933228623e-01,4.461799858209163916e-01,-1.293123759907384984e-01,3.556390986731933213e-01,4.446243984074981122e-03,1.579747036875118082e+00,-1.502993110403238353e+00,-1.203829314437141251e+00,2.385477690025275432e+00,7.481487035002506447e-01,7.157991568079854483e-01,-1.086222637860002616e+00,-1.713422460179250539e-01,1.612436408419254397e+00,1.030699235525006863e+00,1.367055593572540806e+00,-1.342345077369002215e+00,-1.439738900781300845e+00,0.000000000000000000e+00
-4.783271794147893052e-01,6.181719205601384770e-01,8.707247855859394647e-01,-9.026908017029401377e-01,-7.358595619259420406e-01,1.003580994939978988e+00,8.741296887281466699e-01,-6.534788396447840375e-01,2.142608671468632930e-01,-3.855089055775641205e-01,5.881210008314138316e-01,8.788871514039673372e-01,-2.882126460496192699e+00,-2.763304711125845192e-01,5.736058984690419957e-03,8.984181635422345824e-01,3.945398741178063329e-01,1.286299476647161100e-01,5.838353404925141765e-01,6.351580273326563608e-01,1.000000000000000000e+00
1.591722980866469572e-01,-3.844488724608347563e-01,5.171257013538512748e-01,-1.253438769469276126e-01,1.724822955687573378e+00,-2.713730738330055181e-01,-1.928374750226290679e+00,-1.714662595639504294e+00,-3.009523958821601841e+00,-2.741584712907299548e-02,4.697287880563076889e-01,-4.824119126125467685e-03,-7.407684580129528795e-01,-2.221371977221464900e-01,-7.415451179577712271e-01,9.835792093066737518e-01,-1.576861463237741456e-01,1.022800868238934680e+00,-1.249808951059556916e+00,1.110646009820113633e+00,0.000000000000000000e+00
5.858700945745100030e-01,-1.211622930002417942e+00,-4.849710993368481771e-01,8.071609605406060428e-01,-5.378077213024875375e-02,-2.924090872559653720e-01,-5.794934788292470662e-01,-9.427542847326192410e-01,-4.269981406449011585e-01,3.094611080992119567e-01,8.648359276807283669e-01,-8.669295885255023926e-01,3.245140347068750319e+00,9.876324435778255362e-01,-7.788843569543396628e-01,7.943970242358108780e-02,8.759030709535009507e-01,6.135663802314176296e-01,-7.822457292816880070e-01,1.034938713271446709e+00,1.000000000000000000e+00
-8.570467580111680306e-01,7.637709922787463412e-01,1.957895691971131280e-01,-1.221816773526141375e+00,-1.816725824041533155e+00,-1.708611407083545919e-01,-3.271602207795570871e-01,-3.745473881163351448e-01,6.085399368685862065e-01,-8.151398118384308722e-01,-4.555317893794705308e-01,-1.052739844791392043e+00,-3.956232364587854433e-01,5.718660935501567177e-01,-5.059221927605694891e-01,-2.500695212191055283e-01,1.652588502124442416e+00,2.690962424628414063e+00,1.087664396148811496e+00,1.021095630667826715e+00,0.000000000000000000e+00
-8.103098445316730958e-01,9.999507705945327452e-01,-5.557299819119071449e-01,-2.111008943511044067e-01,6.397946601806931977e-01,4.069646889392308786e-01,-7.499596144697685540e-01,1.728585899401943404e+00,-1.291152634165351420e+00,4.431294004118059571e-02,2.390493739155563069e-01,1.196615628638984935e-01,9.421622073887317983e-01,-1.115234987829757829e+00,5.387990775677640176e-01,3.705431882209101468e-01,2.640081605489848493e-01,4.998298395373111380e-01,-2.880004222790313317e-01,-3.017717850833717130e-01,0.000000000000000000e+00
5.338598286691084022e-02,1.020531176860297151e+00,-2.400523080178915483e-02,7.529255867821171844e-01,-1.449532587200831779e+00,1.114845943077904522e+00,-6.828240623113394081e-01,-1.050491797645203805e-02,1.774149088244655059e-01,1.776414022412597105e-01,-1.132764716086729351e+00,-2.248106415273372627e-01,1.192981075214065267e+00,2.990148610375391591e-01,-3.269016295513931247e-01,-1.908625028828282666e+00,-4.620051342449012499e-01,4.866390282502620623e-01,-5.166756678944001147e-01,1.416625058453408803e+00,0.000000000000000000e+00
1.592230162342367139e+00,3.775890576597287218e-01,-8.622285977426766834e-01,4.994954935586266576e-01,1.712488036800931424e+00,-2.085163618052408296e-01,4.609891508078441946e-01,-2.864167084263143370e-01,2.854198726884966120e-01,-3.911438080946713636e-01,3.193337374644134585e-01,-5.809041904137739465e-01,1.219501075664345180e+00,1.371107737658491033e+00,9.394393909122794595e-01,2.182165290830655913e+00,1.481491769852080198e+00,1.840940438216115138e-01,2.207421075681209599e-01,3.362554260098746250e-01,1.000000000000000000e+00
1.571637165483071419e+00,-1.020382884846075866e+00,1.379319952931696180e+00,3.748443457204212459e-01,-9.211336149986338873e-01,1.158137260465547547e+00,6.063075526603508569e-01,-7.355369201932276946e-01,5.938145776952372668e-01,-2.153278825563129661e+00,-2.081306790203659940e+00,-7.977968444690206606e-01,-1.250513704634931278e+00,-1.531084553327344056e+00,3.098203787640745888e-01,1.653832168874836084e+00,-5.905872800752175467e-01,2.691076300885817951e-01,7.405114129222089003e-01,3.137827640195116619e-01,1.000000000000000000e+00
-1.481583569761572239e+00,2.130640910979185731e-01,3.856398483787341624e-01,3.593725273875614801e-01,9.240878031087330635e-01,-1.366746599598670731e+00,3.255141106450548105e-01,1.275424039454898795e+00,8.739065735806655910e-02,9.571408626788676655e-01,-2.087941761301177923e+00,-8.206409030062788990e-01,-1.212006779049436656e+00,-2.624230389236567595e-01,2.793352652009897796e-01,1.455321862246812703e+00,-3.020052481295006364e-01,-1.636868790705596766e+00,-1.172474343748322267e+00,2.047354926184114632e+00,0.000000000000000000e+00
-2.533188028494022803e-01,2.288665695327606109e+00,-9.575083927728272881e-01,9.726978241694884675e-01,-2.566670143890785460e-02,4.727439816791385585e-01,3.414892671351413833e-01,-3.880858765941380129e-01,9.443335246061454469e-02,-2.349951623879111828e+00,1.055906902138896153e-01,-1.870186940764171496e-02,1.318486715416523403e+00,-1.296072472110656904e+00,-1.409314991993093347e-01,6.412186859161085328e-01,-1.518098830515401509e+00,5.736201769173587817e-01,-6.910148519921586185e-01,-2.147236621934919543e-01,0.000000000000000000e+00
-1.160869906449561867e-01,-1.628132269423841150e+00,-1.993628941657690501e-01,1.159396235789910579e+00,3.966843246730346051e-01,1.094621715774623250e-01,1.187814457986187788e+00,-1.250430343470722461e+00,-1.726962414319711259e-01,-3.059283246685102764e-01,1.379433465927728975e+00,4.140294106991767031e-01,-6.106330510126396494e-01,7.904800541578586859e-02,8.508991531348056858e-01,1.351205109991609365e+00,9.225143849868579216e-02,-1.082142730640220485e+00,2.083943114855995038e-01,1.496691267933835667e-01,1.000000000000000000e+00
-1.470111114368130689e+00,8.233826698087993723e-01,-1.250247984170327564e+00,-3.474360535809634665e-01,1.898688778510172759e-01,6.470882599458489537e-01,2.304574261684524672e-01,1.368661911696075761e-01,2.216707403854880354e-01,-1.846104070746314774e+00,-1.605166041779902741e+00,1.420390484706321454e-01,-1.196586211282988366e+00,-7.747833121562036629e-01,1.481626801143919314e-01,-4.760792497745862106e-01,-5.687277903167065052e-01,5.196889283588080888e-01,-1.314308677415047422e+00,1.125301953672354305e+00,0.000000000000000000e+00
-6.678321304918233281e-01,1.361883784296943900e-01,8.467717659810608533e-01,-3.958551641360702478e-01,-7.694820300380713629e-01,3.103604044917300242e-01,-3.092641465264990841e-01,1.250309867926141516e-01,1.358958507205670629e-01,1.598589334003494233e+00,-2.526645363277671974e-01,1.275334416214142674e+00,-2.250250860717110946e-01,5.716510136390368091e-01,-3.563021623575981511e-01,-2.130644761742874205e-01,6.944542801722065617e-01,4.596997920936262694e-01,-1.367990538672518186e+00,-2.236433846260904301e-01,1.000000000000000000e+00
-1.030739517345540923e+00,-1.383409621373006826e-01,-1.349825856752695730e+00,-8.465591869756816656e-01,9.542828325114764976e-01,7.302862450694903584e-01,2.598316183537797697e-01,6.182568547743824139e-01,8.106531366590192800e-01,-2.338133141546538507e+00,-5.638770170717811725e-01,8.147567469309993093e-01,1.766137169413642516e+00,1.504351389186879828e-01,1.692451260665122303e+00,1.172956049504952247e+00,1.446941367435784498e-01,-1.026923793304285626e+00,-9.660970202960855735e-01,-7.010330293468865215e-02,0.000000000000000000e+00
6.635840526278853346e-01,-1.427007726922262743e+00,-1.147592991128568718e+00,9.099668100201227516e-02,4.276954666732730170e-01,-1.590995003686611620e+00,1.079872278548630105e+00,1.185275324095510729e+00,5.217258126090189574e-01,-4.701311531932502730e-01,5.899900837054687652e-02,3.895752326689831402e-01,-1.243767607474504100e+00,4.328713005252570190e-01,1.540224716356787704e+00,1.502529199235253410e+00,1.342079938373877956e+00,2.630405596244734245e-01,-8.751120961503360274e-01,-1.641514816742643657e+00,1.000000000000000000e+00
8.151573281286498274e-01,-6.381559851236597858e-01,3.786258918734113355e-01,1.295765613904908520e+00,-1.045333561206969186e+00,-1.076877816441882851e+00,-1.349942599962852929e+00,5.631906539140792978e-01,-1.653534951595061753e-01,-2.482237299486126370e-01,-5.340669448344813608e-01,-4.417735707856678129e-01,2.239093400252173960e-01,-1.910753367853746665e-01,3.771379096614100312e-01,1.750263216734661009e-01,2.081404723717534377e+00,6.642809413113645034e-01,1.827593688357304763e-02,-9.909548530816018885e-02,1.000000000000000000e+00
1.274004729320360241e+00,-1.297074782553383709e+00,-7.529513241132932411e-01,1.633413573991224998e+00,1.391838959337944603e-01,1.289451562746156466e+00,8.482199983626868001e-01,-1.390314586748130354e+00,-6.967624780983076027e-01,-5.331260831650346255e-01,-1.238657910526093087e+00,1.672906308989288438e-01,7.759718585403674318e-01,-1.002006451415037303e+00,3.638046365085972900e-01,4.516058448591779295e-01,1.165778041474284654e+00,-7.267010844479505627e-01,7.728897902993659974e-01,-6.891622825356849003e-01,1.000000000000000000e+00
1.332989857715718207e+00,-5.460890029903059384e-01,2.012446907818546404e-01,-2.027905821843598133e+00,1.861007776851187623e-01,2.066158064490339008e+00,8.232527454223013130e-01,1.708088912114658353e-01,2.740750463535116754e+00,-1.085665843262995756e+00,8.533412436019414127e-01,-1.294109511404958113e+00,4.225162372841716474e-01,-3.283276097752656497e-01,-1.901621523898754107e-01,-1.867050040048121362e+00,-5.148925055255263589e-02,2.736256110863893642e+00,1.031377248122596235e+00,-2.009907737000020678e+00,1.000000000000000000e+00
-1.548085506037861769e-01,-2.700748093248836468e-02,2.232021461499157589e+00,2.134145200302826506e+00,1.625941069441097175e+00,-8.182975252906637964e-01,-8.027405498553302765e-02,-3.849735796660557763e-01,1.338663220169276524e+00,-1.016344193059206535e+00,-1.094947774344937841e+00,2.359365204390570514e-01,-1.158350081942566279e+00,-1.782493513791928885e+00,-8.985227124463344150e-01,-1.748137069415834244e+00,1.466400714429783925e+00,1.845164321948569608e+00,5.945827631062016172e-01,-6.043759685872576171e-01,1.000000000000000000e+00
7.985626323987731201e-01,-7.586026444503245481e-01,3.237284503829069293e-01,1.934367950213126575e+00,2.134309064151678204e-01,-3.498123511960278820e-01,-3.787505688705118945e-01,-3.553906315500320878e-01,-1.781881038780122717e+00,7.416242648362095236e-02,-1.231109994490961590e+00,-1.475881782260289321e-01,-4.416090172653948098e-01,1.134078730523289669e-01,-6.231663250800462128e-01,-5.881018120805319160e-01,-1.294198357320506476e+00,1.427695526543270477e+00,1.505414853689685195e+00,5.696588543604884647e-01,1.000000000000000000e+00
3.768264888544183844e-01,-1.658195893295348222e+00,1.160056033242689910e+00,6.416884588842111103e-01,-1.962044875736188354e+00,1.800765106051019013e-02,7.192494583427930799e-01,9.053402970989312681e-01,1.316201521015353704e+00,1.255683379386294041e+00,-5.084263402997435399e-01,-1.558494164306221785e+00,3.738201069393592979e-01,4.714845129049958228e-01,-2.721621712894655709e-01,-8.388648025935240282e-01,-1.282185792095702492e+00,5.668377759615310651e-01,-1.127393799954180986e+00,2.572510530948170171e+00,1.000000000000000000e+00
6.962535938507442568e-01,4.256816978321438794e-01,-8.576342103351869417e-01,-1.084067011420940529e+00,-5.316106502032176273e-01,2.114282728364180297e+00,-3.366391170634908808e-02,9.390163514742371209e-01,-3.502994479434085595e-01,1.651782235183604230e+00,-1.050617199347659625e+00,7.176530561090819216e-01,9.058818823466369130e-01,3.974776526063319992e-01,-2.659490704541092931e+00,-2.930819696282468412e-01,-8.818061719304575163e-01,1.264571284743887525e-01,1.565426644941496415e+00,-1.902613427318584183e+00,0.000000000000000000e+00
-6.888797626607170987e-02,-1.468377098183422325e+00,3.759218644707952584e-02,-4.207429130217104629e-01,1.219277319922123626e+00,-2.005598133009384443e-01,-1.173649008752220224e+00,7.410025070467556041e-02,1.247224258115470885e+00,1.168546873118178619e-01,-3.288614582974656586e-01,-1.563990752351257507e+00,5.045901541522433975e-01,-6.322526574287421486e-01,1.152905429401709370e+00,-2.384710695872415132e-01,-5.713941846012289272e-01,-2.177260644816663149e+00,-2.676763987386586718e-01,1.005089393957926625e+00,1.000000000000000000e+00
-1.089679468842634336e+00,9.774391766267559456e-01,-4.876188392411658357e-01,4.053967869376143840e-01,-5.653571574817864986e-01,-5.406995842859019935e-02,8.508211824623005404e-01,9.426322870681322907e-01,-2.019635514860847803e+00,1.092397371177352028e+00,1.394520584562316395e-02,-5.555135885206220481e-01,2.377099185190176267e-01,5.921035696539865834e-01,2.461907776451895125e-01,-9.880241933275876187e-01,8.888125085544593684e-01,-6.789095282840390544e-02,-1.413606967640542056e+00,4.462969050465313559e-01,0.000000000000000000e+00
-1.241675185637136858e+00,-6.072436184147701477e-01,1.374836593229441073e+00,1.220124727495655037e+00,-5.209757804860570829e-01,-1.809125614990176878e-01,-5.111349435813618974e-02,-1.356987700420447585e+00,1.106824786703140218e+00,1.588824923299930081e+00,1.277318348788499591e+00,1.368964610553061512e+00,6.358841532569389221e-01,9.235958685727412298e-01,2.216739702288176850e-01,-2.048261370352471300e-01,1.211459857377983562e+00,4.175523544744747517e-01,-2.131694128258127208e+00,5.105849640815072199e-01,1.000000000000000000e+00
-6.055763669707391328e-01,-6.190169202392561409e-01,1.618480299469719608e+00,-5.492676164311431908e-01,-1.716409607137556192e-01,1.673316781737884007e+00,3.517702211846165383e-01,-2.338563454580114276e-01,6.486951947809859176e-01,7.196210281121112606e-01,-1.464297326845638514e+00,9.505113912307049384e-01,4.281252398145909410e-01,-7.585098034186633642e-01,1.054621789770842977e+00,-1.358486498915769447e+00,1.805988600167036218e+00,1.307404577275479873e+00,2.096562714433199304e+00,-1.168887196661106742e+00,1.000000000000000000e+00
-1.023983306864005405e+00,-6.876929402451873452e-01,1.287375290829040342e+00,-4.941962730132671289e-01,1.342093226287296437e+00,-2.751362348719615936e-01,9.385899011620587595e-01,-1.799539536991310529e+00,1.271423842464563192e+00,-1.865484726032358154e+00,-3.198740021950376988e-01,-7.087838711986663709e-01,1.636713266578267156e-01,-1.002807325189292165e+00,1.207801040656745206e+00,2.749079898976526937e-01,-6.336758662230524974e-01,-4.408060124698751636e-01,-5.815056709645005650e-01,-1.146202678158972921e+00,1.000000000000000000e+00
-1.149561615097672629e+00,1.595903476345330807e+00,-1.318126864766019590e+00,-2.114769217814211066e-01,1.699051030141561336e+00,-1.866804146107697016e-01,-1.540848248116273966e+00,-1.000078436121006220e+00,3.150136350646952632e-01,3.444046576275504035e-01,1.601935436034442328e-01,4.501608551856285945e-01,-1.002306587503860147e+00,4.559781485907924981e-01,-1.654607207282247083e-01,-1.134812001576572804e+00,-3.484759367035986655e-01,-1.522757095321313273e-02,1.453211948000551201e+00,-3.774946349235731580e-01,0.000000000000000000e+00
-6.499161404736538694e-01,1.511567935703950649e+00,-5.477991588398372080e-01,-5.847935362458062114e-01,-6.406276141575004135e-02,-1.821078432176318485e+00,1.672331521514712982e+00,5.757244056876272692e-02,1.122243176283303834e+00,1.339943859153005734e+00,-5.274362449903372552e-01,-1.246895509702398153e+00,1.937372975762414073e+00,2.810052783884135486e-01,-8.459278275743855602e-01,-1.205493562181344513e+00,-1.678920712949921956e+00,8.572570368285846731e-01,-5.873030327293788933e-01,-2.066719449955828125e+00,0.000000000000000000e+00
-4.593877624171717189e-01,1.344280378086481376e+00,-3.405088536361548512e-01,7.464505717539960949e-01,-4.112605723289645687e-01,-1.997325491931003283e+00,9.723315504314268276e-01,2.182836471100777054e+00,-5.041712693863112382e-02,4.275560329374891722e-01,7.120716153955923555e-03,-1.852106473340235482e+00,-1.539844896459708012e+00,5.667872990296238811e-01,-1.404283547986675762e+00,2.661851553208999244e-01,-6.496443620254847007e-01,1.927788181987580562e-01,-4.372616163182991844e-01,9.682808728193671721e-02,0.000000000000000000e+00
-2.101179034310748150e+00,-7.237052014337890249e-01,-2.137913835465829748e-01,-8.439008596981359966e-01,-7.299365613989391433e-01,1.427166445157329600e+00,-3.032400681514545449e-01,8.881348779507268754e-01,1.912922286361167235e+00,2.923784618489591591e-01,5.963527763851671909e-02,-1.109908780941165185e+00,1.006612453232157200e+00,5.816662117646199670e-01,5.347311215657024608e-01,-2.423578781113945535e+00,-1.261864651375486091e+00,-2.202368456636813576e+00,-6.800253966267246764e-01,1.250020914939719674e+00,0.000000000000000000e+00
-5.154258674778600113e-01,1.344923181289577219e+00,4.595884944152753282e-01,3.272013622955584067e-01,-1.696200147697046301e+00,1.255094796726912154e-01,-5.060009072501671090e-01,-5.972127388866780295e-01,-1.376721071050178935e+00,-6.204484873733114858e-01,-1.195432474421392222e+00,-5.386374992568525588e-01,6.416268733791602452e-01,2.782435317323562751e-01,-6.442359181034440496e-01,-1.197334139661424546e+00,-1.625102299593368826e+00,-1.815360733042141739e-01,2.248575988752740784e+00,5.813730426900057258e-02,0.000000000000000000e+00
-2.267898941397826107e+00,-5.308647217078245051e-01,2.289874551603627018e-01,1.079413312227296862e+00,9.005012659691021826e-01,1.459777428316913150e+00,-2.157371780379513104e-01,7.305046753328109377e-02,-1.203669235785880476e+00,-8.135846372838011487e-01,-4.679034557991541554e-01,-1.606161926684412489e+00,-4.789133617461729386e-01,-3.264599658118807479e-01,1.056944989165078841e+00,-3.752781878658020126e-02,2.292087531689458446e-01,-5.992384114648561244e-01,-1.372576560564958137e-01,5.740149922552367778e-01,0.000000000000000000e+00
-1.212723511498093432e+00,1.288305606137931214e+00,-2.585641941034936053e+00,1.683303628234057436e-01,-3.893650528511375386e-01,-1.211585081989182688e+00,-2.823875844216014452e-01,-2.538152155665736598e-01,-1.614005300174739865e+00,1.146461401706660999e+00,-9.074278202755508005e-01,6.783235935708562536e-01,3.589728649307789010e-01,-6.215773421141244093e-01,2.531684360945904988e-01,-2.555588792643772145e+00,8.680116931945327519e-01,-9.383177240285116572e-01,-1.122549471953448660e-02,-1.283174616157329584e-01,1.000000000000000000e+00
-7.278424266130063824e-02,1.401729589886333560e+00,-6.219370933014124470e-01,6.753311085335906849e-01,6.406656267077784905e-01,-1.532449975760603600e+00,-4.779491784798667875e-01,1.182131507895118894e+00,-1.419753573630882018e-02,7.571644760077566039e-01,-1.610506202201691828e+00,9.397640231712226511e-01,-2.443487353283550600e+00,-1.117669635317560584e+00,-2.062030530657077698e-01,-9.593895562268278665e-01,1.369299008747217661e+00,-3.075091241102226314e-01,-5.130043561978706729e-02,7.734172863090249539e-01,0.000000000000000000e+00
-6.173303732418079504e-01,9.270956152217506574e-01,5.130603764545390577e-01,1.013085963901841247e+00,-7.913479967412228033e-01,-9.404279849584042950e-01,1.330039789883427526e+00,1.466753256243640946e+00,-1.360890768845280485e+00,-5.947528138815090237e-01,-1.063535890730072486e+00,5.334794956928073928e-01,2.423486836277231882e-01,1.734819512779001371e+00,4.529783852225522933e-01,1.090884189610362986e-01,-4.527875393507177493e-01,-9.242628950330262771e-01,-1.056312572245171166e+00,-9.562257377746730125e-01,0.000000000000000000e+00
4.070436968890759899e-01,3.731243025139267533e-01,4.243341659627595797e-01,-8.473341225197336124e-01,5.757642533171056787e-01,-3.258876476926076404e-01,8.871737645057368171e-01,-2.415934159394502512e+00,2.181253390976842232e-01,1.230509451473018045e-01,-2.689336824113099933e+00,2.284825559641645298e-01,-1.297404492523020370e+00,6.238370414870097330e-02,1.497618020068465006e+00,1.407981733378803169e+00,2.869518343011274286e+00,1.710716280245537790e+00,9.605203141089487806e-01,-5.511821371031067063e-01,0.000000000000000000e+00
1.213131779849168090e+00,-2.029164813957490543e-01,1.275162283288346021e+00,3.890282643045677724e-01,-5.190855611022328064e-01,-2.272395117314113033e+00,9.044465754996031115e-02,-1.899248427811191631e+00,1.324333905935202171e+00,5.080245358828486824e-01,3.423475301598076781e-01,-4.779401390579733344e-01,2.108233511531244275e+00,-6.771626535732029328e-01,2.447779823087531614e+00,9.760310694875818927e-01,-4.142491835567477798e-01,1.303420332693209893e+00,5.893033530992263236e-01,-8.828995743882303571e-02,1.000000000000000000e+00
1.809049153153338807e+00,-5.161489266509554641e-01,-3.753947413714888715e-01,-9.902331758561632169e-01,4.070109403939041748e-01,2.021571987173218066e+00,1.493124785071018090e+00,5.076497901171859173e-01,-1.855073223177404085e+00,-1.219614265337781306e-01,-8.373082733373266029e-01,-5.914732621952237812e-01,-8.923369377985063133e-01,-1.465627521830670243e-01,-1.175381440594928106e+00,-3.214888783583869647e-01,-5.411383450534419381e-01,5.661947551667680933e-01,1.288563776904719516e-01,8.741010381731464385e-01,1.000000000000000000e+00
6.492590315271351553e-02,8.763987143858551487e-01,-5.195226398174240812e-01,-1.051556634821167346e+00,-7.073663214780568920e-01,-1.390453680798582781e+00,4.176361911376768044e-01,8.653190764306218918e-01,4.346323249394772326e-01,9.445569462743379496e-01,4.615473228578527709e-01,6.022526759218108094e-02,-1.285465761478958635e+00,-3.333626356813432778e-01,-4.165711676381598227e-01,-1.840532810544201814e+00,-1.186293277138307678e+00,-1.214109189392461180e-01,3.554539052832081936e-01,1.618418421231227367e+00,0.000000000000000000e+00
6.235585795263043352e-01,1.520098742823511984e+00,9.586375552686979828e-01,-8.355647354414053041e-01,1.254599966550713486e+00,-3.613156190042399740e-01,2.177631937935962103e+00,1.385887714815151606e+00,6.024331917780830770e-01,1.179991424032829306e+00,-6.871744820234156892e-01,9.746279917799732795e-01,5.502521200989767269e-01,-1.452760292332681558e-01,6.292059201530808554e-01,4.036673553041962847e-01,1.646613899049309548e-01,1.740706656750108161e+00,-4.334346533617276509e-01,-3.553991286052066850e-02,0.000000000000000000e+00
-1.523747753524625770e+00,7.409803864731957512e-01,3.133044758070799296e-01,-1.819966096037076847e-02,-4.803627229022642414e-03,6.902038279970361678e-01,-7.528434039799249966e-01,1.492507492435175331e+00,-1.986356918481968048e+00,6.369565695703427455e-01,-4.992118477768359153e-01,-1.288384614764320535e+00,1.850193448213884873e-01,1.303645430205588207e+00,6.328004565684697269e-01,4.220788687142286166e-01,-3.268831915085628759e-01,1.496442731075905641e+00,9.138077133385449358e-01,-2.771136357836371245e-01,0.000000000000000000e+00
-7.612757785553009304e-01,-4.050110188680196011e-01,4.081963994139672924e-01,-4.823702859197515624e-01,-1.218591169517523554e+00,5.630193658305430171e-01,-9.768207287001920980e-01,1.588876221033341252e-01,8.990876618847868859e-03,-7.809448549732547207e-01,-3.556038277397596814e-01,-1.088517075328580219e+00,2.774142605391740624e-01,3.954246957833607370e-03,7.232796784325175032e-01,-9.186167706198679062e-01,4.376019598842385006e-01,1.597751151639279055e+00,-2.079423805463840758e+00,9.231904858563664273e-01,1.000000000000000000e+00
-1.690627592619631026e+00,1.000256125386548289e+00,-5.720577124471449837e-01,-1.312832158128466098e+00,-1.832990529228503418e-01,3.198327649340491075e-01,5.298120699058762179e-02,1.550204523159110503e-01,-1.274401353722190322e+00,8.211317654967633661e-01,-7.273025656212952494e-01,6.210044791492659311e-01,1.883693992852092658e-01,1.158066966755604943e+00,-1.070948613549077111e+00,1.130065001864358543e+00,1.559395218356159019e+00,-6.086055263140387195e-02,1.508184001877747926e+00,-7.071060222375354920e-01,0.000000000000000000e+00
-5.635785776626626165e-01,2.438226365803308759e-01,-1.242126042875294933e+00,6.013043600215048912e-01,3.071987554040417123e+00,-1.006761043227280661e+00,-7.879468813986157949e-01,1.218113866273477619e+00,-7.057798649386715084e-01,1.531981595227635218e+00,1.056735912093200280e+00,1.927698329384128995e+00,1.221483297810326718e+00,2.457783051866325064e+00,-7.397265792913103599e-01,5.084889847395360762e-01,6.326161507592392708e-01,1.657733920649592685e+00,1.150001070377856927e+00,1.088008076667167146e+00,1.000000000000000000e+00
-9.764500666912918625e-01,-3.526296473752026372e-01,-1.883632375290790417e+00,6.836547767486575999e-01,-5.805493065242854911e-01,4.662866627364590233e-01,7.900406551141732070e-01,5.687013873789199536e-01,5.306006526725118855e-01,-5.142454312717414933e-01,-1.196463117420250855e-01,-1.270152310213604530e+00,-1.703030165157033871e+00,8.958494116595824286e-01,3.781800473380800831e-01,6.566802929279053069e-01,-1.295418530592300721e+00,-2.036510824726919244e-01,6.403888925718456138e-01,-4.924777875195395296e-03,0.000000000000000000e+00
-9.836815570674781739e-01,1.461875040151001448e+00,8.294846443246670642e-01,-2.327661333942819544e-01,4.161878088524063601e-01,-8.561194499005474190e-02,-1.183461060148275124e+00,-1.171322036267339550e+00,-1.656674005426377327e-01,-1.364609861899770626e+00,-1.711412944070499931e+00,5.839964707997051807e-01,-7.422324344912697436e-01,-3.550055384486678900e-01,5.198487028686441525e-01,-1.510520044587762394e-02,-2.369607603035096266e-01,8.989963332219168546e-01,9.097613770786717735e-01,-1.204588723433813513e+00,0.000000000000000000e+00
3.631669389744484611e-01,4.416201785149921899e-01,-6.238111801702964643e-01,2.751933927236727140e+00,2.087343597966901387e-01,3.480730579674378156e-01,1.303523749306231272e+00,-5.934143848521323816e-01,-3.512449873165319758e-01,4.445196097608549723e-01,8.394031465920760438e-01,-9.029045910711090972e-01,-2.701567148670264498e-02,4.127044371802147671e-01,-1.160583884569259316e+00,-2.657813237064439726e-01,-7.462728452917824495e-02,-1.344429464593150936e+00,3.971820770888354057e-01,1.614447258794532880e+00,0.000000000000000000e+00
1.112993775363224858e+00,-2.036209168199570041e-01,-6.795631498559909778e-01,-6.410315350838042825e-01,2.716821376034646462e+00,2.916568599701162556e-01,-2.587464199328252779e+00,2.190919021323778082e-01,-7.368514230372683604e-01,-9.875363790399067643e-01,-4.273979757984154304e-01,-3.318657335200247416e-01,-8.808766169658664991e-01,-7.749197320447151482e-02,5.635664336065634439e-01,-2.109230364456334550e-01,-1.585889791542597349e-01,-2.698304320904207354e-01,7.441013711303365863e-01,-1.013105033525516091e-01,1.000000000000000000e+00
-1.189730756242351806e+00,1.160595571145479399e+00,7.573682588241071878e-01,9.651057651823552463e-01,3.618272692196923268e-01,1.267730147857702327e+00,1.180352668272912853e+00,7.504937782655430878e-01,2.015212524132455663e+00,1.209217746722667138e-02,-1.304729869232618356e+00,-8.031434997565717326e-01,-6.622807715298639764e-01,3.565772656714716882e-01,-7.809907664285958839e-01,-8.348980321599746013e-01,-2.423241125368828186e+00,1.015332122689618144e+00,-5.629759381337444690e-01,-2.199933179811593698e-01,0.000000000000000000e+00
-7.930998711140512247e-01,-7.174660450974783554e-01,1.520505702439584717e+00,-5.164476768450425581e-01,-1.629378345829143315e+00,5.664028462029228050e-01,-6.943757220084807447e-01,7.906083742646237145e-01,3.572421256669281453e-01,1.075145509117406917e+00,1.620790476566506211e+00,-1.032729927761983468e+00,-1.422351679270203784e+00,9.705860321202612884e-01,-8.309982005410750106e-02,-1.275487068135455981e+00,-8.379548611966178284e-02,-7.375118496343466279e-02,1.253365083718469108e+00,2.483293599662698803e+00,1.000000000000000000e+00
-6.616550494626502466e-02,2.930792530911394134e-01,-1.587107837171464420e+00,-1.013561695160541065e+00,-3.398889675561733714e-01,7.834871043597495255e-02,1.477926220831056847e+00,1.459470312539887238e-01,-1.862968491225126533e+00,-1.251237132877054625e+00,-4.227329541188037942e-01,7.583157380647482793e-01,-6.269774398359809209e-02,1.401420796085045328e+00,3.167589619658202071e-01,-6.672950709071485964e-02,1.151049242174450926e+00,2.138748178090633445e+00,3.178100945819232748e-01,-8.113120122099013454e-01,1.000000000000000000e+00
5.265253560466464089e-01,-7.075656586158742822e-01,2.051859541983202528e-01,2.408460920484713608e+00,1.822583360548702680e-01,-3.520303293467442196e-01,-1.041666009017196082e+00,1.730197876663011725e+00,1.064694717938835078e+00,-2.271530712270590849e-02,7.011624112054436475e-01,-3.516437779430959254e-01,4.041585312147696341e-01,-6.778446446058771224e-01,1.392348454801595636e+00,-2.043571170127713277e+00,-7.955316035851279777e-01,-3.912146791473011254e-01,-1.309018334277169404e-01,-9.709954716360474913e-01,1.000000000000000000e+00
9.810265207094708284e-01,-1.550173171789398285e+00,-1.047351359319828035e+00,3.729781645414912972e-01,7.984319949139333517e-01,-1.264805987151149669e-01,-5.359966199864366621e-01,-3.499257785627932042e-03,-1.245143781198299049e+00,2.381464692656360960e+00,-1.014756170010653102e+00,6.631824713918919034e-01,-8.575951924929060555e-01,8.951074710660691380e-01,5.133903436270588205e-01,1.687385534741804305e-01,-1.423495678697719091e+00,-1.221184031991695146e-01,9.274028540380152563e-01,6.968557156217678461e-01,1.000000000000000000e+00
2.122668644746788402e+00,1.847663261219441577e-01,1.415142046213943294e-01,-7.791396933739308528e-01,-7.417314587139866022e-01,1.958908226503269789e+00,-3.422426939118537459e-01,8.920360955601649433e-01,-1.318944706405797085e+00,-1.233967181469455721e+00,-1.174087841206157279e+00,-7.170602316932099818e-01,1.158608719912537222e+00,8.897428296435879735e-01,-3.013277228452157619e+00,5.275652972858200229e-01,-5.002749423503511511e-02,-8.129372748769180257e-01,-2.367394945435035147e-01,-1.381801624739354084e+00,1.000000000000000000e+00
-4.046373875086577143e-02,3.308122578689874915e-01,-1.069919415045978428e-01,-5.598068578840008636e-01,1.271262254791802659e+00,-7.333523301966107799e-02,1.363304398351155911e+00,6.845200922415648481e-01,-3.871655545389198205e-01,1.390885253189334536e+00,2.432519413440457079e+00,1.615114321207387515e+00,1.089462609447100050e+00,-5.709523186603159273e-01,-6.174088962457544572e-01,-4.488869330753325615e-01,2.293910716345702872e-01,-1.651920953706358830e+00,-8.505318014175594632e-01,4.169685418568480628e-01,0.000000000000000000e+00
7.712832066072329573e-02,-1.659111757178356017e+00,9.387540526263750129e-01,6.832132046390598790e-01,1.035835660388910284e+00,7.470408855019729233e-02,-1.284653396243814749e-01,-2.308720864065563205e-01,5.086775620181204632e-02,-1.634152321081986825e+00,-6.416790266017678990e-01,1.512792642698171930e+00,1.982434917171583599e+00,2.902118731995158574e-01,-1.194470858485974007e+00,-1.998221749402735892e+00,-3.283668999291939339e-01,3.417461397170203363e-01,-2.123755478404981689e-01,1.310798944848620806e+00,1.000000000000000000e+00
-2.299624977982889007e+00,-3.967988485789358255e-01,-8.446531626708583262e-01,1.838445564635037721e+00,2.357675068387080075e-02,6.530665605535402873e-01,-8.415625003451293606e-01,1.136477111973535514e+00,3.070964570290650175e-01,1.572483834750921128e+00,-5.475687078921028794e-01,-5.683840339284787491e-02,-7.990453676562673246e-01,1.586059485169977856e+00,1.415926106580493449e-01,6.312403793498017057e-01,2.688001339508530596e-01,8.099634636522954345e-01,6.503146625671123449e-01,-3.746552307488934530e-01,0.000000000000000000e+00
2.074688759683786521e-01,-1.048099627311151805e+00,7.962023315756178166e-01,-1.682374148261376989e+00,-1.140927893068025112e+00,1.541983985385587778e-02,-5.638981881757112458e-01,1.926512107285145881e+00,-8.366561276670319014e-01,-1.363857662291622641e-01,1.140597770409851552e+00,7.947554686249449496e-01,-5.940920059468942638e-01,9.385907570683221790e-01,1.047788525194704112e+00,-7.427770940555319390e-01,-1.170160678847135483e+00,6.548685894205706903e-01,1.129925616428879565e+00,-6.704503854288518250e-01,1.000000000000000000e+00
-7.665026155523922968e-01,1.348222988616757378e+00,4.196157972306560069e-01,-6.464304822718194288e-01,4.710137840603989545e-01,-3.984507416304596261e-01,-9.192113158281997598e-02,5.853588982871594792e-01,-1.003068267126736357e+00,-1.987480959083732346e+00,8.761929802815340285e-01,-6.801820618801317497e-01,-3.829212417582817524e-02,-5.768588747105045655e-01,1.037931722635903942e+00,5.802160459602375697e-01,-2.957579086092387288e-01,1.228202622503548058e+00,9.712394807880224690e-01,1.090809890600530574e+00,0.000000000000000000e+00
-1.309322829008819467e+00,7.987694012142991795e-01,8.952994319996741002e-01,-1.122222471744795946e+00,-1.131028990567371162e+00,-1.457056417973042528e+00,-7.728480188920288096e-01,5.654601925157660691e-01,1.954179788617824154e-01,1.560299009296429951e+00,-1.395065036122937308e+00,4.088826143960223591e-01,-1.266920707906526111e+00,-1.339758118986814184e+00,-1.261582258947681279e+00,1.213666340207991690e+00,7.805379855686397916e-02,1.353536769649308358e+00,1.368828483009822683e-01,6.975110886459044979e-01,0.000000000000000000e+00
-4.160349679766389697e-01,8.656993140746164217e-01,-2.507557847762838521e-01,4.191784887168472501e-02,2.000030994729715406e-01,1.122692243829823688e+00,2.411104809908879432e+00,-4.465345242716736718e-01,-2.621051987556284948e-02,5.211808028565870776e-01,-1.046638943079709172e+00,-7.629037741830237140e-02,-1.257600666969323377e+00,1.139488497771701914e+00,7.544986419017840618e-01,-1.560697164480337573e+00,2.667280807235097772e-05,-1.453453264906754416e+00,9.021568279492535591e-01,1.722469237616027327e+00,0.000000000000000000e+00
-1.607140738984557948e-01,1.421850657493825443e+00,-1.337084591242373222e+00,1.819006220969436649e+00,-7.275801929205748253e-02,-7.900368410843187084e-01,-2.435800038005370372e+00,-7.703338681643404628e-01,5.530781037651890664e-01,6.273812397679613406e-01,6.137382479557700332e-01,5.132867840020075567e-01,4.842812193488624239e-01,7.296798565557556238e-01,1.150887466755594196e-01,7.461494067192797619e-01,5.318938677582151220e-01,-8.859596905056841276e-01,-2.095122584032271112e-02,-9.093616856774496826e-01,0.000000000000000000e+00
1.527603553609444831e-01,-1.522490798013118152e+00,-2.873530579713339694e+00,7.994685052635966960e-01,-5.509302762550993826e-01,-1.254204597740721017e+00,-2.701913584184689188e-01,3.582787701989362250e-01,-1.204914732089394092e-01,3.945794831547040360e-01,-3.593197269122710980e-01,1.316138655928871248e+00,2.211134744995558316e-02,3.473366292293222357e-01,-3.355318372813707595e-01,6.470819271217437274e-01,8.896941173683842186e-01,1.167322650120059091e+00,-5.874754472174402720e-01,-5.628004305920759620e-01,1.000000000000000000e+00
1.330434848638825107e+00,-2.494099934105115379e-01,7.437270401352007454e-01,4.755199145673819627e-01,-1.776700406847672387e+00,2.071994818624946610e+00,1.041785444753583034e+00,2.454921384408157436e+00,1.223176201609560199e+00,-8.066338128509211725e-01,2.297917591106125812e+00,4.138875743940161889e-01,-8.029122785104915172e-01,1.019671880348782533e+00,1.186916994460826880e+00,3.234057576910926574e-02,-7.207857476815383579e-01,3.791215413699768749e-02,-4.701397697060392122e-01,5.740777376076122707e-01,0.000000000000000000e+00
1.985805913192765226e-01,2.526779657831172421e-01,-1.135481924815989752e+00,1.417681501499422847e+00,-3.707174482425211193e-01,-2.526831453611919423e-02,1.257194708609154832e+00,7.587026978242371600e-01,5.897563607472766645e-01,-2.565299380233063697e+00,6.803092307504196024e-01,4.562328660446209883e-01,-1.177090058859459276e+00,5.607977550094492836e-01,4.513455849282971277e-01,6.560682580373609074e-01,-2.387823392281120949e+00,-6.741992485228511800e-01,9.505964427254273152e-01,-4.282224010585438112e-01,0.000000000000000000e+00
1.394015922662774409e+00,9.046929548024988665e-02,-1.291072184670484235e-01,7.374799287687600069e-01,9.855645215731698716e-01,-1.238792315952635059e+00,-8.561471630615186124e-01,3.961853131264114064e-02,-8.477440901242045967e-01,-3.079836097598097844e+00,-2.449499509019176791e-01,-5.737500671091375765e-02,-1.564432353846567869e+00,6.092115803961740683e-01,-7.060927949811079962e-01,1.399351906933472833e-01,8.932751360436024246e-01,1.710345895890270418e+00,2.287257715107410938e+00,1.556418141269454658e+00,1.000000000000000000e+00
2.714574555833209613e-01,-9.222159969742080854e-01,1.457665256309393087e-01,-2.420933935942158888e-01,-4.219409879156491711e-02,-4.302864577887172137e-02,-2.100705865395675193e-02,-2.117856945192135021e-01,1.538755417235349920e+00,-1.402627253788222950e+00,-1.178364150880324840e-01,-3.794600719918045373e-01,3.001980948055341103e-01,-8.789045505315481455e-01,-6.354788318617972109e-01,1.174860165240676935e+00,2.977521799253395329e-01,7.108654877087308144e-01,-8.376072490588136743e-01,-1.498022512103490911e+00,1.000000000000000000e+00
-9.259635481854885386e-01,1.690596985477706760e+00,-1.217417045201604209e-01,-2.770036326419293982e-01,2.602085206373100368e-02,5.301717442174978118e-02,-2.645703788421328029e-01,1.609458661406685920e+00,-7.487462781048844773e-01,-5.847257824437541718e-01,2.829382894692488715e-01,-5.558669228647896698e-01,2.104107051198998768e+00,-3.148328162352515003e-01,5.177050829452825020e-01,5.393242297171119137e-01,-1.898926034242201633e+00,1.208124023735336117e+00,3.967924944396754028e-01,-9.377779699425413673e-01,0.000000000000000000e+00
8.531292124518625730e-01,1.861115991806806258e-01,2.350518029109803564e+00,9.389475160957938549e-01,1.217008114825916643e+00,-1.937377883815868840e+00,1.707474232214646115e+00,5.359048122805186720e-01,-7.316017155554878082e-01,2.509181927634793752e+00,8.671956337088381206e-01,-7.024089396859770629e-01,9.569781766207763329e-01,5.393674053421104730e-01,5.311497004405933975e-01,2.740578449515169712e-01,-8.213158783560071674e-01,-4.433609506726775285e-02,4.328994934231816805e-01,1.439178370063051438e-01,1.000000000000000000e+00
-1.765078893266288362e-01,1.618111163858800827e+00,-4.485017414454953721e-01,-5.075831762746093462e-02,2.682090758687868948e-01,1.327554886058759154e+00,-1.005851791521571892e+00,-4.762454058224431241e-01,1.518788337919662057e+00,-1.292570772782259070e+00,-1.447550592127344160e+00,-7.087005395367472760e-01,3.633154682120566470e+00,9.998951680466529046e-01,6.125455982797141097e-01,-4.139125150707334555e-01,7.226291657954172498e-01,-6.915445276029885679e-01,-5.020076195031183408e-01,-9.560041733611964604e-03,0.000000000000000000e+00
-3.373618827261696262e-01,-9.553289632786341468e-01,2.235700403502920153e-01,1.926541673663285104e-01,-1.487205465580482722e+00,4.815892038903383243e-01,-2.056852315918185514e+00,-1.971298602489328644e-01,-1.994390719345306540e+00,-2.173963813288609936e-01,-8.190291388285582119e-01,1.573741908765863839e-01,1.857639701058318105e+00,1.486657122296608069e+00,-1.264742222908629421e-01,-1.272602197236624988e-01,3.733650285816263459e-01,1.031749792949163469e+00,1.399936283537929649e+00,-1.720206018558479988e-01,1.000000000000000000e+00
-8.261368999296332394e-01,8.874337131712590754e-01,-2.700731209741865646e-01,-1.051824402710084927e+00,-1.809823689969995097e+00,-3.594240251386912610e-01,-1.914207439788139231e+00,-6.823399738777021772e-01,1.113542267478520031e+00,5.830292231591603924e-01,-7.342184907140264505e-01,9.695197446915890804e-01,8.832215651378679810e-01,1.085123721819707399e+00,6.756166959731125798e-01,-6.656406741159293095e-01,1.636334450396193518e-01,1.304309412742492347e+00,1.104121976011805062e+00,-2.622849482132552534e+00,0.000000000000000000e+00
-6.157706327839417293e-01,1.183141715199336863e+00,-1.504826854834982741e-01,-1.586550787760219738e-01,-1.697890487684562411e+00,1.554500433132239567e-01,-7.604240440353965402e-01,-1.396018992762364075e+00,1.158762556056088577e+00,1.483603736146796637e+00,3.804136476905769365e-02,1.729226249713869956e+00,-1.814877209399531899e-01,8.085191508255217679e-03,-3.506771738191887811e-01,-9.034705876837099137e-01,1.028303969756015901e+00,1.264372356270757891e-01,-9.785723366747559604e-01,-7.672679423730197623e-01,0.000000000000000000e+00
-1.489472055482709001e-01,1.776343169199675165e+00,7.309515994538576811e-01,-4.055294166663037103e-01,-7.121639559253050145e-01,2.814624747188910203e-01,2.373564689526713511e+00,-1.779575729260386985e-01,-4.943261844932877458e-01,2.109651700512689965e-01,2.098773892465857216e-01,1.091264090273412091e+00,5.390512652351175937e-01,-2.842864309856405480e-01,2.101546435494967002e-01,-9.117872854416326778e-01,6.929335159607116212e-01,9.730460116686413530e-01,5.617422539163263034e-02,5.218464410560379463e-01,0.000000000000000000e+00
-2.389826155264887786e-01,-8.523305276311737844e-01,-8.657877974797919540e-01,8.184838630599523546e-01,3.567900238086833542e-01,-8.785668333424768717e-01,-1.248382016671154338e+00,-2.657192666946481818e+00,-2.146289069433702235e+00,1.375526227800758505e+00,8.156365080446640325e-01,1.202121413691842333e+00,-6.601507186102641977e-01,-1.195883775721969383e-01,4.114504254682463391e-01,3.318018652298054816e-02,-1.024615717367058476e+00,-1.174740916805373070e+00,-7.869310449678305064e-01,4.052063486860670305e-01,1.000000000000000000e+00
1.790309900367474949e+00,-6.738248899956192917e-01,-1.417434601990630316e-01,2.434492430000515240e-01,6.386570147792451912e-01,-8.035425601214005731e-01,-3.858278271213700372e-01,-3.976448552864476071e-01,5.209534518572995765e-01,5.316431780405185270e-01,2.981449842911347847e-01,3.502231173604204717e-02,1.586123773969621675e+00,-1.824994840368358462e+00,3.791309431311855604e-01,6.447903036268076704e-01,1.176830763212913133e+00,2.106518357441509615e+00,1.419780310376815402e+00,-7.450308784057444456e-01,1.000000000000000000e+00
-1.803795842171966868e-01,3.469961703288240162e-01,1.149672451156484421e+00,2.666927100493058922e-01,4.096375081040026234e-01,-2.037694979229989767e-01,-4.994806526120268431e-02,2.678721713554259032e-01,9.768364007696198059e-02,9.856283307719443387e-01,2.479618203406442234e+00,-1.265939023267341756e+00,1.129383881659304478e+00,3.007902664753837052e-01,-1.263349382447527702e+00,1.641626194568078789e-01,-1.503610922970952668e-01,1.077398073700986725e+00,7.379429137552391271e-01,-7.055277168327048765e-01,0.000000000000000000e+00
6.464535995594229700e-02,-6.379551540505830065e-01,1.585447050700420135e+00,1.056543366435575448e+00,-6.525427330991229180e-01,7.208609493972898408e-01,1.829060910144711505e+00,-1.506986716510354318e+00,-8.955338534807370798e-02,8.087848046510189848e-01,-3.455840951328432720e-01,-1.835620339221951225e+00,-1.144819776254860644e+00,-6.817091018001938396e-01,-8.155251795260176628e-01,-1.400336514118626807e+00,-5.584822013174473715e-02,-2.257273606368860985e+00,1.164804165430884275e+00,3.245394540279150086e-01,1.000000000000000000e+00
-1.240880604460552261e+00,4.195685731243167238e-01,3.370314153189993278e-01,4.021527761606468188e-01,1.792417255791913244e-01,3.444534222420905234e-01,-1.638298509161457972e-01,-2.064586693411372131e+00,-6.754422828406920765e-01,4.920678683675757670e-01,1.150916346115013367e+00,1.219663485795478675e+00,1.510994246734724822e-01,2.238375932308078048e-02,1.668764157445193685e+00,5.468505116271965560e-01,5.528397455261174764e-01,2.578653607496486533e+00,1.712863032530002536e-02,-1.555706965254252339e+00,0.000000000000000000e+00
-1.057552787773738068e+00,5.555221560617139565e-01,9.275917509780162717e-01,5.940539600913982143e-01,-9.464909630507171157e-01,8.114723807056098970e-01,1.054616527240366031e+00,1.654308154983284318e+00,-1.888318196165842622e+00,-1.258110732714243785e+00,-1.958530219906975178e+00,-4.043591133635714430e-01,1.671587277090360590e+00,8.939435399196089538e-01,-2.574585837813362921e-01,-7.217453427008473366e-01,4.724180300467055726e-01,-5.934679915411512630e-01,-3.649148740095173316e-01,-1.281107327202488211e+00,1.000000000000000000e+00
6.007680102006692779e-01,-2.830008916865019430e-01,-1.140462482186596294e+00,1.662514086529645940e+00,8.152922736973048506e-03,9.789441293991878457e-01,1.085654709485368130e+00,7.331565265298493062e-01,3.914421276295129148e-01,-8.871352766796700151e-02,-6.236348754663425531e-01,-1.858989787849360642e+00,1.160916205976477711e-01,5.096046851938298428e-01,5.396970300649559515e-01,-2.161604071053560283e-01,-1.335659060596446679e+00,-1.308082691466693204e+00,1.448080752802670901e+00,-1.696102268734841267e+00,0.000000000000000000e+00
1.341214840855398771e+00,1.738649360885432538e-01,1.928708397581508693e+00,4.961344748819192241e-02,2.302298883034975818e-01,-3.554827780037136953e-01,-8.881053516854391372e-01,5.411462226400260977e-01,2.059988947128045478e+00,7.183894958453318491e-01,-8.351318073872909808e-01,-1.161851079916259133e+00,2.881357945574079538e-01,1.492719869773409425e+00,1.211439281469411100e-01,-9.142199272118383124e-01,-1.193743425271184128e-01,-2.146798819082326171e-01,-2.692673313947356317e-01,-8.668563410607712516e-01,1.000000000000000000e+00
-1.558315931784297170e+00,3.365675352433937229e-01,1.496569482082598546e+00,-4.001942097987591929e-01,3.117510807463275690e-01,-5.390962307658782038e-01,-6.980093916721546998e-02,-2.946837008774702005e-01,1.359949656696598286e+00,-8.173635536055415818e-01,6.900389147068992646e-01,6.836452251236810884e-01,5.061267465840181279e-01,-5.522813811775038051e-01,1.359824518569815233e+00,4.924206205659129032e-01,1.202338124558812171e-01,2.173062248191029333e+00,-1.632869038861486155e+00,-5.473658169153405861e-01,0.000000000000000000e+00
1.239005127531966899e+00,-1.575058301084503842e+00,5.155502003811083256e-01,-1.847699050860812875e+00,1.952283644359358972e+00,-1.514439265617029406e-01,-5.024274542563516438e-02,6.603664152545523081e-01,-1.485924704349670833e+00,-2.790882951518857125e-01,3.509631870051330149e-01,-6.947801880609173475e-01,8.373349746429343821e-01,1.232245215559635287e+00,6.380820158089496319e-01,-1.689683940341129009e+00,-1.764978292785623681e+00,-2.397293412644784016e+00,6.986384229164521731e-01,-1.663559251886136126e-01,1.000000000000000000e+00
3.853608351358606687e-01,-1.453323869154297787e+00,3.452050874046905943e-02,6.062284657583180136e-01,8.757887005241861145e-01,1.695212851058220949e-01,-1.879499245844038768e-01,3.303208925746640157e-01,1.349450032758043205e+00,-1.026574631923931724e+00,1.861640934761367161e+00,-1.435219139877677685e+00,6.542000019768173802e-01,1.216870537772569705e+00,-7.501757949020861072e-02,5.577451945897710095e-01,-1.054479437857072766e+00,-1.815551602817444543e-01,8.154780817777457225e-01,-9.509274820898365732e-01,1.000000000000000000e+00
9.307280546553760026e-01,-1.912253035335645945e+00,-2.831817855643053439e-01,-1.302089804837677223e-01,2.203309595673304255e-01,-1.871993569608687569e-02,5.027795901842541104e-01,1.034176532803733339e+00,1.758750665104129807e+00,-1.608206395196862815e-01,3.395432969524791456e-01,1.341633024440976596e-01,2.381365864970275137e-01,-1.663887199355822633e+00,1.032704385339028530e+00,1.287637211574282237e+00,-2.125735093123676922e+00,4.447008246561406919e-02,-1.912962723716241376e-01,-6.338290155391790304e-01,1.000000000000000000e+00
2.303831118267661571e-01,-1.396828913224664515e+00,-1.382712490453329224e+00,-8.880028447735911490e-01,1.384457066382002610e+00,-8.392052674011632463e-02,1.120306243676147062e+00,-5.640198446994485471e-01,-1.232280619296688279e-01,-1.030738392094364242e+00,9.293571547439850589e-01,1.097698704043519102e+00,1.830439399266342582e-01,3.253181948700445969e-01,3.071475603227035167e-01,1.190265736214209530e-01,-1.077541594811405767e+00,1.039554474362576197e+00,1.847318418773373494e-01,-1.613071188297161562e-01,0.000000000000000000e+00
-1.028551866663447667e+00,1.463025126864807568e+00,-2.779642375925886477e-02,-4.265701802737719150e-01,2.651356103659396002e+00,2.899073840593045515e-01,-2.290183203390529221e-01,6.221961477819495379e-01,-1.030890792159397051e+00,1.408773752705369054e-03,-3.669376858523574342e-02,2.506674412313460110e+00,1.109299369594465512e+00,4.289103403588457319e-01,-5.132711573538805139e-01,7.796516812089229198e-01,-5.208660006758583094e-01,2.051988480001503135e+00,-1.982466228755961346e-01,-1.435908390278276547e+00,0.000000000000000000e+00
5.966832838667591732e-01,-9.891389099461522783e-01,1.282761240860869900e-01,1.071035877342856546e+00,-1.468173847588817305e-01,1.070169056234942406e+00,3.220397928949072508e-01,-1.930551951690520518e+00,-5.187832759224152435e-01,9.076299485912216192e-02,-8.186042192869882883e-02,-6.334618904400925177e-02,1.361512608642406086e+00,-5.447842425385193144e-01,6.562546354194350728e-01,2.604660468397014261e-01,1.955278984189043334e-01,-8.142198272808358617e-01,-1.005778793113925929e+00,2.876646094885194627e-01,1.000000000000000000e+00
5.330928257337280707e-01,2.267088425493592740e-01,-3.174559139641657673e-02,-4.637328702664937630e-02,1.683756674660171981e+00,1.450199174126199253e+00,6.526767188460024238e-01,-1.709478244162600413e+00,7.136056294615302775e-01,1.477824756208071244e-01,1.524428096232470997e+00,-4.829938223186686641e-01,3.914368266100914373e-01,6.398034699046551976e-01,1.532207970712137213e+00,-1.422168978675700801e+00,7.359100442979814583e-01,-1.276343955519584350e+00,2.604549918636591688e+00,-1.853041464402796601e+00,1.000000000000000000e+00
4.040632769480318465e-01,-1.183913844860174702e+00,-8.986268793356111395e-02,1.778251018444873433e+00,-8.335173808315737842e-01,-3.057346085504322741e-01,2.766125198464730039e-01,1.748487151692515340e+00,-9.482602882216325524e-01,-5.203791672984174888e-01,-1.775257356525550556e-01,-9.810777668506824589e-02,4.313967996664231364e-01,-1.090641427458283852e+00,-2.840737282735579239e-01,1.138953961564883377e+00,9.963515365003502433e-01,2.395326999975807836e-01,-1.432232630968714726e-01,6.162701408580810725e-01,1.000000000000000000e+00
1.237578962147778405e+00,-6.925862177528231689e-02,-5.052740555007755319e-01,-4.576701131078197982e-01,-1.378350912740402112e+00,-1.276717035635099196e+00,1.145578785212421957e+00,-1.275071104038151271e+00,-8.073861169202946053e-01,3.361187535429800421e-01,-3.863594192168121836e-03,-7.949174621081880887e-02,-1.138524300926027966e+00,-1.257876497421556383e+00,-9.835067469384937977e-02,1.038023124222855031e+00,4.894576407151026570e-02,-1.617591098113521086e+00,-5.769015930764507250e-01,-1.880066978908276620e-01,1.000000000000000000e+00
1.181927605296589912e+00,-1.223309668550154772e+00,8.413565632595454424e-01,3.677281885127411942e-01,9.556163598772395851e-01,-9.054569538807428764e-01,-5.104038607273667649e-01,9.786630145370086575e-01,-3.390489888184510803e-01,-6.265579899408258990e-01,-6.093011527379408321e-01,3.422706427531662654e-01,-6.471679948265197657e-01,-1.320761877014745567e+00,6.116802639381598850e-01,-8.209841676700598834e-01,6.468082925048042053e-01,3.894621930870443838e-01,1.649994234191974884e-01,2.517948198658137571e-01,1.000000000000000000e+00
-2.130555340185825486e+00,6.443741941502159065e-01,-3.640046484338115007e-02,1.141434048759030873e+00,1.238721165672739710e+00,1.835549130053929778e-01,-1.253273950547553924e-02,2.638497807966954656e-01,1.390295451165795226e+00,1.995874022462094333e+00,1.142848832022935968e+00,-7.135296882944101859e-02,-2.343936352743928309e-01,-3.683978017326887677e-01,-2.025286492317374398e-01,9.416965127136173175e-01,7.409999176227938245e-01,-2.508194001647203741e+00,6.973410343548426260e-01,1.919954842472114676e-01,0.000000000000000000e+00
-2.077622168588570517e+00,-7.705824861844536855e-01,1.264235651478619937e+00,-4.129748172037453480e-01,-3.196783294748641313e-01,1.936586299522651489e+00,2.482561604494212815e-01,-1.039568627401700418e+00,-5.083530823539901267e-01,5.946172382324496075e-01,-7.391380845235048236e-01,-1.112718808147517668e+00,-7.273739736950275425e-01,-1.467475666624554476e-01,-1.555825036577528131e+00,-3.060908405731511128e-01,7.018500182918739894e-01,4.189799569998851059e-01,-8.764312635638245030e-01,-9.666780849489086114e-01,0.000000000000000000e+00
1.886381529585094086e+00,2.068630719674155460e-01,1.723401186867072610e-01,-9.316083264898473992e-02,-1.036265825157082654e+00,5.313095449532007075e-01,-1.298488753397742501e+00,4.957616697165500019e-01,5.133764073817882467e-01,-9.524115310364498210e-01,1.545731644284420669e+00,-7.390343543474627852e-01,-6.563061589631888904e-01,8.441823522348426145e-01,-1.967437825919110095e+00,2.010677260084714035e+00,3.077373420392984227e-01,7.581544525714843941e-01,2.379058790272448043e+00,6.350269584582526328e-01,1.000000000000000000e+00
9.566864017069920401e-01,5.572989431530004367e-01,-6.312674768629850108e-01,1.075669178076458676e+00,7.859981984483030981e-01,-1.025539739633407166e+00,3.354962628649858503e-01,-8.183810791640807603e-01,-7.635497111827872496e-01,-1.596817822009121424e-01,3.290918031774993091e-01,5.826120017243807681e-01,1.078417038625771207e+00,-4.380776202891993321e-01,-4.884675030186428901e-01,5.276008869342989627e-01,-1.147768287820433830e+00,1.032058332776788490e+00,9.915044091349314304e-01,1.784169454167616187e-01,1.000000000000000000e+00
-4.691964458715012776e-01,1.690967619949366618e+00,-7.289005833805705104e-01,-2.766609737256422452e-01,-5.084038829285159045e-01,-2.057256472085053023e+00,-3.563408153328173067e-01,2.404901873717861349e+00,3.159245757111187047e-01,-2.931596840169873985e+00,1.184846390648561565e+00,5.060046433236915497e-01,8.351340858021287505e-02,1.365419326682469015e+00,4.029043394606784401e-01,6.414998750730394050e-02,-1.533097747515853371e+00,-1.080412920965380247e-01,-4.757408562916662365e-01,-1.946159793527302950e+00,0.000000000000000000e+00
-1.771970221785280852e+00,-2.433906671813607925e-01,-3.205813862049454455e-03,1.003201889270512792e+00,1.221550826670246614e+00,1.885630310576396629e-01,1.391556374027309584e+00,2.507427078198402048e-01,-1.396531322906699124e+00,1.396126181876892636e+00,3.781189858328313225e-01,-2.433489415551925994e-01,-4.242958944810037991e-01,1.196725878343318339e+00,8.999389528104152769e-02,1.455381551303708942e+00,-2.231669343078157286e-01,-8.770995294628831651e-01,-6.727938930701702347e-01,-2.920352769366090229e-01,0.000000000000000000e+00
-2.668559455078469700e-01,-3.115782452911433076e-01,-4.461907640094729399e-01,-1.031972331334238602e+00,4.411314020289876237e-02,-9.403125343567909633e-01,5.590573120949315911e-01,-4.524000115126871613e-01,-1.976776662930150308e-01,7.461436927341210668e-01,-2.201287590944748795e-01,-3.705017467339812298e-01,1.116511534667572914e+00,5.940477103475574339e-01,5.926611076130737510e-02,8.423105937844372892e-01,-2.193102956059701236e-01,4.405424393416034201e-01,1.452282405562325573e+00,-4.996548558883321944e-01,1.000000000000000000e+00
-8.322226897002978907e-01,4.360412411705236191e-01,-1.848292053703377791e+00,1.275275771082618581e+00,3.692984581338753514e-01,-1.063352153470824984e-01,1.466943485723130047e+00,1.293985989130041592e+00,-1.552171055406209310e-01,1.214710995733055549e-01,7.013266803602358213e-01,2.934271994395782346e-01,-5.054893044619636067e-01,-1.172231352265341364e+00,-1.297228619343481881e+00,1.739875797539061741e+00,9.150737282535381656e-01,2.708698772045382008e-01,9.960933182253377538e-01,-3.987209578629875156e-02,0.000000000000000000e+00
1.980488455990633501e+00,-1.339791992130438258e-01,1.325801660029954476e+00,-9.460435045379733676e-02,6.677269474768414426e-02,-1.417463159962119246e+00,2.613680473532742354e+00,-4.136324797989568980e-01,-1.011888148045654301e+00,-1.010862559018076867e+00,-3.093624369235107308e-01,-9.943370718249846529e-01,-1.079628466288113264e+00,4.841965133578149949e-01,2.740530978893654379e-01,-5.610481759431817234e-02,9.313666015041899282e-01,4.076017281435815875e-01,1.888500593581876830e+00,2.350188775858898627e+00,1.000000000000000000e+00
-2.349434323200081109e-01,3.562747673666302739e-01,-6.172462070380364541e-01,-1.605507050829767801e-01,-4.515641396886118097e-01,1.009344498722433814e+00,6.988059827758481557e-01,-3.266054872281648480e-01,7.624965578805850130e-01,1.104116857534841012e+00,3.000786068523907391e-01,1.256905374458904712e+00,-2.324312048142430642e-01,7.803127725889859312e-02,3.530308347233232502e-01,2.850406322764988953e+00,-7.907811507855643240e-01,1.428507576984549887e+00,9.344907992361108917e-01,-1.197178323373151665e+00,0.000000000000000000e+00
-3.534535804969828332e-01,-6.185955921190116058e-01,-1.467329381464872684e+00,-1.075734937066905816e+00,4.465996764885080683e-01,5.186541017120253061e-01,-1.800613837196197276e+00,-2.431111192866592052e+00,-6.534852178975426584e-01,2.050389611752979846e+00,2.631921637069117303e-01,-6.034248506115782451e-01,-9.817370966872406290e-01,-7.562631470468216266e-01,-1.773224731233470797e+00,-1.923574705983254265e-02,1.412701114824655990e+00,2.211542133753517381e-01,3.851248529859891967e-01,7.503205785700063357e-01,1.000000000000000000e+00
-1.448757583146895067e+00,1.144491748273064186e-01,1.403254997697098938e+00,1.964440759658072411e+00,1.130967361914204938e-01,9.573427165336737543e-01,1.714527837876592964e-01,-2.772605529549069248e-01,-4.539142562739418851e-01,-1.003121547148918991e+00,-4.497212798252781529e-01,1.479483132238715859e+00,1.321392138775292269e+00,2.046103436297770362e-01,4.153815717387812634e-01,9.503648609671800918e-01,1.234571428536533899e+00,-1.283788817285664630e+00,3.478347806540582621e-02,-9.326394424713162490e-01,0.000000000000000000e+00
-7.422963830695255005e-01,2.108603692737882340e-01,-6.616263858917156293e-01,-1.053576299020505536e+00,1.061470708053002254e-01,1.171914857595718340e+00,1.241479672725846584e+00,-1.208118376860223053e+00,8.044400373221993750e-02,4.994806373761176421e-01,-1.551893815547500666e-01,2.282096581973461491e-01,-7.683382100349878119e-01,2.246612632998922984e-02,-4.538126562686991550e-01,1.377449638737227922e+00,-1.474750396896225890e+00,5.432746014712173110e-01,-9.091914991587526362e-01,1.178370740552480977e-01,1.000000000000000000e+00
